y_true,RandomForest,XGBoost,LightGBM,CatBoost,DeepMLP,ResidualMLP,TabTransformer,1D-CNN,StackingEnsemble,WeightedEnsemble
0,0.23617363169729308,0.28965988755226135,0.03350057564924487,0.17535947192825777,0.2686184346675873,0.33533042669296265,0.30554962158203125,0.2508481740951538,0.29811106568557627,0.23484082084708924
0,0.19234991541088925,0.17963525652885437,0.014349483190760128,0.05707500187431409,0.19054587185382843,0.3198647201061249,0.20304186642169952,0.11438233405351639,0.25668304706732686,0.15715936808687886
0,0.12251324841835372,0.017029400914907455,0.00029732109826039225,0.014601993029234693,0.00833988282829523,0.00020712216792162508,0.00272611272521317,9.029215107148048e-06,0.18774220386579074,0.02330018655288573
1,0.8564380094587024,0.9149129390716553,0.9274393306633663,0.9057999256224263,0.9322509169578552,0.9839756488800049,0.9991201758384705,0.998809814453125,0.9002273310030184,0.9355421467940099
0,0.2505391165944371,0.07647795975208282,0.00206422419500013,0.13512033995572825,0.11778289824724197,0.007597653660923243,0.22546331584453583,0.05136048048734665,0.28772563793638495,0.1106687182139993
0,0.42645991762953217,0.4233821630477905,0.15224044611278037,0.420289533951027,0.3339526653289795,0.3813306391239166,0.2520349323749542,0.37537193298339844,0.5006554236898928,0.3500342072480672
0,0.15536706616356358,0.07607656717300415,0.0023552015596556165,0.03924934506185454,0.16721859574317932,0.16529156267642975,0.19910818338394165,0.11729513108730316,0.21522761774164875,0.11341257198214172
0,0.1905253186656769,0.024404481053352356,0.001321913236608583,0.022829291674620823,0.023129243403673172,6.606644456041977e-05,0.0017391340807080269,5.3499596106121317e-05,0.22914978745993136,0.037127122274358715
0,0.21001425622806927,0.13112427294254303,0.07387461607175837,0.1404857206409094,0.1891161948442459,0.049700990319252014,0.0014119100524112582,0.0353919081389904,0.2640129635502718,0.11029430957964134
0,0.2660809588651328,0.07630541920661926,0.010862801943097139,0.05992037937437464,0.1835470348596573,0.0002649689558893442,0.11091379076242447,0.001322179683484137,0.28999992483174225,0.09375954883239973
0,0.401882873235742,0.47123560309410095,0.050652844190629966,0.524742462095804,0.6593677997589111,0.5391671061515808,0.5928473472595215,0.45732206106185913,0.5053006317971477,0.4606558698711045
1,0.29323501791987405,0.10975365340709686,0.0054568454005611425,0.15262566234908523,0.24571949243545532,0.12204539775848389,0.16127851605415344,0.08111906796693802,0.32838225513454916,0.1505690832892975
0,0.35074370189736714,0.22031429409980774,0.14353447579218023,0.15691608636071983,0.37537679076194763,0.3310425579547882,0.35915014147758484,0.32578274607658386,0.3841838293179767,0.28097594880772564
0,0.12235737552585382,0.060986414551734924,0.0034775150435264147,0.04741912487745631,0.14360974729061127,0.314230352640152,0.17651522159576416,0.04298941791057587,0.21296975149425867,0.1109668228422929
0,0.13939251562165922,0.021916795521974564,0.0025230251000170367,0.0389625046508746,0.031274545937776566,0.0018062827875837684,0.0077026886865496635,0.0325382724404335,0.19745443472845275,0.037399749154423054
0,0.4882140283344021,0.516859233379364,0.37431732073446194,0.5569985623489072,0.7380436062812805,0.03365186229348183,0.34408318996429443,0.8510553240776062,0.4989230461638711,0.4945202449942446
0,0.4088181597371512,0.39551621675491333,0.13072095022327612,0.40351805907019833,0.4765200912952423,0.3967437446117401,0.3581116199493408,0.35796892642974854,0.4855116674724867,0.36857624978882364
0,0.25001987400238457,0.16316477954387665,0.001330970304400534,0.14350776556663397,0.3261294960975647,0.34090879559516907,0.13512496650218964,0.18721947073936462,0.3006555327361275,0.19479364439972402
0,0.24130408610204712,0.06764081865549088,0.004896877098392274,0.05769515842635788,0.29414796829223633,0.2670072913169861,0.23873159289360046,0.3471263349056244,0.25855424043334,0.18645208434542113
0,0.5544515221358572,0.5801435708999634,0.3358391718118298,0.5829630302535056,0.6258917450904846,0.8169463872909546,0.7144613862037659,0.62462317943573,0.6809501334927811,0.5993680560589032
0,0.6300359817400716,0.744483470916748,0.5152695727533242,0.655559789129832,0.653090238571167,0.4688931405544281,0.4211618900299072,0.5634669661521912,0.7324378444070192,0.5893596498478239
0,0.2206826505179529,0.13499148190021515,0.01054709508026485,0.08674271869309709,0.04997065290808678,0.0792500302195549,0.08818350732326508,0.02526364102959633,0.26696138950952375,0.09044586897645643
0,0.18057049949946805,0.12697763741016388,0.01860075442968912,0.12033787611166508,0.23163239657878876,0.3520275354385376,0.1543896645307541,0.1410485804080963,0.25446370605038315,0.16459825116458116
0,0.3196951434209721,0.4035254418849945,0.22626506465368262,0.5644322900565488,0.4448990821838379,0.16361486911773682,0.013428918085992336,0.6515452265739441,0.3688042468414739,0.3567775587859001
0,0.824827238047206,0.9111047387123108,0.5839115514461486,0.8372150072223435,0.8437901139259338,0.9539873003959656,0.5844535827636719,0.9578102231025696,0.8684382187272732,0.8156538252057459
0,0.29920466757729947,0.3169046938419342,0.10339381594358601,0.279322342476401,0.3948860466480255,0.18769784271717072,0.06737108528614044,0.2869991362094879,0.34359317316136523,0.2487751425221722
0,0.2916163671402519,0.13389505445957184,0.0057284817473090026,0.07976325311278108,0.3201058804988861,0.11029219627380371,0.0019877287559211254,0.1295432597398758,0.3044502559773447,0.14091403016711646
0,0.14380609774086234,0.027889158576726913,0.02833255163897354,0.011839659249597415,0.22892212867736816,0.03483935818076134,0.0006302092224359512,0.03294974938035011,0.19921374042805015,0.06735385942242951
0,0.3971028918457472,0.28765255212783813,0.30979998510735235,0.3273875395276837,0.4883047640323639,0.12350532412528992,0.2986958622932434,0.5667805075645447,0.41261047454587063,0.35228622406139254
0,0.48066410664293224,0.5419811606407166,0.2554105818831439,0.476168506005503,0.6399630904197693,0.019401123747229576,0.38354676961898804,0.8021604418754578,0.47663947118371863,0.45529729982375233
0,0.13947713576180407,0.14529307186603546,0.00530017395855339,0.040713211976198434,0.07906878739595413,0.00019113565213046968,0.0030981695745140314,1.104519810724014e-06,0.20293099621014846,0.05612075080743892
0,0.4053789326706782,0.33092978596687317,0.052040283426243186,0.3550199446012338,0.36361971497535706,0.4490918815135956,0.24050945043563843,0.3337285816669464,0.4712732412545904,0.31937720010232806
1,0.9195038880698218,0.965319812297821,0.9895404898414428,0.9618218168553464,0.9574488997459412,0.8697652816772461,0.9326674938201904,0.8449183702468872,0.9255388989019216,0.9319078196669506
0,0.2258064500862663,0.07355635613203049,0.03153073302869018,0.23444450071144343,0.20607095956802368,0.04911050945520401,0.09058957546949387,0.10070910304784775,0.27969724481463276,0.13154831348684126
0,0.4189618313963252,0.355923593044281,0.08035261136258004,0.2237662246525874,0.5639069676399231,0.4016661047935486,0.40830662846565247,0.3744707703590393,0.45626360651838405,0.35360958804573916
0,0.4102535196873694,0.16200865805149078,0.202421918484155,0.34642757908015787,0.39908260107040405,0.2682495713233948,0.000986519386060536,0.17485061287879944,0.4743026344876155,0.2553947279750435
0,0.1811617924654215,0.3376831114292145,0.1617008870512579,0.23082178928153785,0.3122643530368805,0.08643128722906113,0.2376362681388855,0.3837910294532776,0.23919605223525833,0.2417529776607855
0,0.17662222280860362,0.1080051064491272,0.027045604594939637,0.03607239602550764,0.16229796409606934,0.19960251450538635,0.19459493458271027,0.13925300538539886,0.2304956168395454,0.12862708733521994
0,0.2903248778542211,0.292205810546875,0.02679628407668132,0.24650538380390344,0.3627816438674927,0.22477754950523376,0.3097122311592102,0.4245516061782837,0.31948239170118564,0.2718641857413283
0,0.28114879238316576,0.11965707689523697,0.18844351753166158,0.13445614014023047,0.3080851137638092,0.06892956048250198,0.0067501794546842575,0.039845313876867294,0.3236005466900827,0.15113865403972263
0,0.48587217444840775,0.5731410384178162,0.18393959565609072,0.4125612039165213,0.5413727760314941,0.38338640332221985,0.4765075147151947,0.4717610478401184,0.5529002514799651,0.44341301304550196
0,0.3022669532609129,0.153765469789505,0.032204081690449714,0.18539907638094613,0.3110415041446686,0.19093066453933716,0.3045881390571594,0.49583756923675537,0.3043077949818406,0.2447278961953723
0,0.1464089714782119,0.08266819268465042,0.0028289067334494643,0.08379109444329959,0.10451110452413559,0.05549216642975807,0.10050971060991287,0.06361901760101318,0.21070810345339386,0.08165128546594536
0,0.29727609575977676,0.09839478135108948,0.011616821801450761,0.09602086277043897,0.22207418084144592,0.003865096252411604,0.041463665664196014,0.5147064328193665,0.2601958771383398,0.16340048946749364
0,0.15307893492565794,0.13124936819076538,0.0013403734747212705,0.10548547589992058,0.15560467541217804,0.09738069027662277,0.23894737660884857,0.13424213230609894,0.21771701465828106,0.12601087782200832
0,0.5235182814999341,0.5800029039382935,0.4974338243673498,0.6784128637722802,0.6112787127494812,0.43413302302360535,0.3969920873641968,0.4066477119922638,0.664073147745085,0.5231346992483141
1,0.18783597053154513,0.018946252763271332,0.003921171374071997,0.012129935434363363,0.08165065199136734,0.03252304717898369,0.06767942756414413,0.07783403992652893,0.2222398478919339,0.062209950238515804
0,0.16233069726561639,0.17169424891471863,0.014842168277435426,0.1119739694676581,0.1286151260137558,0.045680493116378784,0.105400949716568,0.11999952048063278,0.2205663446506248,0.11001090669358651
0,0.22681443553622685,0.08543382585048676,0.0007719554044813223,0.08882935182201286,0.36477014422416687,0.17223957180976868,0.018479563295841217,0.2122170329093933,0.25352031704177364,0.15003786113653525
0,0.39933695754920856,0.174793541431427,0.02946295977070252,0.289741076911764,0.5197049379348755,0.44266584515571594,0.4504743814468384,0.43567728996276855,0.43832860065260004,0.33995585672858547
0,0.48098434255874684,0.45632392168045044,0.13313775507187467,0.36289908761197714,0.4743255078792572,0.47611480951309204,0.23384788632392883,0.49394547939300537,0.5309080209198436,0.39318391062468716
0,0.3330995430892431,0.5136407017707825,0.02140505014355004,0.2663423824661029,0.25213679671287537,0.0017541935667395592,0.3488529324531555,0.7039284110069275,0.3105394712716394,0.30543975588207495
0,0.6328049008572414,0.8018491268157959,0.7013266829782497,0.7838604249418248,0.7759071588516235,0.884196937084198,0.8208964467048645,0.8579239845275879,0.7751384993156625,0.777282855219918
0,0.2769332381984027,0.4949812591075897,0.3828356330037077,0.43874058563097645,0.24644699692726135,0.32322952151298523,0.37679484486579895,0.3288809359073639,0.39618417371646125,0.35833929591239505
1,0.36471709548110093,0.2632771134376526,0.20121964702667852,0.507566453230021,0.3649636209011078,0.28848785161972046,0.34333571791648865,0.23810356855392456,0.4710327626363339,0.3250288797307036
0,0.38432502749989644,0.15474694967269897,0.02073547901552787,0.2356653038293771,0.32565319538116455,0.030374951660633087,0.32416531443595886,0.36918336153030396,0.3789233645869579,0.23301699969405978
0,0.17868672177565745,0.09593506157398224,0.004554783607106341,0.037007052242300525,0.042323701083660126,3.467169517534785e-05,0.00032266989001072943,2.9561895189544884e-06,0.2252004723091225,0.04952998707447563
0,0.5063965853096551,0.337296724319458,0.07093176604819802,0.3657396507607925,0.6120678782463074,0.5062520503997803,0.5595384836196899,0.4110732078552246,0.5694344218896362,0.4202336424688364
1,0.5941480580792685,0.6088429093360901,0.08537636740139928,0.5330692620576784,0.6700313091278076,0.46295738220214844,0.5476937890052795,0.6478017568588257,0.6470833675488633,0.5216994635796504
1,0.3152904596467605,0.16472980380058289,0.051654505007647275,0.1876005104696747,0.2857438921928406,0.05055923014879227,2.4441756977466866e-05,0.09335549175739288,0.34321267785024656,0.15283009135010406
0,0.2957280761418977,0.0650642141699791,0.08105020214767601,0.041562106963561565,0.23240293562412262,0.20782651007175446,0.07582639902830124,0.2831965386867523,0.2982481952032321,0.16166406209046724
0,0.17720322408529265,0.16565638780593872,0.004726925806082769,0.06790932250754461,0.2452753484249115,0.2169857919216156,0.015745015814900398,0.026698824018239975,0.2428425987591312,0.11894265057132168
0,0.31949037727290613,0.16705995798110962,0.048654390398299247,0.12245272935783459,0.3280346393585205,0.1569250375032425,0.0005614129477180541,0.02273685671389103,0.35450307512901014,0.15426509416294587
0,0.5111262438016871,0.37449824810028076,0.1585386785359807,0.24117596237669528,0.5537059903144836,0.5973809361457825,0.520902156829834,0.5216531157493591,0.5530362988105422,0.4312072270974512
0,0.44722900662638054,0.4620054364204407,0.1969781185748887,0.45421484455618344,0.634427547454834,0.5202982425689697,0.5244261026382446,0.6072513461112976,0.5196417952054905,0.47898723082707384
0,0.20539312181492086,0.09980318695306778,0.024764197987132225,0.0936843699609658,0.09732478111982346,0.06966373324394226,0.032637156546115875,0.05548335984349251,0.2515522221690225,0.08901684459323056
0,0.3864086517404044,0.11565645784139633,0.010233650831424392,0.19853354166749124,0.21279722452163696,0.05364629626274109,0.3777267336845398,0.25164034962654114,0.3925654460154789,0.20183419818332768
1,0.3014547973722557,0.05655687674880028,0.00021829753610373066,0.13976522948234596,0.29363325238227844,0.0003636337351053953,0.004188293591141701,0.09774826467037201,0.3127574019792341,0.12002724719567169
0,0.3243559679329344,0.1613040715456009,0.031141092294794465,0.25405633779596093,0.26407721638679504,0.5863586068153381,0.003086899872869253,0.06169678643345833,0.4180437268633706,0.21547443731466365
0,0.31462732395822285,0.22622837126255035,0.1296079594340998,0.16437024908103345,0.4530193507671356,0.39248865842819214,0.32695719599723816,0.4745795726776123,0.3400816845300614,0.3068396846514113
0,0.19949948370341108,0.10292400419712067,0.04491522435501114,0.0569468342571889,0.26803353428840637,0.19184505939483643,0.0005152146331965923,0.010472683236002922,0.2562704467194276,0.11394534923451119
1,0.5691626760438764,0.47873881459236145,0.8009963884695182,0.5971100042231323,0.6660377383232117,0.5928002595901489,0.9282646775245667,0.800767719745636,0.6871170000662181,0.6693671567828858
0,0.2795600746938401,0.130460724234581,0.06850834585907961,0.19781564245969535,0.23905453085899353,0.1251716911792755,0.1390194296836853,0.20729216933250427,0.3141608228582534,0.17682284259635872
0,0.355675964636253,0.5313066244125366,0.32609331260133456,0.31070310770844944,0.608191967010498,0.6775049567222595,0.735080361366272,0.4831264615058899,0.4645193506674262,0.49391758071662506
0,0.0866332535022109,0.02801203355193138,0.00010773722909142304,0.031632436205682096,0.11398090422153473,0.29527348279953003,0.15842318534851074,0.05727960169315338,0.18693310156677462,0.09260324434391928
0,0.26860006462039654,0.04353624954819679,0.11080404748751883,0.05222222530856319,0.022504353895783424,7.517412450397387e-05,0.0013875489821657538,2.706535884300365e-09,0.2943643576323435,0.06814677253439956
0,0.2933561503556625,0.14856238663196564,0.015922658079705464,0.08760302341895788,0.2910310626029968,0.05992981418967247,0.07791459560394287,0.036951709538698196,0.31686179228985073,0.13315308056542552
0,0.22660911895675184,0.07499706000089645,0.009972925435051298,0.07524795365674265,0.21168377995491028,0.04114806652069092,0.001468402217142284,0.026715271174907684,0.2612577979830103,0.08963222145228958
0,0.7116391910587311,0.8811606764793396,0.6778372956260643,0.8522150884638372,0.7871728539466858,0.9038383960723877,0.9999103546142578,0.9119350910186768,0.8287763247708239,0.834274813927034
0,0.47462433968471396,0.7299840450286865,0.7038692526482754,0.701007562955608,0.6981024742126465,0.5545368194580078,0.7907266020774841,0.7438485622406006,0.6273918785843802,0.6697869692286589
0,0.22078548411033952,0.045218199491500854,0.006205203142033343,0.03629806663395809,0.04997660592198372,0.0004643936117645353,0.0001574185589561239,0.00027057123952545226,0.2514149960442066,0.05007308233690149
0,0.3202081947373112,0.12134655565023422,0.06395855105879608,0.09282993044090182,0.28726521134376526,0.15594986081123352,0.13973015546798706,0.07715816050767899,0.34754924202652926,0.16169413154062617
0,0.22416168355225846,0.24996477365493774,0.11572765579373843,0.15228262069300683,0.24964971840381622,0.34684503078460693,0.20856375992298126,0.09006032347679138,0.3066911195089829,0.20492071436990655
0,0.5187850446570293,0.6405613422393799,0.8079430735102471,0.6054179123281325,0.48320117592811584,0.7287302017211914,0.5369768142700195,0.3592579960823059,0.70862714180507,0.5849410982947951
1,0.3311574050960222,0.1254841387271881,0.02190300093199744,0.08934307032652622,0.2830563187599182,0.15769127011299133,0.16989266872406006,0.32047468423843384,0.3243103326074968,0.18904421503065327
0,0.4736226099870351,0.4403518736362457,0.07191992759639891,0.49666084962549734,0.6828117370605469,0.6166270971298218,0.8294472098350525,0.5852762460708618,0.56344565414416,0.5173774620766534
0,0.5280957193941466,0.5906175374984741,0.5652634644303411,0.6527241320767865,0.6353647708892822,0.6743834018707275,0.6834228038787842,0.6469352841377258,0.670106340188768,0.6186500944612381
0,0.43512904316824524,0.4461205303668976,0.17232394236530493,0.4053896690527941,0.5919796228408813,0.4000400900840759,0.5445677042007446,0.5564708709716797,0.49284625310608854,0.4424414072944657
0,0.4371132099560036,0.36427026987075806,0.3003770034943528,0.2873422313526944,0.30045491456985474,0.000431678636232391,0.001040314557030797,0.005051725078374147,0.4981848065049538,0.22674147804160677
0,0.5919346547650229,0.747511088848114,0.36487373970969333,0.7020815063208852,0.6727158427238464,0.8945662379264832,0.02556244097650051,0.3436039090156555,0.750956875787225,0.5565295691545711
0,0.19606430185828988,0.0867772325873375,0.010162633334504992,0.06854360840100505,0.12709833681583405,0.000209375997656025,0.005076731089502573,0.003652287181466818,0.2397773550336178,0.0678327659380303
0,0.12070116965615929,0.024859558790922165,0.0008818937748185136,0.017467218420200447,0.12651506066322327,0.039466191083192825,0.01884881593286991,0.05131025239825249,0.18520716627009556,0.05215268048819372
1,0.48572772302893136,0.5054524540901184,0.11086342493331194,0.6075749241513281,0.6082249879837036,0.44012799859046936,0.7185555100440979,0.602668285369873,0.5752849383869502,0.5077121054999543
0,0.42625879016571583,0.3003480136394501,0.02972852488594594,0.23301372768256556,0.5026227235794067,0.2596593201160431,0.2605750858783722,0.30622661113739014,0.44875531143704367,0.29459478165008945
1,0.39936051340890677,0.3615935742855072,0.11333410775337047,0.3921038815879308,0.4183257818222046,0.2929352819919586,0.3454216718673706,0.39831408858299255,0.45613631834963386,0.34282458277251826
0,0.19371535325322273,0.16494081914424896,0.0014404690490425673,0.0629879476082576,0.256972998380661,0.3735082447528839,0.2904583215713501,0.13003621995449066,0.26181948603527966,0.18052845552417074
0,0.6418507503698427,0.9036435484886169,0.9588560846905347,0.91446386104151,0.75971519947052,0.9833362102508545,0.9248924255371094,0.8042909502983093,0.8239518544013471,0.8552333635809757
0,0.25318368715523853,0.07910773903131485,0.024137241099583994,0.12390062428202904,0.38710951805114746,0.22909681499004364,0.2491389811038971,0.37080395221710205,0.2716813960615271,0.2126387358206836
0,0.5454582137532316,0.6854941248893738,0.06048712806778837,0.4973215565663991,0.7548442482948303,0.17916224896907806,0.6564971208572388,0.8360974788665771,0.5489674724103635,0.5286416583146303
0,0.25385327011837705,0.1523692011833191,0.004156103132537433,0.06567453584022241,0.25318649411201477,0.3318198025226593,0.6414450407028198,0.36931121349334717,0.28487998391922037,0.24750782756850986
0,0.24009442379793822,0.21616464853286743,0.008098367072925045,0.1625361705624025,0.3870673179626465,0.2735781967639923,0.04460558295249939,0.3150154650211334,0.27492757145420005,0.20919556435968006
0,0.25822788766947713,0.14768004417419434,0.009084471109302602,0.13726997021398918,0.20210310816764832,0.27557894587516785,0.08127075433731079,0.32517310976982117,0.28389446520796546,0.18047525588424956
0,0.18650546289283337,0.07680085301399231,0.000709185619901366,0.08227234678702731,0.057273440062999725,0.0001681235444266349,1.5621171769453213e-05,1.1966111514993827e-06,0.23523045695077008,0.05571332465183972
0,0.6855507493003528,0.8473488688468933,0.75371110591585,0.8362200179969483,0.7880086302757263,0.4103624224662781,0.88404381275177,0.525613009929657,0.814404195800293,0.7199503099993607
0,0.14771490004725826,0.010348409414291382,0.00029678840914589206,0.024486155445234633,0.029374951496720314,0.0022149423602968454,0.014492359012365341,0.010571700520813465,0.20233089199264231,0.03282900882091062
0,0.2963527697026478,0.07015452533960342,0.01879434041312578,0.07503623040937667,0.19724403321743011,0.33821842074394226,0.05690915510058403,0.13200204074382782,0.32938465202657347,0.1502628944120748
0,0.4658485022907478,0.4653421640396118,0.05954818998999638,0.477925568755385,0.5716195702552795,0.4482894837856293,0.4171816110610962,0.4167858958244324,0.5456456068268296,0.4187220771903025
0,0.27874113799286926,0.333492636680603,0.6312823961971247,0.29826818934098576,0.6549665331840515,0.011221141554415226,0.7643356323242188,0.7770742177963257,0.30970497425542515,0.4590439057702894
0,0.16892917788724318,0.1299249529838562,0.0032945975175297745,0.10169921923347736,0.09313537180423737,0.0056057823821902275,0.034609079360961914,0.06646421551704407,0.2225168805048036,0.07976267739946462
0,0.3736304173380177,0.47119662165641785,0.16928226673094549,0.34153465842287545,0.6661466956138611,0.05958233401179314,0.2463129162788391,0.15502125024795532,0.4355069401026371,0.3208752077695956
0,0.5493571432120877,0.6363961696624756,0.5187681153597179,0.3249819634542942,0.47616681456565857,0.019491737708449364,0.6621782779693604,0.2605358362197876,0.6176059459777767,0.43502249160159917
0,0.3578661501260325,0.1102553978562355,0.0014516856668376757,0.0868262846124264,0.5035146474838257,0.39382943511009216,0.4039120674133301,0.38150376081466675,0.364017660384932,0.2757745721143422
0,0.292261884182509,0.3263813257217407,0.17879782149987142,0.14586662606150808,0.35467594861984253,0.3966676592826843,0.3278292119503021,0.19942806661128998,0.36084879112957013,0.27634097162721805
1,0.22294085955028684,0.14730706810951233,0.0004014396668442601,0.09374100503492774,0.38618624210357666,0.11248872429132462,0.0004657257813960314,0.09448690712451935,0.26006444099856646,0.13875514245509024
0,0.4412373578155014,0.5101730227470398,0.757961371966987,0.5009256329248112,0.49812084436416626,0.877747654914856,0.32867366075515747,0.5729156732559204,0.6028585865960382,0.5580517400088232
0,0.12934305986794947,0.044643789529800415,0.003930929159992729,0.04748206313714799,0.17448383569717407,0.2802594304084778,0.15277604758739471,0.030725892633199692,0.2148712008447095,0.10611689357567475
0,0.1924168706126953,0.14336338639259338,0.02356612721356926,0.11127909955269084,0.23985746502876282,0.14884720742702484,0.11302720755338669,0.29177528619766235,0.22981844501794538,0.15860616294527505
0,0.13457929317342196,0.021747754886746407,0.013285771096294594,0.017555802926979027,0.07062876969575882,0.00015519015141762793,4.676988100982271e-05,0.0006023584282957017,0.19508115563716652,0.035603355063096226
0,0.36912550073043116,0.21620917320251465,0.050764653425483114,0.27300724484450556,0.48508915305137634,0.4491448700428009,0.38073933124542236,0.39567217230796814,0.415754692680976,0.3256624672019274
1,0.8803194410735016,0.9500452876091003,0.9688808076699122,0.9364523479966592,0.9643633365631104,0.9831708073616028,0.45813143253326416,0.9285619258880615,0.9080225710461638,0.8918162280710726
0,0.29853462857612284,0.3553454875946045,0.03238827272321284,0.18475980325168273,0.36421385407447815,0.11370094120502472,0.3720724880695343,0.21403883397579193,0.33545822015655896,0.24349873351149662
0,0.2081138358205364,0.1796327382326126,0.004739821741265876,0.20529550389553888,0.17490912973880768,0.04353530704975128,0.174739807844162,0.15539860725402832,0.2602727789281339,0.14622384086243728
0,0.20531263025346697,0.03008258156478405,0.0013881377501746156,0.07343530246923322,0.06655659526586533,0.0013266348978504539,0.006589784286916256,0.01683640293776989,0.24379594580182584,0.05513078622458341
0,0.490967029492036,0.4655342996120453,0.783227457773708,0.7133219789755023,0.6697182655334473,0.7537385821342468,0.6362192630767822,0.4118504524230957,0.6950152711308065,0.6132442679183094
0,0.22214094683386315,0.06089908257126808,0.0025367021222313674,0.07580928057664281,0.20919258892536163,0.06887498497962952,0.2662639617919922,0.21392133831977844,0.24698331118997344,0.13863053531764752
0,0.21842766650161324,0.12692992389202118,0.005170790981563332,0.06985291576298375,0.1914561241865158,0.11346906423568726,0.26816844940185547,0.22398047149181366,0.24814697227834984,0.15047766188197909
0,0.2745153116440713,0.23348873853683472,0.012681980750557348,0.16961220627691764,0.17653481662273407,0.1412476897239685,0.23550346493721008,0.05590222403407097,0.32799004785293717,0.16542535769809413
0,0.2952310537558218,0.25064387917518616,0.035965011022752534,0.17185478388903289,0.6660272479057312,0.8163048028945923,0.1670088917016983,0.3432252109050751,0.37030252185327367,0.3414133008063667
0,0.5124195696904641,0.5642012357711792,0.6821517380904782,0.587567989122714,0.5912770628929138,0.4370238482952118,0.42863163352012634,0.36127498745918274,0.6596076203532778,0.5256375037191763
0,0.2087210733798954,0.10484705120325089,0.09419930116830683,0.15624160505268114,0.2860269248485565,0.3478851318359375,0.3136703670024872,0.13780011236667633,0.28747397717065365,0.20292117396364462
1,0.7754956498050782,0.8851172924041748,0.9463134378162728,0.8588593000237247,0.8974728584289551,0.8666499257087708,0.9218364953994751,0.9360054135322571,0.8643311336714237,0.8825207428138113
0,0.17702733513953894,0.14242303371429443,0.00047257698290084714,0.03721017506903333,0.2165650725364685,0.02899003028869629,0.056599851697683334,0.2763734757900238,0.20191140458454365,0.11890325826688838
0,0.2987921368148885,0.25635072588920593,0.08973845446364201,0.18438900673502998,0.3217679560184479,0.0869719386100769,0.01896938681602478,0.7142455577850342,0.26675306383814984,0.24918568501203636
0,0.383285115306934,0.12881748378276825,0.03373361315495853,0.16752399566778967,0.40632522106170654,0.2518613040447235,0.010588347911834717,0.2676543891429901,0.39112997762016066,0.2130937596860215
1,0.5522829391130262,0.6383815407752991,0.23068681072385414,0.3664597081887922,0.7294518947601318,0.7507621645927429,0.9080466032028198,0.7867739796638489,0.6165850100934377,0.6097199919582466
0,0.3799825366371835,0.4389362037181854,0.41343688779830495,0.44003203585532985,0.5602332949638367,0.5305271744728088,0.07978229224681854,0.3737110495567322,0.49115729377807216,0.4085198454898233
0,0.21500096171494032,0.2804774343967438,0.0496286956276585,0.14605102107939907,0.3326849937438965,0.12763001024723053,0.000361969432560727,0.005803035572171211,0.279643169430491,0.1527658013993667
0,0.21455253770362318,0.039180975407361984,0.006945304393148926,0.13961764556260503,0.19233977794647217,0.3635737895965576,0.203964501619339,0.1272096186876297,0.28219050648168625,0.15888375702604612
0,0.4656948776334105,0.5037618279457092,0.017948926191249034,0.23054850824001283,0.5235293507575989,0.006084427237510681,0.1204734668135643,0.3201379179954529,0.4562806624368768,0.2858023339945447
0,0.19170713097126688,0.06335553526878357,0.000598741847181286,0.04630369418570057,0.12910301983356476,0.061126403510570526,0.28489771485328674,0.12046333402395248,0.2327791462676378,0.11015593107300703
0,0.5050979848860618,0.25841283798217773,0.22781469388570963,0.1322309070956777,0.17063036561012268,0.007268734276294708,0.3052036762237549,0.0025300064589828253,0.5345908309275409,0.20827150942698103
0,0.2817025460006317,0.0974004790186882,0.00011022494113824739,0.048571396141854024,0.0557982511818409,0.0002339073398616165,9.222180960932747e-05,0.026508605107665062,0.29480210028217824,0.07039118044573019
1,0.44513293520787406,0.35588395595550537,0.061181784587571585,0.31735815756504276,0.5272307991981506,0.37132179737091064,0.4313946068286896,0.398650199174881,0.4897374296502698,0.3645781842168614
1,0.4211201192923423,0.30875489115715027,0.1316364603463559,0.23923737733723235,0.5101847648620605,0.20607754588127136,0.27342548966407776,0.430945485830307,0.4312116523704526,0.31884815258264454
0,0.20404793670561794,0.21911579370498657,0.008235561396840858,0.08924099850483963,0.09738687425851822,5.141107249073684e-05,0.001429688069038093,0.00013278085680212826,0.2515558300464084,0.08429380900761134
0,0.16764300153631814,0.1802435666322708,0.019692528302723025,0.19310606196864175,0.30845510959625244,0.15870121121406555,0.12111200392246246,0.09209312498569489,0.24545895665562042,0.1584622995301923
0,0.13783594837050134,0.059112388640642166,0.0010499173947413208,0.05981882865487533,0.28929266333580017,0.40107622742652893,0.25171107053756714,0.1312733143568039,0.22267814029352526,0.16150621786182295
0,0.3840534380306424,0.34550702571868896,0.08150284165739359,0.31175550024373366,0.489502489566803,0.4645058512687683,0.36097559332847595,0.27972960472106934,0.4590981124498209,0.34077220021837273
0,0.4692720875203344,0.35322698950767517,0.14255593645883086,0.3077795252532867,0.6129802465438843,0.4264201521873474,0.6442961096763611,0.5249543190002441,0.5108056878224636,0.4309509954507925
0,0.1176743769118966,0.027167441323399544,0.010207625977778493,0.04727598600404851,0.1407390832901001,0.0571245513856411,0.06749522686004639,0.12244604527950287,0.18343807637304474,0.07440208610567173
0,0.42734299214772364,0.4139593541622162,0.17336650496483041,0.39228438680308425,0.5887179374694824,0.7868765592575073,0.3520490527153015,0.561785101890564,0.5159928965901687,0.45972286452909095
1,0.7668821106613878,0.9216580390930176,0.8656072901110632,0.8874403836635595,0.9542887806892395,0.9209326505661011,0.9088123440742493,0.9568126201629639,0.861677073322077,0.8947819984208142
0,0.2092629237666679,0.1622045934200287,0.002208548831775622,0.17915618086050858,0.2135535031557083,0.3557109832763672,0.27900782227516174,0.4193789064884186,0.2566833208641091,0.22255239043654046
0,0.3703743571871284,0.42469707131385803,0.40603262199667606,0.46795851476506023,0.43913590908050537,0.42531120777130127,0.6412939429283142,0.3899088501930237,0.49314028228465884,0.44122542555990046
0,0.19840049115045383,0.12006029486656189,0.000700857220931603,0.12748027833101785,0.0428570955991745,1.8447764887241647e-05,0.00026888222782872617,3.889705112669617e-06,0.2502804999897899,0.06735192004676785
0,0.5246897067985178,0.6774510145187378,0.665547344959195,0.7100301251989245,0.5757407546043396,0.49747899174690247,0.04831969738006592,0.6231401562690735,0.6537149695856307,0.5517965597877189
0,0.2882579221727479,0.29296571016311646,0.007130035008001589,0.29698963159062813,0.1644044816493988,0.00016201227845158428,0.06932424753904343,0.005928083788603544,0.34903757020428755,0.15069747787513071
0,0.23210249164418947,0.3496326208114624,0.012023785231451324,0.1694325595183363,0.17995904386043549,0.0001248001353815198,0.07554633170366287,0.351117342710495,0.2501140643145779,0.1759211954510982
0,0.3479594774320426,0.31537488102912903,0.361892749624457,0.3949304806969057,0.44618645310401917,0.4154990017414093,0.30774733424186707,0.2615688443183899,0.45803236383929563,0.35815869267223355
1,0.7213950793583453,0.9461082220077515,0.9087213374728168,0.9131962049289958,0.912264347076416,0.7188755869865417,0.8254590034484863,0.7608189582824707,0.8472707795053881,0.8401473141049145
0,0.39847240066882494,0.4828396141529083,0.33833497031841764,0.31833430851066513,0.41869449615478516,0.1448374092578888,0.406013548374176,0.014857337810099125,0.5024381171558411,0.321577857992848
0,0.1801642354064667,0.048375558108091354,0.015343269492311564,0.023132740197262386,0.17535452544689178,0.08220253884792328,0.32795464992523193,0.20485863089561462,0.21724229777915877,0.12794477520408837
0,0.3206265474838457,0.07474624365568161,0.020883619874548537,0.07615098337956809,0.13298505544662476,0.0002499678812455386,0.007163479924201965,0.005439110100269318,0.33208488492082294,0.08772285658267864
0,0.2926085137758362,0.29455941915512085,0.11916810891459935,0.2062253344293955,0.18026167154312134,0.0005225131171755493,0.0007335767149925232,0.00260480516590178,0.343810313938854,0.14751655044013115
0,0.26450878975832737,0.3785436749458313,0.10370327318999514,0.12799464131781307,0.2844105660915375,0.08469991385936737,0.002601775573566556,0.30489271879196167,0.2826377686306605,0.20043939896152865
1,0.2639256561715256,0.06427246332168579,0.012574957819516149,0.03598129293863098,0.32753786444664,0.1521742045879364,0.005307591054588556,0.022242102771997452,0.2914816006756123,0.11644609796057744
0,0.2986849626330414,0.4403431713581085,0.054188455312493666,0.36384620523849637,0.38622647523880005,0.34935829043388367,0.7564165592193604,0.524182140827179,0.36460068189320327,0.3877583276220985
0,0.3708360490888276,0.2168329656124115,0.06761990215920745,0.1369787876423499,0.4626343846321106,0.016783026978373528,0.009024803526699543,0.07393067330121994,0.3818327249243918,0.1808734942024852
0,0.14200613007924648,0.020404264330863953,0.006314156110993284,0.01281196798348797,0.09477163851261139,0.0034230665769428015,0.10303258150815964,0.0361461378633976,0.19759238502148666,0.05349718438307521
0,0.18290841538591163,0.13581602275371552,0.01124305129517157,0.12800398857277884,0.35549217462539673,0.4419001042842865,0.3880937695503235,0.1193775087594986,0.2719077467502018,0.21495074797820724
1,0.26758964322715734,0.2399853765964508,0.13256607152754815,0.2368380027728542,0.2690373957157135,0.1765492558479309,0.2414705604314804,0.14437319338321686,0.33357988389276955,0.21605235891156457
1,0.2270418125251098,0.03888887166976929,0.0006221181514511166,0.05677836921771641,0.2259945422410965,0.13173848390579224,0.14435474574565887,0.23824526369571686,0.24631906092967282,0.132996388149735
0,0.39415409825950914,0.044415753334760666,0.03324784238262474,0.07481694071042375,0.19521300494670868,0.11682873964309692,0.33240801095962524,0.29746609926223755,0.37642174105576814,0.18511647540181814
0,0.3864533611063934,0.18263638019561768,0.0372890439928156,0.20311310606344807,0.43852096796035767,0.3009990155696869,0.05939450487494469,0.18103793263435364,0.4198948796843221,0.23092562196620142
0,0.1642928111034525,0.11067435890436172,0.01880063111667392,0.05233207521914459,0.15957750380039215,0.023656221106648445,0.0010418419260531664,0.0014021183596923947,0.22016133386317216,0.07155044082391358
0,0.42135198398138596,0.7414753437042236,0.1084229350377797,0.6065950156869775,0.6632182002067566,0.6855412721633911,0.6998098492622375,0.608655571937561,0.5493141761953715,0.5632528286784793
0,0.5224381906284075,0.41880306601524353,0.025097840443599376,0.2792756914622293,0.5639839172363281,0.5944880247116089,0.6436080932617188,0.6146742105484009,0.5523427092146386,0.4521453096999385
0,0.4698701496938865,0.3812697231769562,0.47518816023320676,0.4035064732912163,0.5008078217506409,0.6487111449241638,0.5195373892784119,0.45475730299949646,0.5841426545012393,0.4779598096422406
0,0.1408481934200805,0.04571765288710594,0.005175507792565549,0.041283176237915234,0.037729911506175995,6.281799142016098e-05,0.00032229756470769644,9.721248694916085e-09,0.20175471339790815,0.03750925346064289
0,0.2563411838771045,0.2527703046798706,0.07896433114307501,0.3188851223526423,0.33750927448272705,0.18472814559936523,0.4738794267177582,0.43517935276031494,0.3067459728743435,0.28854769147734044
0,0.21170339123624246,0.13896209001541138,0.018825793745690614,0.12673147510141133,0.19566398859024048,0.3253546357154846,0.2372336983680725,0.0673818290233612,0.2860203932315462,0.16402245214404937
0,0.48789853763368896,0.19361992180347443,0.014884456197082698,0.09218600660778939,0.6407554745674133,0.5978434681892395,0.5455797910690308,0.3387725353240967,0.5134578112230156,0.3593088800892121
0,0.23046044540449506,0.16300807893276215,0.001009233898860895,0.04216081979116717,0.3045934736728668,0.26623857021331787,0.25762325525283813,0.17645397782325745,0.2696661147536589,0.17851995092270545
0,0.42845270589722034,0.37698185443878174,0.05337200325457825,0.3339198749974985,0.4526295065879822,0.5928377509117126,0.45298734307289124,0.3741883933544159,0.5058739048876029,0.3813355799849564
0,0.42187558289047017,0.4208943843841553,0.2542265363021225,0.40045883420142325,0.47688302397727966,0.34671491384506226,0.25158968567848206,0.43993034958839417,0.48694804106823464,0.38103338749954985
0,0.15012559736872058,0.013810300268232822,0.0005127292720605111,0.02671816928265971,0.08033953607082367,0.028469838201999664,0.029752515256404877,0.02430872619152069,0.20470960923576614,0.04685312776576605
0,0.3969148168221204,0.28448450565338135,0.005179397949842328,0.2700263435552144,0.506117582321167,0.38140854239463806,0.3953801095485687,0.3930366039276123,0.43222894674450085,0.32891022729738784
1,0.47911532036480436,0.5295731425285339,0.14400250857224778,0.6128690485135467,0.4935729503631592,0.39359286427497864,0.003969783894717693,0.2803998589515686,0.5895209083611403,0.38186605484205216
0,0.5007871185850071,0.6893084645271301,0.254571314068123,0.6606950746300897,0.5505506992340088,0.5384154915809631,0.8608003854751587,0.6647591590881348,0.6209887928868213,0.5847755305270238
0,0.28981708679896273,0.04627106338739395,0.0005781902925454311,0.09408319649985454,0.2368324100971222,0.06395116448402405,0.0009079038281925023,0.09601665288209915,0.30274222357655267,0.11017347206049809
0,0.18520032755387866,0.04493843764066696,0.0013456557338271705,0.07565658062352167,0.11675908416509628,0.06273830682039261,0.16924478113651276,0.17622381448745728,0.2240287705192356,0.1036338490574586
1,0.5500981811997944,0.4149778187274933,0.7223874530630147,0.5345751377908419,0.6406097412109375,0.8893868923187256,0.9702554941177368,0.7280049324035645,0.6924080837936449,0.6668951322637386
0,0.4366296349797038,0.2334604412317276,0.11263790852537892,0.21035370286476365,0.5894827246665955,0.8104785680770874,0.47958821058273315,0.5801924467086792,0.484929918372815,0.42363019105084876
0,0.31557365507951585,0.19250568747520447,0.021748866461216754,0.06723859944995038,0.4534708261489868,0.3142249286174774,0.29508915543556213,0.4111936092376709,0.3165011413137635,0.25662074852033323
0,0.6014476556350434,0.7482732534408569,0.6976046858761759,0.706876707600765,0.587098240852356,0.7883529663085938,0.5723955631256104,0.732795238494873,0.743031077276368,0.6784622372243789
0,0.422848907351098,0.22765234112739563,0.051925289622928104,0.3183956943436172,0.45772385597229004,0.3898734748363495,0.47220316529273987,0.4542926251888275,0.4611187304664359,0.3471761598567224
1,0.3281170867494997,0.4415907561779022,0.14914276345035116,0.31411783688033773,0.6973749995231628,0.9460845589637756,0.9662333726882935,0.916060209274292,0.4007697965667322,0.5736619153453301
1,0.5993212711167599,0.4232789874076843,0.17091353876116155,0.4422724289058273,0.6912573575973511,0.6017707586288452,0.6370100975036621,0.6098523736000061,0.6572125850616911,0.5199514652757211
1,0.6151128076228422,0.6561174988746643,0.1073109632318476,0.7357778030990436,0.6342795491218567,0.8677524328231812,0.6703550815582275,0.8762437105178833,0.7118134991696138,0.642015039653091
0,0.29003603629399666,0.20106759667396545,0.003645272936346372,0.06850945554636527,0.3921237885951996,0.47653403878211975,0.3173188865184784,0.19231703877449036,0.33812897262893643,0.23974449971517486
0,0.483346998259789,0.5875367522239685,0.18948341337432328,0.6258285464499879,0.4950931668281555,0.7601167559623718,0.46807870268821716,0.6745774745941162,0.6007929069255686,0.5340485482376937
0,0.24806675040905618,0.3733535706996918,0.054087030342656266,0.23229674135747455,0.34473490715026855,0.3839952349662781,0.3098321259021759,0.2505049407482147,0.3239046476968855,0.273788211289657
0,0.3403930672384442,0.1808873862028122,0.04859274049240413,0.22110876627158732,0.4220835268497467,0.08363138884305954,0.0069040474481880665,0.1701497882604599,0.36237901977463416,0.1939800762874792
0,0.29236725340789993,0.17532417178153992,0.004407433767205322,0.11695261324749906,0.43201038241386414,0.19959595799446106,0.012797855772078037,0.06671159714460373,0.3270495501582688,0.17018453732112326
0,0.2705069629307366,0.20337383449077606,0.10597694277362436,0.08521098977257822,0.42693161964416504,0.48192065954208374,0.41860759258270264,0.13879095017910004,0.3420810724240954,0.26172838577196483
0,0.27624852857889237,0.2723480761051178,0.03896900839970557,0.5396283771034234,0.3586520254611969,0.6605764627456665,0.15721644461154938,0.09893672168254852,0.43736286478054875,0.3041684847557937
0,0.15112745348772516,0.06573405116796494,0.0007250480284945674,0.06814399111467166,0.04372173175215721,0.0031132735311985016,0.08251465857028961,0.02512963116168976,0.2109521464766645,0.05740742506874598
1,0.7989224685084264,0.8411966562271118,0.8486026624941917,0.814265818446535,0.8840917944908142,0.9446654319763184,0.8256446123123169,0.8775851130485535,0.8721811608476258,0.8524391034788524
0,0.6529365655423726,0.8872686624526978,0.8848062965311362,0.8000143811378951,0.8148917555809021,0.7875347137451172,0.7568669319152832,0.619978129863739,0.8130404710568924,0.7759735458414367
0,0.3185842735682734,0.23227734863758087,0.055848450167012884,0.15553572005935223,0.13060922920703888,0.0003330875188112259,0.07768864184617996,0.12231657654047012,0.338240355732788,0.14380535695310587
0,0.40312043578437584,0.6227972507476807,0.35018153494719134,0.20128113829622207,0.4770110845565796,0.36017289757728577,0.5547206997871399,0.4022635519504547,0.4651818866782025,0.41903430042717116
0,0.20400846995419827,0.07661183178424835,0.001671040421330275,0.0674799253481556,0.18903671205043793,0.06487900018692017,0.05139005184173584,0.08640431612730026,0.2415620373360318,0.09641619861633048
0,0.5753788077285595,0.6450857520103455,0.7390094941484151,0.6500713435747748,0.6472119092941284,0.509850263595581,0.314972847700119,0.5244814157485962,0.7080326131594835,0.5832854394339437
0,0.17502730216200107,0.08114489167928696,0.01277149104106047,0.07516083083032721,0.34371331334114075,0.152299702167511,0.09895913302898407,0.15815065801143646,0.2243600111692221,0.13884845741798119
0,0.25492669474014806,0.170509472489357,0.0017124549081604175,0.2726153817775706,0.2775135338306427,0.3196776807308197,0.39828288555145264,0.1569240689277649,0.3346484584528549,0.22938282548833144
0,0.17344795920379755,0.25598907470703125,0.22367913513368592,0.1910345904664943,0.08081390708684921,0.03360508009791374,0.08022931218147278,0.11456186324357986,0.250981545884641,0.14804669611700488
0,0.5783051679757599,0.6031809449195862,0.2404725035048376,0.447909452899089,0.6594977378845215,0.5755499005317688,0.6331633925437927,0.5002262592315674,0.6626012890874925,0.5297359187862447
0,0.21910136972202118,0.07499022036790848,0.0036334174991249457,0.15590886323963885,0.39309772849082947,0.15529488027095795,0.3200443685054779,0.23716463148593903,0.26096838605606415,0.19339649556322558
0,0.45676610736889356,0.4416506290435791,0.29812935648403993,0.3248973698460157,0.5161311626434326,0.2939961552619934,0.4919690787792206,0.33854299783706665,0.5249310620561738,0.39674550514651075
0,0.14949847909162883,0.01819702982902527,0.0017990852647395007,0.08143223869751809,0.16676554083824158,0.32600274682044983,0.24050234258174896,0.11016500741243362,0.228781644379117,0.13248687286699434
0,0.6978924276368745,0.7939547896385193,0.4210193339516457,0.629603153684872,0.7182092666625977,0.8550671339035034,0.786737322807312,0.5299595594406128,0.8082628450808528,0.6781696904010548
0,0.3970511283392037,0.29538053274154663,0.030960132676364688,0.26090534217464595,0.2700166404247284,0.0003948983212467283,0.007862287573516369,0.017726026475429535,0.4334170142489765,0.1734930469700189
0,0.4080993935131015,0.4660307765007019,0.24255880892443926,0.2617823296972904,0.4189850091934204,0.005519571714103222,0.020878762006759644,0.0377647690474987,0.46223210127815423,0.24745583010943806
1,0.8283505965553128,0.949263870716095,0.9817722007763058,0.9454095053175013,0.978084921836853,0.9574409127235413,0.959618866443634,0.9810000658035278,0.8947557957197672,0.944784200432654
0,0.22410729108946703,0.09560290724039078,0.004561025783409045,0.1144115839694507,0.08506102114915848,0.018057316541671753,0.09009137004613876,0.10573498904705048,0.25809169697989315,0.09579214146839804
0,0.21679293699069013,0.16778144240379333,0.007301083030634096,0.08903386328953525,0.201514333486557,0.10172776877880096,0.2941780090332031,0.3525078594684601,0.23744415198385785,0.1759987433165863
1,0.5404838742433639,0.6541725993156433,0.6758273468134999,0.5063845999737832,0.6884950995445251,0.6564419269561768,0.5057241916656494,0.5890102982521057,0.6656770633651076,0.6021182043341042
0,0.6623237730143166,0.7904229760169983,0.879682830402973,0.8557201941416253,0.8277063965797424,0.5589036345481873,0.6779135465621948,0.7097974419593811,0.7977720885724112,0.7488943038102658
1,0.16638597431899446,0.15064197778701782,0.011268949387272775,0.14914426943762432,0.15965458750724792,0.01878071203827858,0.09110055863857269,0.10734228044748306,0.2257928957417499,0.1104155296521874
0,0.21508859519606083,0.42404064536094666,0.06294840734317665,0.31993068064009045,0.3320844769477844,0.1859881579875946,0.4111558794975281,0.2826104462146759,0.29551901474370396,0.2786333623167502
0,0.38118879607751466,0.4510110914707184,0.6706168684483492,0.34900840517889653,0.27502918243408203,0.0009743185364641249,0.060406215488910675,0.018602512776851654,0.49075191016374947,0.28835701504268096
0,0.3876375995583572,0.09492960572242737,0.0020950716944116063,0.13187285766199458,0.5162816047668457,0.5057060718536377,0.47784918546676636,0.4332429766654968,0.4032857071816241,0.3124690541075011
0,0.2967638041842915,0.09177069365978241,0.013713939172708547,0.16514823302484868,0.31959807872772217,0.5237823128700256,0.21346114575862885,0.2625361382961273,0.3498732854933236,0.23360943882001298
0,0.3952382983966002,0.45649033784866333,0.16396668218994453,0.36280438675751653,0.4226415753364563,0.4710356593132019,0.06016433238983154,0.2948389947414398,0.47747955130212283,0.3360141895369756
0,0.2626753810615291,0.3408755660057068,0.01187870331325835,0.13466320239558524,0.2967263162136078,0.003091793041676283,0.022110851481556892,0.04019833356142044,0.29875309584463267,0.14867872740258087
0,0.211488831530683,0.07506280392408371,0.004664786234365463,0.06374936342809027,0.2161589413881302,0.2763093411922455,0.18877871334552765,0.15560412406921387,0.25912438731548926,0.14743663532387036
0,0.5281712815049329,0.49208196997642517,0.3697745956395198,0.52356645273471,0.624159574508667,0.7349217534065247,0.6541149616241455,0.7176459431648254,0.6283564753202827,0.5748136020878998
1,0.673772364697471,0.812151312828064,0.9096757227003073,0.7667428186812609,0.786255955696106,0.8652716875076294,0.9408614635467529,0.8871486783027649,0.8069036160529491,0.8229543043113996
0,0.4794421967345041,0.41775786876678467,0.14079909953139552,0.2762248617852604,0.6561413407325745,0.7223087549209595,0.5379364490509033,0.4352700412273407,0.555636789159433,0.4545396131528755
0,0.5345713924129445,0.9089524149894714,0.9539461315834685,0.899091901870614,0.7384955883026123,0.9211235642433167,0.7452918291091919,0.5915623307228088,0.7706686635105442,0.7844488610710794
0,0.2593442517707973,0.21461674571037292,0.09096045414432449,0.24885702327294967,0.3722217381000519,0.21363933384418488,0.02506171725690365,0.4978351593017578,0.2807736582850386,0.24372878550938284
0,0.11906875955949581,0.051142819225788116,0.001401399109000956,0.04806974582819197,0.08905396610498428,0.020295025780797005,0.04118083044886589,0.06004515662789345,0.18693133259005626,0.055823613872396385
0,0.4192748977799565,0.33491942286491394,0.08033103745860226,0.235036141826617,0.641551673412323,0.45242664217948914,0.7412692904472351,0.5635077357292175,0.447877353956598,0.4252969153391316
0,0.697664600452361,0.8649120330810547,0.7520712574542862,0.8456629664375567,0.754987359046936,0.849307119846344,0.44100552797317505,0.672580361366272,0.8287500504165496,0.7413460151655462
0,0.16036566955116577,0.19843646883964539,0.004945057330158312,0.09152995703420834,0.05757218971848488,0.014418454840779305,0.08506882935762405,0.07593483477830887,0.21876173535310584,0.08915539910557305
0,0.5509235504716239,0.6502895951271057,0.7189901828282,0.6479444271739616,0.5651938319206238,0.5827252864837646,0.7909501194953918,0.8288047313690186,0.6728603222072874,0.6605510844408926
1,0.27362851428105733,0.1403130292892456,0.019336204048838544,0.14524543677560256,0.04748924449086189,0.0001828187523642555,0.0024675452150404453,1.028055794449756e-05,0.3090636815527829,0.0863951562738467
0,0.22664574369629836,0.06454473733901978,0.1404339520138522,0.10312965674645798,0.21635259687900543,0.23775026202201843,0.19746874272823334,0.12293544411659241,0.2840836264617758,0.1629307878243269
1,0.4546900618524241,0.4794272780418396,0.7466759017549596,0.6658078633470405,0.41966405510902405,0.23568525910377502,0.5656672716140747,0.39849331974983215,0.607628255370075,0.49770898390599766
0,0.5678399528650219,0.24571241438388824,0.5924139622529622,0.3180228996349177,0.6113739609718323,0.7862974405288696,0.9980679154396057,0.9283352494239807,0.6241103632117073,0.6123039439791533
0,0.3841006391302234,0.11662393063306808,0.0037018454453243846,0.22092712947423568,0.37261298298835754,0.13317565619945526,0.18496106564998627,0.07423967868089676,0.4180054653218493,0.19319510617872204
0,0.21630061307610138,0.36149322986602783,0.01116791616619405,0.20667350534781195,0.10431666672229767,0.5899357795715332,0.2537425458431244,0.23021261394023895,0.313210507507652,0.242772978466956
0,0.19826727165193353,0.058379802852869034,0.052290045643255956,0.0654706912248416,0.0526505745947361,0.0006781640113331378,0.00559076527133584,0.0004002228961326182,0.24332636487673673,0.0591131447855419
0,0.2143866929157327,0.31293049454689026,0.05766437279624068,0.3346064210444356,0.18262197077274323,0.062218036502599716,0.08415008336305618,0.2213873565196991,0.28192574170071516,0.1898534108832145
0,0.32116438080032705,0.13524068892002106,0.0071270610775048615,0.0645672375744917,0.23804524540901184,0.04041560739278793,2.5953640943043865e-05,0.008554507978260517,0.3339208484658134,0.11053665399079328
0,0.27356846037738175,0.10233201831579208,0.01042826033287556,0.07884930359794912,0.20230427384376526,0.19823816418647766,0.08256958425045013,0.08327808976173401,0.3063146854690831,0.13240855609584562
1,0.5552661464421124,0.6246311068534851,0.057776230697684866,0.41207696241264224,0.351260781288147,0.00033105036709457636,0.023068100214004517,0.15833130478858948,0.5954600675299685,0.29185224558312994
0,0.2749549671707631,0.25330644845962524,0.03414790164664437,0.19730855536174313,0.31480222940444946,0.4150594472885132,0.24666380882263184,0.0927857756614685,0.35560185953746615,0.22946878422618205
0,0.4528661665281571,0.2603783905506134,0.6846577942810621,0.33250885082577125,0.43936991691589355,0.45342713594436646,0.484124094247818,0.29711341857910156,0.5687541737129913,0.4232718477214019
0,0.24597425919437033,0.09167838841676712,0.00645420655948294,0.09280754166599614,0.2950432598590851,0.1702406257390976,3.2534890124225058e-06,0.0036821826361119747,0.290746460806795,0.11950962030475136
0,0.3708708483223235,0.4736432135105133,0.8198470995708467,0.635267305216881,0.3800688683986664,0.3792944550514221,0.318926066160202,0.1792130470275879,0.5705329208173543,0.4497362205819856
0,0.34689457698228404,0.4904630780220032,0.16415451237037143,0.6724519322803668,0.45589154958724976,0.0010339372092857957,0.02675853669643402,0.3660472333431244,0.43078299629214617,0.3304403127847272
0,0.45714875119121773,0.4922771751880646,0.196681682415253,0.44539556927610713,0.46772339940071106,0.0024811269249767065,0.059942398220300674,0.15237970650196075,0.5217134568606293,0.3005065465811853
0,0.30639195535080094,0.2834523916244507,0.002831715021535966,0.15341685280074158,0.41789355874061584,0.10677090287208557,0.009852507151663303,0.33614614605903625,0.30629207007216136,0.20941066737549996
0,0.19890483214611934,0.10112015157938004,0.07421470631787004,0.06736145950269702,0.24024051427841187,0.1011313945055008,0.0086500970646739,0.05337642505764961,0.2476733057224527,0.1103556195610099
0,0.266796090300837,0.13483238220214844,0.001737139146269439,0.0791114246091033,0.3901708126068115,0.3862687349319458,0.35172897577285767,0.2283472865819931,0.30779022155432256,0.22601660407230692
0,0.2387995362496582,0.061965662986040115,0.003520189856197447,0.04039344467368009,0.044690437614917755,0.0007816151482984424,0.0002454342902638018,0.00017239147564396262,0.26476104847160703,0.05444098285422015
0,0.14602811835309681,0.05822882056236267,0.009836065037551564,0.07974114115372351,0.14674445986747742,0.03355079144239426,0.0470508448779583,0.06929077953100204,0.20633739085851088,0.07672334655156739
0,0.42230508858150373,0.4246394634246826,0.18935762391562483,0.30801898817439355,0.5400345325469971,0.395606130361557,0.4153737723827362,0.4730794429779053,0.47138579473215214,0.3961544611900767
0,0.463361761134962,0.5180780291557312,0.2619209457408543,0.49958884563041295,0.5164133310317993,0.4659562110900879,0.36611872911453247,0.42557838559150696,0.5638383181192591,0.44344814865291426
0,0.4429009089494897,0.598584771156311,0.3403904065263114,0.5281894096336086,0.3836982250213623,0.8154006600379944,0.2938123047351837,0.39229217171669006,0.5984601773479027,0.47583460477170975
0,0.3965183711021188,0.35061731934547424,0.02554790457692584,0.23452263162568524,0.4966503977775574,0.07288670539855957,0.44176772236824036,0.36984676122665405,0.4024592045593982,0.30084733986272316
0,0.25582691251767586,0.25422587990760803,0.012339389440513335,0.18109360631583019,0.16272737085819244,0.0061989035457372665,0.2563643455505371,0.05871402472257614,0.3039048416556902,0.15218831691586704
0,0.19628763878604677,0.07710826396942139,0.07718663837073407,0.09519813047989485,0.0987343043088913,0.00019617741054389626,0.00035145602305419743,2.114793687724159e-06,0.24745489102785992,0.07375457233220221
0,0.16820746677401024,0.016307441517710686,0.0056277816181123175,0.02771023553626358,0.11350423842668533,0.2391127496957779,0.22548894584178925,0.06840939819812775,0.23155322206326087,0.10479546559687081
1,0.5412377044692236,0.3496839106082916,0.5812090950424814,0.5158167409892795,0.4342567026615143,0.3156451880931854,0.5259596705436707,0.5125568509101868,0.6312194402007592,0.47258202723364795
0,0.5516834368513641,0.5689252018928528,0.5734539794378393,0.4490755397131919,0.5595486760139465,0.021576160565018654,0.036430615931749344,0.30116045475006104,0.6169008117488242,0.3997788735451039
0,0.20738305221962366,0.050550203770399094,0.00904934900712825,0.026293947963753363,0.055632591247558594,9.659128409111872e-05,2.4070244762697257e-05,2.5136592739727348e-05,0.24136049928527584,0.04850286011188479
0,0.15431124211056993,0.06958949565887451,0.008333929616389077,0.04896070112590642,0.01818125508725643,6.610943091800436e-05,0.00031417308491654694,3.814267984125763e-06,0.2114158996194898,0.041455162310144844
0,0.4184736515861826,0.5113096833229065,0.13116591074997694,0.2896494854517639,0.4836214780807495,0.01088039856404066,0.3304004371166229,0.4340006709098816,0.42607982859261867,0.33240688895943626
0,0.3032600266655418,0.1477515548467636,0.02046060839204216,0.0969859001968695,0.12783785164356232,0.005061258561909199,0.07179780304431915,0.04987827315926552,0.32082664509238723,0.10942508207839305
0,0.22239859754881006,0.02294977381825447,0.027819196133309302,0.03230461819624245,0.017162781208753586,0.0002407911524642259,7.431878475472331e-05,3.7976769817760214e-07,0.2528648231373971,0.04510442942520515
0,0.33204012055178955,0.0849202498793602,0.01218490467564999,0.09894815086704116,0.09918538480997086,0.0005676064174622297,0.05756502225995064,0.011691081337630749,0.3457419491428891,0.09435535923545293
1,0.4019243005298443,0.49758008122444153,0.03579819145844144,0.5348661639580694,0.5584353804588318,0.4523886442184448,0.489947110414505,0.39010122418403625,0.5044102738903554,0.4218869181017817
0,0.4814353898957141,0.5112752318382263,0.643018714913132,0.41034620878875594,0.6283193826675415,0.46226778626441956,0.5257279872894287,0.6368978023529053,0.5679670301580216,0.5352215685314146
0,0.44253366488459867,0.181796595454216,0.02922575954068696,0.3089843246666326,0.4009900689125061,0.4144968092441559,0.48737597465515137,0.24634207785129547,0.5059255190049183,0.3129416873354919
0,0.4939162291381907,0.5855639576911926,0.623448027715361,0.5253488766733776,0.5382902026176453,0.44477176666259766,0.46353307366371155,0.45938143134117126,0.6202556903904447,0.5191190431105646
0,0.15553652559728465,0.02615492045879364,0.00354039324257846,0.026044717185971178,0.24108196794986725,0.04593214765191078,5.278435764921596e-06,0.00038440365460701287,0.2100774562194998,0.06674662417543968
0,0.5167196811241235,0.32957330346107483,0.008398124022900345,0.39260563922347463,0.47446706891059875,0.3854775130748749,0.3385879397392273,0.5193439722061157,0.5449771641622152,0.37391783095745634
0,0.2823385348538241,0.27303653955459595,0.005761220324411319,0.2805326259209687,0.4232805669307709,0.36593300104141235,0.38153794407844543,0.34355902671813965,0.3412321586020322,0.29258782356574387
0,0.13906026337685484,0.04331100732088089,0.0005716342358310586,0.0425934738217312,0.0909641906619072,0.05049625411629677,0.06080485135316849,0.09604392945766449,0.19658196836308728,0.06676037103204532
0,0.20262274902412855,0.2366502583026886,0.20019336627223083,0.3763429850323784,0.24296219646930695,0.32869642972946167,0.3259836733341217,0.5781863331794739,0.27546839120252437,0.30628447471265213
0,0.19572512865034708,0.08476373553276062,0.0011529360181958544,0.0917648318173447,0.13050562143325806,9.085262718144804e-05,0.07394831627607346,0.001081968774087727,0.24400403024004075,0.07694806836416782
0,0.2928655014289131,0.17340873181819916,0.00581352074907357,0.0884219007994401,0.22609856724739075,0.24320614337921143,0.099827840924263,0.18094836175441742,0.317368471068596,0.16664384403663168
0,0.22575310401275597,0.11084478348493576,0.015996647305399358,0.10703205950517154,0.058416079729795456,0.028454957529902458,0.022501563653349876,0.01582333631813526,0.26812975772321507,0.07866034475078286
0,0.38238063688831514,0.27243462204933167,0.018200551737002725,0.20217775440309707,0.47865965962409973,0.3522922396659851,0.2905248999595642,0.32566243410110474,0.410897969817762,0.29190525623625935
1,0.1871199464112554,0.1888771951198578,0.08547834926164966,0.1427747167158083,0.08490172773599625,0.020724156871438026,0.07999362796545029,0.04912252351641655,0.2496956455864765,0.10921432101781336
0,0.4564145491201587,0.19877688586711884,0.031639207296372124,0.22151258847746885,0.3751309812068939,0.37099069356918335,0.2774638831615448,0.42963606119155884,0.46681805476883215,0.2962595971055987
0,0.3186754054319117,0.3508163392543793,0.13031174311230592,0.25786332771375003,0.2892758548259735,0.385498583316803,0.22271370887756348,0.4999324679374695,0.3568789432633192,0.30620329939617896
0,0.13342178949028408,0.04379658401012421,0.04405448629623202,0.04303790764437594,0.15338465571403503,0.043157994747161865,0.00015160394832491875,0.020768912509083748,0.19998511331123592,0.06368318041322654
0,0.27778607980572273,0.2222026288509369,0.07822056712701024,0.2318637653446291,0.306496798992157,0.1397668719291687,0.0009417469846084714,0.059449903666973114,0.3361419533558899,0.17339616398990415
0,0.2939726579709789,0.11872431635856628,0.002338991330363832,0.08504560747440015,0.26377251744270325,0.13222195208072662,0.01290932483971119,0.04128321632742882,0.3195451770507002,0.12566122152863624
0,0.404792350261047,0.23485399782657623,0.05081593138483963,0.29792872829334843,0.45524439215660095,0.23946894705295563,0.3342668116092682,0.3127313554286957,0.44050049556761606,0.2941911889473563
0,0.2908364153343749,0.10938767343759537,0.013944482586870472,0.08755233628866717,0.2651402950286865,0.3167717754840851,0.32369765639305115,0.18811555206775665,0.3264783819084435,0.196781953282949
0,0.4579723964391892,0.5406968593597412,0.2578992940764702,0.5803119098252129,0.49477216601371765,0.008917100727558136,0.016305644065141678,0.4821975827217102,0.5068572197597742,0.3703916563714013
0,0.2529277669621958,0.27559128403663635,0.07501777586217295,0.17759597301377128,0.2449861466884613,0.0937688946723938,0.15877829492092133,0.18617835640907288,0.29552658199894843,0.1870316821033077
0,0.19709745984083074,0.11980341374874115,0.023578288285212023,0.10961790119594762,0.1338071972131729,0.008697764948010445,0.14736376702785492,0.13580675423145294,0.23830974123894821,0.11160367942580772
0,0.5181816393962055,0.585728108882904,0.5521065824543052,0.46255268405030864,0.5769098401069641,0.7356520295143127,0.4364149272441864,0.569953978061676,0.638209751772877,0.553751723714486
1,0.8166283059112412,0.9151546955108643,0.8971051418555386,0.902777508125219,0.8487191796302795,0.6174310445785522,0.7921744585037231,0.7716531157493591,0.8797632497499779,0.8247010322851129
0,0.17477594704232755,0.14288993179798126,0.014259075133759295,0.07835066956135185,0.16345876455307007,0.14924056828022003,0.2382166087627411,0.06437375396490097,0.23957586145099571,0.12745106750015117
1,0.41021035579278115,0.42247918248176575,0.2327922324851643,0.3714903799804725,0.47192785143852234,0.14840048551559448,0.26699358224868774,0.6345182657241821,0.42316167939392724,0.3736483566143493
0,0.49738253753959666,0.4304327368736267,0.04367538622625715,0.32377856735748584,0.634720504283905,0.5436182022094727,0.6740049719810486,0.3345785439014435,0.5728553728418718,0.43274461281259025
0,0.20494598757918986,0.07576421648263931,0.013411419577176217,0.09240037338048607,0.11300190538167953,0.0630291998386383,0.07289838790893555,0.1925860345363617,0.23632981181505675,0.1055473522389013
0,0.18009552137652618,0.21706387400627136,0.29805061958886647,0.11347878379952653,0.21275128424167633,0.06805222481489182,0.14379827678203583,0.23548957705497742,0.23943083398993834,0.18440891708382806
0,0.5907898811270015,0.5982921123504639,0.5176183508708553,0.3419430332074504,0.7220709919929504,0.3309836983680725,0.8088389039039612,0.8249101638793945,0.6148801567827188,0.5865933192054997
0,0.47114800574858795,0.5690197348594666,0.09253336740681546,0.3825277385757913,0.29757747054100037,0.11779652535915375,0.08431418240070343,0.3419877588748932,0.5059578786117055,0.30672110309612755
1,0.7453542647025371,0.5170843005180359,0.2665025704820161,0.7269619294448635,0.990180253982544,0.9886766672134399,0.06112710013985634,0.9066840410232544,0.7920110135279775,0.6605824920385118
0,0.17973817906286207,0.1121089905500412,0.017314973760014767,0.18201681801201947,0.14879396557807922,0.14236105978488922,0.054254546761512756,0.15801112353801727,0.2415628647885565,0.12714090740311557
0,0.2980703006777248,0.11142682284116745,0.003967438082544125,0.08050361252266591,0.2716561555862427,0.08968637883663177,0.4491949677467346,0.10090827196836472,0.32365807447355405,0.17389782999633535
0,0.4713790160066928,0.42341849207878113,0.3793324706840042,0.3294440223811869,0.40406879782676697,0.31340503692626953,0.35561230778694153,0.3701547086238861,0.5385334286565997,0.3837899247713093
0,0.7983112719429606,0.895169734954834,0.8440166803551743,0.8741598324279336,0.8152638673782349,0.8800349831581116,0.9470821619033813,0.8782628178596497,0.8763736430162877,0.8634263484329833
0,0.47108343247465706,0.30899032950401306,0.10136976214695406,0.2951166267010123,0.4352344274520874,0.001248947810381651,0.09824851155281067,0.24121703207492828,0.4827979000530009,0.25623815962000457
0,0.2026572373742147,0.06338206678628922,0.001339883693140061,0.041434529489434796,0.1724720299243927,0.088668592274189,0.13717804849147797,0.08549006283283234,0.2410230794349764,0.10041813454771423
0,0.32151881625458484,0.3717383146286011,0.0034507363923840548,0.15322902012070436,0.3084527254104614,0.3058413863182068,0.376452773809433,0.6187450289726257,0.31664964908199583,0.3029790644744239
0,0.21323894059486218,0.04274481534957886,0.016492797833892153,0.10315386260670896,0.23317694664001465,0.34619173407554626,0.3599662780761719,0.12583346664905548,0.2792448578342759,0.17506811141789197
1,0.7803190533093831,0.8093627095222473,0.8656765223263098,0.839467582550433,0.7543097138404846,0.5865724682807922,0.6743107438087463,0.47098952531814575,0.8731470399029222,0.7301351514578338
0,0.5421984468361749,0.45234256982803345,0.08754011417297279,0.47954288865842265,0.6053932309150696,0.009889254346489906,0.061932504177093506,0.3676593005657196,0.5645085295050367,0.34264030781334354
0,0.33537686154282814,0.31650790572166443,0.10882786971470357,0.48132323516109005,0.4376819133758545,0.49839186668395996,0.25789281725883484,0.4775404930114746,0.4209258861568102,0.3651701189113208
0,0.4071268560238935,0.2213786244392395,0.16908438864419376,0.2353937478611119,0.3996729254722595,0.30917003750801086,0.4853682518005371,0.31952351331710815,0.4517696224274021,0.3162211273794484
0,0.25504398507617393,0.027866270393133163,0.000525672717866853,0.051623213503275145,0.22926363348960876,0.009104112163186073,0.1405959129333496,0.19967243075370789,0.25850064279900387,0.11638002188293467
0,0.18448759157892922,0.08845249563455582,0.0005703409259144353,0.05210211600874765,0.23453836143016815,0.2787822186946869,0.3367246985435486,0.1757831871509552,0.2411471758396533,0.1638619893625996
0,0.21699074022968648,0.18316426873207092,0.013047156122185925,0.15652812334967525,0.3449212908744812,0.3904050290584564,0.2206781655550003,0.20734180510044098,0.28357959838986874,0.2153552034218923
0,0.19183777246430675,0.11339731514453888,0.01493352559676305,0.09101692808022928,0.2795351445674896,0.09216810762882233,0.11667516082525253,0.3047427535057068,0.22017144093268579,0.1513557823222632
0,0.5386716858356078,0.5743991732597351,0.09135100551130912,0.41096208077281443,0.5913214683532715,0.5924371480941772,0.7210493683815002,0.662233293056488,0.5957746266660777,0.5178953192526112
0,0.12670987053719343,0.019652338698506355,0.00036647325729420284,0.01937897094676557,0.16611073911190033,0.2777796983718872,0.1505766361951828,0.11200586706399918,0.20167811321689938,0.10595642736220226
0,0.39899928829933734,0.4406307339668274,0.04701761993599314,0.233624755837689,0.48968273401260376,0.248771533370018,0.4983992874622345,0.2911956012248993,0.4395794454592332,0.3317782154314898
0,0.2564256872090349,0.35059693455696106,0.08724136826456447,0.10222853755688632,0.4778220057487488,0.2164401262998581,0.4349929690361023,0.3235411047935486,0.29089125962200685,0.27833734546849265
0,0.25566249521251727,0.24368934333324432,0.019107122842487913,0.1466047873304171,0.4402109980583191,0.1271401345729828,0.1429503858089447,0.07300597429275513,0.3025312092913091,0.18693065233917114
0,0.26958039871191863,0.21595020592212677,0.12002560046650007,0.1385410253960281,0.29068154096603394,0.19320213794708252,0.17800261080265045,0.05463804677128792,0.32827632085175507,0.1860905949287092
0,0.23299516702583578,0.09278267621994019,0.0606185249745245,0.0747204771065587,0.301082581281662,0.3761441111564636,0.2355012148618698,0.2118406891822815,0.2827367957111674,0.19521281782869665
0,0.5342457119113042,0.5622155070304871,0.22132431327848545,0.5675454518549239,0.5774708986282349,0.42919713258743286,0.5435097813606262,0.6344297528266907,0.6097865444281719,0.5102263280769185
1,0.7911252912441422,0.8631015419960022,0.8010968463965845,0.8309785597224784,0.839249312877655,0.6935209035873413,0.7756305932998657,0.6179376244544983,0.8726322688860658,0.7807542577868944
0,0.13966235481875228,0.12777286767959595,0.004267517868261986,0.09610537204390684,0.23690828680992126,0.018002711236476898,0.21417096257209778,0.08006110787391663,0.2069369794482289,0.11541828282343555
0,0.5669436051460622,0.7841957807540894,0.8075761685517305,0.7527722392183922,0.6103588342666626,0.7265154719352722,0.8790515661239624,0.6571395993232727,0.7437175695002032,0.7174759996389588
1,0.4568192921921049,0.43759027123451233,0.0285813434970458,0.29506460801838547,0.5402088761329651,0.30156201124191284,0.007554805837571621,0.3794373869895935,0.47742995938260263,0.3168305225518264
0,0.2777575785041604,0.20094344019889832,0.049400614168964796,0.17559386506712968,0.3634052872657776,0.12077848613262177,0.00044045591494068503,0.004006337374448776,0.32902760705601053,0.1583127043479079
0,0.4375965089582757,0.21311502158641815,0.02221246767812207,0.19731468548257222,0.40742120146751404,0.34342220425605774,0.3676609694957733,0.373653769493103,0.4529034795678084,0.2951578812009207
0,0.14511432862180793,0.01742725819349289,0.0008238205124351885,0.021695046354227743,0.007643841207027435,0.0004060910432599485,0.000161615593242459,4.40882843122381e-07,0.20129889694009376,0.027288647823939746
0,0.4587841129644823,0.3947366178035736,0.09506212817466769,0.3043271077283575,0.5383252501487732,0.1629505157470703,0.3160771131515503,0.8980088829994202,0.41005688141004154,0.39694963252513793
0,0.22654369842192204,0.0967005044221878,0.02339956673130488,0.08767934490296245,0.06130195036530495,0.06508148461580276,0.1269552856683731,0.04220309108495712,0.26893997660752234,0.09383805872085425
0,0.5856922695730762,0.2914905250072479,0.10770017533676654,0.4743519889799649,0.7651752829551697,0.7745597958564758,0.01048157550394535,0.617246687412262,0.6386069158380931,0.46150692252586467
0,0.43558149712086575,0.5315296053886414,0.061218875591974434,0.33882517189730843,0.4309045374393463,0.2116222381591797,0.31079116463661194,0.3428444266319275,0.47861556962599444,0.339164607993816
0,0.4624242872994613,0.401334673166275,0.20624453437047774,0.2666126366111096,0.5294063091278076,0.22242040932178497,0.02920183166861534,0.3790792226791382,0.48227557415189365,0.32251723349411443
0,0.12229107724698435,0.056652333587408066,0.0011343339067528603,0.03202642486985866,0.0954778715968132,0.01686815544962883,0.09633012861013412,0.17455977201461792,0.17849879880957173,0.0742697562115183
0,0.34909628081776584,0.1931079477071762,0.008545690039278565,0.08235147720963759,0.6021168231964111,0.635995626449585,0.35510608553886414,0.3709622621536255,0.3819115606847153,0.320084447516811
0,0.12914356374068436,0.03038625605404377,0.005600623885577775,0.029521994557505503,0.02449517510831356,0.003989088349044323,0.02540069818496704,0.028358135372400284,0.1918394933081311,0.03689023243370989
1,0.34817759233902806,0.2764635980129242,0.41756968305696895,0.14843107064284392,0.3288677930831909,0.4276098608970642,0.4139803349971771,0.09699667990207672,0.4452298876295809,0.3048535056793006
1,0.6903509100844615,0.8245739936828613,0.15255743225483082,0.7996730768344463,0.8638412952423096,0.8540518879890442,0.9532212018966675,0.8476234674453735,0.7856113831052649,0.7443223570436963
0,0.22556361341977776,0.14769195020198822,0.20665738262533973,0.23264041158018672,0.22208671271800995,0.2012987732887268,0.17954029142856598,0.09569825232028961,0.3087621523057496,0.19087740095683758
0,0.2147377792946126,0.09349581599235535,0.021912961940191846,0.11201867923787888,0.23720042407512665,0.3098207116127014,0.22248446941375732,0.17003799974918365,0.2716818597128993,0.17078779937052546
0,0.17020241006343556,0.054600223898887634,0.004157059912506994,0.05056312215725841,0.07701949030160904,0.0004809890815522522,0.00160229264292866,0.00031223605037666857,0.22043417085911943,0.04940996779643717
0,0.5634064085606031,0.6037935614585876,0.2444888223862051,0.5099967800142527,0.7099454402923584,0.79524827003479,0.5677375793457031,0.6317663788795471,0.6630986722705875,0.5766308683623318
0,0.2227773603331986,0.20152977108955383,0.037621876174344836,0.09463880797067663,0.3369289040565491,0.08204478770494461,0.003941001836210489,0.06320815533399582,0.26498135601967404,0.1373725498278423
0,0.20410134702738023,0.09038440138101578,0.04471933063533321,0.14040532503071443,0.23233722150325775,0.30355310440063477,0.17202092707157135,0.12164683640003204,0.2728876526746477,0.16321877133314716
0,0.25740579750502224,0.18510128557682037,0.015047256982741272,0.2008587284547084,0.3658285439014435,0.39367544651031494,0.31843799352645874,0.23014311492443085,0.3214958144051574,0.24371059999555222
0,0.4360908832236928,0.3683403730392456,0.1511118013237818,0.35058242013703894,0.49460816383361816,0.7704540491104126,0.4436981678009033,0.7796167135238647,0.4853134858112589,0.46712554268032164
0,0.739401053444541,0.7604175806045532,0.42177098924222794,0.7514231611018668,0.7514775991439819,0.7460615038871765,0.5547256469726562,0.7318670153617859,0.8149849126298573,0.6868954923503561
0,0.24461749361584648,0.2322838008403778,0.015108751578232417,0.09184442724834811,0.2572394609451294,0.19848662614822388,0.008702116087079048,0.1729845553636551,0.27804024700855257,0.15749320110088366
1,0.5040145379322635,0.5018443465232849,0.37244046536522846,0.5141949873446405,0.5560828447341919,0.3778969943523407,0.0014098387910053134,0.6007572412490845,0.5650412768231252,0.43948502507620396
0,0.17611449301558119,0.3191187083721161,0.1095527538992259,0.08629495594137289,0.19151946902275085,0.09989257156848907,0.09842707961797714,0.4027290642261505,0.21120416521878962,0.18588666227171602
0,0.32507240459219766,0.1284957230091095,0.02694580950670468,0.22841021259431168,0.5385158658027649,0.39078089594841003,0.3745364844799042,0.1817752718925476,0.38694688612885936,0.2738336699051134
0,0.3901502515527752,0.25031593441963196,0.01998952020414187,0.2777573872476367,0.37798213958740234,0.2982235848903656,0.0009439173154532909,0.3002483546733856,0.4195713789331704,0.24764536310324478
1,0.22114831616612726,0.05438908189535141,0.07795723692525423,0.1205451473534196,0.043393325060606,0.000424554425990209,0.05672735348343849,0.0009801348205655813,0.2693053815395363,0.0766728582992352
0,0.6202193302539281,0.68082594871521,0.38417718382880334,0.6057638437606495,0.7320225238800049,0.9740189909934998,0.5293781757354736,0.8663592338562012,0.7200985506103216,0.671400566186555
0,0.6129777795392215,0.5694035291671753,0.16963921393051945,0.38632264067170063,0.6845808029174805,0.74283367395401,0.8484590649604797,0.7565675973892212,0.6652411368698495,0.5879997970202169
0,0.14251530600641363,0.07213835418224335,0.0008701623167712951,0.03144228073450996,0.028908565640449524,2.4635424779262394e-05,6.562170892721042e-05,4.326123530518089e-07,0.20198430310848875,0.038190876745509
0,0.3239935412548387,0.39983734488487244,0.5620346094186275,0.3625024616216896,0.32220253348350525,0.4362187683582306,0.3303247392177582,0.20235544443130493,0.4609481342136817,0.36766323998446904
0,0.255785791026544,0.07346471399068832,0.020924657270268404,0.11258455528437623,0.19260744750499725,0.008606604300439358,0.2759841978549957,0.25439053773880005,0.2678918866810476,0.14893965276881455
0,0.49573855650609516,0.4190651476383209,0.03597306587812609,0.3319446073124458,0.21189400553703308,0.0012305586133152246,0.0001897461770568043,0.11364701390266418,0.5264805911174464,0.2169295462280501
1,0.6513575186249758,0.8913097381591797,0.9332408550140271,0.8260315859502155,0.8476266860961914,0.787286102771759,0.803805947303772,0.903339147567749,0.7937710027323319,0.827574071966011
0,0.5463020669489677,0.48189523816108704,0.08235162520627522,0.42725561135392487,0.5807834267616272,0.024627938866615295,0.5725893974304199,0.6144120097160339,0.5446791745068806,0.4201646107059531
1,0.5338573854940363,0.5676820278167725,0.6234124819136713,0.5212938107829781,0.6235955953598022,0.6590273976325989,0.6262866258621216,0.38835859298706055,0.6851460226654048,0.5667282214234558
0,0.26957245076537895,0.10015973448753357,0.01733201415820631,0.07847013238869614,0.22059878706932068,0.16458585858345032,0.0009739663801155984,0.005224631633609533,0.30721830205305406,0.11328602010220462
0,0.16333604915554595,0.11844737827777863,0.015484688402813291,0.1631212488122105,0.2725580632686615,0.05169815570116043,0.04092341661453247,0.001177396159619093,0.2360257891988983,0.10920766121954065
0,0.14081760033509785,0.059929560869932175,0.003708257348349976,0.12299922145967596,0.0993591919541359,0.026870783418416977,0.03113744780421257,0.018578240647912025,0.212187828040597,0.0667815984965188
0,0.29538762698683135,0.14446894824504852,0.15043342536885534,0.23258159176666113,0.3066444396972656,0.2135230451822281,0.00011803969391621649,0.019148653373122215,0.3654241478619118,0.1783741324828694
0,0.581885251039436,0.4645489752292633,0.41501791007019967,0.4380128474493327,0.7306042313575745,0.8324314951896667,0.7241348624229431,0.5731054544448853,0.6885586144195137,0.588808573213105
0,0.21433211328485208,0.15835092961788177,0.011863214519070403,0.07258229677147338,0.2046154886484146,0.09109751880168915,0.21444346010684967,0.2501303255558014,0.2411377535849415,0.15172742733079186
0,0.6381247852737788,0.743280827999115,0.36777684577850217,0.7151645860970985,0.7293031215667725,0.853428065776825,0.6643543839454651,0.5824733972549438,0.7712750900067826,0.6623138511872146
0,0.5063134634782793,0.42368143796920776,0.4741204536167995,0.3777602384518538,0.6795955896377563,0.443603515625,0.5659679770469666,0.5301192402839661,0.5818398318072536,0.4986904885283003
0,0.15696790451360212,0.10758791118860245,0.003683705620237223,0.07718105816334246,0.23947526514530182,0.03188200667500496,0.00048666252405382693,0.1069745272397995,0.2082383784835898,0.09511881325156818
0,0.21493314567938218,0.18180112540721893,0.02974065221139707,0.14759454615721024,0.3912639319896698,0.006572208367288113,0.11294028162956238,0.3058259189128876,0.2372828369939859,0.1777231370898946
0,0.4095814698979862,0.40927010774612427,0.14200459518232234,0.4056318968658264,0.47636324167251587,0.39935946464538574,0.3570753037929535,0.356699138879776,0.4883312263108666,0.37219255933439477
0,0.2218108388365267,0.1692752093076706,0.0381036325926947,0.14254037466404612,0.11207646876573563,0.06254574656486511,0.2838892340660095,0.13320881128311157,0.2699940359705053,0.14533791421982772
0,0.15075261636025442,0.0293450765311718,0.0013191894480768125,0.08034738388614845,0.008438135497272015,0.00013949860294815153,4.476103640627116e-05,5.174112516215246e-07,0.21184023982443323,0.03771040944393089
0,0.5460270832193284,0.5816736817359924,0.4125336764946487,0.5707396477709575,0.6223486661911011,0.873823881149292,0.8861924409866333,0.6185621619224548,0.6885367900985708,0.6295762737639223
0,0.3413693205060103,0.20447605848312378,0.02569913585338024,0.22951762743532933,0.09290559589862823,0.0006077789585106075,0.00017597529222257435,0.007279471028596163,0.3788444608351261,0.12337093783398845
0,0.5364925524724032,0.7546554207801819,0.9331591587838339,0.5593962916246671,0.5522713661193848,0.4552690386772156,0.6996649503707886,0.6677882671356201,0.669984759628551,0.6420341537128803
0,0.4797358827273538,0.5293711423873901,0.13407410208830833,0.6114446603397807,0.5001651048660278,0.6588525176048279,0.5049011707305908,0.6666447520256042,0.581004245398448,0.5091363317540221
0,0.11982243315011123,0.012437822297215462,4.782875736203776e-05,0.019389734487856976,0.1171637549996376,0.2615416646003723,0.19996367394924164,0.09649381786584854,0.19913247748424634,0.09910953273699091
0,0.16265700335012337,0.02616223692893982,0.0031719804904466278,0.029608302240516082,0.18730463087558746,0.020495379343628883,1.3326985026651528e-07,5.426085044746287e-05,0.21331733441059925,0.05819342259528389
0,0.22552776716333509,0.08902126550674438,0.0037201444827387378,0.11380469140820802,0.31292107701301575,0.06653119623661041,0.10352090746164322,0.1555551290512085,0.2563015315350903,0.13756172620685886
0,0.146640113012457,0.06958857923746109,0.0027567683399800065,0.037393201745163536,0.034067537635564804,0.00024538001162,0.0006451645167544484,1.2287166555324802e-06,0.20512805749410776,0.04024608109907693
1,0.46819736150433583,0.3936232030391693,0.08773896820897441,0.3511054893998381,0.5321371555328369,0.4271599054336548,0.44627881050109863,0.4579298794269562,0.5181259149087813,0.3961358298879234
0,0.36767905725337174,0.4845186471939087,0.5758838737248998,0.6366877767765746,0.4409094750881195,0.49868038296699524,0.38371315598487854,0.26764923334121704,0.5519224994884071,0.4597217307492633
0,0.5631283318962449,0.7841079235076904,0.7523473365113067,0.5539227293176412,0.6311964988708496,0.5264743566513062,0.3414856791496277,0.517629861831665,0.6921441605179883,0.5903359473867906
0,0.13510018815074254,0.02414039522409439,0.0008671104131613019,0.03451907392748851,0.22881388664245605,0.05094398558139801,0.05880694091320038,0.11000607907772064,0.19110207856978373,0.08214509194985889
0,0.40393407988095903,0.483344167470932,0.28063894875971196,0.3992948647122334,0.5173444151878357,0.4963061213493347,0.5931891798973083,0.4679294228553772,0.4978075165675091,0.45149320039717833
0,0.2515286605182076,0.055357675999403,0.002185724384496564,0.022117922805828753,0.1397467851638794,0.005562426056712866,0.36560288071632385,0.042518697679042816,0.27582842095806187,0.10919633207075527
1,0.6918411967408905,0.6438871622085571,0.494202138657284,0.7601862964330154,0.840599775314331,0.7275988459587097,0.9633520841598511,0.9479426741600037,0.7772256535903037,0.7522757095924901
0,0.45170552957391796,0.39984801411628723,0.18033866978004673,0.3103014172638099,0.30446767807006836,0.3402014970779419,0.1608179807662964,0.3741745054721832,0.4978913955779099,0.3208159971744349
0,0.15680710095212255,0.05506160482764244,0.011544903261890423,0.05844224846594941,0.26211923360824585,0.09630194306373596,0.000371962261851877,0.010325170122087002,0.21840693508909562,0.08582219137195671
0,0.25599440184690175,0.11943015456199646,0.006348646988486798,0.0829329423204081,0.4060072600841522,0.28709661960601807,0.5863951444625854,0.3779171407222748,0.2808598094725603,0.256174249037029
0,0.39792667317115765,0.4140419363975525,0.14278052320335322,0.09573043868823232,0.4621090888977051,0.0008449642919003963,0.12293314933776855,0.5912545919418335,0.34532801538289415,0.2841261383287904
0,0.4289813984226344,0.33864954113960266,0.023895833436128455,0.35069751663023735,0.7667561173439026,0.626711368560791,0.5962008237838745,0.6906373500823975,0.4680994380091143,0.4716619337339346
0,0.5525314094491738,0.6444912552833557,0.3140506804680143,0.4289574640428318,0.5178403258323669,0.27270767092704773,0.015342172235250473,0.09490975737571716,0.6486866680099932,0.37275570124747703
0,0.19758568442291188,0.29368165135383606,0.056430822094042564,0.23738874355240308,0.2174595445394516,0.46611955761909485,0.4045451581478119,0.18462491035461426,0.3023022617045694,0.2521069090323168
1,0.27838539265235146,0.17530012130737305,0.12225034947552306,0.3591331265912427,0.2728305757045746,0.9846462607383728,0.00911895651370287,0.18864233791828156,0.42749287185716783,0.29816580995812436
0,0.30231507790273765,0.2201528251171112,0.2042976039462769,0.19376199595802288,0.45114606618881226,0.4196360111236572,0.006175002548843622,0.09941719472408295,0.3800119344952147,0.24322058924442408
1,0.5603690064833442,0.21242555975914001,0.04604233506935712,0.21113688915449164,0.7253397703170776,0.8846487402915955,0.7814829349517822,0.8447949886322021,0.57070849596975,0.5192665523917137
0,0.5295658559496559,0.5787269473075867,0.7753532758957579,0.4376560231155502,0.5934635400772095,0.6111993789672852,0.4237838387489319,0.7268718481063843,0.6265222735781152,0.583081523098367
0,0.5563999819232206,0.6805370450019836,0.2640353977300492,0.6162794055192578,0.7029713988304138,0.6705577969551086,0.584068238735199,0.6132040023803711,0.6693565602664433,0.586842287431961
0,0.4458927078091301,0.32971033453941345,0.006738475538681515,0.3941504006156115,0.664100706577301,0.5929242968559265,0.5620453357696533,0.4516315460205078,0.5185128683894461,0.4282037210654872
0,0.40322497066432317,0.40793415904045105,0.211961288620596,0.4077614771184359,0.40358301997184753,0.27599331736564636,0.026127709075808525,0.3711129128932953,0.462873472949696,0.32301035817722273
0,0.20441461101200442,0.12070263177156448,0.0034748332552317503,0.10714004618679697,0.2255358099937439,0.024218222126364708,0.1996079534292221,0.2206663340330124,0.2351205057914508,0.1390791438157812
0,0.2618492392535602,0.08009563386440277,0.001363441767796687,0.07082453867080314,0.3394688069820404,0.43744856119155884,0.20479092001914978,0.46017271280288696,0.2757180665682057,0.22734412707641505
1,0.7023709757233375,0.4935203492641449,0.6285082136926078,0.7589072208897608,0.7622453570365906,0.4867634177207947,0.7390291690826416,0.7306987643241882,0.7854480083058983,0.6636324568470225
0,0.7358406188414324,0.8645277619361877,0.8225943613367437,0.8559154519589078,0.8532184958457947,0.7313041090965271,0.991121768951416,0.6966590285301208,0.8521125564255745,0.8169398657208902
0,0.8780929752041158,0.9229866862297058,0.9594141521973245,0.8781298956630085,0.8685258030891418,0.9387258291244507,0.9160807132720947,0.9040806293487549,0.9082694260377152,0.9066860279870116
0,0.44495566798020214,0.5125405788421631,0.37190335253858064,0.2332089866507421,0.5102466940879822,0.2580261528491974,0.48559921979904175,0.352969765663147,0.4998941676142613,0.39715073548048463
0,0.4767155776132399,0.6624619364738464,0.7104623738241446,0.5502595494212008,0.5383128523826599,0.6829801201820374,0.5992529988288879,0.47794219851493835,0.6438981355880381,0.5846039801638048
0,0.31870671560693936,0.052132703363895416,0.047019916868197,0.3009165466270293,0.36714255809783936,0.5972702503204346,0.30332648754119873,0.3455198407173157,0.3913292812331808,0.28764856100093195
1,0.507047822838625,0.46969541907310486,0.456769334573003,0.22160084845782999,0.45706644654273987,0.5990846157073975,0.656569242477417,0.327745646238327,0.6029023606942173,0.4565598895750774
0,0.3048210817918079,0.3531263470649719,0.014179725512858446,0.3649671493743325,0.5351831316947937,0.42900386452674866,0.3999643623828888,0.4528748095035553,0.36886442639458816,0.355274777949246
0,0.5500210495453018,0.6908724308013916,0.13619672341454322,0.6311074237145697,0.6479392051696777,0.0061981105245649815,0.04017258435487747,0.4638668894767761,0.5952882886639425,0.41559887015341646
0,0.9190155292192678,0.9709577560424805,0.9928335344996279,0.9687759867127885,0.9518908858299255,0.8079677224159241,0.9330595135688782,0.875044584274292,0.9229268897583952,0.929611406444073
0,0.2018201994558797,0.040178246796131134,0.008195876678930597,0.08775714055948686,0.20684289932250977,0.03800537437200546,1.1466141103255723e-07,0.005335742142051458,0.24700868860755432,0.07932646049623786
0,0.22898551539744133,0.08931809663772583,0.0031716728247298508,0.1447041391718271,0.3770129680633545,0.4120182394981384,0.35867059230804443,0.21043391525745392,0.2925546708026951,0.2234930942069575
0,0.16980495522567612,0.0705481693148613,0.012323912516588318,0.06413100996952482,0.15670146048069,0.290732204914093,0.11218498647212982,0.15971338748931885,0.2309050439692325,0.128079162824603
0,0.5611835586129701,0.604106068611145,0.7001551683771535,0.5217297428892553,0.48998919129371643,0.6508962512016296,0.5518499612808228,0.44994238018989563,0.7030964549620197,0.5657061627343677
0,0.2315740790454977,0.23810406029224396,0.009309939151988912,0.06768234588154713,0.2926264703273773,0.3257294297218323,0.17672598361968994,0.16370995342731476,0.28100103367016466,0.18831026340197937
0,0.2719578094616245,0.05574524775147438,0.004591759894409073,0.06439506656051203,0.31886807084083557,0.620757520198822,0.27145305275917053,0.3797505795955658,0.30890635593010146,0.24121947169933047
0,0.19811141151605846,0.1275538057088852,0.006556005753694918,0.11530472198146449,0.29276156425476074,0.07542131841182709,0.0002750451094470918,0.023113498464226723,0.2509474468268766,0.1114836896147284
0,0.29505768169220814,0.0647500678896904,0.0029520565084311906,0.1006741123585103,0.30516278743743896,0.09308451414108276,0.002881294582039118,0.10083795338869095,0.3100663403273121,0.12762044993683214
1,0.31064974053386235,0.21611911058425903,0.15281637723665165,0.20867168030083544,0.302909791469574,0.30121320486068726,0.2811753451824188,0.14795023202896118,0.3776573366505643,0.24113563676067365
1,0.4892159485272532,0.5955455303192139,0.6746880411277124,0.4536023464821172,0.5224239230155945,0.37258127331733704,0.47951388359069824,0.46075141429901123,0.601202178769858,0.5078280265781154
0,0.6058089423681836,0.612410306930542,0.47848142173591596,0.46623083856178343,0.6064714789390564,0.145112082362175,0.52617347240448,0.5035186409950256,0.6605775099302961,0.499273837121947
0,0.4851597515282093,0.5226399302482605,0.4209822838423259,0.3269827542003276,0.47057101130485535,0.5321274995803833,0.5987889170646667,0.5400845408439636,0.5641259818063219,0.48268033053265386
0,0.4858506400881948,0.4526338577270508,0.07377827755638,0.4464179659971309,0.5696914792060852,0.34977447986602783,0.23370100557804108,0.42716917395591736,0.5406990770009178,0.38770394642197487
0,0.14538817616378827,0.012329519726336002,0.00036519225277711345,0.011570421370795614,0.056884247809648514,0.012178336270153522,0.08048122376203537,0.030228542163968086,0.19974945283382708,0.04499624115134823
0,0.40726598572649697,0.3215206265449524,0.029794491668534373,0.3405808823648819,0.4045915901660919,0.00048031049664132297,0.008166925050318241,0.0057176221162080765,0.45804292484551684,0.20534106837184388
0,0.5381095922532083,0.46728599071502686,0.05692180102492371,0.28423370002662235,0.727175772190094,0.24793641269207,0.0015617499593645334,0.443690687417984,0.5355524620511558,0.3596098978575061
0,0.1567541004196084,0.13265013694763184,0.0030261753152846407,0.06158404159690392,0.15163554251194,0.030681593343615532,0.09082862734794617,0.06338582187891006,0.21319273775873665,0.08905107059303902
0,0.5433268173338859,0.6567838788032532,0.67014129034671,0.7108694488230245,0.6081413626670837,0.6593781113624573,0.8940395712852478,0.6105332374572754,0.7088536211846883,0.6629892614333386
0,0.1798863928618807,0.27016061544418335,0.004126535338648622,0.12260655645667973,0.23460732400417328,0.20583613216876984,0.0011343256337568164,0.09189518541097641,0.24674868692446036,0.14371394629110773
0,0.4315407208457848,0.1655386984348297,0.007595050249830482,0.38292003962890114,0.3125607967376709,0.395035058259964,0.3156717121601105,0.35926079750061035,0.4845691920607684,0.29760332285742636
0,0.3600969308071846,0.5405436754226685,0.562241095483054,0.36254269815668466,0.5090917348861694,0.4518682062625885,0.5457956194877625,0.583621621131897,0.4532869003401251,0.48440755573307165
0,0.38923127978717,0.3467778265476227,0.40750849933084626,0.17189032404465773,0.13858641684055328,0.0004985050181858242,0.003764065448194742,0.003794690128415823,0.44370853680836453,0.19399116667846739
1,0.34215191963024566,0.0756179615855217,0.0006024701260603269,0.06099250329063066,0.3149682879447937,0.2728164494037628,0.024568533524870872,0.008206820115447044,0.37079647645227454,0.14372798133047335
0,0.46894440763199086,0.586958110332489,0.12437687863883642,0.4481261163886536,0.5722886323928833,0.30305641889572144,0.5080397129058838,0.6065497994422913,0.513986957543043,0.45398641794545835
1,0.4975149206027165,0.7443865537643433,0.5499840111090167,0.6249358062122258,0.607912540435791,0.6855180859565735,0.7546249032020569,0.7522443532943726,0.6346011541425325,0.6462257021459696
0,0.5504355346368062,0.7926626801490784,0.9174115666603124,0.6057889275717979,0.7345465421676636,0.511029839515686,0.5765570402145386,0.3936751186847687,0.7198228834181568,0.6391578701354318
0,0.17740338645285278,0.15199096500873566,0.0004197430342584106,0.04038231310643195,0.06677950918674469,6.233457679627463e-05,6.556653534062207e-05,4.267627082299441e-05,0.22577905582646812,0.05988022980851568
0,0.5556024015816583,0.6261345744132996,0.1387233200659527,0.3466848909958973,0.760534405708313,0.5390381217002869,0.9415457844734192,0.977068305015564,0.5627924485250503,0.5998717472268851
0,0.23397617665322115,0.2323349118232727,0.029957342704360505,0.10243295277344851,0.2624771296977997,0.1315646916627884,0.0062876613810658455,0.3844769597053528,0.24503653484506538,0.17632370775047912
0,0.15637526336676902,0.05770837888121605,0.015373642768570847,0.07568291367195489,0.14476820826530457,0.2954915761947632,0.21863017976284027,0.06828989833593369,0.23558130137843836,0.12605953094191874
0,0.38472372960086837,0.5138380527496338,0.2405285615803346,0.4340249579069973,0.35110172629356384,0.34261447191238403,0.32546067237854004,0.40483027696609497,0.46964392358915835,0.3775703340240781
0,0.26415142814208786,0.03592886030673981,0.05456281095630974,0.04568870021092547,0.17746439576148987,0.014482439495623112,0.43986719846725464,0.3879651129245758,0.25603953762843096,0.17163548808560258
0,0.1351533965944089,0.12838710844516754,0.01690656892556349,0.04400696534622318,0.13928638398647308,0.11379709839820862,0.06433878093957901,0.11866696923971176,0.1992220485066692,0.0961999491346135
0,0.3211283320962897,0.18577012419700623,0.0182919338678628,0.19333885320716815,0.44037461280822754,0.2647792398929596,0.004250875674188137,0.37331756949424744,0.33192057551833165,0.23070268833332574
0,0.36896924602702547,0.2344101220369339,0.018900083758936478,0.25282769727894516,0.40354517102241516,0.2576274573802948,0.4109784662723541,0.24483387172222137,0.4125062982031841,0.2745479400004491
0,0.11462635377360073,0.04606148973107338,0.004996378418321078,0.043299507467155045,0.14556609094142914,0.06894244998693466,0.0429183728992939,0.0649314746260643,0.1864876498584393,0.06805582271082496
0,0.14982551491883775,0.21169918775558472,0.027544009426492204,0.15244920972043438,0.2502392530441284,0.04084626957774162,0.07496045529842377,0.12313256412744522,0.2174107446591422,0.13306323161911593
1,0.38827188902392656,0.48448970913887024,0.2867042816237183,0.42579235881151767,0.42922985553741455,0.21054138243198395,0.3666575849056244,0.40726861357688904,0.46042385498732574,0.3784714126235049
0,0.25028655019870816,0.0974523052573204,0.009603424890546372,0.10593128829019353,0.36021676659584045,0.14985790848731995,0.1420270949602127,0.005561817437410355,0.29782632712191376,0.1444540699929215
0,0.21951094789031636,0.04255688190460205,0.002582490246508475,0.054634142043390725,0.25574618577957153,0.2354348599910736,0.050968319177627563,0.2040930539369583,0.2502889423476472,0.13437340509536505
0,0.11874716193759915,0.03859831392765045,0.001868169511107779,0.028117767399405892,0.12997467815876007,0.2273733764886856,0.14866910874843597,0.12247413396835327,0.19447509740660232,0.09914973326782682
0,0.25342486810830583,0.17021971940994263,0.007042811704095733,0.10871260572882122,0.22915911674499512,0.0016348626231774688,0.00026568587054498494,0.008184587582945824,0.28623148078240407,0.10571124752458817
0,0.3055650104758265,0.17513462901115417,0.0028657069021113374,0.12343610211325978,0.41003814339637756,0.13926903903484344,0.025101536884903908,0.28043055534362793,0.3078298023734105,0.1888486588870776
0,0.2848264628341189,0.2414306104183197,0.01783039713392779,0.13727578069129612,0.32487723231315613,0.41877731680870056,0.22151194512844086,0.19888198375701904,0.338624878833158,0.2305379418174648
1,0.4672000957135795,0.6898503303527832,0.1700321198732577,0.6116735207973366,0.5770509243011475,0.3887265920639038,0.4358765482902527,0.2835610806941986,0.5986022467980271,0.4606274541743457
0,0.6337309861371524,0.6319442987442017,0.1443074496218018,0.3290951445063811,0.5791702270507812,0.3923931121826172,0.6249630451202393,0.2528749704360962,0.6949907870578684,0.4527806461408362
1,0.6714357588314037,0.5483358502388,0.4833301484308652,0.5328391058861511,0.8507674336433411,0.9607126116752625,0.8956380486488342,0.7470294833183289,0.7675489431505815,0.7025302272707573
0,0.28863942663322195,0.2093874216079712,0.19529603398261325,0.34983892279401363,0.29128938913345337,0.30278220772743225,0.23635296523571014,0.17564105987548828,0.38110244955099787,0.258451449307551
0,0.17034236571219744,0.060278572142124176,0.0022339497972992035,0.03489725754675585,0.17961016297340393,0.05918275937438011,1.808204069675412e-05,0.028609607368707657,0.2195493628884269,0.07112182255954383
0,0.08844195504743985,0.03428865596652031,9.916457824973113e-05,0.019356499320521716,0.09991513937711716,0.2155652493238449,0.17360252141952515,0.08085484802722931,0.1801139387333105,0.08535467242529837
0,0.4491124541899794,0.24961650371551514,0.01432110993958836,0.10384090496594871,0.3082992434501648,0.6986852884292603,0.40630605816841125,0.5088254809379578,0.467921713308912,0.3354644794021473
1,0.4061376435622684,0.05945167317986488,9.373186404252496e-05,0.08306946468596411,0.39023497700691223,0.25822651386260986,0.23688319325447083,0.07492397725582123,0.42521973288729853,0.191997895074116
0,0.39810817604509063,0.34740152955055237,0.044018278402108875,0.265672741440363,0.4536668062210083,0.24467015266418457,0.22091050446033478,0.395681232213974,0.4177794779100219,0.30088313632121644
0,0.21970433787014695,0.09339083731174469,0.08779428993029684,0.11601762294592673,0.35568666458129883,0.22895637154579163,0.05632031336426735,0.15163187682628632,0.2698320723710718,0.1667244098549195
0,0.2009340643335165,0.18868325650691986,0.030014658619015984,0.1495712970508039,0.2494017481803894,0.005197086371481419,0.03507089614868164,0.001595925074070692,0.25832744313499945,0.1148943211272759
1,0.6193356180665933,0.7722881436347961,0.7595289167709356,0.7459700284499499,0.7265554070472717,0.9065943956375122,0.9066988229751587,0.5938458442687988,0.7930329868308437,0.7481885354642457
0,0.5352674643365392,0.3638518154621124,0.11737186472504452,0.6097652735341734,0.7122350335121155,0.7850691676139832,0.37544021010398865,0.7473024129867554,0.6182837806996075,0.5309743359366099
0,0.45915999013617287,0.3566327393054962,0.15834886800053397,0.38068596409949507,0.5574549436569214,0.5854012966156006,0.6203085780143738,0.49262571334838867,0.5369807367801499,0.446428048689961
1,0.396113448861733,0.41016560792922974,0.6744130529371678,0.5021461509100177,0.4622657001018524,0.509677529335022,0.3143671154975891,0.18961265683174133,0.5673998297752513,0.43568325903501126
0,0.18666273763808872,0.06315895915031433,0.0756125689614012,0.12448447110310723,0.030902238562703133,6.756916991434991e-05,0.0003697166685014963,0.011858739890158176,0.24371854328320436,0.06673927138320532
1,0.707698267071696,0.855178713798523,0.7950163718684804,0.8269240188522118,0.9890497922897339,0.9832234978675842,0.019875474274158478,0.45531174540519714,0.8484337628883204,0.7208962229503134
0,0.3038944717240011,0.1972605586051941,0.0005862917907080066,0.06638494578520986,0.3127864897251129,0.12350450456142426,0.0026243499014526606,0.08476784080266953,0.3199399992967493,0.14407371670822916
0,0.28496373730593466,0.21162845194339752,0.007646410052769919,0.1387325213613028,0.24282364547252655,0.26053091883659363,0.24708549678325653,0.40975630283355713,0.2991391026811509,0.22362520837832112
0,0.5093088080547938,0.5247290730476379,0.8555738534481528,0.6907055348474527,0.49940526485443115,0.679109513759613,0.5059605836868286,0.4372531771659851,0.6998423882615309,0.5877807647974408
0,0.5175509614056406,0.5890371799468994,0.2632246318401164,0.6683143543628071,0.6205967664718628,0.46135619282722473,0.43909159302711487,0.24904420971870422,0.6649478889760585,0.48405022463548686
1,0.743596567638771,0.8507452011108398,0.6478331687186374,0.8637866885834342,0.8347058296203613,0.8698647022247314,0.8099440336227417,0.8806398510932922,0.8406128938243814,0.811451737812136
0,0.4584023100197201,0.4187277853488922,0.2934964948587598,0.3473290058522074,0.5726139545440674,0.3324251174926758,0.40255674719810486,0.407756507396698,0.5203737193278161,0.4067822808277275
0,0.37416147113245496,0.5064507126808167,0.4769538716111285,0.34309775177542307,0.4747042953968048,0.0888732299208641,0.400552362203598,0.627416729927063,0.40684351820017534,0.4124121886682986
0,0.4921520837548322,0.6690735220909119,0.51935264671627,0.7154626877384016,0.7366533279418945,0.8056502342224121,0.8425211310386658,0.7322182655334473,0.6564500788086844,0.6816263176736873
0,0.395615791381653,0.3547077775001526,0.2749090949283326,0.4012330291238838,0.4702942371368408,0.4318424165248871,0.4429205060005188,0.3876124918460846,0.4854232490583569,0.3942139677777218
0,0.37706688441648056,0.2811889052391052,0.012425531903501453,0.3236687319221814,0.46367138624191284,0.4397912323474884,0.28074294328689575,0.3354675769805908,0.43499042808924043,0.316158245093529
0,0.2058609572827864,0.2488299459218979,0.17940080042140627,0.09849015169366394,0.1310960352420807,0.09677829593420029,0.15138807892799377,0.07528843730688095,0.2685561879666191,0.15068532049260264
0,0.26410096361221447,0.16487768292427063,0.004955898980208901,0.11076495716175501,0.14756745100021362,0.0004104218678548932,0.00040292248013429344,0.0036626069340854883,0.2951687239728387,0.09521127337326316
0,0.2482434998618431,0.2131771743297577,0.1516592674869964,0.19717046676679206,0.49553075432777405,0.0007307661580853164,0.09699438512325287,0.02326667308807373,0.30514895329266184,0.18707351033678105
0,0.1842714195005236,0.08891818672418594,0.00141442631387275,0.04763535677447951,0.21741434931755066,0.08433227986097336,0.0005747905233874917,0.017338130623102188,0.2333195692135111,0.08513303676303731
1,0.5264583976687024,0.4951845109462738,0.08997603701626147,0.4485381723124239,0.6381990909576416,0.364442378282547,0.41305962204933167,0.549812376499176,0.5701411721243271,0.4451456573053275
1,0.3800988249815622,0.1659337431192398,0.07324251176059608,0.42292173255442767,0.5198732018470764,0.42945438623428345,0.38832300901412964,0.33936047554016113,0.45765209304948,0.3402129879849157
0,0.2045521875738771,0.28395989537239075,0.021739494535978857,0.16162577414877224,0.3051593005657196,0.10029514133930206,0.258593887090683,0.219137504696846,0.254693292136822,0.19545496669877976
0,0.2673385607295133,0.10606545954942703,0.01104464394472907,0.12743436101268046,0.2441793829202652,0.15024419128894806,0.3240642249584198,0.316036581993103,0.28474343800639274,0.19089293877730096
1,0.37104776145704094,0.3622890114784241,0.03977111708672744,0.1645837613010679,0.30061787366867065,0.004157331772148609,0.005292570684105158,0.1404956728219986,0.38067558432318405,0.18497289328710326
0,0.3426355547084696,0.1382700502872467,0.002685548756728811,0.05876611146472615,0.2843700051307678,0.06830582767724991,0.1420220136642456,0.2643890082836151,0.32529045716357524,0.16641747220598868
0,0.273170349993668,0.2788352966308594,0.39554580612280354,0.24187011240631767,0.3903579115867615,0.005976241081953049,0.09093666076660156,0.021741598844528198,0.3518125206350816,0.2212206871356086
1,0.7830849716715226,0.8936618566513062,0.9481809207823017,0.9100594236737294,0.9809385538101196,0.9959923624992371,0.847949206829071,0.950355589389801,0.875624574274659,0.9115402359507377
0,0.46459432048417243,0.4381108283996582,0.03718606924786274,0.36167325284552004,0.30166497826576233,0.0020992434583604336,0.028683852404356003,0.04839920252561569,0.513812348236567,0.2264889391213171
0,0.33653018053317896,0.3346301019191742,0.43197901498708113,0.41436221600027767,0.45944270491600037,0.0076425387524068356,0.08401758223772049,0.08030431717634201,0.43190873066138646,0.2807186490531596
0,0.3680297042502339,0.2544252574443817,0.01824041174565419,0.30483130109560747,0.48759761452674866,0.5450454950332642,0.1768980622291565,0.248067244887352,0.44225934362649516,0.30370162977482595
0,0.1686836452343512,0.1344771832227707,0.009233101647290236,0.07983366148771061,0.25210973620414734,0.12361157685518265,8.696744771441445e-05,0.01440371759235859,0.23200366677281814,0.10287519334335496
0,0.21962994050111384,0.1299668550491333,0.0004932392755466286,0.07404858540784434,0.25449442863464355,0.6215109825134277,0.06902462244033813,0.13625793159008026,0.29547804026621477,0.186530932726547
0,0.46836389173719156,0.7248163819313049,0.1819125699757823,0.41273895085210677,0.5729939937591553,0.4933815896511078,0.3979961574077606,0.414478063583374,0.5586432579225536,0.46257997713138055
0,0.20316070936779154,0.08151815086603165,0.0019532038521789382,0.03816801798568092,0.3146316707134247,0.2997199594974518,0.5550194382667542,0.31064558029174805,0.24447616665643362,0.21538771175286603
0,0.5544947321609369,0.5777584314346313,0.2710648699150781,0.5920578883050825,0.7254098653793335,0.6410464644432068,0.5029754638671875,0.7178317904472351,0.6427722776679485,0.573655067663738
0,0.23355354276787388,0.1159430518746376,0.008640988478847363,0.04720787354381934,0.25575828552246094,0.12364000082015991,3.519662277540192e-05,0.009550675749778748,0.27150282633466216,0.10521184729992386
0,0.4885690619046528,0.23960651457309723,0.08967800946433477,0.2917936504252972,0.3576391041278839,0.4566192924976349,0.8703883290290833,0.5060682892799377,0.5328868321037985,0.40172780209157155
0,0.3144101312698446,0.3267807066440582,0.018826659699883178,0.22985664091002717,0.4561987519264221,0.4148520827293396,0.2905631959438324,0.3533177077770233,0.36223987702687044,0.30052408936609576
0,0.27235232175050134,0.2586396634578705,0.0037611513379901037,0.09352856208981646,0.352870374917984,0.43145087361335754,0.7698481678962708,0.436897873878479,0.3099253118914721,0.3137439457734025
0,0.5365916484078753,0.6570342779159546,0.8024998599534043,0.45279990497065026,0.522634744644165,0.6297129988670349,0.023869812488555908,0.6427109241485596,0.639951156499584,0.5407637340916365
0,0.12699029507964224,0.03091767057776451,0.013096593504998989,0.06069423141650407,0.05271422117948532,0.004627257585525513,0.02759283035993576,0.04562212899327278,0.19296769968213576,0.04777109131402078
0,0.36725677412256447,0.16978655755519867,0.0314545232111582,0.13509790593152635,0.21924477815628052,0.0339595265686512,0.2899494171142578,0.11710644513368607,0.3813303062373909,0.1740941949310603
1,0.5857945478747343,0.7068378329277039,0.8359952465803722,0.3467300313937278,0.8700068593025208,0.4999062120914459,0.8872886896133423,0.9255178570747375,0.642760459835047,0.6985042751114007
0,0.7669052936957685,0.9526057243347168,0.9886802575642655,0.9579444868738877,0.9395056366920471,0.9520905613899231,0.9546589255332947,0.9358710646629333,0.8758469514925425,0.9275190822804384
0,0.2342613196272587,0.13014715909957886,0.03667056118087408,0.11057849763912303,0.1665009707212448,0.08970366418361664,0.2566513121128082,0.13725005090236664,0.2738921431945177,0.14533126344035027
0,0.2134969802526585,0.06274070590734482,0.004741625119313094,0.026787754241287345,0.06560714542865753,0.0004462368378881365,3.1086081435205415e-05,0.00017180826398544014,0.24549620442803954,0.05189722009968225
0,0.548774413173091,0.7138193249702454,0.8968455866584396,0.6691196005771188,0.6532170176506042,0.40031278133392334,0.7235510945320129,0.5235899090766907,0.7049189187870891,0.6416239618016601
0,0.3418806503687808,0.2363375872373581,0.09612590407166144,0.13002968689144997,0.3475664556026459,0.3096407353878021,0.3853576183319092,0.2888982892036438,0.3728892473823419,0.2647876137374939
0,0.5365686681577251,0.6056764125823975,0.21146031460908876,0.6103297909667078,0.6883155703544617,0.6536892056465149,0.5629961490631104,0.5639089941978455,0.6503995264168874,0.5551076672434209
0,0.19586679520957442,0.07230105996131897,0.026276127980021914,0.12520923064436812,0.22867745161056519,0.05961799621582031,2.8550786737469025e-05,0.0015715326881036162,0.251873298949456,0.09489238738319875
0,0.17377774712478897,0.11076171696186066,0.006558297660089634,0.09478637625571698,0.27169790863990784,0.0010975991608574986,0.2762346565723419,0.013669636100530624,0.2338728847617641,0.1197113167703311
0,0.1810541827837856,0.10633666068315506,0.017470225566248304,0.07912950328401346,0.28534141182899475,0.07887747138738632,0.005420615430921316,0.027356363832950592,0.23493614954221048,0.10313746039247636
0,0.24083112076493624,0.027799932286143303,0.005330095781772286,0.10492012138635017,0.20184610784053802,0.11661642044782639,2.7266776669421233e-05,0.001068245735950768,0.2832125788649365,0.09315428184460608
0,0.49527633527487586,0.5209710001945496,0.46608139395704345,0.5424689397962648,0.5703253746032715,0.72270268201828,0.007769952528178692,0.505364716053009,0.6177557281352758,0.4871692622454305
0,0.47697585288307676,0.5997296571731567,0.590786771766162,0.3008995158692484,0.5298671126365662,0.44222235679626465,0.322398841381073,0.4268486797809601,0.5639831253969123,0.4642307833769346
0,0.16808044341301445,0.24789658188819885,0.022134643325459943,0.10359902328106436,0.26494690775871277,0.15292440354824066,0.225564107298851,0.19770897924900055,0.2277549448701953,0.17247631620483977
0,0.6873178859218478,0.8261129856109619,0.6264539582844194,0.7829114850486416,0.8219184279441833,0.8917357325553894,0.07938552647829056,0.8838727474212646,0.7860024898035626,0.7107362509644048
0,0.18099430826000248,0.025751303881406784,0.005836911770773703,0.05673539470558422,0.03850200027227402,0.000305854162434116,5.30726265424164e-06,1.2637396018533309e-08,0.22758205043256127,0.04291726527512048
0,0.21944204478492907,0.027638638392090797,0.016402166569306,0.01983229929371992,0.2119862139225006,0.1168796569108963,1.3757568012806587e-05,0.031599823385477066,0.2533573276953718,0.08480224313396174
0,0.36123398336394535,0.32385167479515076,0.025226051200473706,0.28527095976585687,0.40420612692832947,0.04390681907534599,0.36189934611320496,0.25122374296188354,0.3907668295174174,0.2615044033925019
0,0.24156093979972793,0.1390315443277359,0.008430834407100895,0.13390251479436036,0.28329262137413025,0.36739009618759155,0.25488561391830444,0.31812822818756104,0.28375714860494844,0.21508785552497223
0,0.1783178488388868,0.18936213850975037,0.012394019707181814,0.09555321029792346,0.16329187154769897,0.08190472424030304,0.14358916878700256,0.14069780707359314,0.23021213520312225,0.1272468497577126
0,0.3713946600377691,0.7786499261856079,0.9405214239763358,0.6852102000944978,0.46481090784072876,0.1390146166086197,0.060654494911432266,0.5309314131736755,0.5171040974799863,0.5083905360958878
0,0.4291002432615787,0.7602275013923645,0.20339256059049377,0.6112983723068013,0.45617830753326416,0.34863191843032837,0.6727059483528137,0.5142367482185364,0.5434635584894459,0.499538648463259
1,0.4713037767283652,0.30046653747558594,0.6593459822635029,0.5045274504751319,0.46902957558631897,0.8375562429428101,0.20719431340694427,0.8165683746337891,0.5752269764146496,0.5299374987146587
0,0.46823847009415515,0.13308364152908325,0.27469200826137286,0.2331316523223958,0.3924492299556732,0.3362373411655426,0.00154309521894902,0.6803611516952515,0.4485736979020009,0.3187002792421204
1,0.4098527011729415,0.43165531754493713,0.23246321655408167,0.12424126729316722,0.44346684217453003,0.658467173576355,0.37604278326034546,0.5105730891227722,0.4526534690332582,0.39343707511590764
0,0.4203749952105541,0.23073916137218475,0.010806462882666578,0.09974869970662985,0.39942634105682373,0.22586718201637268,0.1146836131811142,0.32704249024391174,0.40604079420428096,0.23385350386908418
0,0.32641343115621196,0.23030228912830353,0.5791712741885411,0.17318318932587215,0.28595396876335144,0.4350542426109314,0.0031356392428278923,0.06423405557870865,0.43292178775069073,0.26689432191417234
0,0.654467899472372,0.48597630858421326,0.27820102812561126,0.4215855764651447,0.7346509695053101,0.03852128982543945,0.02810751646757126,0.015388480387628078,0.7072445303329877,0.3548885438827281
0,0.2892462613793386,0.15932942926883698,0.0026121881321816147,0.05754869452015967,0.18642613291740417,0.0005278259632177651,0.011416084133088589,0.0022134834434837103,0.30603430185104374,0.09673775011863574
0,0.5249596209996976,0.5453027486801147,0.3294825819784069,0.3190513270576129,0.24138528108596802,0.1747584044933319,0.04160267859697342,0.30541321635246277,0.5699585116019115,0.32224802464815266
0,0.6443957466888919,0.6749969124794006,0.24865463779469937,0.6204797145436347,0.7760440707206726,0.7860285043716431,0.8315333127975464,0.5129500031471252,0.7603413227498197,0.634854860420397
0,0.6335577277966058,0.7336279153823853,0.7462877312455305,0.6851188326161306,0.7047781348228455,0.7187149524688721,0.10493160039186478,0.6212327480316162,0.7576208151258952,0.6294894456098421
1,0.7716667526573052,0.8836287260055542,0.9448628096292366,0.8949043835004575,0.7902175188064575,0.8536544442176819,0.9140585660934448,0.858651876449585,0.8702281983763831,0.8611650279437795
0,0.36079016976808054,0.2641236186027527,0.09159656943032077,0.3104134247303395,0.40473175048828125,0.1276147961616516,0.011901579797267914,0.005284611601382494,0.42750303937286666,0.20953115067557831
0,0.23569603231064512,0.0689094290137291,0.0067960888407303435,0.10687843664197497,0.12655749917030334,0.0018635304877534509,0.016071218997240067,0.09024996310472488,0.2626481243855838,0.08719392348138216
0,0.4478011565678432,0.2745502293109894,0.5820749657440045,0.14607530131949706,0.24495632946491241,0.02221878059208393,0.03818173334002495,0.072011299431324,0.49568524158022437,0.23873138950934397
0,0.25036488705930143,0.5179088711738586,0.3928140218924563,0.5920753019767704,0.29559198021888733,0.46078988909721375,0.778721809387207,0.47630876302719116,0.4083767729360175,0.46105361641894727
1,0.37972458059495573,0.39255115389823914,0.07490918259766381,0.24301085534300718,0.341555655002594,0.08060938864946365,0.3134025037288666,0.0386827252805233,0.43647001397641955,0.24001435758494516
0,0.3744225760123666,0.25290605425834656,0.018350250185385834,0.2813117698027256,0.4109618365764618,0.24101483821868896,0.0022495898883789778,0.4088084399700165,0.3861556315843537,0.2564027084851486
0,0.3420290982035128,0.30661922693252563,0.05543487300104155,0.30876949169813267,0.393831729888916,0.36437565088272095,0.3844795823097229,0.2166243940591812,0.4177638467781485,0.2971572646724548
0,0.337927923959638,0.4393007755279541,0.05203372761607445,0.11870951653574872,0.5825223326683044,0.15706324577331543,0.3370935916900635,0.554324209690094,0.32021498061415377,0.32286645372151535
0,0.2429150327836187,0.15464815497398376,0.03024620218741487,0.15180711927322887,0.2386314570903778,0.2780255377292633,0.0937613993883133,0.19420138001441956,0.29131774872267135,0.17505177109850079
0,0.2701261854339392,0.25194665789604187,0.01009067095622099,0.22521882763551215,0.26816654205322266,0.1505894511938095,0.7347942590713501,0.3135402500629425,0.3176352512937228,0.2698313246929954
0,0.2402780749399497,0.04032512381672859,0.0077167474056111796,0.1102480804333602,0.14206306636333466,0.15425224602222443,0.08955052495002747,0.042150791734457016,0.28558910444186736,0.10638486416480897
0,0.5812772762949986,0.6184170246124268,0.7032287275428264,0.6457012634825807,0.6911746263504028,0.7956948280334473,0.8181415796279907,0.7685473561286926,0.7194920977613333,0.6953874385952519
0,0.31311151518709623,0.38275521993637085,0.057767362088046746,0.1361384439055904,0.19843004643917084,0.0006821409915573895,0.024216696619987488,0.06319895386695862,0.34059353003710413,0.15698233048343951
1,0.7968387259430979,0.9226499795913696,0.9236217998075626,0.9184320267401227,0.9527096152305603,0.874561607837677,0.8946148753166199,0.9396405220031738,0.877141660605851,0.9015106861609099
0,0.4058275603258395,0.38124537467956543,0.1295680220148411,0.2354247268542226,0.2820187509059906,0.2009584754705429,0.28739362955093384,0.423965185880661,0.42208931018254714,0.29558367958449994
1,0.6057714129963427,0.6880303025245667,0.8167654394401923,0.8038612561870733,0.9334786534309387,0.839874267578125,0.5579367876052856,0.8985777497291565,0.7488923829699794,0.767757030771711
0,0.23600145131005268,0.10339958220720291,0.010313705381120288,0.12592554347387871,0.3116219639778137,0.14402590692043304,0.0006966547225601971,0.045217081904411316,0.2818462319776208,0.12858553908328796
0,0.3122917296378792,0.2690383791923523,0.132881837714022,0.1836431751696664,0.4417881369590759,0.5171929001808167,0.4139863848686218,0.41977471113204956,0.3645194141605164,0.33085940210730214
0,0.2729769784159322,0.10972023755311966,0.004442820854805571,0.20122332926458053,0.2035132497549057,0.08177553862333298,0.23417264223098755,0.14777903258800507,0.3108720471962659,0.15928472118288978
0,0.4956811932070121,0.5786411166191101,0.084822818854636,0.5878447685181517,0.6672602295875549,0.46259358525276184,0.9747937321662903,0.6743714213371277,0.581670061387881,0.5585516838384936
0,0.22674373642991427,0.25049078464508057,0.00485486882309303,0.09124173442368803,0.15908277034759521,0.31342095136642456,0.22921156883239746,0.09673045575618744,0.2898075373164546,0.17076648341995002
0,0.40196450344148965,0.399576872587204,0.02813324386653756,0.3123647635364496,0.37463241815567017,0.27370092272758484,0.17873208224773407,0.3338296115398407,0.44058306325776503,0.29406840906443565
0,0.5821778492255312,0.7251970171928406,0.6445567752791552,0.6664048385076368,0.6031599640846252,0.4271538555622101,0.4938657581806183,0.39921218156814575,0.7238590164345213,0.5746319787709031
1,0.16767305167460758,0.03323983773589134,0.02125820068968767,0.02455990354770187,0.04036036878824234,0.003521983977407217,0.033974796533584595,0.05544034019112587,0.21213385200078258,0.05011396940993152
0,0.3086792757953953,0.2151220291852951,0.0434278122182641,0.3330433726191359,0.4207018315792084,0.34004995226860046,0.05168366804718971,0.203258216381073,0.3776711872135065,0.24619090392618043
0,0.3286020166014199,0.2941969931125641,0.014008760332492582,0.23340188322706806,0.45042291283607483,0.5160403847694397,0.4638141095638275,0.27994173765182495,0.3985848025458661,0.3188313923761069
1,0.4585827028837883,0.7848380208015442,0.4412218826943603,0.3166722950558015,0.4778944253921509,0.3572368919849396,0.331059992313385,0.19748151302337646,0.5683073048897223,0.42773614474296984
0,0.4038891286011894,0.3440241515636444,0.03918327561510568,0.22854236680585488,0.37154021859169006,0.31171947717666626,0.22934682667255402,0.3454051613807678,0.4304450579570589,0.28768534972105897
0,0.33853522577517464,0.4683075547218323,0.1415542650464824,0.6653416054783056,0.35480043292045593,0.4099598228931427,0.4047630727291107,0.262150377035141,0.4899746993498901,0.3841514709813313
0,0.5648409210471348,0.722528874874115,0.781690255012404,0.6347426256367934,0.6987903714179993,0.5034843683242798,0.5693771243095398,0.583629846572876,0.7022063460594477,0.6348211498156119
0,0.22237761653236213,0.1789277046918869,0.06232515866210609,0.0752632006310458,0.31723466515541077,0.37713947892189026,0.14531518518924713,0.261142760515213,0.2697468142986732,0.20373479811958473
0,0.16628535815010476,0.13271966576576233,0.005396800536899856,0.12464089278820212,0.25421011447906494,0.07383266091346741,0.06181177869439125,0.043403301388025284,0.23087631725622546,0.11228514781640539
0,0.21620771308964865,0.1362195461988449,0.0060472030546607014,0.09676275542388119,0.1210574060678482,0.07483010739088058,0.018193408846855164,0.0025026462972164154,0.26475504333471633,0.08958414192513166
0,0.595693970831254,0.5095288753509521,0.7491053644968149,0.6439415065586358,0.7780987024307251,0.2736532986164093,0.4764665365219116,0.8670373558998108,0.6612314823090505,0.6152773505665924
0,0.4924812707427306,0.3898681700229645,0.18765318901526784,0.42727166221822377,0.6119824647903442,0.6194823980331421,0.39704403281211853,0.7294794321060181,0.5418267159160882,0.4802905301253245
0,0.32044446348375116,0.45057234168052673,0.36787141004056473,0.10272012890444558,0.3209700584411621,0.001376423635520041,0.5814491510391235,0.017349055036902428,0.38760161205528243,0.27010051148391134
0,0.3304058734625508,0.3883296847343445,0.24580905074006076,0.35731542918082176,0.3952869176864624,0.39839422702789307,0.30418661236763,0.2559155523777008,0.42867282174479004,0.3362915591152884
0,0.15205866234264234,0.04700832813978195,0.0029736106208276577,0.05911556744982407,0.30496782064437866,0.3203608989715576,0.27781808376312256,0.14218875765800476,0.2248784564537322,0.15889970031018724
0,0.9037452658239679,0.9532622694969177,0.9353364996389704,0.9536074122135038,0.934965968132019,0.8125614523887634,0.9002553224563599,0.8141012787818909,0.9189608745638537,0.9038161935661715
0,0.17010187901056736,0.08853968977928162,0.004976738017383761,0.090230303167091,0.18484023213386536,0.006159588228911161,0.07186932861804962,0.024756524711847305,0.22527492449026404,0.08435223056388236
0,0.3002524592464446,0.05742819979786873,0.0009504754696174507,0.04327216209736999,0.41035836935043335,0.050456635653972626,7.688663026783615e-05,0.028699984773993492,0.3086469672699992,0.11971790381909406
0,0.3442509532105802,0.21931003034114838,0.008814813463890125,0.0743393985745317,0.36868342757225037,0.0708121508359909,0.25504130125045776,0.3029375970363617,0.33019305841362806,0.2079037334348805
1,0.2473117703706224,0.15292823314666748,0.012848551575776445,0.049171517059511394,0.06587342172861099,8.89836301212199e-05,0.002362396800890565,1.8693594029173255e-05,0.27493613088437224,0.07290162618745864
0,0.34621903788359853,0.1284247636795044,0.0032344852743083213,0.05275157938536974,0.3632103204727173,0.27438145875930786,0.2066316306591034,0.24098661541938782,0.35058672983296346,0.20300759518164987
0,0.15548781447722754,0.06676578521728516,0.000735621134083688,0.0278759696239372,0.11275488138198853,0.2504887878894806,0.2696186602115631,0.07548944652080536,0.22565285950686173,0.11572092529873138
0,0.4049909769162717,0.3934897184371948,0.12272537837190996,0.40719892906272565,0.45659494400024414,0.05164448544383049,0.3984684348106384,0.7569535374641418,0.3940347189424242,0.3752534804964912
0,0.5904557271613318,0.35066354274749756,0.5369226884845747,0.38528369429322384,0.652163565158844,0.7520115971565247,0.28997179865837097,0.744384765625,0.6511739390304859,0.5372544222063061
1,0.34963767093910264,0.47567540407180786,0.06051911165608617,0.24946074092557366,0.46901509165763855,0.5328044891357422,0.6763720512390137,0.5546291470527649,0.40112034787599654,0.41208179630329606
0,0.2717770577815423,0.22277827560901642,0.036129905900848386,0.1457950620277237,0.27628523111343384,0.3142680525779724,0.3620186448097229,0.2617229223251343,0.31752097355905734,0.2332698181192731
0,0.3863296969490473,0.164247065782547,0.08190038698194643,0.051864279858500145,0.30348119139671326,0.23710575699806213,0.27985140681266785,0.31006142497062683,0.3810072763065184,0.22658528983584117
0,0.50649717385548,0.25745317339897156,0.013951577693959032,0.2526870624033135,0.4714806377887726,0.28789499402046204,0.5680788159370422,0.285748690366745,0.5380829925385914,0.33043098139673915
0,0.20803351902972012,0.021769557148218155,0.00018912148540607807,0.07537455533971053,0.10055813938379288,0.00028079343610443175,0.006761842407286167,0.010764111764729023,0.24591644999100107,0.05820109916075285
0,0.3684279267392869,0.5842931270599365,0.5740771136938857,0.3800916841508253,0.38230523467063904,0.010934228077530861,0.25013288855552673,0.1432284265756607,0.471439815252013,0.3460530860843341
0,0.2670341545865958,0.23803049325942993,0.044431468070276516,0.32471751051449255,0.3265817165374756,0.36453115940093994,0.3548131287097931,0.20462940633296967,0.35469369338253404,0.2647974026659231
0,0.27634463346187566,0.25457751750946045,0.000863531655586688,0.13778219715572557,0.30591925978660583,0.029185615479946136,0.41604191064834595,0.22283875942230225,0.29870495924421797,0.2051055241313244
0,0.5052445271996326,0.6396071910858154,0.30552697502163567,0.5340353006677112,0.635606050491333,0.4400325417518616,0.5759332776069641,0.5262936949729919,0.6036043160816154,0.5218921171917206
0,0.42098788009319316,0.6143683195114136,0.6848015105000651,0.5041097959849159,0.5070881843566895,0.5411977171897888,0.5819841027259827,0.3063744306564331,0.5931514580210462,0.5189112795350536
0,0.3556268403702438,0.722640335559845,0.857984626953012,0.7048039387393147,0.35327500104904175,0.20552121102809906,0.43963414430618286,0.3524378836154938,0.5433391617206715,0.5036664632847769
0,0.5325177685171553,0.8070282936096191,0.454174345916285,0.38847412334208775,0.6699897646903992,0.524644672870636,0.6932812333106995,0.5283721685409546,0.629773679500187,0.5733112702580382
0,0.23760658093002773,0.256777286529541,0.07076202663192144,0.049838680240101206,0.22433194518089294,0.14942343533039093,0.06891625374555588,0.23270751535892487,0.2623783978599922,0.1641415198854728
0,0.25429555083868705,0.13753440976142883,0.7718161252053584,0.06380049037168693,0.17446255683898926,0.2158767580986023,0.06471001356840134,0.2114872932434082,0.32662021847978295,0.23677046095741733
0,0.13941163896229056,0.01991112343966961,0.003360629052651613,0.013681849186238836,0.07634836435317993,0.013297866098582745,0.07291487604379654,0.012318323366343975,0.19824743269645195,0.045610131529980405
0,0.2631755761046097,0.17490890622138977,0.04888610092303961,0.10810683577108382,0.24652376770973206,0.023133495822548866,0.40742066502571106,0.26135697960853577,0.2806282295087896,0.18961370082872764
0,0.42756738748585627,0.49371981620788574,0.2057954226415203,0.5626593420602803,0.5222830772399902,0.42610329389572144,0.40488123893737793,0.3741217255592346,0.5422246320001483,0.4310738606892106
0,0.2903644371052801,0.11091924458742142,0.005372584981014013,0.04146094263028196,0.4013015329837799,0.09544991701841354,0.11486392468214035,0.21145370602607727,0.28895961142043325,0.16277623045709316
0,0.5179974618008031,0.4672638177871704,0.7600062815022294,0.5221376405684971,0.5145559310913086,0.6706326603889465,0.5721543431282043,0.6391757726669312,0.64855629001502,0.5782430480326619
0,0.1442621423546777,0.07478846609592438,0.0024179648004674643,0.0732765414619927,0.05009547621011734,0.009133276529610157,0.0269172303378582,0.01515981089323759,0.2078115508112733,0.053030412428515264
0,0.2985651758632507,0.1846744418144226,0.010743416723065257,0.09878349511751874,0.3368513584136963,0.4015478789806366,0.3802565634250641,0.27842918038368225,0.3345586200935402,0.24445811903923098
0,0.204932657628193,0.15796411037445068,0.014180905162837099,0.11031321484184861,0.3437343239784241,0.18024510145187378,0.005814940202981234,0.06980793178081512,0.25949584029775297,0.14142149479668373
0,0.4683501415109721,0.569601833820343,0.41308521779460117,0.5647317928443627,0.5928055644035339,0.6247988343238831,0.5823535919189453,0.5731191635131836,0.5957198258632769,0.5463234280442275
0,0.30604260761460295,0.12781116366386414,0.0025242895381742355,0.09152448552727395,0.32702454924583435,0.38746950030326843,0.3620232939720154,0.3426755368709564,0.3274845280491497,0.2386164295032998
0,0.19849381937186414,0.25883612036705017,0.08441191027724781,0.15145438764875993,0.27956506609916687,0.11250849068164825,0.5736780762672424,0.481200635433197,0.23458063833359483,0.25902070119582693
1,0.22285509275594484,0.08821169286966324,0.0014551586599125766,0.1075008458516529,0.13259302079677582,0.003433587495237589,0.1011330708861351,0.020396407693624496,0.26371169344758405,0.08921837302573368
0,0.36473245744227034,0.3760552704334259,0.25961567944993785,0.12232159106596972,0.4600909352302551,0.45463505387306213,0.23189616203308105,0.4517514407634735,0.39491026679133484,0.33948245084866413
0,0.1082409707291584,0.006837599910795689,0.00010750571818030992,0.012963659798942645,0.15274673700332642,0.022876475006341934,0.035944487899541855,0.10418130457401276,0.17265253449183002,0.056707724975201046
0,0.43343695055137926,0.34043869376182556,0.10319838960379774,0.5153761587882956,0.6040165424346924,0.44790297746658325,0.5672540664672852,0.46456533670425415,0.5206001347163216,0.43351034917219544
0,0.6665832865559174,0.6322892308235168,0.80228696872634,0.5733471190830571,0.6092410087585449,0.3678950071334839,0.132304847240448,0.7044742703437805,0.7300128209924509,0.5723165916636099
0,0.7714840165979387,0.8261051774024963,0.8060458802986326,0.7710055516621055,0.8456116318702698,0.8114395141601562,0.8662108182907104,0.7480275630950928,0.8577793787394682,0.8044608067300048
0,0.3631549547601692,0.31620267033576965,0.5855183334495809,0.5367941302932546,0.39913639426231384,0.3645336925983429,0.5654541254043579,0.19214396178722382,0.5276861375609778,0.4141494088896546
1,0.5326296431439199,0.4530795216560364,0.19748614156107527,0.5093797131938742,0.5923640131950378,0.5655094981193542,0.7391055822372437,0.512860894203186,0.6286556843679063,0.5090486603113558
0,0.19697313857935939,0.10374802350997925,0.003604012648235858,0.07599114957864815,0.11416199803352356,0.05878233537077904,0.18285544216632843,0.11469370871782303,0.23923323488297543,0.1069643355576425
0,0.21517909828390144,0.06806252896785736,0.07301845184129631,0.2099598308157206,0.20689578354358673,0.15764158964157104,0.0005845463019795716,0.0723176971077919,0.2807400288582156,0.13087682866298245
0,0.3224587419099704,0.11117184907197952,0.3224903832222389,0.09843835147410245,0.22742198407649994,0.43366196751594543,0.23304396867752075,0.08769004791975021,0.3980003208217781,0.2281792735416477
0,0.6377569707655899,0.7039777636528015,0.4170639883112226,0.5190556122256157,0.7163234353065491,0.8792153596878052,0.711037814617157,0.6865698099136353,0.739359726085038,0.6548144190229106
0,0.4749784881238465,0.6256764531135559,0.2367451264990441,0.33254656235299246,0.42376840114593506,0.4757976830005646,0.35854870080947876,0.4687795639038086,0.5417442767123811,0.4268398945973701
0,0.5044075525480346,0.551538348197937,0.3221820434257865,0.5435008579702333,0.5499430298805237,0.4204215109348297,0.6877130270004272,0.544455885887146,0.6028070969935488,0.5138553591602165
0,0.389716310265141,0.33203041553497314,0.1257122092883882,0.332775806115081,0.44673559069633484,0.23944494128227234,0.33377566933631897,0.3174896836280823,0.4416632953760087,0.3180968292251607
0,0.24382276852049284,0.14204083383083344,0.0014587067484828284,0.11417273585257451,0.29532530903816223,0.14670947194099426,1.347637953585945e-05,0.04404136911034584,0.28682726586658064,0.1301013761430312
0,0.34664754386774177,0.3265202045440674,0.09733091509667288,0.16519848064349343,0.2508964538574219,0.21456527709960938,0.2810227572917938,0.41247230768203735,0.35816671113641013,0.2618982762310156
0,0.44161089145141963,0.1671973466873169,0.044687989208171186,0.46389290240795905,0.3202073276042938,0.4662572145462036,0.41214725375175476,0.36935392022132874,0.520461162383399,0.3352575799466343
0,0.18004901218425284,0.1571880429983139,0.023235186027229657,0.1380695311340774,0.2697420120239258,0.3524547517299652,0.1503203809261322,0.13969796895980835,0.25742636618122183,0.17593523679960155
0,0.4417063516345571,0.3374151289463043,0.06948250783440249,0.309498551910586,0.5062077641487122,0.5033631324768066,0.06729371100664139,0.43799349665641785,0.48165273209985326,0.34014021899738706
0,0.33742490056428365,0.33214008808135986,0.02902273011966305,0.22234498396150576,0.2766857445240021,0.010910742916166782,0.008498934097588062,0.05226701870560646,0.3726344725014013,0.17044424135703345
0,0.7916307571569429,0.703033447265625,0.8849111626788981,0.9106834400477604,0.9914759993553162,0.9973504543304443,0.16039587557315826,0.9512354731559753,0.8634773425629527,0.8090931641424152
0,0.14428703638878052,0.057746801525354385,0.00417047304399496,0.05150097860527669,0.1584693044424057,0.08656561374664307,0.23516857624053955,0.05986722558736801,0.2102934473143102,0.09827849657713214
0,0.29063508518609926,0.2663266956806183,0.011910100164101713,0.21735170633014456,0.3185847997665405,0.2518857717514038,0.004712776746600866,0.19738948345184326,0.33457722647211524,0.20172605764516238
0,0.16671291992062912,0.1674446314573288,0.020227371667258555,0.26539833311777916,0.2058771550655365,0.06231187283992767,0.0903930813074112,0.14388422667980194,0.24133127727936096,0.14466220289576381
0,0.3755843256737229,0.5038701295852661,0.024703578889770803,0.21981436273632873,0.5843360424041748,0.3322991132736206,0.4040707051753998,0.651084840297699,0.37425679282497987,0.38566296391521293
1,0.25010823342960437,0.03332884982228279,0.003396724654670093,0.0156275018119044,0.07253551483154297,0.003376978449523449,0.04816474765539169,0.01022638101130724,0.26867090675645927,0.059095904241639415
0,0.2040639652351353,0.1052076667547226,0.013788848508279297,0.07787234298752244,0.33343306183815,0.11671947687864304,0.0006120766629464924,0.10332348197698593,0.24452763448123538,0.12457713488504997
0,0.23727795790234965,0.03314802050590515,0.06718829528174508,0.0400578633988202,0.3088468909263611,0.0833558738231659,0.00028082478092983365,0.02847972884774208,0.268703988589398,0.10557924723274496
0,0.20486165406860227,0.15848605334758759,0.20682676135969583,0.17025604737347244,0.2967184782028198,0.1352604627609253,0.31426236033439636,0.33648183941841125,0.2556689432647678,0.22507180354544903
0,0.1427494627595688,0.04852205142378807,0.004932774704152407,0.020332059938727106,0.2179073840379715,0.33540859818458557,0.1531897634267807,0.1874382346868515,0.20906034939223853,0.1351377037913291
0,0.9119779256847577,0.9602411389350891,0.9731997786599098,0.966207565145912,0.9573217034339905,0.8716708421707153,0.9325960278511047,0.8436539173126221,0.9235740351599506,0.928793159012973
0,0.3609593855976226,0.11763085424900055,0.00663215038457128,0.10758130857494491,0.46129244565963745,0.45892125368118286,0.49329984188079834,0.3906269669532776,0.3791094032720764,0.29303587626889005
0,0.4499879663857736,0.32715341448783875,0.37534193753442585,0.32415496012278255,0.5369147658348083,0.5402780771255493,0.6053881645202637,0.48145195841789246,0.5306489551253887,0.4494352480014547
0,0.23476138658563742,0.1043323278427124,0.2511860514881109,0.09460042356492153,0.31069743633270264,0.36516091227531433,0.26500001549720764,0.17862267792224884,0.3030546642743872,0.22230424237194973
0,0.499605766840845,0.5611127614974976,0.26325034121925434,0.5680974680310901,0.7064400315284729,0.8867568373680115,0.8692101240158081,0.8323334455490112,0.6125971977214956,0.6368838209476462
0,0.18474467132321049,0.24059954285621643,0.01577591679369256,0.10644746259066598,0.31227174401283264,0.12657848000526428,0.0550711452960968,0.12860852479934692,0.23874209736097007,0.15076866408036332
0,0.1870053210666962,0.11755502223968506,0.03017338532279688,0.1054193009161856,0.08967603743076324,0.0021129848901182413,0.03550691530108452,0.004068035166710615,0.24165967085442067,0.07658168502952586
0,0.2609845661348389,0.09440305829048157,0.008537298372483161,0.023312949752808145,0.15068581700325012,0.07074838131666183,0.04576897621154785,0.2602086663246155,0.2575565137675142,0.11691256995510763
0,0.17376041055356115,0.1145101934671402,0.0017933441527397593,0.05827248197290753,0.22486990690231323,0.3943517506122589,0.1675955355167389,0.1311064064502716,0.24491880722185216,0.15575600498720812
0,0.23237718361214885,0.20763498544692993,0.006332225354050269,0.26611055926169885,0.35834768414497375,0.1091545894742012,0.0018288445426151156,0.2605847716331482,0.27516511961314,0.18729938258793016
0,0.232762227352701,0.2663997411727905,0.1518088385786208,0.20594674245921396,0.16556425392627716,0.12194503843784332,0.23187702894210815,0.1924222707748413,0.2936882034623654,0.19738757644014054
0,0.31783204326525283,0.5362234711647034,0.47451106339890226,0.602666260112735,0.5727804899215698,0.822702169418335,0.5161786675453186,0.420920193195343,0.5114436830543017,0.5284742348995402
0,0.43512070356496546,0.5676630139350891,0.29265802283062997,0.35548048236357627,0.533918559551239,0.5656305551528931,0.5421164035797119,0.5520079731941223,0.5156663938508267,0.4770981568718727
0,0.5155211458236085,0.6149003505706787,0.1415510841475617,0.4675430990364026,0.6195011734962463,0.4723780155181885,0.5315656661987305,0.5070655941963196,0.5925456351056299,0.4857580217631863
0,0.16086788546273165,0.07643669098615646,0.012620904108413614,0.12883727949238025,0.069144606590271,0.00881973747164011,0.03422074764966965,0.017925124615430832,0.2251102090673832,0.0679391908416689
0,0.34730933840688005,0.22742018103599548,0.03189309510887589,0.31077673864107763,0.420878142118454,0.3858637511730194,0.6333263516426086,0.3770427703857422,0.407092536866591,0.3355848330575457
1,0.11043167388756292,0.009578226134181023,0.0013111511220016833,0.01344800623022607,0.09535477310419083,0.029523514211177826,0.013585024513304234,0.023806432262063026,0.18063590290597703,0.039215161774262354
0,0.09272945060234157,0.07336758822202682,0.001141535051761063,0.057117004399879455,0.14689864218235016,0.3141193687915802,0.15605992078781128,0.07282643765211105,0.19384504485381546,0.11105538592355474
0,0.19506807095656098,0.04593627154827118,0.08715202922181985,0.06369150908958086,0.02468234859406948,2.6537674784776755e-05,0.00016032400890253484,3.261366146034561e-05,0.24265407577004672,0.056681302589682236
0,0.24979379314031874,0.06659454107284546,0.002239407407390758,0.1540446443076665,0.21852901577949524,0.03735105320811272,0.20236290991306305,0.033861447125673294,0.2929403511247323,0.12401713740895036
0,0.35380952471861987,0.30881741642951965,0.0036707493805955733,0.12626234018125163,0.17356720566749573,0.08795466274023056,0.418428510427475,0.29162007570266724,0.3583312615060034,0.219755872877034
0,0.13773550239977062,0.03724151477217674,0.00021263024279146215,0.021849533714695783,0.20339250564575195,0.284357488155365,0.2054661363363266,0.0746912732720375,0.21373471659287352,0.11731695295286845
0,0.39905317572760146,0.3743814527988434,0.038185101373180964,0.316204598343027,0.3708321154117584,0.00979431252926588,0.2232787162065506,0.1428428441286087,0.4385769201747264,0.24398512322928378
0,0.564035846678873,0.8249188661575317,0.8549054581331668,0.8054320813175387,0.6154786944389343,0.9026251435279846,0.9071190357208252,0.9474014639854431,0.7371735005449122,0.7926097196247099
1,0.7412399356871294,0.8998828530311584,0.9359307638855909,0.8545751767196383,0.8099836111068726,0.7644315361976624,0.9907321333885193,0.8283860087394714,0.8522517464773339,0.849343496414454
0,0.5893333267497506,0.8196627497673035,0.9165565037822516,0.6526063636877009,0.7329322695732117,0.7725470662117004,0.8768746256828308,0.696137547492981,0.7512876141890085,0.7508413807369069
0,0.32124877441811944,0.48448121547698975,0.05510808511930493,0.371485309195665,0.401446133852005,0.3379270136356354,0.40008848905563354,0.6168085932731628,0.3620216102917677,0.37175399424337646
0,0.19750658324533632,0.14140847325325012,0.006078766485563683,0.07235772423023018,0.0728490799665451,5.2409865020308644e-05,0.0005128001794219017,6.635340832872316e-05,0.24294191392946213,0.06723212318142913
0,0.42998220888954664,0.5307016372680664,0.2907649612433903,0.1329990718353937,0.3354981541633606,0.200960174202919,0.011725676245987415,0.29296907782554626,0.4505954878013692,0.2875687155031721
1,0.5247534781934629,0.5905095934867859,0.599830172048624,0.7006343088640846,0.7285372018814087,0.8206213712692261,0.7628255486488342,0.5167689919471741,0.7073477013040841,0.6512489036711746
0,0.3804880561345875,0.4149111807346344,0.07434951909334174,0.38904652544544616,0.31133967638015747,0.3765644133090973,0.4558156132698059,0.3550480008125305,0.4567835745331733,0.34417195232335074
0,0.22506860987000252,0.1783430278301239,0.04066553846910174,0.04810947360413998,0.352445125579834,0.04470936208963394,0.06464456021785736,0.4577152729034424,0.21879087097138958,0.17832207024646757
0,0.6160095691699925,0.49631989002227783,0.43281078317914456,0.7251454510286117,0.711805522441864,0.9600763916969299,0.4864308536052704,0.9281368851661682,0.723303050608615,0.6668516563877495
0,0.4833696673801433,0.7618420720100403,0.9221453520557156,0.6597254259477411,0.339880108833313,0.3082040250301361,0.5089146494865417,0.4731445014476776,0.6486958466359267,0.5602428225167054
0,0.2343745222069459,0.22449399530887604,0.012205344545998793,0.15275060457678868,0.23834779858589172,0.15613913536071777,0.3699640929698944,0.1433815211057663,0.2887885591277838,0.19019861260857016
0,0.40915656609486,0.47422489523887634,0.11618322308905381,0.419609748214063,0.4104806184768677,0.33926647901535034,0.26707378029823303,0.3531203866004944,0.4823993067569223,0.3539795817007301
0,0.4468966753173097,0.41130203008651733,0.03605820822490329,0.3753831033850691,0.3720703423023224,0.0071812286041677,0.26802387833595276,0.21151019632816315,0.4849458226848044,0.2759599360512671
0,0.35707728746644984,0.5299890041351318,0.06635651469791581,0.3553872728774918,0.5659067034721375,0.5755282640457153,0.39016804099082947,0.6182284355163574,0.4140923816934253,0.43009408032564256
0,0.26169725528753296,0.049171872437000275,0.011201406843805188,0.04090228677295003,0.24274924397468567,0.3226381242275238,0.28662100434303284,0.16530489921569824,0.29709752091052355,0.16920821321413493
0,0.43135354119031893,0.3505874276161194,0.09113872241125304,0.3899177162884834,0.37222781777381897,0.31296199560165405,0.08507842570543289,0.20873558521270752,0.5021443399508105,0.28992944665627607
0,0.22199347548609488,0.1489015519618988,0.026389645771391475,0.1461320589949174,0.011105682700872421,0.00019665816216729581,0.0004410895053297281,0.0009994497522711754,0.27167048517987635,0.07620504808550317
0,0.21458586302227795,0.07665865123271942,0.08834176845838514,0.0668250578800195,0.2325090914964676,0.3423222005367279,0.13862894475460052,0.11246133595705032,0.2754764824719403,0.1582247360894849
0,0.15449531372789074,0.07063479721546173,7.417607583347649e-05,0.0664975658484028,0.08374637365341187,0.0006504890625365078,0.08714578300714493,0.00016039433830883354,0.2148673935879844,0.060819218575745224
0,0.14792310631004368,0.03974852338433266,0.0013102391465930913,0.0304186217476768,0.17034095525741577,0.07932722568511963,0.027761051431298256,0.05247218534350395,0.20489511871713814,0.07123696366067091
0,0.356368086798242,0.2638882100582123,0.1497058430782567,0.5195546308257232,0.3675324320793152,0.35824450850486755,0.34369155764579773,0.1926131248474121,0.47531663164407867,0.3223575047817483
0,0.14386085488582914,0.09968862682580948,0.00017163737849854092,0.06339238149623068,0.20447181165218353,0.05677281692624092,5.578370110015385e-05,0.01145731471478939,0.2090245193565776,0.07711626797426828
0,0.5205288468037511,0.4438774883747101,0.21330674914017356,0.4786589342425156,0.5090704560279846,0.4049915671348572,0.007819883525371552,0.46720752120018005,0.5807753966327802,0.3921611351167833
0,0.37937641522688464,0.28896793723106384,0.10677671144931994,0.22507264520156547,0.30869945883750916,0.00047078696661628783,0.023285729810595512,0.017725935205817223,0.4171957031358152,0.18126490736526513
1,0.1831483450819443,0.1425819844007492,0.0030668530236996213,0.12791333903117777,0.24134400486946106,0.39772868156433105,0.20405392348766327,0.13402754068374634,0.2624355429479099,0.17709620764314765
0,0.2467526592928111,0.0731382891535759,0.0015448146206721498,0.12140578594530806,0.13549478352069855,0.1436837911605835,0.07386011630296707,0.074845090508461,0.28756416937857326,0.11243212386724316
0,0.17191771682114687,0.1423337757587433,0.012262092517839744,0.04046489918222493,0.15314698219299316,0.3471827208995819,0.18825149536132812,0.10277458280324936,0.24278423833033172,0.1421301707431449
1,0.5727473404656434,0.6158294081687927,0.8647653115194432,0.6369062849845875,0.7879922986030579,0.41173097491264343,0.804887056350708,0.5885061025619507,0.708113035396058,0.6589182247423492
0,0.16470559335556167,0.09717292338609695,0.035089267497212286,0.059705086663964964,0.0945303663611412,0.05191321298480034,0.2086561918258667,0.05410785973072052,0.22415614835831413,0.09548838905969728
0,0.288262537722013,0.2681724429130554,0.03396783438294167,0.25304425235959055,0.26370707154273987,0.04880093038082123,0.10289644449949265,0.25502461194992065,0.31747233034264855,0.19562526137043929
0,0.38637950553470773,0.3256518542766571,0.10358159666580674,0.07886653875136186,0.3617449700832367,0.15631891787052155,0.0024913717061281204,0.24387739598751068,0.38368339610846036,0.21569296626678613
0,0.12735140382005425,0.020873241126537323,0.000625905898162106,0.04919293594851697,0.1630954146385193,0.015575909987092018,9.548760317557026e-06,0.009293188340961933,0.19373135628913446,0.05206691979979208
0,0.29861432341294175,0.19066861271858215,0.013055374104999101,0.14256198111545318,0.2812351882457733,0.022942349314689636,0.2513306438922882,0.1273818463087082,0.32163383697900055,0.16970092340341475
0,0.4370887627521878,0.5118108987808228,0.6791808457332602,0.49803567318932035,0.677488386631012,0.5874582529067993,0.494683176279068,0.6514155864715576,0.5565613302242753,0.5643917855492672
0,0.2864960333512332,0.04991758614778519,0.018750401593684216,0.19586225183512324,0.25561434030532837,0.0005895612994208932,0.001123090391047299,0.030042417347431183,0.31915676590547176,0.11375453559209571
0,0.4703845880959711,0.2740812599658966,0.04837678381424625,0.22379868700829397,0.5546867251396179,0.32243165373802185,0.05230296775698662,0.38216719031333923,0.4759320313305327,0.29934504330438005
0,0.5850414622436415,0.6882610321044922,0.5111268878124899,0.6529852976317752,0.6194990277290344,0.7687759399414062,0.6974897384643555,0.6835792064666748,0.7176445080996964,0.6475925080863001
0,0.32021839093022175,0.1246638149023056,0.008363206294289802,0.17299012636296146,0.3591947555541992,0.14200274646282196,0.0010368875227868557,0.22136753797531128,0.3329736090233429,0.17596254684286414
0,0.34613120664994035,0.39857491850852966,0.1527101803873544,0.25267194231615814,0.4965510368347168,0.08763033896684647,0.5225040316581726,0.4722896218299866,0.3641771264578719,0.3399374778903525
1,0.24202762453239451,0.2615235447883606,0.003201344879377877,0.1510518232251987,0.20821671187877655,0.2392607480287552,0.4046356678009033,0.33622652292251587,0.28132240473856757,0.22630654980174658
0,0.5151313443925348,0.35710152983665466,0.4131809185548532,0.3798699539893643,0.5449652671813965,0.4335358738899231,0.49586138129234314,0.42521563172340393,0.5949259746653502,0.4456988709353706
0,0.237036476955662,0.09116888046264648,0.02971345034247181,0.06366573108285409,0.054827090352773666,0.0012365898583084345,0.00011765379167627543,1.384619423561162e-07,0.2691482788948046,0.06573879240118542
0,0.28334725311373804,0.4036109447479248,0.026075527847179685,0.3330876975061521,0.36800578236579895,0.39630043506622314,0.055458396673202515,0.43689796328544617,0.3378851008552535,0.29214115297769416
0,0.2531504244865422,0.09432784467935562,0.00751791469494304,0.08033325397975402,0.3758346438407898,0.23142708837985992,0.011281061917543411,0.48730337619781494,0.24685145441276374,0.1938505363622512
0,0.17265451403031257,0.22028116881847382,0.028464640719096518,0.1417389747109821,0.17645113170146942,0.26777374744415283,0.18591547012329102,0.23872317373752594,0.2395221786750448,0.17752680283479105
0,0.12933690456420535,0.08992709964513779,2.7602838058910288e-05,0.04452800836479958,0.10264118760824203,0.013255800120532513,0.06714487820863724,0.057317763566970825,0.1932244546727573,0.06517174508196824
0,0.32493058556471505,0.3477104604244232,0.02885701355985525,0.22266713650998074,0.5105298757553101,0.3742116689682007,0.38957369327545166,0.40163591504096985,0.36373722785807505,0.32352824903877964
0,0.3423674586048066,0.22108516097068787,0.16717803197359554,0.2955232186144195,0.3770635426044464,0.3016476333141327,0.47178834676742554,0.29354268312454224,0.40757281239468623,0.30648518926368673
0,0.6762593174381719,0.7698715329170227,0.7535184353161959,0.8071579858485868,0.747971773147583,0.8896876573562622,0.9236676096916199,0.828040599822998,0.8109506033862909,0.7932174038942158
0,0.4067307611259983,0.04127346724271774,0.030732290870424606,0.09109677011399432,0.23407448828220367,0.11632522195577621,0.42477765679359436,0.4205465018749237,0.37622447758157873,0.21735799121314306
0,0.5225070462753133,0.6677270531654358,0.5824307832780627,0.5735077426933186,0.5709930658340454,0.4217205047607422,0.5582302808761597,0.4856066405773163,0.6489894124755714,0.5502022665114382
0,0.18226550414049267,0.07014328986406326,0.038043855789123775,0.07808296508321813,0.15047983825206757,0.3411526381969452,0.20269019901752472,0.0684506818652153,0.25796672140259247,0.13885735712527822
0,0.26680902156471537,0.16447611153125763,0.002924272601301832,0.08384267962218887,0.31616225838661194,0.3519711196422577,0.23584376275539398,0.26043790578842163,0.2998963095508818,0.2085414655178443
0,0.2255220632064237,0.0358978696167469,0.001367866993406552,0.039770964042856266,0.24781514704227448,0.03328646719455719,0.23810552060604095,0.17580805718898773,0.24387496559975877,0.1244364561131437
0,0.3835285354658727,0.3365621864795685,0.06642253830737754,0.24685701799532775,0.3850153684616089,0.3587484359741211,0.46882715821266174,0.321003794670105,0.4334556234065712,0.3191859281560371
0,0.18313097421993096,0.05640190839767456,0.016610009457537513,0.03827795403443221,0.058244746178388596,0.00042251189006492496,0.0014255871064960957,0.00041759770829230547,0.2277913566976203,0.048899779020563375
1,0.5338123569435985,0.5543046593666077,0.7676217159756654,0.8269148584732026,0.8061875700950623,0.473175585269928,0.37457066774368286,0.8930754661560059,0.6558549326549281,0.6580794297271692
0,0.23202048762408847,0.19175367057323456,0.0018497319918270656,0.06901322664965424,0.2868592441082001,0.05765538662672043,0.02510933391749859,0.04586351290345192,0.2662060784767873,0.12043780611996585
0,0.28228402762705357,0.22020816802978516,0.010252490745848017,0.10595010945170974,0.08853103220462799,0.0006270936573855579,0.021896155551075935,0.00018861859280150384,0.31167723303275446,0.09927300092736438
0,0.8341430178737518,0.9249004125595093,0.9785326193847491,0.9383856555776386,0.8804237842559814,0.9630641937255859,0.9563682079315186,0.9560669660568237,0.897587363397811,0.9256746273122857
0,0.4593397752282037,0.3545776605606079,0.028758352987633445,0.38289028468105174,0.6152614951133728,0.5007180571556091,0.4854976534843445,0.43600088357925415,0.5213983967648581,0.4077343081254349
0,0.3754210602444566,0.16197122633457184,0.0023718034161122298,0.11974095726064521,0.49403345584869385,0.44617700576782227,0.49211835861206055,0.42726027965545654,0.388299410102749,0.30901554687255695
0,0.326929944818193,0.4438839554786682,0.10995711253518897,0.24348399068473542,0.346704363822937,0.05404496565461159,0.37408629059791565,0.2917838394641876,0.3612537019228345,0.27671725528216917
0,0.25694655372668707,0.5250518918037415,0.2116951260773308,0.5853859893625121,0.19991432130336761,0.02505868300795555,0.15301299095153809,0.07986845076084137,0.38858644378119905,0.26564897371528984
0,0.19596605907093662,0.12566488981246948,0.04424291654208225,0.23247002707838918,0.04383184388279915,0.009678320959210396,0.034589167684316635,0.021417533978819847,0.2652264404741452,0.09456551329766899
0,0.2681634981421979,0.27610352635383606,0.00506897109203428,0.320420068755209,0.3416978418827057,0.24474701285362244,0.06943229585886002,0.48770567774772644,0.29955053779907825,0.25532487899832634
1,0.7864881699715912,0.8883629441261292,0.8611096462516122,0.8613458322628285,0.8443173766136169,0.9550843238830566,0.4330284595489502,0.9342526793479919,0.8631305822032802,0.8258613869664126
1,0.2645400286364425,0.29744842648506165,0.03474524205713655,0.1363006640847443,0.2868202328681946,0.08659575879573822,0.02733781561255455,0.16758409142494202,0.2935866393311101,0.16974622262567068
0,0.46513022702808166,0.49520084261894226,0.2980877681056578,0.2906972647160411,0.4136723279953003,0.4035138487815857,0.3315860629081726,0.3981403112411499,0.5269152288194986,0.3894728242960998
0,0.35303907359589276,0.22076943516731262,0.020639389369099814,0.18440475921166175,0.39838045835494995,0.22076316177845,0.01790499873459339,0.1105784997344017,0.38785057194298705,0.19961496944388318
0,0.3396615575444612,0.1436632126569748,0.03080117863363482,0.19060094160192628,0.5490414500236511,0.4855702221393585,0.2919798791408539,0.24088211357593536,0.39276536829308173,0.2836687437344133
1,0.781852994482318,0.8728468418121338,0.36883549057111475,0.8682946677516503,0.8246827721595764,0.5439149141311646,0.7543692588806152,0.7730420231819153,0.8369730689551205,0.7293262773752094
0,0.1984178853919951,0.08884844928979874,0.04227288537444731,0.10546422844191251,0.6151371002197266,0.4968303143978119,0.3291713297367096,0.2346702218055725,0.2690926309238899,0.2591875169864258
0,0.5243066108989324,0.6143214702606201,0.2987064717096964,0.4859835256668344,0.705712080001831,0.8718513250350952,0.6365929245948792,0.7449947595596313,0.6263158358220986,0.6043291849869508
0,0.34824670938077046,0.141654372215271,0.06126334055767319,0.1996030565161507,0.462040513753891,0.3900071382522583,0.37213432788848877,0.331135094165802,0.38573532121254683,0.2860465176783375
0,0.26835531035160276,0.1338251233100891,0.014885242543765668,0.14076097542071217,0.2518453598022461,0.47600653767585754,0.2507822811603546,0.07252871245145798,0.34482602253644096,0.19959835645858465
0,0.3079427060912223,0.33800891041755676,0.02458136610990911,0.1737040217170902,0.37170442938804626,0.3085971176624298,0.2616885006427765,0.3820834159851074,0.33451436288504377,0.2711852761047714
0,0.5775417187554083,0.7509324550628662,0.6957420797267605,0.6826230559830382,0.645609974861145,0.17555411159992218,0.13696841895580292,0.2781197130680084,0.7086693353943277,0.5109308067228433
0,0.2368518105918117,0.2575525641441345,0.2569222423210856,0.16790244428232262,0.37108927965164185,0.2626740038394928,0.0021341608371585608,0.042293090373277664,0.31965210115262627,0.20615930700580432
0,0.5002681499966248,0.5170979499816895,0.22365825822441562,0.5243681296003061,0.5292724967002869,0.36347633600234985,0.45891326665878296,0.3852333724498749,0.5955218093406826,0.44235218235371576
0,0.3932666927527314,0.6338219046592712,0.26299753960596567,0.5588209014872627,0.672464907169342,0.6094017624855042,0.7091072797775269,0.5880313515663147,0.5187843385783204,0.5485716612492961
0,0.359733687577328,0.23642495274543762,0.21442437382581264,0.1751716231828473,0.21821756660938263,0.011317397467792034,0.20677432417869568,0.0023825489915907383,0.40747344471397157,0.184908905134966
0,0.3215651373948063,0.22866185009479523,0.060958802249406675,0.3700463619589369,0.21775925159454346,0.6330870389938354,0.009314152412116528,0.13549144566059113,0.4360639240810855,0.2517072671816313
1,0.8140867610992268,0.7322955131530762,0.7086820212730668,0.8244549994397855,0.9001498222351074,0.8400992155075073,0.32084664702415466,0.8907244801521301,0.8587172179462025,0.7628779734309923
0,0.23444699210370779,0.05868712440133095,0.002553563557792637,0.057068410838323966,0.3627415895462036,0.47090333700180054,0.26457399129867554,0.26539766788482666,0.27916032476793695,0.20962957675657168
0,0.20806767270531484,0.14034752547740936,0.03154560045083343,0.1762204027667595,0.21566598117351532,0.0026350703556090593,0.011890985071659088,0.0003826459578704089,0.2653728647286136,0.10602287505154223
1,0.5548512328318648,0.43345025181770325,0.2428415390572286,0.44294455878403055,0.437477707862854,0.005654474254697561,0.6161612868309021,0.23709513247013092,0.6163690260349166,0.3769378762029716
0,0.227300343680236,0.36807557940483093,0.04381237418236368,0.17724885837188128,0.3900337219238281,0.22607849538326263,0.004488655366003513,0.43818938732147217,0.2560192099458992,0.2386501114541526
1,0.2666212629589648,0.11138235777616501,0.019275829077876505,0.1439050519583663,0.054403092712163925,0.0002815413463395089,0.000778597837779671,0.0004708755586761981,0.30251332448090457,0.08217428121962445
0,0.25318128464608786,0.1154031902551651,0.060307627560909315,0.20374631380185865,0.19891776144504547,0.2768321633338928,0.18169134855270386,0.1612234264612198,0.3143733503914935,0.18216923165399718
1,0.6971833279103957,0.6308642029762268,0.5422067814759621,0.5869865322872674,0.8231456279754639,0.7830309271812439,0.9892003536224365,0.9171704649925232,0.7686968852163343,0.7370868009878422
1,0.34913398023421316,0.3296365737915039,0.1275559378799065,0.24471098023152354,0.3154999911785126,0.22076357901096344,0.0018058780115097761,0.31544730067253113,0.37963428214077893,0.24567363425816907
1,0.2526621033452379,0.06071706861257553,0.0015755041885111701,0.08373603242789132,0.18797583878040314,0.02126796916127205,0.17281673848628998,0.1560150682926178,0.2690430899688709,0.11918188929488768
1,0.6404039547184055,0.7964917421340942,0.9051732469605219,0.8151192984801743,0.7543364763259888,0.8601473569869995,0.8911556005477905,0.8582301735877991,0.7940203330586507,0.8087123860051089
0,0.3973855432406377,0.44377800822257996,0.3696077324144967,0.4021108327174696,0.3415689468383789,0.31551361083984375,0.2525480389595032,0.34179896116256714,0.48620576152449463,0.3623454734539298
0,0.3213714857210693,0.3497869670391083,0.10536795242791129,0.17363079682071444,0.4043232202529907,0.29604634642601013,0.13531534373760223,0.34592607617378235,0.3505469794826453,0.26990943509996973
0,0.117350524767245,0.014646152034401894,0.000551911532966162,0.027736726873406038,0.14020229876041412,0.03596504032611847,0.03216352313756943,0.017020974308252335,0.18710905396812122,0.050517355527676305
0,0.48308959924486927,0.38655805587768555,0.12904745091236028,0.5870506215640484,0.07588838785886765,0.0029024139512330294,0.021049896255135536,0.08074962347745895,0.5732649332247132,0.23740450748260564
0,0.41501604314524515,0.4277741312980652,0.056673208911528564,0.5767598208059712,0.4921553134918213,0.132241353392601,0.47756385803222656,0.3315175175666809,0.49747352802669964,0.3692741701954205
0,0.24571773075016448,0.08656884729862213,0.008992073213409243,0.047684787584786816,0.18235965073108673,0.0006758341332897544,0.004115968476980925,0.0002057102246908471,0.270842369016705,0.07880289178498312
0,0.23701804744837968,0.2344970405101776,0.024508103397459204,0.18922257884706467,0.2572707533836365,0.041434209793806076,3.347401798237115e-05,0.0012238002382218838,0.29297906611187197,0.13226589022439172
0,0.31373193214923206,0.16461627185344696,0.06298519564806536,0.1385011483777531,0.333890825510025,0.3221026659011841,0.23024578392505646,0.3099311590194702,0.3403188131558477,0.23405752891636672
1,0.3790356360306095,0.29763123393058777,0.2887613908338789,0.25439261943969776,0.4131447374820709,0.3316367268562317,0.0006253422470763326,0.007937535643577576,0.47029670923484995,0.2568106477498651
0,0.4025706279788775,0.21525689959526062,0.015666665347878608,0.31012199000154783,0.5493505597114563,0.5229408144950867,0.670412540435791,0.5178086161613464,0.4494328626834564,0.3925755137370475
0,0.31980200358769645,0.22590553760528564,0.05780760701733635,0.1850230930879211,0.28717392683029175,0.07134256511926651,0.23558947443962097,0.19905386865139008,0.3447929344525224,0.20154266127718345
0,0.5630802789424912,0.6253911852836609,0.5098178827242216,0.3083981309408966,0.8094443082809448,0.18302370607852936,0.94793301820755,0.639687180519104,0.5987656957270967,0.5685136891261185
0,0.29341994729804044,0.10029617697000504,0.018526108550270936,0.14318204512798183,0.27785250544548035,9.350278560305014e-05,0.0069422367960214615,0.015545165166258812,0.31947582510055716,0.11606684191040514
0,0.14916956704819923,0.09460138529539108,0.01480176750416437,0.05571010730636991,0.15128193795681,0.022705920040607452,0.16608008742332458,0.0844913125038147,0.2068963259940955,0.09299216916420561
0,0.3567197080897697,0.18789297342300415,0.038306109333195455,0.19475924943245326,0.4170311391353607,0.36803096532821655,0.32210102677345276,0.3047821819782257,0.3919840898289888,0.2731618584912851
0,0.10296562238218973,0.030065512284636497,0.0007291675501423858,0.04000609587215031,0.09203457087278366,0.17132923007011414,0.13287916779518127,0.05826583132147789,0.188445574235687,0.07674522998670498
0,0.374377899266645,0.264951229095459,0.19282914921024374,0.2484741757351648,0.566195011138916,0.00025035665021277964,0.007529917173087597,0.7182178497314453,0.3299978313553115,0.3038521079821198
0,0.18640934440550005,0.1537391096353531,0.01736371931920721,0.061266068431597105,0.23684754967689514,0.09650252759456635,0.0001330221421085298,0.013763469643890858,0.24012496881542078,0.10127569097130484
0,0.6105045103373163,0.6127757430076599,0.5624718266165507,0.39298161688366917,0.6515331864356995,0.8452340364456177,0.7810105085372925,0.8141351342201233,0.6926996416294791,0.6493220032001059
1,0.5630781431714951,0.6873025894165039,0.2860407769236916,0.4622803698720383,0.684213399887085,0.48539096117019653,0.5169252753257751,0.6179850101470947,0.6310397259503664,0.5403639576422224
0,0.507499867902417,0.5235579013824463,0.4870421277424621,0.3690414583056731,0.48119980096817017,0.8358407616615295,0.638699471950531,0.6593015789985657,0.6122290835124143,0.5539809993345817
0,0.41901098072268134,0.2840633690357208,0.041256433848483764,0.28865997736428073,0.39788636565208435,0.10749263316392899,0.3081812858581543,0.28714680671691895,0.44178416881243177,0.2719366819740506
0,0.34660972327259193,0.2632313072681427,0.030021267665616934,0.25411960762124547,0.41066110134124756,0.45702481269836426,0.34201303124427795,0.32854801416397095,0.40192476547802714,0.3028586779448489
0,0.483748068758767,0.3427509367465973,0.3209523103315656,0.3964178592151548,0.5592142939567566,0.21223928034305573,0.002658853307366371,0.7241431474685669,0.4821189165614184,0.3891112451579069
0,0.371197037166544,0.25102829933166504,0.0024069293791014455,0.1697372715208557,0.5162038207054138,0.09898383170366287,0.44065937399864197,0.38958939909935,0.36478491328559454,0.28020173028214684
0,0.5296070086806091,0.19092987477779388,0.05641802855975532,0.3455278258930461,0.8561310172080994,0.8585483431816101,0.45772674679756165,0.6924009323120117,0.5734483891770306,0.49388687154705313
0,0.8164997344189594,0.8736224174499512,0.7719882564071241,0.9053291236508073,0.9048096537590027,0.7530354261398315,0.874214768409729,0.722832202911377,0.8849926334022848,0.8301740992287218
0,0.3348934290894944,0.147273987531662,0.035577453124703756,0.16862704932709918,0.3433676064014435,0.02680913917720318,0.3221891224384308,0.4913640320301056,0.3128826256571482,0.23346273536582013
1,0.4901796038409602,0.6044652462005615,0.5763743907834784,0.5258083146254878,0.6370020508766174,0.3760125935077667,0.5120489001274109,0.47489672899246216,0.6061857824582113,0.5273338558927373
0,0.25831138769541717,0.14763236045837402,0.03936440986043574,0.1977258932076856,0.38261663913726807,0.17529691755771637,0.049167633056640625,0.321529358625412,0.28441896281717544,0.20072117071128776
0,0.7481389730070126,0.8494963049888611,0.22708513000377617,0.797055364751865,0.8675416111946106,0.9454535841941833,0.8039097189903259,0.8777819275856018,0.8224435449120854,0.763413631985896
0,0.5007336557315749,0.5175341367721558,0.33502679629783516,0.2629331908467444,0.7608430981636047,0.7284663319587708,0.6396703720092773,0.7005842328071594,0.5574460056187515,0.5484978680396797
1,0.4193068331813608,0.6261764764785767,0.4892952993090941,0.484447811456794,0.5656997561454773,0.456742525100708,0.3886987566947937,0.32580330967903137,0.5557618294501246,0.47347800416066077
0,0.43486542173912474,0.430853933095932,0.15325728831792676,0.44826678963860267,0.38264527916908264,0.3598514795303345,0.4402879774570465,0.44110673666000366,0.5082517502263365,0.38747546075175116
0,0.13747052349867553,0.03588132932782173,0.0035104014494761453,0.07855150296393847,0.11356869339942932,0.030644647777080536,0.04737135022878647,0.08669465035200119,0.1988571347792314,0.06895828296093376
0,0.10919073952135155,0.030755288898944855,0.003433127745566369,0.02305832566042642,0.14607717096805573,0.02631874941289425,3.6709770938614383e-06,0.0024696986656636,0.18254333217739976,0.045786333993760885
0,0.26959900538827186,0.25426986813545227,0.01480231384857892,0.16555912192207878,0.22914189100265503,0.2251252979040146,0.23427554965019226,0.2264181524515152,0.3111427588922621,0.20321165399962962
0,0.42701924107122863,0.25304749608039856,0.057527755657625655,0.3793579058772261,0.5047516226768494,0.46816277503967285,0.48521745204925537,0.46906551718711853,0.483368309495035,0.37827206127823765
1,0.7163042187060354,0.7827489972114563,0.9619741696814883,0.8218226673483792,0.7509387731552124,0.632473349571228,0.7304897308349609,0.7404918670654297,0.8306874796874638,0.7686097285465059
0,0.16477169120698484,0.13357609510421753,0.05508848408690271,0.1000988762414625,0.06735730916261673,0.0006600236520171165,0.016461573541164398,0.0008046642178669572,0.2282261410872593,0.07234882835191017
0,0.21728112930698448,0.28411588072776794,0.2100905463929283,0.2555172351711575,0.28747937083244324,0.32589370012283325,0.225620299577713,0.15811073780059814,0.31488310938654285,0.24612250948861986
0,0.47690137743002614,0.6009870171546936,0.2547415825529212,0.6124941385512319,0.6587386131286621,0.037979405373334885,0.48583748936653137,0.4092863202095032,0.5587761354197032,0.45099327504785114
1,0.6675525955091511,0.37631943821907043,0.4518508859470228,0.6169663006500216,0.7772634029388428,0.5615350008010864,0.7495408058166504,0.7168179750442505,0.7387407750056969,0.6124223151542509
0,0.3258051826853384,0.22338245809078217,0.26208224992358226,0.23278587086037728,0.3654352128505707,0.43219465017318726,0.2566387355327606,0.13911223411560059,0.416222640760372,0.28054984481123457
0,0.1945491248952604,0.0304846353828907,0.03734006611680874,0.07579303925817711,0.040655314922332764,0.00031049089739099145,0.00041993524064309895,1.2183179933344945e-05,0.2406543867593394,0.05225271354444372
0,0.5598147644773112,0.4897184669971466,0.5194027469342485,0.4246153774575389,0.5790886282920837,0.0016171871684491634,0.0043618520721793175,0.3693539798259735,0.6010292899428546,0.38532175574709937
0,0.147217605595501,0.09163801372051239,0.005606258611415904,0.100003320244388,0.27372103929519653,0.056164465844631195,0.0005124693852849305,0.04877728223800659,0.21169325994426347,0.0955074224870632
0,0.31588777813222235,0.26145288348197937,0.10008220223555198,0.19235009153181426,0.1702728420495987,0.0356755331158638,0.1478050947189331,0.1800183802843094,0.34402521151848015,0.18095389737877082
0,0.2072473131459833,0.0794593095779419,0.016606381887533224,0.0660966655470102,0.1362573355436325,0.02509951777756214,0.15716920793056488,0.2870089113712311,0.22453315225662918,0.12166599168602149
0,0.16256760991155106,0.10056649148464203,0.008834585439346745,0.06783924656424428,0.05969606712460518,0.0005667514633387327,0.0031246778089553118,0.0011210707016289234,0.21924467361789715,0.055270456436993666
0,0.528923006870709,0.5359613299369812,0.3576184195973125,0.6586048900508336,0.5752278566360474,0.5444130301475525,0.8222160935401917,0.8387570381164551,0.6236868747971624,0.600831397471357
0,0.2655917426608257,0.08781318366527557,0.008711511443029113,0.23308422187732675,0.338344007730484,0.19666871428489685,0.2851375639438629,0.3671230971813202,0.2950110304657083,0.22166971848862982
0,0.6027650736457089,0.6728492379188538,0.691882494263396,0.6618325540763202,0.7260724902153015,0.7040069699287415,0.7814199924468994,0.5794783234596252,0.749156561414288,0.6748588442855652
0,0.14308999429515368,0.03312172368168831,0.004249714521903656,0.056639370111998245,0.20061920583248138,0.022413909435272217,3.6443659610085888e-06,0.006313371006399393,0.20459437723856103,0.0627630479622137
0,0.2625093482433157,0.3025363087654114,0.019564484775733935,0.16847938305270463,0.47172656655311584,0.3891925513744354,0.2957072854042053,0.3031332492828369,0.31363477937634465,0.27551476459454527
0,0.22449867965575876,0.048315323889255524,0.007799919214413916,0.09480911254394347,0.09070474654436111,0.012566795572638512,0.050879646092653275,0.02476927451789379,0.2616493740051053,0.07401161486390945
0,0.25649154884725167,0.2130296230316162,0.0032843031384976627,0.12519630640599066,0.21032337844371796,0.001370311714708805,0.035970911383628845,0.021744033321738243,0.29147720391885157,0.1163899176344232
0,0.5004454515641497,0.5650672316551208,0.10828352460373401,0.5498870729697692,0.6181020736694336,0.3860341012477875,0.5922480225563049,0.7153304815292358,0.5547932341910938,0.5043390402445674
0,0.2691913612164655,0.3108774721622467,0.03212992939729796,0.1550236330443849,0.3546595573425293,0.3595992624759674,0.19792644679546356,0.25834333896636963,0.3184546510132529,0.24307313214559595
0,0.2778497306235572,0.06897007673978806,0.006136557632887052,0.029635661606533487,0.288913756608963,0.397720068693161,0.27153486013412476,0.13501957058906555,0.3175015933442967,0.1816026976055909
0,0.47804833135660707,0.5438662171363831,0.11814601054115625,0.4578175767518472,0.5624122023582458,0.455609530210495,0.4867857098579407,0.4787183105945587,0.5547735325731904,0.4494078477622348
0,0.4945749434775528,0.4061359465122223,0.18772737838036985,0.5749984161807898,0.5513448119163513,0.6296541094779968,0.6686509847640991,0.843500554561615,0.5657530318246409,0.5376655461818145
0,0.294308587631587,0.2960105836391449,0.029457908024188444,0.12676040094280433,0.36118778586387634,0.4387206733226776,0.3006884455680847,0.12508657574653625,0.36044284096752843,0.24601390064727666
0,0.2291582365326697,0.26352399587631226,0.06471420297971596,0.101962055876671,0.24491697549819946,0.20038866996765137,0.012481451034545898,0.05956657975912094,0.285154568409771,0.152769248000776
0,0.835852554319381,0.8947395086288452,0.9324019620677413,0.899247690894732,0.8748257756233215,0.9356244802474976,0.8486906886100769,0.8748072385787964,0.8955812730395846,0.8864116331327891
1,0.383268868863703,0.4880860447883606,0.17984818767438004,0.339130589447291,0.5642915964126587,0.2415837198495865,0.5998321175575256,0.26448413729667664,0.4617662044163188,0.3828697628729552
0,0.45323201968379834,0.22710250318050385,0.034001136156252165,0.19020638514815288,0.2649179697036743,0.007826404646039009,0.16851796209812164,0.06478258967399597,0.4685807046626481,0.18594806063613561
0,0.3190185155788488,0.2329605668783188,0.04095259534372027,0.3281157307304598,0.535271167755127,0.3322235345840454,0.04201585054397583,0.03928175941109657,0.4055362647553103,0.24329680322259603
0,0.13173771953652774,0.12172136455774307,0.009893477437897516,0.05776256174134952,0.12092666327953339,0.05618169158697128,0.05967918783426285,0.16603246331214905,0.19047855375601824,0.09176694568784799
0,0.45922301348831757,0.34900566935539246,0.17357218239991848,0.20414634719823893,0.40889406204223633,0.4775754511356354,0.5295540690422058,0.3675540089607239,0.5101490880911959,0.3676254123486937
1,0.5113978071442671,0.5027449727058411,0.3743780042216179,0.6651329061210076,0.5342020392417908,0.5705073475837708,0.5099393725395203,0.7466048002243042,0.6149917495774073,0.5509302838476042
0,0.3965826090190591,0.4528627097606659,0.2560398658960138,0.34085829827769354,0.48301586508750916,0.4920315146446228,0.3388310372829437,0.35594800114631653,0.4843578816498552,0.3908004952500933
0,0.21711465755312975,0.08971752226352692,0.008440255708761312,0.12583312324797155,0.338218092918396,0.03965945541858673,0.03405122086405754,0.12599067389965057,0.2514943795964035,0.12814881918286938
0,0.39959125196387335,0.49085718393325806,0.22930966650956947,0.2186698116820335,0.5400047302246094,0.5596172213554382,0.49132540822029114,0.7464073300361633,0.42297243521852274,0.4527661061511282
0,0.8093407907201896,0.841413676738739,0.9294306494032787,0.8451868513415886,0.8529329299926758,0.7387759685516357,0.1734331101179123,0.6230936646461487,0.8777603669091777,0.7422390793628992
0,0.3216442965157231,0.37545716762542725,0.20554743166738118,0.09162019675583104,0.5387377142906189,0.0031186947599053383,0.35495081543922424,0.0716729611158371,0.3570300555412755,0.2501291441865574
1,0.16028987332254718,0.08455315977334976,0.04455257410815549,0.07938430069101919,0.23951241374015808,0.16002623736858368,0.0015079100849106908,0.006357648875564337,0.23091029520929182,0.10109543692641346
0,0.3155344528252574,0.32473230361938477,0.01592389191339475,0.1930841877336153,0.42067357897758484,0.4327562153339386,0.3590073883533478,0.229529470205307,0.37675651986845793,0.285451632320326
0,0.561575911124721,0.5907445549964905,0.4629826330909902,0.48990865594300576,0.6426018476486206,0.7126852869987488,0.6221362948417664,0.7534352540969849,0.6523391819106705,0.6001341715307542
0,0.2554720595273211,0.11819692701101303,0.07913038163662647,0.2609821034123948,0.2586108148097992,0.010271219536662102,0.22502273321151733,0.34279540181159973,0.2824688989788531,0.19561385533750453
0,0.421989898293994,0.44895070791244507,0.04261931333627425,0.4414585731703818,0.5219364166259766,0.22731344401836395,0.33279043436050415,0.35727939009666443,0.48030449387342594,0.3556132238333898
0,0.6685732272208585,0.6928269863128662,0.6225024510495514,0.6574129461701013,0.7568563222885132,0.9441753625869751,0.6584070920944214,0.8656874895095825,0.7748188868984216,0.7294723894391721
0,0.25606813665364553,0.12472530454397202,0.05511951267975461,0.17271013507433022,0.26084113121032715,0.39325186610221863,0.49376702308654785,0.31621259450912476,0.31254083303751995,0.2512362165121897
0,0.42038467579705946,0.24629521369934082,0.167999416497926,0.2882138168196537,0.36289799213409424,0.0005798297352157533,0.04221978411078453,0.022016329690814018,0.4676694964719807,0.2071751807486889
0,0.7549056933931111,0.8521761298179626,0.6688347075751394,0.8261582852114943,0.9005229473114014,0.7215811014175415,0.8849592208862305,0.6819282174110413,0.8503844791333423,0.7874043798447454
0,0.7911252912441422,0.8631015419960022,0.8010968463965845,0.8309785597224784,0.839249312877655,0.6935209035873413,0.7756305932998657,0.6179376244544983,0.8726322688860658,0.7807542577868944
0,0.30806646966649803,0.04997856914997101,0.005883914566919517,0.14360833173112317,0.153804749250412,0.00034520679037086666,0.0008500029798597097,0.00014317629393190145,0.331396787119008,0.09138013928022327
0,0.1466804126123532,0.024580437690019608,0.0015950641488134746,0.04878803308971302,0.16609075665473938,0.311681866645813,0.1742033064365387,0.06207999214529991,0.22501727691483106,0.11423180446318683
1,0.4429401704942419,0.23377682268619537,0.12635997972999402,0.11443841088719718,0.5311307311058044,0.4796859622001648,0.5587316155433655,0.49264225363731384,0.45482244141260036,0.36595239926726464
0,0.39477026046983554,0.24396875500679016,0.25988463113802196,0.3300140658660224,0.42496782541275024,0.29222074151039124,0.2579517066478729,0.2714655101299286,0.4623361438756655,0.31317437138540144
0,0.11832190243590343,0.05311229079961777,0.0012393983478407075,0.027093587351356543,0.20289069414138794,0.03219933807849884,5.7105797168333083e-05,0.03880191966891289,0.18536255789286396,0.06264694081480103
0,0.3253309123906584,0.15064390003681183,0.00853284802228956,0.15193033852331023,0.3789981007575989,0.20999982953071594,0.548086404800415,0.3182452917098999,0.34536308952228667,0.25654954689678544
0,0.5317407870608918,0.6547490358352661,0.18509158787303742,0.49229572361498186,0.6703166365623474,0.34882596135139465,0.33752164244651794,0.5806452631950378,0.5864398352368331,0.4825245994066326
0,0.47942810136955016,0.6770315170288086,0.2898032449511981,0.5597638501626652,0.4703577160835266,0.38273146748542786,0.4774269461631775,0.2553390860557556,0.6138335994721946,0.4548053033837938
0,0.4232069528552644,0.5486361384391785,0.07908646369136536,0.40961764987458427,0.6490687131881714,0.43415337800979614,0.5487042665481567,0.39590248465538025,0.5045124735546533,0.43675136618543503
0,0.45701526946136073,0.45035287737846375,0.1310801710916055,0.2183696302397045,0.4207380414009094,0.3850444555282593,0.25755545496940613,0.2957773506641388,0.5017711321977067,0.3313798591119529
0,0.16990315615543633,0.1203865334391594,0.002231368685002077,0.0882818486423227,0.2909521460533142,0.16910360753536224,0.09638328850269318,0.05478834733366966,0.23469778128695148,0.12659778222976784
0,0.6088925540812725,0.6363705992698669,0.12252806545348606,0.4886065300255852,0.7139586210250854,0.4824608862400055,0.5402318239212036,0.5759602189064026,0.665435502125373,0.5249474807930088
1,0.5005299567219454,0.47785958647727966,0.26746827655929917,0.426848359489871,0.45933663845062256,0.3237408995628357,0.26895222067832947,0.5688936710357666,0.5459950599779025,0.4168013481398482
0,0.27360187774811534,0.17711162567138672,0.031815092893259095,0.16137831672075484,0.27650025486946106,0.4171406328678131,0.2089020013809204,0.19077563285827637,0.3333165324184211,0.21660191849124588
0,0.3233335660041281,0.1658012419939041,0.03323209746468045,0.21215630388037143,0.1958438605070114,0.00048747315304353833,0.11843758076429367,0.06702656298875809,0.3553973669636951,0.1470960777870034
0,0.3261336001114627,0.3165242075920105,0.1151329465386479,0.22412859115460892,0.41186097264289856,0.45891398191452026,0.42527496814727783,0.46625882387161255,0.3721039504649474,0.33833439852102154
0,0.27518446096177773,0.32410335540771484,0.08875847577867203,0.08101525113987221,0.3333788216114044,0.00035131064942106605,0.03776615113019943,0.03864024579524994,0.3046951962285387,0.15641087341964463
0,0.7175418838285785,0.8141186833381653,0.8371566754640156,0.7353848815615394,0.8864217400550842,0.7566092610359192,0.013436722569167614,0.7829691171646118,0.8062934346369636,0.7072815167106585
0,0.48737484172839424,0.4693654477596283,0.02424070773718676,0.5857040536666173,0.5431489944458008,0.502246618270874,0.5830054879188538,0.8308408856391907,0.5366208348734702,0.5002005789325538
0,0.4879066994435679,0.5567570328712463,0.6014877010711448,0.6106639284998083,0.47283312678337097,0.6042203307151794,0.3803582489490509,0.4261769652366638,0.6448307762838043,0.5203948895271742
0,0.30711744430530047,0.14949703216552734,0.008528590245176344,0.32114586360904934,0.07881081104278564,0.0002044817665591836,0.040525514632463455,0.01190873607993126,0.36326233104875516,0.12433949145930775
1,0.7661122772090521,0.8382935523986816,0.7688810974242977,0.8314559279729357,0.8367997407913208,0.784010648727417,0.8596599102020264,0.8719760775566101,0.8495761079540658,0.8181802642765703
0,0.3882971542178106,0.3226473927497864,0.004652343536692438,0.31482604492580235,0.185582235455513,5.512133066076785e-05,0.00137398112565279,0.011414340697228909,0.4354760424313933,0.16735471637316596
0,0.2690587609922092,0.3736025094985962,0.07478505255384653,0.25484780472151053,0.34097447991371155,0.20312701165676117,0.5503464937210083,0.5953071117401123,0.2951094602114208,0.32623874859194646
0,0.15011192157286188,0.025996597483754158,0.00018111317996934541,0.044417267787310255,0.2104015350341797,0.04589705169200897,0.00030194540158845484,0.021845679730176926,0.20709771310023298,0.06648555044200441
0,0.2716501050191247,0.23503518104553223,0.18173198349244743,0.36366847461384105,0.41472312808036804,0.2831580936908722,0.010231846943497658,0.19902072846889496,0.3560461821791609,0.2523882885847789
0,0.3667746783475522,0.2623242139816284,0.12332299239892354,0.26019093765391726,0.3553983271121979,0.4118858873844147,0.2955428659915924,0.22936968505382538,0.435178518692173,0.28913600581889387
0,0.2604247213892813,0.09883345663547516,0.00245266760801476,0.16458366926530743,0.07300451397895813,0.0004951117443852127,0.009183465503156185,0.0003650486178230494,0.2996481186429982,0.08369574158116677
0,0.6783333511239518,0.7611437439918518,0.7748174811982539,0.8751522634606302,0.8252098560333252,0.9480209350585938,0.757466733455658,0.9274474382400513,0.8120022021718918,0.8149043683182616
0,0.20234722382808076,0.2246890813112259,0.009992480862901094,0.23815507405999473,0.22950688004493713,0.3693862557411194,0.1826854646205902,0.2052762657403946,0.2839918841655818,0.20756585042157844
0,0.6746275155928546,0.6449308395385742,0.8145768131270588,0.7097781976798702,0.7273805737495422,0.8742504715919495,0.7922260761260986,0.6983807682991028,0.8068076401591279,0.7375686174281786
0,0.660897064562138,0.3512212634086609,0.41575617125748915,0.4089796028438969,0.7004966735839844,0.8405080437660217,0.8423058390617371,0.8004366159439087,0.718557300286355,0.617021853296542
0,0.29842132351304174,0.04527679830789566,0.008129296623218476,0.020805332715948588,0.2807166576385498,0.017359478399157524,0.4617522656917572,0.3359537124633789,0.2799118875937137,0.17895391742090153
0,0.23437601798503072,0.20172134041786194,0.0031657313395906136,0.04983913579557493,0.2606428265571594,0.33701014518737793,0.3233644366264343,0.2168150246143341,0.2783369177554457,0.1994285592005991
0,0.11936847785074008,0.01039674412459135,0.00029217873996883694,0.007388528264234395,0.07525493204593658,0.006362301297485828,0.030132567510008812,0.016130033880472183,0.18436550723726108,0.03523196008495669
0,0.19938139520839485,0.08441726118326187,0.012138470732317615,0.0868515004955446,0.13776247203350067,0.05983211472630501,0.07722281664609909,0.13423360884189606,0.23763021551569408,0.1016010081964309
0,0.49335843284146186,0.6675317883491516,0.3000637622588097,0.62587518272314,0.6027308702468872,0.5903639197349548,0.5644336938858032,0.5063485503196716,0.6271565593325561,0.5450224911573768
0,0.7251792413644599,0.7209686040878296,0.8401069373263821,0.6714819152970896,0.7338987588882446,0.6022847294807434,0.6715177893638611,0.537998378276825,0.8262348603553066,0.6912779340638279
1,0.20446963740191643,0.12344958633184433,0.009289458337984053,0.08657568317069332,0.36400216817855835,0.14382515847682953,0.009405980817973614,0.04661460593342781,0.25418319860861754,0.12918485081071127
0,0.18718463631536214,0.08664827793836594,0.013503697338533226,0.05976930668740475,0.10835722088813782,0.0009079380542971194,0.0015349093591794372,0.0003494748962111771,0.2334446674558055,0.06262945193038841
0,0.22682733721134352,0.10713137686252594,0.0016865982576743759,0.039955657501570936,0.2170155793428421,0.15768860280513763,0.08216235041618347,0.2843669652938843,0.24156219045418606,0.14038400738497564
0,0.1349450684097078,0.03627300262451172,0.00438009345711147,0.0907344124664745,0.03247464820742607,6.455470429500565e-05,0.00012143508502049372,9.740536370372865e-06,0.2038695266134423,0.041279974070047326
0,0.5030996124156544,0.5641973614692688,0.13061366460646354,0.5417694852692528,0.5431983470916748,0.4973505735397339,0.533957839012146,0.5033578276634216,0.5959408356771088,0.4786360409253569
0,0.20525975248080186,0.03704481199383736,0.003984829266694741,0.008475473000256771,0.3264819085597992,0.11335022747516632,2.9298767913132906e-05,0.042996834963560104,0.23970961087790757,0.09688117044212338
0,0.22717741759754634,0.21214693784713745,0.005518032489529828,0.12146321414657395,0.1263704001903534,0.00037386242183856666,0.010737406089901924,0.0020838123746216297,0.2716733126698749,0.0957666730619343
0,0.5440092915723727,0.5303955078125,0.7806809484629912,0.5501045797248274,0.5511745810508728,0.11132236570119858,0.3551470637321472,0.57952880859375,0.6243973295565798,0.507478255116059
0,0.4355870680849817,0.28243139386177063,0.06989667109779073,0.267889695825073,0.48934343457221985,0.4331364929676056,0.607219398021698,0.4584842622280121,0.47492229231285155,0.3754580495663113
0,0.3421522424277299,0.25711333751678467,0.072300284817396,0.09732501546893807,0.44532957673072815,0.2683512270450592,0.01483816560357809,0.09878839552402496,0.3744501439518735,0.20736135375953973
1,0.4713146617777601,0.35322698950767517,0.15864919158454463,0.305071645729945,0.613156259059906,0.4255272150039673,0.6441016793251038,0.5277088284492493,0.5129108548110884,0.4330683860418319
0,0.5084165751673573,0.5645604133605957,0.18641719074848187,0.4400443714993161,0.4793494641780853,0.4500802457332611,0.4961857199668884,0.43308883905410767,0.5907824502357995,0.44667706691884
0,0.1218356464055608,0.03598376736044884,0.0018328920935226614,0.04522986184076397,0.15033932030200958,0.03422273322939873,2.2028764306014637e-06,0.012727607972919941,0.19156819093378022,0.05374074102991591
0,0.1844014833543908,0.23881325125694275,0.06956223866556203,0.19128098011726363,0.31973445415496826,0.27186867594718933,0.27230942249298096,0.2085738182067871,0.2617406349251362,0.21829353333779306
0,0.36920778225112266,0.32814618945121765,0.035384789958454975,0.24112950901780347,0.18825478851795197,0.00033936905674636364,0.0007658730028197169,0.06868139654397964,0.4006092291158948,0.166065144746453
0,0.2704838594566988,0.10672959685325623,0.007604615511338414,0.049340534460501746,0.09198726713657379,0.025642957538366318,0.27740371227264404,0.03267374262213707,0.296296424569909,0.10864519310274659
0,0.4210873552592204,0.6326373815536499,0.3430467590540884,0.5857568736859721,0.6664450764656067,0.2975713014602661,0.5357097387313843,0.5326763391494751,0.5237825438672676,0.5046198747266268
0,0.2139668938074657,0.07146185636520386,0.0037276828640178624,0.06940849247887679,0.15823747217655182,0.0702248215675354,0.2304956316947937,0.3173072338104248,0.23034150816203347,0.13973285056339924
0,0.17293187011783628,0.18330998718738556,0.001419858738290791,0.06603815703541226,0.34007152915000916,0.09765521436929703,0.3583920896053314,0.32769373059272766,0.20994849902431426,0.18953642024987127
0,0.5475785190453878,0.6075901389122009,0.20419743201525878,0.4468646462910359,0.5920091271400452,0.3461344242095947,0.4552517831325531,0.5361056923866272,0.6022440035497071,0.4714916897521887
0,0.4059786392255779,0.5048805475234985,0.016893325440051992,0.40270882655862644,0.4821092188358307,0.4303610622882843,0.5250561833381653,0.3552519679069519,0.487285623957203,0.39042704511161075
0,0.2553928031664106,0.42164885997772217,0.01745257893123694,0.23580305672619614,0.38157761096954346,0.3383256494998932,0.20326727628707886,0.42407867312431335,0.3011398916777144,0.28554644573670246
0,0.4260761623955198,0.4598239064216614,0.010286573042240562,0.40340945221745605,0.5252465009689331,0.6834839582443237,0.40244871377944946,0.545555830001831,0.4994839336822222,0.43036464717944867
1,0.6476882646829982,0.6991075873374939,0.5040470884147795,0.48816611473896926,0.6954479217529297,0.8080906271934509,0.6453364491462708,0.5448075532913208,0.7543532845860352,0.6279308434293546
0,0.45250313534319014,0.28911933302879333,0.011888077136750556,0.15158284559013488,0.6087221503257751,0.006534979213029146,0.13331234455108643,0.6151689291000366,0.38362550477724044,0.2907454769090886
0,0.8203314588381483,0.9023171663284302,0.7725095960759473,0.8507377520233304,0.9293443560600281,0.9440956711769104,0.8174154162406921,0.9357298016548157,0.8780404179153727,0.870888209994417
0,0.12941880187952864,0.05296558886766434,0.00148665397744994,0.018897456367572056,0.19086246192455292,0.02878071367740631,2.9260042992973467e-06,0.0017402461962774396,0.1935699199298911,0.05690471869857825
0,0.2786777306586087,0.05043857917189598,0.01773186509281634,0.053628085563003844,0.024751845747232437,1.7888178263092414e-05,1.0374606063123792e-05,6.138471917438437e-07,0.2963190201609131,0.05944011910376788
0,0.221432348587454,0.16703446209430695,0.006145804463201601,0.16055786450686527,0.33034658432006836,0.34627407789230347,0.2894001007080078,0.14450347423553467,0.2918384485936911,0.2065962831367913
0,0.15996385957718828,0.10653853416442871,0.02685729850467689,0.048119780943200526,0.1476370394229889,0.03031850978732109,0.0395314022898674,0.07277077436447144,0.2121053460428436,0.08227560280550845
1,0.3919193768334889,0.5306395888328552,0.10629449406481548,0.42877899446516576,0.5563850402832031,0.36336687207221985,0.25312116742134094,0.3894845247268677,0.4655701723433268,0.38359657638553957
1,0.7461936399224877,0.8347101211547852,0.8194341029671531,0.8156081189404266,0.8702540993690491,0.875999927520752,0.9982483386993408,0.9501846432685852,0.8424286085280551,0.8574629526162997
0,0.3037843438154596,0.4025220572948456,0.7626644360128678,0.4402313275045536,0.38834184408187866,0.22305671870708466,0.08499488979578018,0.3717776834964752,0.41838312513905734,0.3780290535671661
0,0.2206313307433932,0.006194968242198229,0.002579016048487577,0.0069597700231584046,0.2509002685546875,0.0938728079199791,2.7046000923292013e-06,0.038338206708431244,0.2483009618190512,0.08195404224880018
0,0.13311072648668354,0.02223566733300686,0.004644495945608152,0.04299924185723251,0.1557028740644455,0.06575754284858704,1.1249926501477603e-06,0.0025473975110799074,0.20050392171754625,0.05674455299811908
0,0.6529653135879124,0.8345687985420227,0.9324287197934801,0.6842052223521653,0.7718786597251892,0.8542409539222717,0.7055054306983948,0.6589876413345337,0.8013800670442075,0.7603181933166407
0,0.506536070483486,0.6163398027420044,0.5004327501511694,0.37601897717941324,0.3673408031463623,0.0037318214308470488,0.017222072929143906,0.04069822281599045,0.594966768170507,0.32143761164686085
0,0.23515381872597552,0.06619893014431,0.007513266937087857,0.04536120293933513,0.18885108828544617,0.10446686297655106,0.0005200044834055007,0.05314737558364868,0.2651427301823504,0.09258288500875408
0,0.5463168724555435,0.6641979217529297,0.3481836576360503,0.5139673458220738,0.6351200342178345,0.4649013876914978,0.516215443611145,0.5956705212593079,0.6305971750853083,0.5380512330114269
0,0.46094610676962894,0.35016220808029175,0.6569814761897914,0.17126005480600776,0.5162588953971863,0.24096503853797913,0.021456578746438026,0.4557536542415619,0.48785422545172463,0.36631621579575685
0,0.4066236730407259,0.2290099710226059,0.1592292341583954,0.24302249647330382,0.39789581298828125,0.3070829510688782,0.47625666856765747,0.31841951608657837,0.45183710994000753,0.31541720205011825
0,0.33323847151285974,0.1802227795124054,0.03437932193028005,0.09235751529582902,0.4746513366699219,0.3027344346046448,0.07301685959100723,0.5634738206863403,0.30894027353520465,0.2580623458463799
0,0.17199484891556618,0.05468311160802841,0.0065988016791436125,0.07316324230517329,0.2342122346162796,0.03389055281877518,0.00011548696056706831,0.014393736608326435,0.22464623423004665,0.07895536478075801
0,0.3680287936678215,0.25392451882362366,0.013868482577619272,0.15420437286698024,0.42587342858314514,0.08536036312580109,0.4312092363834381,0.24807363748550415,0.37764695211685656,0.24872385712635814
0,0.24440082978915612,0.17768315970897675,0.04804037079066222,0.12936765740618328,0.3534274697303772,0.24471943080425262,0.015160750597715378,0.411700040102005,0.26128215231797597,0.2054579521825624
1,0.4354037930896798,0.41208258271217346,0.17301765780999415,0.27300058217122697,0.38989225029945374,0.10135975480079651,0.433071494102478,0.3234604001045227,0.4666339758521908,0.3208137994372396
0,0.11907859937358609,0.033182401210069656,0.0008652255974009946,0.039725123645332844,0.18322578072547913,0.025190917775034904,0.03212825208902359,0.11524758487939835,0.18073411357297306,0.07058590268481314
1,0.1750708740700535,0.07117363065481186,0.007485926352742141,0.05447994600134387,0.19838139414787292,0.07704795897006989,0.13460971415042877,0.1987575739622116,0.21374748080208414,0.11482759788884031
0,0.1319224816465414,0.06188838928937912,0.0008759337460632553,0.05228426975837235,0.08643388748168945,0.034328389912843704,0.11397524178028107,0.07255203276872635,0.19616086855916245,0.06997969274823151
0,0.24051375113405804,0.04891614615917206,0.0009156148328717899,0.06499867472231415,0.18672193586826324,0.039522767066955566,0.28654158115386963,0.2403850108385086,0.2531433719858257,0.13690529089075243
0,0.4582068147233127,0.21390704810619354,0.026189610815427155,0.45115105102716274,0.4645722210407257,0.23858338594436646,0.13592004776000977,0.8961412310600281,0.42692343955726575,0.36417671814498564
0,0.2709043223336182,0.24898318946361542,0.03507845871643697,0.27363048712503335,0.2623751163482666,0.03251965716481209,0.16554807126522064,0.212283194065094,0.31211760914743897,0.19314866423465776
0,0.46739081999319515,0.5250200629234314,0.6212172028786627,0.47345170583213825,0.4910362660884857,0.11110758036375046,0.2124919444322586,0.2743484675884247,0.5689299393871476,0.4077533348123697
0,0.7082376635830357,0.8693721890449524,0.9053793692697717,0.8294174432466418,0.8211276531219482,0.8973305225372314,0.9985179305076599,0.955292820930481,0.8304234388618121,0.8655819658805285
0,0.21449949576446228,0.07644322514533997,0.02477326870469652,0.15316886938300908,0.2326032668352127,0.0006403431762009859,0.054065726697444916,0.0124589204788208,0.2640795076000374,0.10240811241916614
0,0.5616388090471688,0.6943284273147583,0.3825781662851377,0.4877659874731213,0.7249500751495361,0.7213470339775085,0.8483409881591797,0.7876011729240417,0.6524916391459832,0.6432589673316931
0,0.33430762338791775,0.14099641144275665,0.05067223698032843,0.1863762951399819,0.36367130279541016,0.32291972637176514,0.09507151693105698,0.3883094787597656,0.3493032745539944,0.23763107372505532
0,0.6716567121301672,0.7193651795387268,0.5743875440132524,0.7213529257488233,0.7577195167541504,0.7691097855567932,0.5537303686141968,0.8087433576583862,0.7729919369128344,0.698575625828054
0,0.17029478027113584,0.10590392351150513,0.0031378881933461417,0.061892652635996616,0.20900703966617584,0.2934263348579407,0.1501440852880478,0.07927199453115463,0.24005544833060968,0.13329868711001877
0,0.17984438909367298,0.5204150080680847,0.09147019886487331,0.2861232101818556,0.27361899614334106,0.23224663734436035,0.24125660955905914,0.2770457863807678,0.26960445232037494,0.2642881211904812
1,0.7595272689324613,0.6221415400505066,0.7609717858311804,0.7678210403689871,0.885616660118103,0.7188265323638916,0.038691263645887375,0.6537703275680542,0.8333802334827868,0.6663822763398788
0,0.29920367031404516,0.02648351527750492,0.00882454861326612,0.029514160492618687,0.13996616005897522,0.05146753415465355,0.20134833455085754,0.22801651060581207,0.29012704335204276,0.12340365534562678
0,0.2879893389643987,0.13611871004104614,0.018134773440729394,0.06391947160380086,0.23334626853466034,0.19536879658699036,0.13531555235385895,0.40472614765167236,0.28068337141006605,0.18419800514061113
0,0.3073862593954761,0.3067566752433777,0.11784390205976032,0.15344703600944154,0.3481229245662689,0.4056280851364136,0.36593616008758545,0.2584066689014435,0.36438439496445474,0.28046460101644133
0,0.2757448029687283,0.12723129987716675,0.04414375514549707,0.12233321527596289,0.28766098618507385,0.0006844155723229051,0.000919593614526093,0.012222728691995144,0.3052398863100143,0.11773760141406517
0,0.19517259511671486,0.01136331632733345,0.00034469452116553796,0.04432573379402109,0.040003158152103424,0.004014169331640005,0.06665615737438202,0.07064806669950485,0.22936999917397438,0.05649965098175745
0,0.2082184942358335,0.30093130469322205,0.01904151972948419,0.11486178513653604,0.22383789718151093,0.048478301614522934,0.007429568562656641,0.10555481910705566,0.2528749918114566,0.13539653921751035
0,0.15436297142908367,0.05237523466348648,0.00023734699748745699,0.03509837694967482,0.1938285529613495,0.032427068799734116,0.10676486045122147,0.34293851256370544,0.18279256233545838,0.11381163212172128
0,0.29612871031841415,0.20691736042499542,0.11265154859878279,0.19124576672915022,0.39519035816192627,0.13484126329421997,0.0003221366205252707,0.14077360928058624,0.3351091474388286,0.19313025045487064
0,0.20673503368608528,0.1582830399274826,0.015837963751399488,0.12854832840401492,0.18182192742824554,0.35795408487319946,0.16422399878501892,0.1397351622581482,0.27586439926301,0.16829529144576227
0,0.49361767893801933,0.3317188620567322,0.1600988788895398,0.4807088303987432,0.49181678891181946,0.5558351278305054,0.0055284625850617886,0.6920160055160522,0.5347172622139984,0.4079458278729893
0,0.45687699893179784,0.20351190865039825,0.016947313347756156,0.086963435484066,0.4782961308956146,0.07763336598873138,0.284339964389801,0.2950705885887146,0.429333096318456,0.24208529451441108
0,0.38520473527758653,0.6893848776817322,0.09128146574079782,0.4383803144941579,0.49816229939460754,0.5582940578460693,0.42368239164352417,0.7668424844741821,0.44066608924516415,0.47921030187478286
0,0.5259971724791458,0.33542826771736145,0.0772781827377103,0.3699673833595369,0.5410488843917847,0.5369224548339844,0.7642874121665955,0.3957999050617218,0.6001906213408111,0.4381890812334322
0,0.15230533058019874,0.07588852196931839,0.0035953658342559053,0.03923098493633709,0.21796967089176178,0.024986393749713898,9.492748176853638e-06,0.0028395119588822126,0.20929823774306508,0.06947578952339732
0,0.22048030939755814,0.13231706619262695,0.009334341995178696,0.07393559459465349,0.2129720151424408,0.05390911176800728,0.32112064957618713,0.31555190682411194,0.23772905267089023,0.16466134871351198
0,0.29322136152157824,0.2633298337459564,0.03591811242353349,0.22814297904228267,0.3055630624294281,0.017117930576205254,0.16984379291534424,0.2856419086456299,0.31256128996901694,0.20501973163374412
0,0.5896014857212949,0.5855523943901062,0.393508326657054,0.6227712964599273,0.41312819719314575,0.1848403811454773,0.21676549315452576,0.30824172496795654,0.6856252431166263,0.42818755303501055
0,0.33649207484337523,0.4201483130455017,0.3908950995421798,0.3616510683789952,0.3467893898487091,0.417898565530777,0.34209537506103516,0.21982665359973907,0.45549821209209745,0.35544003962003545
0,0.5088156512894451,0.6824211478233337,0.6829533948071471,0.6291829076539399,0.7007190585136414,0.8763843178749084,0.691694438457489,0.5885871052742004,0.6871687449111374,0.6651420879932967
0,0.5740019835507327,0.6929911375045776,0.5580382696603123,0.5918077774699025,0.617844820022583,0.47000852227211,0.5545888543128967,0.47294336557388306,0.697318138288009,0.5702800466198916
0,0.44086977457487675,0.2297840267419815,0.029472055170133682,0.45895238230304014,0.6685664057731628,0.7379158139228821,0.7906231880187988,0.7245699167251587,0.5094776669715989,0.498590729982186
0,0.23310190511708023,0.061732787638902664,0.0022780158615032685,0.07299138721581935,0.32572150230407715,0.34906288981437683,0.23375414311885834,0.24456708133220673,0.27201608003219563,0.18746077742456574
0,0.26493311433020933,0.1493743509054184,0.007665671068585369,0.061505824087702554,0.2740890681743622,0.24316908419132233,0.020392468199133873,0.0660557672381401,0.30197324469598147,0.1407307103782447
0,0.4196657559194432,0.19808125495910645,0.13766679011203903,0.34460249817550087,0.41167372465133667,0.2988836467266083,0.48295870423316956,0.4825814962387085,0.4558831954957941,0.3447611114691743
0,0.5352803411314182,0.596167266368866,0.2553864205080284,0.5663630906743133,0.6645830869674683,0.4509701132774353,0.6096811890602112,0.6028337478637695,0.6217262492937992,0.5361370507451184
0,0.4217585687477212,0.5732376575469971,0.693494909769579,0.6980805257707561,0.41389721632003784,0.4960786700248718,0.2967960238456726,0.2718821167945862,0.6181480994253565,0.4893859115437812
0,0.23007124327436979,0.05409453809261322,0.0038388476106720588,0.09055861548140279,0.2209167331457138,0.35047411918640137,0.19578883051872253,0.21536464989185333,0.2752559548885605,0.16762133601168436
0,0.44765679167273204,0.37168627977371216,0.07765047127293348,0.2201168313967622,0.42049509286880493,0.13872425258159637,0.3655392527580261,0.34150752425193787,0.45838210326790707,0.3016907475729104
0,0.44547432318278346,0.4879159927368164,0.704533203116755,0.6293337834382209,0.5533161163330078,0.44643816351890564,0.6881273984909058,0.4831641912460327,0.6035347953499501,0.5518108825859778
1,0.8862326249083065,0.9654238224029541,0.9806522886531274,0.9526447885422331,0.9981653094291687,0.939269483089447,0.9818903207778931,0.9418697953224182,0.9146753664802174,0.9544806825244854
0,0.37832697574472873,0.26703256368637085,0.08576220068199206,0.2659428739653464,0.546064019203186,0.49054569005966187,0.31108516454696655,0.38350650668144226,0.4300062390889696,0.34103471497345433
0,0.48941659744387084,0.38782602548599243,0.3422067273093054,0.2192361501767033,0.4644528925418854,0.45558953285217285,0.5135067105293274,0.5404119491577148,0.527246810353998,0.42277127273284454
0,0.14941046780131761,0.04470598325133324,0.0012459336408809222,0.028732399495986778,0.19699719548225403,0.015330527909100056,2.9978278348608e-07,0.0004417012969497591,0.20518582054802495,0.059102444140542984
0,0.2489475848325929,0.13590960204601288,0.06292198155116291,0.12999907547043896,0.2292563021183014,0.17025263607501984,0.06236282363533974,0.21176405251026154,0.282012249577933,0.1596184291879431
0,0.5891699370364899,0.806710958480835,0.4256943093416806,0.7648550930165763,0.7479445338249207,0.9245325922966003,0.9325875043869019,0.9239979982376099,0.7269600281627727,0.755659378865837
0,0.187537906038229,0.05938488245010376,0.02525327923911082,0.06386260850487757,0.0537848025560379,0.015127004124224186,0.02794928103685379,0.042661696672439575,0.23206507354533626,0.06320397747528574
0,0.2505155144844662,0.05066870152950287,0.02270072810675684,0.07702580449095164,0.11259979009628296,0.04809243977069855,0.2153215855360031,0.15156498551368713,0.27191891019422926,0.11638658931137706
0,0.2569123414947646,0.04294171184301376,0.02061550730678722,0.013561179901725184,0.3793381452560425,0.09140817821025848,4.7629706386942416e-05,0.011909661814570427,0.27838139082201063,0.10865890210606516
0,0.15019693465834932,0.06620727479457855,0.02563492823596202,0.07364549977689942,0.18006600439548492,0.04238736629486084,9.190839773509651e-05,0.019228827208280563,0.21302050246433846,0.07415882266879739
0,0.28270941323559684,0.2865726947784424,0.4837601492343393,0.20670046979034523,0.17429034411907196,0.05725006386637688,0.2485320270061493,0.15944865345954895,0.35446760259778143,0.23968408269443975
1,0.4242455860047351,0.21042078733444214,0.09405668100198068,0.374398746778767,0.5390211343765259,0.4385591149330139,0.40365052223205566,0.2720527946949005,0.5022308787379615,0.34586267642122237
0,0.2508950054390368,0.4500444829463959,0.588137814887339,0.2717787433222205,0.3429940342903137,0.06601788848638535,0.02804841287434101,0.09928610175848007,0.35173719775772994,0.27120814625995704
0,0.39258977151440794,0.4942377209663391,0.15019772361420733,0.31460035119984486,0.6092907786369324,0.0025519218761473894,0.6893181800842285,0.709213137626648,0.3821969429211485,0.41720235921836835
0,0.20083769117380584,0.1412227898836136,0.022023072321970517,0.0566323366436356,0.25775688886642456,0.00022480657207779586,0.019615694880485535,0.007556311320513487,0.24252987845075893,0.09467912675805794
0,0.3489346945780252,0.26778870820999146,0.014938201064881834,0.24080246582883344,0.32302403450012207,0.1844821274280548,0.3744221031665802,0.15612012147903442,0.39761456847106263,0.24092543939916533
0,0.704399502489549,0.7624045014381409,0.5721955292549206,0.7998834452160546,0.7193651795387268,0.8300488591194153,0.7393009066581726,0.7333454489707947,0.8173739579740789,0.7321443753648501
0,0.6135144135000413,0.7009689807891846,0.6408643154705184,0.540996250918433,0.5442317724227905,0.437098890542984,0.5064142942428589,0.5457962155342102,0.7127666647563718,0.5701837137878708
0,0.3633661382753606,0.17866083979606628,0.012685763069832453,0.15297360019700684,0.2729976177215576,0.14714732766151428,0.16328324377536774,0.34996649622917175,0.3569188337999607,0.20832551777205416
0,0.4003091819858869,0.30589786171913147,0.026299618368209477,0.3126771347577543,0.24982553720474243,0.00034788710763677955,0.06333497911691666,0.08108425885438919,0.43894581286900497,0.19225696027455919
0,0.3193797746230464,0.18354259431362152,0.016429800064022,0.23565044395441395,0.41704753041267395,0.4066585600376129,0.347236692905426,0.2832396924495697,0.37289988283165587,0.2746557488850214
0,0.4553509538336844,0.4357423186302185,0.1050501675531295,0.23658169450560604,0.47717225551605225,0.4177994728088379,0.45597049593925476,0.3675748407840729,0.5008577685649582,0.36883742386590346
0,0.7618819837794655,0.9341003894805908,0.9726507237728059,0.9470775942772375,0.9384493231773376,0.9748342037200928,0.946535587310791,0.8863013386726379,0.8761036275500291,0.9168306619918061
0,0.32748128190639897,0.23964770138263702,0.2177546125107562,0.16640401630916907,0.29678967595100403,0.00023390153364744037,0.020580139011144638,0.00036384823033586144,0.3712519675717921,0.16908770620979113
1,0.7855797930732118,0.8934729695320129,0.7975417162384298,0.891155219281493,0.8402398824691772,0.5410593748092651,0.7570522427558899,0.7656261920928955,0.8585201519908449,0.7893283537709563
0,0.27530282826646585,0.21870525181293488,0.10177683678265197,0.12802640008696986,0.36383065581321716,0.1185549944639206,0.0026781540364027023,0.16968639194965363,0.3038560188672031,0.1794167639183431
0,0.2554622659270919,0.2766818702220917,0.013506729427686428,0.17340662214800687,0.578158974647522,0.008474462665617466,0.2332601547241211,0.006103344727307558,0.30585220810737784,0.2004847473992212
0,0.314163725021834,0.41795477271080017,0.0977422378632517,0.21074886168557935,0.4043859839439392,0.1583498865365982,0.0008273598505184054,0.4735560715198517,0.3197067047689979,0.26666156251712625
1,0.521192054200427,0.4166789948940277,0.7224127938069913,0.545015881690082,0.493673175573349,0.5638113617897034,0.43612173199653625,0.4851839244365692,0.6557243528900686,0.5234305678858875
0,0.17061892456353714,0.1071181371808052,0.001940542422828358,0.03980574467368871,0.16002154350280762,0.06967135518789291,0.3220110833644867,0.28654059767723083,0.2057534224284445,0.14025933333281534
0,0.5474564728016469,0.5555868744850159,0.2947909265345044,0.6494283336717077,0.5640304088592529,0.5766277313232422,0.7974933981895447,0.8255412578582764,0.6379870518221294,0.595254056007134
0,0.5256460016865016,0.631013810634613,0.6378105558065899,0.6141165553599952,0.6890724301338196,0.5409774780273438,0.6183180212974548,0.6194414496421814,0.6565684603986687,0.6090074768102949
0,0.15278042662710772,0.1270384043455124,0.01932304558707635,0.11687735744638172,0.1592523157596588,0.10798588395118713,0.0535772331058979,0.1862400770187378,0.21146136864475076,0.11729063896318419
0,0.47632402317234546,0.5580359697341919,0.4467265963083792,0.5711092564834883,0.5866281986236572,0.5527667999267578,0.6511834263801575,0.5819787979125977,0.5996573273376488,0.5501264800061614
0,0.5999623446393572,0.596630334854126,0.12502182980563117,0.6042674816169624,0.9824506640434265,0.8642616271972656,0.3969435393810272,0.40772902965545654,0.7229673082286635,0.5789066150406269
0,0.35193203949535834,0.6948763132095337,0.5321644486491011,0.6312850800477209,0.5416584014892578,0.19257168471813202,0.26847103238105774,0.4421476423740387,0.47981653744754676,0.4651538364544663
0,0.46027976750160454,0.32983556389808655,0.17366615010800077,0.5168718928069835,0.6305895447731018,0.5363214612007141,0.7205540537834167,0.2790853977203369,0.5888986574852713,0.4532499860210196
0,0.40617552949089664,0.3463265597820282,0.28132499735909716,0.1442468607132221,0.2057570070028305,0.0005145996110513806,0.3373659551143646,0.17300592362880707,0.4318838991372388,0.24066352622563236
0,0.6235388830429234,0.6838969588279724,0.7817906391541964,0.6945228351918329,0.7479697465896606,0.6142982244491577,0.33842289447784424,0.7789880633354187,0.7337665367651491,0.6635743610294728
0,0.3062733200533187,0.17446577548980713,0.020038380962568048,0.18879517729810433,0.02363181859254837,0.00026933764456771314,0.006339408457279205,0.00023866364790592343,0.34315321107848534,0.09887877751506817
0,0.16138263431830058,0.07960311323404312,0.00024524836436709985,0.06957132295951345,0.23352280259132385,0.09912483394145966,0.0016536162002012134,0.15285968780517578,0.20972716391949225,0.10295869084502995
0,0.17312626166711842,0.06440270692110062,0.02477430405083558,0.09734142850958816,0.41960519552230835,0.1794474571943283,0.21720218658447266,0.45280298590660095,0.2031057958935789,0.20030668156210887
0,0.16027079020661975,0.13395419716835022,0.010362520377807225,0.04145747308634809,0.1925513744354248,0.07686880230903625,0.09317460656166077,0.36110594868659973,0.18992906962463804,0.13311751418806383
0,0.2927476871825954,0.28065550327301025,0.026311065508591105,0.15426975207668392,0.19792558252811432,0.027851523831486702,0.5782725811004639,0.19771982729434967,0.32469300191711375,0.21613954873756272
0,0.1308848242341471,0.09749920666217804,0.0028994648107455116,0.05698448186891069,0.10396973043680191,0.020835310220718384,0.024026192724704742,0.01663622260093689,0.19892851056894725,0.06023912976938568
0,0.27542327840547093,0.2216106802225113,0.005985039570744554,0.07924112515473226,0.3598152697086334,0.4976072907447815,0.27496299147605896,0.4008522927761078,0.3050487799905598,0.25981536354827506
0,0.1900960920570399,0.10008225589990616,0.045781618594629876,0.11241198519982724,0.24900157749652863,0.1453130543231964,0.0005910387844778597,0.010058700107038021,0.25386848843119697,0.11192967498332475
0,0.38782381442015096,0.2935597598552704,0.1423619062824327,0.04027537184052682,0.2833947539329529,0.26708224415779114,0.14104057848453522,0.3585876524448395,0.38127757177359434,0.24146169342055346
0,0.6292977227511874,0.4640221893787384,0.3736615338622036,0.6340332587280592,0.6383139491081238,0.5077402591705322,0.6242387890815735,0.43758711218833923,0.7350674414362351,0.5414324822650556
0,0.3376185461587806,0.2350398451089859,0.024400449120255206,0.1850488233348187,0.3356567621231079,0.36794108152389526,0.2930508553981781,0.33929160237312317,0.3698580056934637,0.26384107179822325
1,0.5529874120621444,0.6778082847595215,0.03167757311120538,0.7336776752599736,0.7380979061126709,0.11364967375993729,0.7125633358955383,0.6567829847335815,0.6138735761856403,0.5326235592238417
0,0.5321263766595907,0.41463834047317505,0.2844877058734038,0.28603955407915105,0.5932458639144897,0.5660151839256287,0.01309655886143446,0.40460848808288574,0.5857729198628966,0.3955735003595665
0,0.3064907653556103,0.22468413412570953,0.06307051447792056,0.2151135174636198,0.45583412051200867,0.6103445887565613,0.1893979012966156,0.4749838411808014,0.3535857135809099,0.3150792896756964
0,0.21622559528343366,0.07444854080677032,0.002274694360078276,0.04284485064397258,0.2745180130004883,0.28906485438346863,0.22953841090202332,0.14643138647079468,0.262028020535656,0.1572873514062042
0,0.1719561525828034,0.17817185819149017,0.015046287158429773,0.054499476396919794,0.29881927371025085,0.04613165557384491,0.006300575099885464,0.5579835772514343,0.17829439761546265,0.16689811598048337
1,0.30666287120236335,0.17902511358261108,0.03891253046611364,0.0583446834857458,0.38226616382598877,0.3919273316860199,0.3353935182094574,0.32669705152511597,0.3278395989066855,0.24855536462021594
0,0.5575277148574012,0.42977166175842285,0.039741334286186036,0.3559716986972431,0.5901041626930237,0.5245470404624939,0.18292176723480225,0.45499134063720703,0.5970784690260443,0.3992214366572263
0,0.13167483682736172,0.020726213231682777,0.0002817974916524452,0.037838623717184335,0.11989414691925049,0.01636524684727192,0.08538272231817245,0.18445992469787598,0.18217854608269382,0.07469264943937325
0,0.8177934658797654,0.8958093523979187,0.9348269292142986,0.8755068915576647,0.8433247804641724,0.8213850259780884,0.880435049533844,0.8499637842178345,0.8847904335395851,0.864285232603426
0,0.4209373724415655,0.3879343271255493,0.02983480637026039,0.3263140259348658,0.5443495512008667,0.4293920695781708,0.4322120249271393,0.370122492313385,0.4781736191326153,0.36840471467580094
0,0.3043994518835754,0.335332453250885,0.06668180267795226,0.14804913663259706,0.31528374552726746,0.41183310747146606,0.31522735953330994,0.25234994292259216,0.3583237195373514,0.2671675985127302
0,0.5269771159001045,0.6481071710586548,0.5806575582967194,0.5655490908552128,0.5644726157188416,0.6763313412666321,0.7189135551452637,0.5546436905860901,0.6710511450105872,0.6002296912386196
0,0.28252563436972944,0.17467103898525238,0.01876512732412269,0.1712379875914175,0.34025558829307556,0.29813578724861145,0.227337047457695,0.4140922427177429,0.3034686797982697,0.23966552961335755
0,0.1990283890571514,0.2633952796459198,0.14272419017305024,0.06782849502304135,0.2618321180343628,0.16130980849266052,0.010435626842081547,0.12449946999549866,0.25325454289531235,0.15836019732885676
1,0.4914119504325341,0.3454728126525879,0.019422234039024433,0.39219842314346903,0.5226603150367737,0.41740939021110535,0.5893669724464417,0.549396276473999,0.5308527918541043,0.4135611034542476
1,0.7238982109792202,0.8737722039222717,0.8741245372615445,0.8581496684367328,0.7276936769485474,0.9494657516479492,0.8356758952140808,0.7449108362197876,0.8551574301168489,0.8207899528814455
0,0.2740182862509252,0.2684771716594696,0.8367238947896546,0.20359567245949584,0.20926372706890106,0.5451016426086426,0.009482501074671745,0.014640592969954014,0.4315926383130558,0.29756770720522724
0,0.40292354520339374,0.3539380431175232,0.02231147282098263,0.4157574433356188,0.43134668469429016,0.42151543498039246,0.42571821808815,0.5028485655784607,0.458128059149591,0.37134290714119145
1,0.7970109248849188,0.9126437306404114,0.8819510440645311,0.8498045128705122,0.880958616733551,0.9195063710212708,0.9768391251564026,0.937250018119812,0.8739414706943696,0.8899872578489487
0,0.20401655057136078,0.11388896405696869,0.08603213775851747,0.18264790572867579,0.06293340027332306,0.0011102521093562245,0.025860963389277458,0.0004557749198284,0.26724280213284624,0.09075489054894212
0,0.29604006860725923,0.17233483493328094,0.025516738157982524,0.2421962385394135,0.3378291130065918,0.13644015789031982,0.12616120278835297,0.47428807616233826,0.3007222902054844,0.22909186584001995
0,0.16379805926732252,0.1538499891757965,0.0019701330864626875,0.105984598218439,0.1832173764705658,0.23332171142101288,0.1536596119403839,0.10406117141246796,0.23589168838942462,0.13743915548141944
0,0.4502779761244505,0.4928549528121948,0.12626665328801104,0.42769180100351045,0.44459453225135803,0.323146790266037,0.6005929112434387,0.43691182136535645,0.5200374180155581,0.4121284426730177
0,0.28116771106819927,0.11813691258430481,0.005298296631530712,0.13762036096785854,0.3536170721054077,0.08283109962940216,8.306171366712078e-06,0.0024167450610548258,0.31703713298854674,0.1314817654399672
0,0.22660911895675184,0.07499706000089645,0.004724416002174115,0.07463659064798467,0.2135915607213974,0.041256435215473175,0.0014950096374377608,0.02712758257985115,0.2608148140413804,0.08921984978502231
0,0.32510333476581804,0.3118961453437805,0.542429899324046,0.5916035404337431,0.38539060950279236,0.4574728310108185,0.36331477761268616,0.3840183615684509,0.47662650157722247,0.41986825929416827
1,0.9120228033584777,0.9748604893684387,0.989276174322614,0.9733457240472769,0.9790935516357422,0.8173280358314514,0.9072989821434021,0.9407610297203064,0.9186217820827096,0.9387965553116999
0,0.33046701506719,0.26155588030815125,0.025048309941788045,0.1550415259877671,0.4260290861129761,0.4647195637226105,0.3289572596549988,0.2311810553073883,0.38354952129825837,0.27664280919680484
0,0.4483411462324276,0.5575191974639893,0.040417496800527655,0.41652780780862925,0.565924346446991,0.3717591464519501,0.42686909437179565,0.2799672484397888,0.5316525611910209,0.3934667203536006
0,0.5150457315165863,0.5845807194709778,0.4001726591880473,0.6696599578343964,0.6322414875030518,0.460092157125473,0.5399957299232483,0.5478426218032837,0.6381373695308559,0.5464936092630996
0,0.18758844890467652,0.06421595811843872,0.016233949493030454,0.11096706249927354,0.19736608862876892,0.276875376701355,0.182741180062294,0.20867830514907837,0.24424274203816665,0.15342844565227912
0,0.19233212554568213,0.14115403592586517,0.013048091657316034,0.13708045971472577,0.1977410614490509,0.17647972702980042,0.15455292165279388,0.16501282155513763,0.24858221165167457,0.1479210222129213
1,0.5189760723293239,0.7066641449928284,0.7183311031394802,0.696227075643539,0.56267911195755,0.4451017677783966,0.5081726312637329,0.34468039870262146,0.6939098830038198,0.5681252840174031
0,0.4049897584632028,0.36349233984947205,0.1746301880876242,0.34602776716461947,0.5172637104988098,0.31460559368133545,0.07372810691595078,0.250741571187973,0.47013853474162265,0.31500239980701966
0,0.48881697480645286,0.7489414215087891,0.9465412652355888,0.8327419319402958,0.8087946176528931,0.9709830284118652,0.9417648911476135,0.9702861309051514,0.6925619874751772,0.8261686949559248
0,0.22249602108969682,0.11341437697410583,0.0019697281965594025,0.09723657923315122,0.2751724421977997,0.11789531260728836,0.0025489742401987314,0.04406687244772911,0.2660400293086595,0.11534894781103422
0,0.17501003003958018,0.12184534966945648,0.010538730007384573,0.06106503389143821,0.0869997963309288,2.9457056371029466e-05,0.02548547461628914,0.0008530168561264873,0.22711047936904627,0.06501225699043192
0,0.42267905989127585,0.33330920338630676,0.028240342322131493,0.43426861042548176,0.4184660315513611,0.2727205157279968,0.672871470451355,0.5040360689163208,0.4715596530705234,0.382118092457572
0,0.5112369239635013,0.6268336176872253,0.3853297163100857,0.5152384151301043,0.7069183588027954,0.04146462306380272,0.7258582711219788,0.26949599385261536,0.6088077149871086,0.47815111228793405
0,0.5318614839828097,0.3506603240966797,0.09312440467680605,0.49241759759378334,0.5562198758125305,0.730462372303009,0.8508319854736328,0.26091840863227844,0.6658890926933543,0.4773077912836486
1,0.501511158899245,0.6963333487510681,0.8680576159356613,0.6772331824822095,0.5474217534065247,0.5758070945739746,0.7669243812561035,0.7268153429031372,0.6607947736068415,0.6643198141459962
1,0.48014409127300617,0.6077571511268616,0.5059414435245623,0.5209910894213325,0.4709625542163849,0.8093302249908447,0.47119224071502686,0.6471518278121948,0.6126557500638616,0.560525110827728
0,0.3987698280695978,0.46804845333099365,0.10038840143708,0.39750688451866983,0.5064308047294617,0.5973056554794312,0.307300329208374,0.46159061789512634,0.480441624608539,0.40569514529128425
0,0.35960407258939997,0.47011157870292664,0.048162191127716907,0.21001916610718344,0.5350629091262817,0.36294957995414734,0.3761165142059326,0.3579248785972595,0.40032300509211255,0.3408021403225784
0,0.18341565286399805,0.17196448147296906,0.006227393029359001,0.055585873256264746,0.35279929637908936,0.34263500571250916,0.33261680603027344,0.18344129621982574,0.2466609457739845,0.19918644112968364
0,0.3028535003515986,0.35871636867523193,0.07469605500781472,0.17219656613361195,0.376504123210907,0.4132901430130005,0.04329926148056984,0.4373626112937927,0.3307206044317309,0.27510564901365164
0,0.0980421279895352,0.0028482188936322927,5.461154929590755e-05,0.013631009179163359,0.1260664016008377,0.025738412514328957,0.02306114323437214,0.05829443410038948,0.1710536267855532,0.044980790296535525
0,0.42357340798665966,0.46933990716934204,0.6098655970188379,0.5302117814658451,0.48815545439720154,0.5628487467765808,0.5231809616088867,0.33632147312164307,0.5860760329400251,0.4917401544356746
0,0.1677961484503458,0.08498608320951462,0.023489668629420438,0.038246998240116216,0.17491552233695984,0.028799068182706833,0.3621130585670471,0.24960270524024963,0.20580015781790179,0.13659956618133534
0,0.17844005232089238,0.2987194061279297,0.10609289805338762,0.24006014453429278,0.235127791762352,0.030912624672055244,0.16894449293613434,0.18721437454223633,0.2488769032247777,0.18427777366312853
0,0.24767236807751036,0.1606079488992691,0.045225875008862784,0.12581856631151456,0.28818279504776,0.0002554293314460665,0.023296594619750977,0.001499819103628397,0.28750891744971285,0.11984632784911357
0,0.45071447250082,0.4667305648326874,0.09502615609509815,0.5728904750131585,0.6707155108451843,0.6908764243125916,0.6814271211624146,0.5280957221984863,0.5699277001395835,0.5154199087802371
0,0.22341476692797615,0.2926645576953888,0.1478059821900606,0.2612072234711686,0.34953558444976807,0.10638944059610367,0.43477481603622437,0.30943411588668823,0.2852238108983284,0.2637008060529503
0,0.7959353588402419,0.759586751461029,0.05528302578731532,0.8241343860079999,0.8246345520019531,0.8994061350822449,0.8294078707695007,0.897428035736084,0.8367787715808905,0.7350764447256779
0,0.4674664024368431,0.3872086703777313,0.06575064848787651,0.23901210404761433,0.6572602987289429,0.434116393327713,0.00015869476192165166,0.23535852134227753,0.510528118898367,0.32190674066376335
0,0.26737495125512367,0.1000111997127533,0.10678439775180996,0.3577272519868324,0.34799081087112427,0.3679102957248688,0.39221617579460144,0.15250448882579803,0.36849778848099074,0.25986689288439196
0,0.6692793150285961,0.6679397821426392,0.16210399282455126,0.632219022616724,0.7035300135612488,0.006879465654492378,0.09263698756694794,0.9153953790664673,0.6407375111025736,0.49797379823266885
0,0.24151564696718653,0.08275201171636581,0.0007684103382814764,0.05091907125407122,0.29332438111305237,0.3281400501728058,0.18016719818115234,0.12568765878677368,0.2855187215719034,0.1622875229697242
0,0.5620653316163203,0.6658545136451721,0.5801742419183604,0.7159301427945348,0.6532772779464722,0.4252018630504608,0.565563440322876,0.5513152480125427,0.694803374540802,0.5941330668529743
0,0.4741896826864854,0.571975588798523,0.12974928452378653,0.5242623552645497,0.5833661556243896,0.5646681189537048,0.6988710165023804,0.5633153915405273,0.5717075580931127,0.5103236387656258
1,0.8969930377382641,0.9631950259208679,0.9535494918389268,0.936714475341635,0.944981575012207,0.9708079695701599,0.4401879608631134,0.9297577142715454,0.9120925196305772,0.8883924874762027
0,0.30299656270324876,0.17624126374721527,0.02079502541723049,0.11491781338897164,0.2553723156452179,0.2099422663450241,0.14127713441848755,0.218422070145607,0.3240408457024266,0.1825968179901088
0,0.4801747504781979,0.5450502634048462,0.23035415313280583,0.4174550526248473,0.5079139471054077,0.030137108638882637,0.07195571810007095,0.40689945220947266,0.5098120797479323,0.3501664453521397
0,0.3968796600802559,0.3772884011268616,0.1143819517929395,0.3039189961504858,0.41693052649497986,0.21695521473884583,0.1203426718711853,0.28560927510261536,0.43869013387012884,0.2871478014410662
0,0.2521116468231071,0.06497368216514587,0.003141231194403367,0.14975791657240264,0.038741063326597214,2.0949864847352728e-05,0.0012292676838114858,0.0003457624407019466,0.2902546032592176,0.07072320778314131
0,0.5011224508956489,0.5487168431282043,0.1509881181954989,0.41741337063166045,0.4345029592514038,0.45119914412498474,0.4032668173313141,0.48594847321510315,0.5675673075857265,0.4266755295399186
1,0.4121155000406568,0.4421887993812561,0.6218349918004337,0.40552129306946044,0.3765639364719391,0.22949950397014618,0.20677465200424194,0.38321155309677124,0.5028169912469089,0.39027642920739836
1,0.6532059972645893,0.8469481468200684,0.30085203594580173,0.7171589923879242,0.668433427810669,0.4712250530719757,0.0801883116364479,0.4299403429031372,0.7523181596282197,0.5392117256215173
0,0.4229637311659005,0.38318511843681335,0.027830716644676092,0.17683800485160533,0.41464054584503174,0.350084125995636,0.48243585228919983,0.40287142992019653,0.4428564748625448,0.33059488019664285
0,0.46415081434545635,0.5134389996528625,0.5555000923448743,0.3854330787971993,0.5776283144950867,0.5571262240409851,0.8090315461158752,0.4994239807128906,0.5798399001760198,0.5372121910413403
0,0.15099461430488006,0.052146993577480316,0.002380679659072903,0.05212775800112399,0.0980047732591629,0.0005304040969349444,0.01478290744125843,0.0001731626398395747,0.20900352519773835,0.05044752344514204
0,0.4617380271231714,0.39256274700164795,0.20614631853229928,0.16651470935584656,0.35835304856300354,0.6133546829223633,0.39800119400024414,0.4532373249530792,0.5081265314996277,0.3775958441405045
0,0.13765604743821616,0.05296558886766434,0.003400571675440866,0.017838626908403217,0.19235780835151672,0.029420066624879837,2.993290308950236e-06,0.0017852308228611946,0.1982482957847323,0.05845708345275247
0,0.3616558883238627,0.25956782698631287,0.11114845213723663,0.276036362830507,0.423518568277359,0.3936234712600708,0.2651117146015167,0.09957116842269897,0.44654537832084107,0.2773678208613445
0,0.20967343361782173,0.17721129953861237,0.0038424157554459225,0.15818093868540797,0.17097410559654236,0.010552320629358292,0.0706157311797142,0.11981956660747528,0.2531595048920439,0.12028139790854109
0,0.2654709332013276,0.11686164140701294,0.7154832462294635,0.23154582280085398,0.23957942426204681,0.16141383349895477,0.1961742341518402,0.3367900550365448,0.3410903613340561,0.28197560354359247
0,0.2507388568477895,0.09847139567136765,0.006983394969932131,0.09844476555710215,0.2837129533290863,0.33506497740745544,0.17307732999324799,0.486370325088501,0.2608497497637373,0.21318945511392837
0,0.5584831168693227,0.6323786973953247,0.28409594128169285,0.57339004406278,0.7377259135246277,0.5399325489997864,0.5907653570175171,0.5249598622322083,0.6625261808443145,0.5575674569130904
0,0.4375113860254972,0.3605789542198181,0.17749978967559876,0.29610797962425356,0.4458910822868347,0.4633673429489136,0.4961532652378082,0.4371604919433594,0.4954016379510819,0.3866366820640638
0,0.3405016665720275,0.39260557293891907,0.24701849618329125,0.178058868407539,0.3511539697647095,0.27897533774375916,0.2882950007915497,0.23853781819343567,0.39630591234074675,0.29108998384216944
0,0.22445929982616036,0.07919038087129593,0.007116884521598021,0.07809383035225043,0.2785475552082062,0.08430206775665283,0.0004064159875269979,0.07921583950519562,0.2575910067524899,0.10957204516293495
1,0.6479556625779537,0.8866665959358215,0.9397599815569101,0.7802019540277916,0.7365920543670654,0.7608387470245361,8.76091216923669e-05,0.361463725566864,0.8154600753641397,0.6563251543616195
0,0.5340620919580433,0.5745187401771545,0.5270386733822348,0.5587000503528289,0.6341057419776917,0.352142870426178,0.5234893560409546,0.5307797789573669,0.635257762070216,0.5326184266081297
0,0.5870841319699587,0.7658423185348511,0.8344407493248738,0.7216058854685494,0.712438702583313,0.5948667526245117,0.08574478328227997,0.6763819456100464,0.720052560208322,0.6338890217233641
1,0.8884759049026401,0.9564328789710999,0.9884645640733761,0.9675587338991265,0.9804236888885498,0.9322697520256042,0.9779755473136902,0.9928136467933655,0.913825824518463,0.9589097587891207
1,0.5231946810126868,0.5951674580574036,0.6958903907472759,0.5901403673095,0.6744813323020935,0.9143210053443909,0.733966052532196,0.5142099261283875,0.7039213829555352,0.6488186604336773
0,0.48246805212521393,0.46364834904670715,0.3126571510333997,0.418573194346274,0.6479074358940125,0.007104146294295788,0.05949779972434044,0.5431872606277466,0.49286638429527957,0.3800979471133723
0,0.4233110138544045,0.366743266582489,0.27755529497015846,0.33519167659493815,0.25780007243156433,0.00021741668751928955,0.009262112900614738,0.06523995101451874,0.4850788360167782,0.23091914956306075
0,0.1769328793095058,0.08708738535642624,0.0079895309267709,0.11578228651671357,0.2147398740053177,0.031398020684719086,0.08661281317472458,0.07491125911474228,0.23017234360011285,0.10311290618046358
0,0.5098342392677836,0.6277838945388794,0.23044297881582193,0.46443971852508964,0.5318734645843506,0.04100888967514038,0.06655272096395493,0.06549840420484543,0.5943719948276878,0.3362089734182204
0,0.3951601885592229,0.2573859393596649,0.00892485773946683,0.12293309601467271,0.5202577710151672,0.7813048958778381,0.5597869753837585,0.7522990703582764,0.4024595839373117,0.4121583516376647
0,0.16658252273110208,0.06880732625722885,0.003299049706731069,0.028829822970589985,0.2099250853061676,0.30447280406951904,0.19650621712207794,0.09104900807142258,0.23321315558310557,0.13106065189807656
0,0.514236338038527,0.6634504795074463,0.34784790407380445,0.5254650712150555,0.6885737776756287,0.1474429965019226,0.5106126070022583,0.6523699760437012,0.5645882817942747,0.5113582604848197
0,0.3006615739689975,0.3419521152973175,0.09447819095694708,0.3001619144509848,0.42132797837257385,0.3216215670108795,0.0013356888666749,0.12620249390602112,0.3795773604784384,0.24737072835242388
0,0.16542801633768087,0.10162966698408127,0.0020351345402136057,0.04467016845166043,0.24877077341079712,0.041247762739658356,0.005045643541961908,0.020662449300289154,0.21785277252467908,0.08379654740482514
0,0.2455571291190175,0.19270819425582886,0.02152496482070948,0.1207912965116697,0.2873620390892029,0.31421995162963867,0.33012673258781433,0.2543380558490753,0.2917360057043514,0.21759827706924048
0,0.18877715768378792,0.21385827660560608,0.02065801537235654,0.175333991644113,0.13262876868247986,0.013625147752463818,0.19736775755882263,0.19287240505218506,0.2395706499308703,0.14358238884496807
0,0.2440886048935952,0.09141093492507935,0.02240065561955687,0.06612175802769303,0.2844269573688507,0.38267210125923157,0.2698088586330414,0.1494811624288559,0.29590412940339084,0.18578647412706387
0,0.3179698258421632,0.3650926947593689,0.08066816105540622,0.23357053824080762,0.20469197630882263,0.010758375748991966,0.02062983065843582,0.025494227185845375,0.3672965516433384,0.16856350421828253
0,0.4704610568783142,0.3752741515636444,0.07644747299354222,0.29681613884813846,0.6265177726745605,0.4579334557056427,0.5875018835067749,0.4297017455101013,0.5199387871918829,0.4128884507302636
1,0.1723614064295468,0.12096439301967621,0.003947151759545842,0.22499622520869408,0.2881660461425781,0.1599157452583313,0.2237669825553894,0.44100016355514526,0.21881766296795951,0.20217903386362168
0,0.2114195158730437,0.03197430446743965,0.003003824054441022,0.05780772690372044,0.041994858533144,0.00016972441517282277,0.00035533137270249426,4.8158090066863224e-05,0.24753936049080152,0.04840183655602662
0,0.4104040441299272,0.40020090341567993,0.318831710273197,0.3635211012582274,0.354181706905365,0.38249313831329346,0.3046511709690094,0.3703771233558655,0.4903506670537575,0.3651708002869678
0,0.45714064306900476,0.4953494369983673,0.13407561719810507,0.4524567369997643,0.4840906858444214,0.30258551239967346,0.3257211148738861,0.3899809420108795,0.5260485891492573,0.3861784493386843
0,0.16858562591168355,0.07215482741594315,0.0069799098306905,0.10129261899803796,0.01330395508557558,0.0001553373149363324,0.0005131544312462211,9.326067083748057e-05,0.22670008250874962,0.05014701832260191
0,0.26503998919589283,0.13661612570285797,0.005576294789612705,0.18209621496583053,0.15946266055107117,0.03988717496395111,0.17204362154006958,0.07340840250253677,0.30616597606661117,0.13354339258434506
1,0.5017987576967133,0.3240489363670349,0.052583573599954025,0.2616283417636901,0.5668880939483643,0.37562650442123413,0.5262117385864258,0.3485535681247711,0.539086124547815,0.3698888009863334
0,0.30901897118414184,0.326158732175827,0.06513112538231493,0.4606300856764881,0.3411923944950104,0.2883024513721466,0.19107066094875336,0.5425319671630859,0.36101190771358355,0.31816498266311977
0,0.22740048453304795,0.07294448465108871,0.006236453756637674,0.12354309917172707,0.01850016787648201,0.00014104129513725638,0.0001395628642058,0.00035222279257141054,0.2690369533169153,0.062301834905228795
1,0.6763604212065445,0.6761685609817505,0.0970561990332492,0.6363066917630599,0.7051631212234497,0.6938578486442566,0.9148755073547363,0.641335129737854,0.7574988722216703,0.6268696143418884
0,0.1988447149838024,0.023995716124773026,0.0013176528569714993,0.030004005079788107,0.02825949154794216,0.001150436932221055,0.006099365651607513,2.0147160739725223e-06,0.235571787775519,0.04049028281151456
0,0.5575354639295999,0.6169256567955017,0.570086268094668,0.5904346874965211,0.6265207529067993,0.4550066292285919,0.5205990076065063,0.5875157117843628,0.6667208251774634,0.5681907489557425
1,0.7692837795700307,0.9194844365119934,0.8099085024219338,0.8959740213093974,0.8793832063674927,0.9014506936073303,0.9933151602745056,0.9766967296600342,0.8607467599601863,0.8883043512575366
0,0.1974668713931823,0.017247021198272705,0.0008558963701099898,0.030812163403101726,0.22108563780784607,0.10623835772275925,2.82046075881226e-05,0.002671486232429743,0.24101486106033712,0.07648705636390246
0,0.34250426555554475,0.3473444879055023,0.09849937556281485,0.1834551021135457,0.3643074631690979,0.34556281566619873,0.3211632966995239,0.22209523618221283,0.39639904560143524,0.2788825723032477
0,0.27883884434189304,0.34334713220596313,0.05929651182280602,0.2154026484366061,0.46849682927131653,0.2050503045320511,0.3653753399848938,0.3703221380710602,0.3148254153238166,0.28797385690960997
0,0.4482562947379543,0.4139999747276306,0.06984645314573004,0.444330107375978,0.5994564294815063,0.15975157916545868,0.39803415536880493,0.5429220199584961,0.47431542753777867,0.3891832352905077
0,0.3412436586596827,0.10184567421674728,0.005592481125867215,0.16006948391736694,0.4015747308731079,0.16519653797149658,0.09062168002128601,0.46458670496940613,0.32178807899223,0.21957650361428183
0,0.5568226189059426,0.5680533647537231,0.5251295129873691,0.5503115107741172,0.5457141995429993,0.4811626970767975,0.4299648702144623,0.6603055000305176,0.6463172710701669,0.5419423359909052
0,0.6033197849363379,0.7717477679252625,0.48150940149140875,0.6808815576605748,0.8609402775764465,0.8709132075309753,0.9534671902656555,0.6137269735336304,0.755625670538682,0.7237298761325358
0,0.41683023615943005,0.25938594341278076,0.24798246837237767,0.490597578600554,0.6378395557403564,0.6730326414108276,0.6792982220649719,0.4857645034790039,0.5337670138551496,0.47935262801966616
0,0.13161270931927407,0.10441236197948456,0.015978351481138752,0.07388544206764805,0.11685284972190857,0.05143601447343826,0.05727304145693779,0.17098963260650635,0.19137458137308824,0.09162427469034208
0,0.15603261602203644,0.11083132028579712,0.0023192854063296773,0.04880934085701719,0.25747233629226685,0.14114446938037872,0.050308164209127426,0.2416486293077469,0.20079891402735695,0.127082743426367
1,0.29945781806629934,0.08082249760627747,0.028878074795129986,0.07936782751806841,0.3626529574394226,0.34450432658195496,0.00022822928440291435,0.18768103420734406,0.32446777492976364,0.1768000989367125
0,0.6395984580322296,0.6945065259933472,0.6621480291633295,0.7530772137759599,0.7375293970108032,0.8918583989143372,0.8298985362052917,0.8660373091697693,0.7710769853635598,0.7528710278104638
0,0.14546073044722913,0.082452192902565,0.005121040298551152,0.06294880282612625,0.0575430653989315,0.00018371133774053305,0.0003600509080570191,6.896991180838086e-06,0.20772184899369617,0.04855609980274758
0,0.19306532902067658,0.19862228631973267,0.022042976684794456,0.04919625416221839,0.1978299468755722,0.32683756947517395,0.2338738739490509,0.15516424179077148,0.25407220092099614,0.169350776591013
0,0.16166618428542798,0.01430958416312933,0.004598010683590706,0.07079681048058625,0.004411474335938692,0.0007153861806727946,1.2940367014380172e-05,1.9285894836684747e-07,0.21719110019307497,0.0359449797799699
0,0.4418469786878452,0.2799907922744751,0.10353016112190976,0.3090743681172254,0.42002347111701965,0.576447606086731,0.45275765657424927,0.5249826908111572,0.49182218790657967,0.38444027908688383
0,0.25172150922966224,0.07098934054374695,0.0076955073743131455,0.048385811427947956,0.24452506005764008,0.3365391790866852,0.32845497131347656,0.1868545264005661,0.29106720521292534,0.1799526870725132
0,0.5907623121931557,0.7282456755638123,0.7250162627041206,0.765110823682292,0.7435200214385986,0.8579379320144653,0.7549870014190674,0.7195166349411011,0.7552786482696446,0.7317357754006204
0,0.1661056561439134,0.08316918462514877,0.0044585868459657485,0.09175283836854528,0.21587826311588287,0.06411920487880707,2.8776461476809345e-05,0.025612205266952515,0.2251030590585566,0.08645938757644941
1,0.7857768605475092,0.908726692199707,0.8651860073579392,0.846469417495732,0.8778432011604309,0.8987853527069092,0.9682973623275757,0.9345012307167053,0.8675451093665385,0.8813446108506586
0,0.4708575759012676,0.47672611474990845,0.2652196446352562,0.5840759698503146,0.6823838353157043,0.990638017654419,0.030764883384108543,0.7845913767814636,0.5776349704190101,0.5388671964995766
0,0.5048318653511936,0.4666455090045929,0.10120063983273823,0.36765093942972216,0.6906824707984924,0.08747545629739761,0.6250656247138977,0.9298323392868042,0.46178774724266397,0.46994115716057605
0,0.7351448195067627,0.6574410796165466,0.8259102603499066,0.4401753014807186,0.7416064143180847,0.7592188715934753,0.7752626538276672,0.8146565556526184,0.792931290683852,0.7132017330568631
0,0.1952186184915469,0.04540027305483818,0.024025528066983323,0.03697265776832977,0.17184662818908691,0.35607439279556274,0.13636939227581024,0.07282572984695435,0.25863722858995236,0.12821964759300314
0,0.08669006868720584,0.011998794972896576,0.00016351580017930924,0.02416567084873624,0.15915939211845398,0.016894381493330002,7.699680892869765e-09,0.00011285396612947807,0.16992280781946734,0.040183887360710276
0,0.38107417620040207,0.4863540828227997,0.198421938903987,0.2974883453139031,0.47542959451675415,0.45295777916908264,0.5838596820831299,0.44130900502204895,0.4518909024480258,0.41026254495144576
0,0.14410076381108106,0.04288685694336891,0.00021934385020539032,0.033213841077250936,0.03182327002286911,0.0004320787556935102,0.00015379158139694482,8.427026841673069e-06,0.2024496341170948,0.035158419940090495
1,0.8849557145442961,0.9400827288627625,0.9765845414061278,0.9176527849415977,0.8809367418289185,0.9693701267242432,0.9162474274635315,0.9118704199790955,0.9138687105970511,0.923427869870002
0,0.481495345634961,0.42284733057022095,0.39309166969905124,0.4650632611421619,0.5625651478767395,0.7198627591133118,0.44133055210113525,0.36691033840179443,0.6159143680050454,0.4812777821828981
0,0.155848184890382,0.1078881323337555,0.025379432117889875,0.08936797563716696,0.03887807950377464,3.8318208680721e-05,0.006492992397397757,0.0003959524619858712,0.21903318373094055,0.057680390837307485
0,0.44818234282060276,0.4164276123046875,0.2476533407053475,0.36590922954444816,0.5021419525146484,0.44972214102745056,0.3860018253326416,0.32756999135017395,0.5342941248086406,0.39513493724395665
0,0.4686274766300908,0.5559369325637817,0.7588786351203156,0.6439137389693177,0.44550907611846924,0.5160577297210693,0.29240065813064575,0.7604199051856995,0.5908353869142146,0.5567921153091777
0,0.26449281257634427,0.0920376256108284,0.014089024875901838,0.13339209877918645,0.29021012783050537,0.7035534977912903,0.13010896742343903,0.21093566715717316,0.3396560764815225,0.22680543136453188
0,0.7397089354680201,0.928551971912384,0.8241120392796888,0.843162306750671,0.9089542627334595,0.7324377298355103,0.9998169541358948,0.8733358383178711,0.8412878302207237,0.8531173558718388
0,0.28358668343403864,0.12198122590780258,0.06378763336563575,0.21225606794442625,0.3942733407020569,0.4488436281681061,0.28259435296058655,0.1506718397140503,0.35965997264636135,0.24379377980798872
1,0.4701196220328058,0.4613044261932373,0.03596548843897389,0.40259302650003986,0.4335056245326996,0.3431045413017273,0.598774254322052,0.35271722078323364,0.5390010716393407,0.3873208247698816
0,0.448208788510608,0.39436236023902893,0.13752996241608814,0.18679951304609627,0.5559679865837097,0.003232486080378294,0.04050274193286896,0.5305560231208801,0.4068827284909521,0.29732454811069164
0,0.23440743303335063,0.1547633856534958,0.040299102628514966,0.20413011188349936,0.2640105187892914,0.39784133434295654,0.37043729424476624,0.1320984810590744,0.31914918521201235,0.22124003956892963
1,0.6104858104381318,0.7275444865226746,0.4785853533311505,0.6533200536987067,0.7412741184234619,0.06533607840538025,0.22308349609375,0.12330733984708786,0.7238366255191023,0.47318520879686476
0,0.41059111621086314,0.557040810585022,0.8974977115343682,0.3169026680763193,0.4572623670101166,0.44074055552482605,0.29350048303604126,0.33118072152137756,0.5420560013297427,0.4650092865066488
0,0.26826371361926626,0.21460387110710144,0.017633244266063202,0.08994554753937131,0.08736728131771088,8.175613766070455e-05,0.0013401997275650501,0.03503922000527382,0.2942168754192536,0.09688992477912486
0,0.27948132810390924,0.11249593645334244,0.014402279572893046,0.09029893683792635,0.2218204289674759,0.022538889199495316,0.4130639135837555,0.10893553495407104,0.30376268007727103,0.15683013824807687
1,0.17675514055453076,0.0354117713868618,0.0015072759507024013,0.038423561163564525,0.16902834177017212,0.24661630392074585,0.25290796160697937,0.1459001749753952,0.2319565196527639,0.12945085143500432
0,0.2438434612395375,0.06894653290510178,0.0008381273186859611,0.038878720192779714,0.23887144029140472,0.3565445840358734,0.31725314259529114,0.20050300657749176,0.28328141035997095,0.1783709058986071
0,0.21984503980539968,0.07650825381278992,0.0014668072545702966,0.0439180713343294,0.1769515424966812,0.33914637565612793,0.42637762427330017,0.17165149748325348,0.2719976501125316,0.174731894585548
0,0.7712846411301014,0.8724097609519958,0.6228090718764898,0.845598645245627,0.7930100560188293,0.924497663974762,0.8910421133041382,0.8942233324050903,0.8547799924705407,0.8236920791582232
0,0.2348367815743498,0.030853908509016037,0.0009827832405054236,0.04413565021945796,0.06255868077278137,0.0003227406705264002,3.2150761398952454e-05,5.731020792154595e-05,0.26139474353106623,0.05221594034835057
0,0.35574208498059595,0.18022599816322327,0.03077306572972745,0.29740424502439516,0.25495684146881104,0.07062669843435287,0.05251795053482056,0.31054773926734924,0.37028827991094726,0.2017716129978233
0,0.27745130871590307,0.09104164689779282,0.0038697314646481845,0.03236073799840658,0.2733932435512543,0.33074334263801575,0.34055107831954956,0.2428765743970871,0.3015153316683263,0.19452199095505163
0,0.17170960653570216,0.2215430736541748,0.024783587734071726,0.09945635482496913,0.2731570899486542,0.08935815095901489,0.0718180239200592,0.1580103635787964,0.22448877905776102,0.142284316005034
0,0.31395367804330476,0.27371692657470703,0.02618750312692582,0.20455330110698328,0.3147227466106415,0.19803199172019958,0.016871793195605278,0.1440245658159256,0.3545796220847339,0.1945281884546296
0,0.19977455674718786,0.04958568513393402,0.0019272284802415822,0.14910956701225028,0.2050449699163437,0.031018810346722603,0.010676931589841843,0.03072570078074932,0.2509216321580945,0.09079715345220676
0,0.6163766410887551,0.7046329379081726,0.7339038424787522,0.7051931955834503,0.614595890045166,0.4318724274635315,0.5293043255805969,0.47214895486831665,0.7513618880026297,0.6072013206477718
0,0.23207630559128656,0.10736330598592758,0.015478948410652213,0.11504060172399842,0.21068890392780304,0.0036165921483188868,0.060185812413692474,0.16633468866348267,0.2555032869038021,0.11856701705250149
0,0.8088105141814762,0.8558361530303955,0.966836598139185,0.8700836601617482,0.9075872302055359,0.8977899551391602,0.2673494815826416,0.907167911529541,0.8724279284199895,0.8200511011465295
0,0.8138914436292104,0.8584524989128113,0.4463719208007357,0.8452364034120493,0.8781145215034485,0.7462803721427917,0.27634572982788086,0.716339647769928,0.858959571447083,0.7117309400959053
0,0.27142283250283167,0.3028458058834076,0.026420532318138196,0.1974414415961836,0.4782032072544098,0.022317595779895782,0.5125701427459717,0.23420383036136627,0.3066898038024419,0.25525431897608636
0,0.16046043997419862,0.06341789662837982,0.004663024063136444,0.08859825211977351,0.21782328188419342,0.3283039629459381,0.32755792140960693,0.14128294587135315,0.23692591288244005,0.16107716241581577
0,0.29023987726158174,0.1633959859609604,0.0158280859657794,0.15010948589673723,0.24546033143997192,0.09194117784500122,0.00532837538048625,0.1453191190958023,0.3128982711844444,0.1456065700977856
0,0.15527190533217625,0.08624032139778137,0.0013945197526437248,0.072498255217451,0.03525926172733307,5.7175107940565795e-05,0.00019008842355106026,2.5785016077861656e-06,0.21477132255181783,0.04834369413695579
0,0.4612767237091222,0.49402931332588196,0.9414243477115324,0.6457709709730097,0.505987286567688,0.49929124116897583,0.49490007758140564,0.5298293232917786,0.6306082251076299,0.5709856035261776
0,0.34697948734957007,0.1379455327987671,0.023520313890337267,0.1401950957470961,0.2867284417152405,0.28627490997314453,0.38208550214767456,0.17717178165912628,0.38304165896211617,0.22113962753401478
0,0.20230848879335508,0.10483425110578537,0.0005989682131163417,0.05338838987691274,0.18178559839725494,0.021686378866434097,0.09986381977796555,0.16583240032196045,0.22934854116896566,0.10621154993862258
0,0.42212951034534085,0.7480594515800476,0.18093212621965482,0.7692615942660772,0.5031271576881409,0.6023743748664856,0.42012083530426025,0.42950356006622314,0.5920851368327084,0.514390514149697
0,0.24925670532072558,0.07111122459173203,0.0026406706549465366,0.11692447420698421,0.35588937997817993,0.4055609703063965,0.24912337958812714,0.33579757809638977,0.28529323053628736,0.2195688248063628
1,0.39192784902488986,0.37656137347221375,0.01768026339917303,0.4132379628502405,0.5223903656005859,0.23477688431739807,0.8666992783546448,0.3840307593345642,0.45892474911778064,0.39516504079116027
0,0.1778771541036106,0.033336341381073,0.0012321644325786897,0.0422848248828987,0.18191857635974884,0.3585472106933594,0.2037641406059265,0.190731942653656,0.2358841908869237,0.1443466026322403
0,0.2901716195130088,0.1983361393213272,0.019654242979937644,0.09085719799541282,0.3775443136692047,0.3086003363132477,0.3512111306190491,0.2724519968032837,0.3186062646661347,0.23599389664079368
1,0.7281718210017502,0.7625020146369934,0.9411884911936665,0.8558727380553023,0.8048604130744934,0.6631975173950195,0.7399726510047913,0.615934431552887,0.8493586046855057,0.7669535036763372
1,0.2582869779484323,0.5250518918037415,0.17878683160838324,0.5853859893625121,0.1992507427930832,0.024980222806334496,0.15297558903694153,0.07975298166275024,0.38734413582075444,0.2616973943080355
0,0.15413817911784672,0.022841306403279305,0.0009944976083270801,0.028125350580634347,0.17737333476543427,0.02259444072842598,0.0001393236598232761,0.005921759642660618,0.20752329153766083,0.05568996329023423
0,0.30375887045936334,0.18388593196868896,0.010724968191535986,0.09255950043085484,0.5176202654838562,0.18697300553321838,0.5569784641265869,0.5191057324409485,0.2934831753680953,0.2897031915744359
0,0.13667863647802864,0.04561079293489456,0.009423006139672879,0.029314692639465494,0.05591972917318344,0.00014741672202944756,0.0035259875003248453,0.002100115641951561,0.1979665121911897,0.038776236224148226
0,0.4909209456683677,0.5556687116622925,0.0607549113759382,0.3957367571901695,0.6567700505256653,0.33586958050727844,0.23017726838588715,0.5851191878318787,0.5146831728348352,0.4212434231605058
0,0.36300306959741524,0.32859495282173157,0.15567328007396095,0.3062266222731421,0.5105223655700684,0.4961729645729065,0.302626371383667,0.5197610855102539,0.4132596107947352,0.3717338238844677
0,0.22780702079739668,0.30443069338798523,0.12378539060142524,0.23503038532433562,0.1893201768398285,0.3232422471046448,0.2123420387506485,0.17993177473545074,0.31226080780767773,0.22490907663630538
0,0.4217779322029247,0.172819584608078,0.0682894996507642,0.3150280191339649,0.2923615872859955,0.026239797472953796,0.008846309967339039,0.10606411099433899,0.4543174704212189,0.18893523161867257
0,0.3088518019074894,0.6223058104515076,0.018322415899636513,0.48182614209198815,0.37462425231933594,0.15674841403961182,0.02465691789984703,0.3595021665096283,0.3755091541584195,0.3050023935989158
1,0.4286355692639053,0.5319326519966125,0.16681740768796602,0.4036884086711941,0.3394879996776581,0.010755183175206184,0.9337765574455261,0.2542801797389984,0.5049759397234558,0.3803455776178057
0,0.4996250555707491,0.5193654298782349,0.2840005749083019,0.22653645485244714,0.5021700263023376,0.00878114253282547,0.03857307881116867,0.43563324213027954,0.4888148629781199,0.3269681134388127
0,0.2800635460216913,0.06129194796085358,0.0049680908134506156,0.03765111979698312,0.3316994607448578,0.12354893237352371,0.000419879361288622,0.16319052875041962,0.2845693357677979,0.13064743853217098
0,0.12627891525178284,0.04634878411889076,0.00011272301591380377,0.04589681235382484,0.09068261086940765,0.004352202173322439,0.04679059982299805,0.1173098236322403,0.18479378915498573,0.061348310774556165
1,0.44343163260092117,0.46423202753067017,0.21884528992228702,0.4224953899214165,0.5063456296920776,0.4429788887500763,0.45508307218551636,0.4737931489944458,0.521187750551492,0.4287679871851834
0,0.2007891961064149,0.03455574810504913,0.003203693638467746,0.015203603058473335,0.05871659517288208,0.000601185776758939,0.00042262248462066054,0.0001783308107405901,0.2348884507395387,0.04375258738398619
0,0.2970544246949432,0.2829476296901703,0.06116729285660629,0.2682254699102144,0.18720026314258575,0.1342507153749466,0.04361875727772713,0.005406087264418602,0.36712047885281535,0.1689918980239467
0,0.444095135498002,0.4555540978908539,0.1095491555303781,0.4558964026054734,0.40839532017707825,0.5043697357177734,0.39056557416915894,0.396931529045105,0.5347706619522317,0.39737586906579214
0,0.5705850684895812,0.7075371742248535,0.7763847832236311,0.6711747951944923,0.7250285744667053,0.7845498919487,0.9830248355865479,0.9790459871292114,0.7020640570894556,0.7627978955722228
0,0.25568843436153893,0.10226120799779892,0.03198928595714744,0.0729710140192069,0.24627719819545746,0.33385977149009705,0.07950234413146973,0.2810687720775604,0.2823268918401112,0.17546581525627866
0,0.797525798693884,0.8917005658149719,0.7515509436184207,0.8854078962484461,0.9257304072380066,0.7530533671379089,0.8674591779708862,0.696782112121582,0.877256506237992,0.823670379098062
0,0.16312618011699187,0.18355897068977356,0.031118791825666348,0.20298632567970734,0.3158712089061737,0.07540620863437653,0.07549268752336502,0.15973633527755737,0.2302634837102838,0.15537461000380745
0,0.14034276726965877,0.033864691853523254,0.004984190240570619,0.033674169161676225,0.13246066868305206,0.06968449056148529,0.04311716556549072,0.10231640189886093,0.1964373707027579,0.07154060909152002
0,0.29110021938222497,0.06977497786283493,0.009161132499014462,0.06408257221575803,0.3353240191936493,0.3828005790710449,0.009945278987288475,0.23395593464374542,0.3123615494242205,0.1768245344793163
1,0.4222588688655155,0.4859250783920288,0.12735896320945794,0.12479301102239755,0.5165154337882996,0.447400838136673,0.362634539604187,0.3115186393260956,0.4616877561907466,0.35060332102071157
0,0.3399680778718626,0.4122650623321533,0.0481538878794203,0.6021936634209621,0.3734261095523834,0.38325396180152893,0.39486974477767944,0.23226363956928253,0.47160332511705433,0.3518931729209469
0,0.4454931202048368,0.5146687030792236,0.23692963294325575,0.5155729175105319,0.514901876449585,0.41631919145584106,0.37862834334373474,0.3732180595397949,0.5511644995599304,0.4289142766871169
0,0.5044243652840205,0.37369611859321594,0.07546793233792864,0.3122034161646062,0.6742419004440308,0.7460274696350098,0.15604521334171295,0.6535195708274841,0.5377673514767742,0.439139771452974
0,0.32335576011680894,0.17240647971630096,0.3242019736872782,0.24263757419913357,0.3677607476711273,0.28308600187301636,0.09577348828315735,0.18220806121826172,0.3926601281539586,0.25360093538506806
0,0.5702265488315775,0.6600524187088013,0.3574916789306104,0.6185242418217385,0.6919766664505005,0.42943868041038513,0.579568088054657,0.5524999499320984,0.6713263807292338,0.5612963297517851
0,0.6051532842642556,0.3094722330570221,0.05368941661584417,0.44026117837385487,0.6463795304298401,0.5219508409500122,0.591834545135498,0.4262023866176605,0.664110618304363,0.45017869285063283
0,0.42835061276494385,0.5216067433357239,0.03733068882097869,0.4497938267402819,0.7027387022972107,0.5764836668968201,0.2984379231929779,0.5660956501960754,0.49499129602822556,0.45082397295822146
0,0.2501799840774867,0.07257018238306046,0.0007870190964530344,0.07945837094412621,0.12292344868183136,0.007661131676286459,0.22639943659305573,0.03752383962273598,0.28063403876708076,0.10162007463533203
0,0.2520499545528656,0.3203403949737549,0.2336433536210681,0.45889338784666417,0.05159489065408707,0.00040582442306913435,0.0008562701405026019,1.8544676549936412e-07,0.3622861262945009,0.1760161839671195
0,0.21252799073875417,0.03666861355304718,0.0024220710827445938,0.08345776190340441,0.13717509806156158,0.0013246010057628155,0.007297190371900797,0.003675588173791766,0.2511303565172147,0.06634337582087739
0,0.23189805294022023,0.2094794660806656,0.034692705990603624,0.180442062339796,0.3335869312286377,0.11864997446537018,0.04165598750114441,0.3963604271411896,0.25205971224337115,0.19706358433961846
0,0.5727942662338169,0.47987866401672363,0.8547617776724077,0.5403250439661061,0.5797104239463806,0.3429659307003021,0.7678557634353638,0.6681858897209167,0.6735575101513646,0.5967745138667842
0,0.20889346093076738,0.08881471306085587,0.008128081673904369,0.11856643209735465,0.30266571044921875,0.0988258495926857,0.0015303216641768813,0.2531326115131378,0.23615418741178046,0.13916653851646643
1,0.8560243882765883,0.9529626369476318,0.9858299634365972,0.9604377592053387,0.9861796498298645,0.9951568245887756,0.9538283944129944,0.9787415862083435,0.9062494543182934,0.9563027076184298
1,0.4129566474037825,0.4854516386985779,0.1549819683034267,0.37772247073124915,0.4497305452823639,0.0066960277035832405,0.22390194237232208,0.15563495457172394,0.47195851181350196,0.29478837362850113
1,0.45604650244287326,0.3358932137489319,0.15529656599507635,0.23715683499124124,0.532235860824585,0.05606719106435776,0.004848505835980177,0.2698863446712494,0.4617687401543883,0.2688811778657034
0,0.1786013695893662,0.0399794764816761,0.004330822325802844,0.07410991649504207,0.13057009875774384,0.050927672535181046,0.03499261289834976,0.10097181797027588,0.22284139712531986,0.079820295161382
1,0.8597981890411617,0.9094926118850708,0.8266999313568486,0.8652145595473804,0.8653777241706848,0.9301809668540955,0.920944094657898,0.9030193090438843,0.89775811555259,0.8832677112263204
0,0.39750063244954575,0.14849898219108582,0.00508655227031232,0.17175319836159308,0.3851619064807892,0.1195460855960846,0.4426567852497101,0.44281965494155884,0.38049645027097534,0.2625665658534181
0,0.22213587718961006,0.2072577178478241,0.0034287905506593173,0.06998760389653444,0.20513197779655457,0.00020023710385430604,0.015549150295555592,0.00206182012334466,0.26020258996770484,0.09801310900800853
0,0.2771544172561456,0.1025567427277565,0.025474557564717306,0.07406250624002515,0.12901510298252106,0.0002598743012640625,0.17628222703933716,0.0015352864284068346,0.3043551442937273,0.1022769552965745
0,0.2984636013538335,0.1251077800989151,0.028137233030979102,0.07809159555470455,0.2708871066570282,0.24891331791877747,0.27606648206710815,0.47587674856185913,0.29103486803828327,0.22149916721731852
0,0.28607655304704166,0.33401718735694885,0.2274956467267834,0.3798241734221141,0.3201720416545868,0.37897059321403503,0.2764829397201538,0.1377389281988144,0.4041528568643876,0.29491948363555354
1,0.6484790680303985,0.5750496983528137,0.5295913608929729,0.3335254408921526,0.8424017429351807,0.884990394115448,0.7314012050628662,0.6998697519302368,0.7226752857299915,0.6489793640139837
0,0.29117619184198257,0.18742717802524567,0.012202307654662044,0.2780221723651533,0.2601034343242645,0.5683953166007996,0.22499670088291168,0.12251827865839005,0.39025243642318774,0.24287879319078282
0,0.4399859084782647,0.5051078796386719,0.2693141271789406,0.5009200715064394,0.5451679825782776,0.4410945475101471,0.43398916721343994,0.4728695750236511,0.5363585728972542,0.45297896631085177
0,0.41303522219598937,0.3590758740901947,0.017702024054093,0.28470390414393476,0.4357616901397705,0.3924923837184906,0.39015668630599976,0.22529803216457367,0.47714104738593893,0.3167591795141284
0,0.47545059937015083,0.5002263188362122,0.46372906776351874,0.45431071930047234,0.25326302647590637,0.005301627796143293,0.08277913182973862,0.0577319897711277,0.5759096878803776,0.30179606079396426
0,0.26822991823123216,0.2766421139240265,0.5338824597393786,0.20700636673677938,0.2938477694988251,0.0038195291999727488,0.09217210114002228,0.004168243147432804,0.35441631152662495,0.21765552687907141
0,0.153820232658914,0.07691621780395508,0.004911040816366421,0.07426836418659705,0.06776603311300278,0.006755056791007519,0.1945822834968567,0.1352006047964096,0.20637370122031062,0.08867652225170126
0,0.11896989491665617,0.01021670363843441,0.0002539044554703583,0.01857535991012849,0.030935106799006462,0.0001326888450421393,5.50311187907937e-06,2.052698704346767e-07,0.1859189878209979,0.025090621082457625
1,0.9047617200366119,0.9422666430473328,0.9341516614030237,0.9541949992340956,0.932280957698822,0.8174402117729187,0.917335033416748,0.8101465106010437,0.919617274351864,0.9039990754622289
0,0.3022395710526953,0.3006557822227478,0.002191271617064916,0.18016100451104697,0.35523733496665955,0.0012516177957877517,0.016501301899552345,0.003964353818446398,0.3385284690811548,0.156724303311411
0,0.317398958879154,0.18045580387115479,0.07407901222676563,0.2551692060080262,0.34510675072669983,0.08875621110200882,0.4191066324710846,0.2701016366481781,0.3520338594404599,0.24379397707868983
0,0.3648290701231102,0.2940782606601715,0.015136644687957855,0.1211625656776538,0.5356533527374268,0.4586484134197235,0.3095148801803589,0.28188854455947876,0.39877960424070924,0.29757320728112213
0,0.450151260936947,0.34529125690460205,0.639260943564221,0.4039731361798226,0.5309080481529236,0.5232354402542114,0.5992948412895203,0.47962966561317444,0.564090740401887,0.491356972564386
0,0.5362460135706494,0.7233271598815918,0.9110855495850865,0.7466103771515689,0.6899630427360535,0.9769645929336548,0.2020035684108734,0.9074464440345764,0.7000978541945378,0.7135026950292598
1,0.442431367487632,0.5360830426216125,0.24935614562719444,0.47555558474934234,0.4451836943626404,0.35644960403442383,0.3812464475631714,0.4681731164455414,0.5243494513075527,0.42261153893507697
0,0.4755025333913489,0.45426130294799805,0.36516132237411997,0.2705089694368725,0.551827073097229,0.23378531634807587,0.0159586351364851,0.14418739080429077,0.541502642014171,0.3271751489438291
0,0.47103604464789833,0.4622391164302826,0.28807626771746825,0.49629482906290956,0.50967937707901,0.56519615650177,0.21635179221630096,0.4882514476776123,0.5670559354975886,0.4418782597331915
0,0.13688766776073738,0.05947330594062805,0.003038175989629048,0.06447649986255324,0.23012278974056244,0.11131373047828674,0.135909304022789,0.1721552163362503,0.19660311706929987,0.11376214916729491
0,0.13618128273081445,0.205417662858963,0.03174465049762139,0.1396839752177187,0.1513970047235489,0.03720443323254585,0.05355225130915642,0.08501558750867844,0.2110030412882954,0.10902609389818786
1,0.28278807968596964,0.3645443022251129,0.13487634451989491,0.18370264473485282,0.3410414755344391,0.2795442044734955,0.01692834310233593,0.19923967123031616,0.3368287964734761,0.23170037379751812
0,0.24478325686475436,0.09791722148656845,0.012052204313468332,0.08771620453279493,0.2525540590286255,0.1237611174583435,0.0005811002338305116,0.03530314937233925,0.28239752341737523,0.11295184544726217
0,0.1754570709966773,0.1997886598110199,0.04767429004998445,0.080226575161352,0.1668248027563095,0.06182391569018364,0.0007751749362796545,0.09473878145217896,0.22814531049891626,0.10827074567462357
0,0.2507245396107336,0.07057777047157288,0.010953670181122548,0.1418087212165715,0.3033253848552704,0.3463332951068878,0.237334743142128,0.16171206533908844,0.3054076194196318,0.18909840169121334
0,0.16963985113191238,0.03617988899350166,0.002036341535397351,0.01854286951908608,0.21966254711151123,0.3221266269683838,0.19928278028964996,0.12983274459838867,0.23052564786809196,0.1337164422100062
0,0.41898564087880025,0.3816479444503784,0.3165125592130499,0.3828810274811095,0.5123404264450073,0.591610848903656,0.364206999540329,0.3564951717853546,0.525341293867496,0.4157258971516855
0,0.4300477650791193,0.19065779447555542,0.14577176499835087,0.19769745120787127,0.5140811800956726,0.27759915590286255,0.009953132830560207,0.38641539216041565,0.4335034867532236,0.27648760949446055
0,0.1904679498004028,0.09824232757091522,0.004825377621933131,0.05862266964277423,0.40744566917419434,0.12993212044239044,0.1063542366027832,0.2674477994441986,0.2196821566121402,0.1592850992861865
0,0.38719981436149536,0.5390990972518921,0.14422356195326502,0.3802956685554027,0.4941187798976898,0.2001524716615677,0.6045202016830444,0.6141085028648376,0.42070065806428947,0.41815349354613607
0,0.2202735879203893,0.13735873997211456,0.026940159092507947,0.10466666661489255,0.36546990275382996,0.20527783036231995,0.0029639641288667917,0.030984925106167793,0.2757743324327135,0.1426663703978615
0,0.2615370136113307,0.22431236505508423,0.002756060034779701,0.11595673672831186,0.4257269501686096,0.4105883836746216,0.2992227375507355,0.07627958804368973,0.3307613300950391,0.22657071271356422
0,0.349720476039671,0.5213742852210999,0.21448495405991658,0.23243008424704117,0.4192444682121277,0.6123306751251221,0.5636231303215027,0.5206919312477112,0.42052251333047264,0.4214858476104051
0,0.24146222499606146,0.1672513484954834,0.06247965277291647,0.15829589723562593,0.24765217304229736,0.13740460574626923,0.05979818478226662,0.2975958585739136,0.269163606744087,0.17469872348920784
0,0.573559615107072,0.8258764743804932,0.7223215193290005,0.7810765307713724,0.6836565732955933,0.9038582444190979,0.7355310320854187,0.8897044658660889,0.7338458633902496,0.758929163842861
0,0.4028737013435114,0.4287862479686737,0.014452479243127626,0.26010252520415744,0.4749741554260254,0.582523763179779,0.003135958220809698,0.3328458368778229,0.45761462477919507,0.3193107211655358
0,0.3102144249084067,0.27247199416160583,0.02836320888462177,0.2538998331250558,0.4443894922733307,0.4027464687824249,0.36034640669822693,0.4025340676307678,0.35658544811643617,0.3072544537814605
0,0.3445045494491111,0.06471793353557587,0.004204770674468841,0.03979363525990356,0.29896876215934753,0.07637003809213638,0.37028419971466064,0.17811991274356842,0.33961400853563434,0.17158257137216623
0,0.19573602208669072,0.036529235541820526,0.00114721063080821,0.04487439664303157,0.21316759288311005,0.0834823027253151,0.00020845452672801912,0.019094126299023628,0.23888571078220977,0.0789747455945512
0,0.6112944515992303,0.7337932586669922,0.8401778573225116,0.7312694978797816,0.7629119753837585,0.8385380506515503,0.8164944052696228,0.5542110204696655,0.7863304871572723,0.7327299298168278
0,0.605037494233368,0.483477383852005,0.04067821449738814,0.5574658582385882,0.8292003870010376,0.30148035287857056,0.00012325581337790936,0.45742592215538025,0.6432855087394209,0.4272312597549204
0,0.194327986686536,0.05386031046509743,0.002058586375845425,0.04320521560463177,0.028754277154803276,5.4491338232764974e-05,2.150677755707875e-05,1.3348115999178845e-06,0.23490024233301882,0.044950925555703694
0,0.36326430091383066,0.08683423697948456,0.0006359543398828907,0.05869012954848178,0.06235790625214577,0.0002746829413808882,0.00210168631747365,0.00888464692980051,0.36297383614441897,0.08121799836776589
1,0.8400147836685014,0.895728349685669,0.9324019620677413,0.8984702937406408,0.8755099177360535,0.9352332949638367,0.8476091623306274,0.875298798084259,0.8968802702573122,0.8870239148998024
1,0.3075001354470857,0.38077273964881897,0.3400092008367181,0.3440648707551517,0.42117956280708313,0.25822627544403076,0.47142159938812256,0.2898401916027069,0.39951044772075023,0.35059733290286255
0,0.19644895017718134,0.1441582292318344,0.0156431379619227,0.4557120566595705,0.2568173408508301,0.07725639641284943,0.19069907069206238,0.17318743467330933,0.28837205590781056,0.1933449682166939
0,0.37089130000056364,0.23635341227054596,0.011997724243607963,0.21683040529705064,0.2857193946838379,0.00025897001614794135,0.18421180546283722,0.014274082146584988,0.40544284277676534,0.17390978102697546
0,0.21747762667713552,0.10704348981380463,0.004079253130237705,0.06859087131148069,0.05391744524240494,6.739606760675088e-05,0.00022625524434261024,1.993407386180479e-05,0.25501572863493244,0.06230190808795555
0,0.5873465532745472,0.7022822499275208,0.7292557211547722,0.676574429275489,0.5595186352729797,0.5919261574745178,0.9526663422584534,0.8216675519943237,0.713640482010095,0.6943182920015294
1,0.36969419625148897,0.17003466188907623,0.010488513881910725,0.1278103580307808,0.5213364362716675,0.47908511757850647,0.48270028829574585,0.3385145664215088,0.4000546174728904,0.3074847209704382
0,0.4548273130807843,0.4564751982688904,0.24712927448668065,0.40231708667985105,0.4611046612262726,0.5502238869667053,0.9417176246643066,0.637445867061615,0.5352662389332212,0.5066607467243891
1,0.6420709140988801,0.8201127648353577,0.8906970908932565,0.8426578870637965,0.8337156772613525,0.924612283706665,0.9326390624046326,0.7994935512542725,0.8078886302964728,0.8294379482828851
0,0.2691351636006427,0.13576292991638184,0.005460495114783512,0.14244575847899046,0.23298406600952148,0.006778538227081299,0.34462985396385193,0.26545417308807373,0.2827456634481983,0.17481818488277764
1,0.4182376223972482,0.49668923020362854,0.46154947909073085,0.2727632114422354,0.37212681770324707,0.3106682002544403,0.44256579875946045,0.3909132480621338,0.48937141594985567,0.3952821404040159
0,0.15816014157580421,0.16821949183940887,0.008764607036948133,0.08556389100536817,0.1548745483160019,0.08134698122739792,0.17648354172706604,0.1930658370256424,0.21160705989273376,0.12809319246306927
0,0.24462888190595136,0.10566823184490204,0.00936130979837298,0.2409154755305063,0.32510390877723694,0.10818156599998474,4.497278496273793e-06,0.0779179260134697,0.2984397130475318,0.14687677864670196
0,0.17360435303901597,0.12674984335899353,0.05538492179197758,0.12871106416432535,0.18213185667991638,0.04328238591551781,0.1126466915011406,0.0776388943195343,0.23471192592964316,0.11556207841235364
0,0.42797110016652495,0.1605536937713623,0.26084630246590484,0.2947783313949893,0.21890006959438324,0.04486718773841858,0.022881554439663887,0.12523111701011658,0.4709400592466189,0.2052494229959874
1,0.4283984874649904,0.2983846366405487,0.23836592315662733,0.22948421225499793,0.538788914680481,0.22098124027252197,0.5768380761146545,0.22630083560943604,0.48308915174084205,0.3441751561439747
0,0.6158579174103394,0.7388243675231934,0.8614083191887688,0.6965786374008084,0.6104580163955688,0.3983753025531769,0.4240751564502716,0.6051925420761108,0.7389174666996158,0.6259330059642814
0,0.18203955922527185,0.04619569331407547,0.001796800143892553,0.04208260292950448,0.21582254767417908,0.05914704129099846,0.00027117581339553,0.0275027547031641,0.22730197068925734,0.07651103327108463
0,0.2151879434324313,0.025641895830631256,0.0005048346033485279,0.025646682553188672,0.15746797621250153,0.12388770282268524,0.05878201872110367,0.07125522196292877,0.24859201940308087,0.08717767746956596
0,0.32097943209811886,0.2697241008281708,0.020124109075374628,0.18897205528102679,0.4811738133430481,0.348746657371521,0.3072257936000824,0.21655526757240295,0.3704703071198111,0.27027891522406045
0,0.3232749786398279,0.13118086755275726,0.0013049193590593988,0.06136015701615815,0.4218563139438629,0.22446775436401367,0.4897945821285248,0.37103962898254395,0.32093930418779204,0.24779540118871374
0,0.34991208704717,0.1995682567358017,0.503682408344857,0.35094551437465255,0.3522754907608032,0.4757278561592102,0.3142513930797577,0.36419251561164856,0.452095039217753,0.3616876794528396
0,0.7898350259181811,0.9183837175369263,0.8309027546602598,0.916427166395415,0.8492300510406494,0.6242383718490601,0.7726935744285583,0.7097712755203247,0.8718974082666594,0.806669232845527
0,0.28247670573805506,0.17725375294685364,0.7588547697516904,0.21888132714862843,0.3494475781917572,0.2303299605846405,0.037489041686058044,0.34129250049591064,0.3581690385115321,0.3021101363408983
0,0.21449732605900582,0.14695991575717926,0.009231226771709513,0.09992678335011418,0.18219870328903198,0.24279755353927612,0.18957993388175964,0.13410186767578125,0.26827966477689497,0.1521030290413402
0,0.2009118625881548,0.1246284618973732,0.05074275860838582,0.2048013620768623,0.2508968114852905,0.06536035239696503,0.00222132820636034,0.02108944207429886,0.2675555324443253,0.12231550018964239
0,0.36611792638644763,0.3672688901424408,0.34275944668998287,0.3233763693523621,0.4765704870223999,0.39818787574768066,0.5617964267730713,0.5367263555526733,0.43078587403864843,0.41609699562933034
0,0.4610981398705523,0.46856045722961426,0.22418915437749884,0.507290073362631,0.5865066647529602,0.014494742266833782,0.3585021197795868,0.6197590827941895,0.4838783990285208,0.4119428744556872
0,0.21871550814861337,0.16409485042095184,0.020293162474434828,0.07011918302330525,0.25581395626068115,0.3120984733104706,0.1852419525384903,0.17154230177402496,0.2692476041007698,0.17377281688482984
0,0.2905442667166252,0.1936241239309311,0.019240100093535974,0.1551354645919812,0.3319978713989258,0.054408248513936996,0.41379839181900024,0.28560322523117065,0.3062971772669327,0.21700973883811106
0,0.24728267969629728,0.22492653131484985,0.0207931305257275,0.24522541343659515,0.15708525478839874,0.012361619621515274,0.005382535047829151,0.003926311153918505,0.30670894725064196,0.12397533379084552
0,0.18660638437139393,0.2130865454673767,0.023311249879083253,0.06053174477714609,0.24662569165229797,0.0694011002779007,0.0005168885109014809,0.07234666496515274,0.23401276701638687,0.11472365747156477
0,0.34600481594039034,0.3657342493534088,0.37998512007110535,0.36013703394946767,0.49414363503456116,0.2039121389389038,0.2361040860414505,0.24883848428726196,0.4300957265368043,0.33502821225291457
0,0.23887639445177875,0.3179607689380646,0.02025160437388701,0.11908296994580553,0.20403650403022766,0.0001306290942011401,0.03178679198026657,0.004297198262065649,0.28335579490049967,0.1255343712842578
0,0.2793914964942377,0.28228113055229187,0.1183744154566765,0.3732338404302201,0.5215076208114624,0.3868526816368103,0.4196825325489044,0.016894198954105377,0.40723106982428653,0.30138109725186274
0,0.6055370366404685,0.7239593267440796,0.490826710350134,0.6353978807766005,0.7560491561889648,0.06700442731380463,0.09612850099802017,0.5332552194595337,0.6668198821285952,0.5070364478797104
0,0.4340911552539217,0.6547238826751709,0.6852096269155878,0.6171403255240853,0.6592807769775391,0.6303548216819763,0.5764708518981934,0.6354745030403137,0.5896001042160292,0.6089518750218299
1,0.30580893913961593,0.2383248656988144,0.011553116221472315,0.1464905744802117,0.14013656973838806,1.2931952369399369e-05,0.001079774578101933,0.0092267245054245,0.3351160841238646,0.11622829821004575
0,0.14761275732648588,0.05874164029955864,0.001695051754676236,0.06824843298832607,0.08302520215511322,0.04213370010256767,0.1230200007557869,0.05757583677768707,0.20920739615549475,0.07375599098661248
0,0.5138682744264217,0.4440940022468567,0.48356010604329724,0.3883367696690107,0.491040974855423,0.7206629514694214,0.4828701317310333,0.6568459868431091,0.6018455946608134,0.5179471502907357
0,0.23780986314231867,0.3618139922618866,0.5256797816843527,0.4350805432055758,0.29021063446998596,0.2599274218082428,0.2569374442100525,0.4373207092285156,0.3445218615020037,0.3504670870349085
0,0.17031901519168624,0.06949339807033539,0.015916475354215007,0.04927197866323223,0.28094926476478577,0.03711221367120743,0.000285934453131631,0.004456089809536934,0.22236072870841844,0.08396163262131104
0,0.19794470260711386,0.22883285582065582,0.004587590992244765,0.17915685246917717,0.34668633341789246,0.08609938621520996,0.4353090822696686,0.2957729697227478,0.24539044792428358,0.21877419606587742
0,0.25706161997740423,0.12038884311914444,0.009852691338076085,0.19099306415440684,0.2338569611310959,0.3915722370147705,0.24826596677303314,0.4750897288322449,0.2877820137025357,0.236406103104982
0,0.4639135993499245,0.6155899167060852,0.11770022778719424,0.35074147832213776,0.4337228238582611,0.17519080638885498,0.5160896182060242,0.31897398829460144,0.5198114299967888,0.37794886660480076
0,0.24943228585379212,0.21709823608398438,0.3842249091744384,0.3286970046045657,0.20197968184947968,0.07861680537462234,0.31732019782066345,0.12352117896080017,0.3465630166472269,0.23919899707388514
0,0.31962059259952985,0.33046984672546387,0.019265263978812446,0.12754329694701472,0.3913979232311249,0.30523014068603516,0.4194713830947876,0.4618338644504547,0.33038967740119823,0.29301081869224077
0,0.16658421800986084,0.10589680820703506,0.004857638565032154,0.031028784850483944,0.04231536388397217,0.018736766651272774,0.10245680809020996,0.08598147332668304,0.2128722283823631,0.07114915361179014
0,0.4347647934795975,0.46242696046829224,0.29409679827370466,0.4848602494499822,0.4979560971260071,0.6800602078437805,0.036322399973869324,0.4068947732448578,0.550325986103606,0.4191685598305239
0,0.4433921253472872,0.3922743499279022,0.4049937788244182,0.4517400884608128,0.5507714152336121,0.6654562950134277,0.43489208817481995,0.5623281002044678,0.5483498379221386,0.48545176616157804
0,0.5238196008504385,0.6104044914245605,0.5069253410312015,0.6006109586272965,0.5563018321990967,0.8437738418579102,0.5384458303451538,0.620873212814331,0.6702240691083885,0.5972457933092297
0,0.31505108069890375,0.22691577672958374,0.026860978170637016,0.19445099970558816,0.34002530574798584,0.02123839408159256,0.27063703536987305,0.16495108604431152,0.3404879870807376,0.19942554371804738
0,0.12242175480713781,0.03353594243526459,0.001145372723192606,0.014566460081516314,0.13576626777648926,0.02102343551814556,0.07418446242809296,0.059536248445510864,0.18524085988416442,0.05906525527681962
0,0.18076380017748936,0.05940253287553787,0.0016411601809037824,0.06933624008763299,0.3125765919685364,0.0508088655769825,0.03916839510202408,0.1712758094072342,0.21630472175717622,0.11412758292604827
0,0.18072214010700968,0.08848267793655396,0.00522210527000989,0.1053523071629246,0.10766556113958359,4.2298655898775905e-05,0.00010497302719159052,1.8707967683440074e-05,0.23470113777884458,0.06669921791912797
0,0.42396471485167003,0.4524543583393097,0.04143456805809566,0.5943696071690767,0.5425710082054138,0.3904823064804077,0.6594094038009644,0.5042489171028137,0.5175465862728887,0.4496542966653522
0,0.31926700775352446,0.1295587569475174,0.001534524550575165,0.16056066249204762,0.26721689105033875,0.5911435484886169,0.38374418020248413,0.31476902961730957,0.3737881765970269,0.26455363936875775
0,0.7509564961117056,0.8622587323188782,0.5815095371994351,0.8432534146760787,0.9145804643630981,0.9973945617675781,0.671166718006134,0.6808396577835083,0.8578789558860734,0.7906111144024148
1,0.3814577317984829,0.27893832325935364,0.25660774590024543,0.30704040717550335,0.4499310851097107,0.38089534640312195,0.012483720667660236,0.4555128514766693,0.4232388279709816,0.32113686762545407
0,0.6510308851329039,0.8425263166427612,0.8180279768242343,0.7108273634619905,0.8003066778182983,0.9347879886627197,0.8561720848083496,0.9322778582572937,0.7818073659798344,0.8110053700262605
1,0.14281287248216212,0.09951253235340118,0.0030387439952247507,0.028158442120695834,0.19096100330352783,0.045426007360219955,0.04033472388982773,0.025729749351739883,0.2032777425901537,0.07535387470736471
0,0.23297024882267187,0.109286829829216,0.005542496742922795,0.11312667963418774,0.14347808063030243,0.14503338932991028,0.09032400697469711,0.18854302167892456,0.26566956745921616,0.13062246060274854
1,0.2958276798399161,0.07463948428630829,0.264667096995557,0.2527397732593364,0.46239596605300903,0.44397929310798645,0.45658400654792786,0.38802310824394226,0.36364692924395703,0.3234431714210191
0,0.44886689862582657,0.47997963428497314,0.06396654582252946,0.38672826376176267,0.5503071546554565,0.45446619391441345,0.45841020345687866,0.45564278960227966,0.5117164165426608,0.41317667871670377
0,0.5445496517475982,0.5537254810333252,0.7607752453020176,0.2910672458072473,0.41899940371513367,0.0010473616421222687,0.06142859160900116,0.008740954101085663,0.6346471631136955,0.3465279860693769
0,0.22368026953458908,0.08260999619960785,0.006909702711725032,0.09589619207541128,0.2842921018600464,0.0987478718161583,0.000787715835031122,0.015002848580479622,0.2676001483117436,0.10734521442273204
0,0.38240269085624,0.3513236939907074,0.30525818422004747,0.36970261204113053,0.2851167619228363,0.13255362212657928,0.14196692407131195,0.24658909440040588,0.4494922036020162,0.28469887582032
0,0.18204350109157624,0.1889694333076477,0.0013785370186329918,0.16736287362150007,0.1702888309955597,0.29410654306411743,0.14910832047462463,0.10485611855983734,0.26199468162726275,0.15780311839668676
0,0.15867588790522388,0.08763928711414337,0.003000380277422073,0.050968325810974165,0.08631718158721924,0.02926384098827839,0.09845313429832458,0.10895713418722153,0.20832118882760076,0.07927127381276568
0,0.14839551217234953,0.029560087248682976,0.00955848064472892,0.049970304984347035,0.018443040549755096,0.0005774983437731862,5.222905383561738e-05,7.44845536360117e-08,0.2071962659971954,0.03567303778535693
0,0.48515554732548033,0.17163465917110443,0.07959389024592887,0.28585556022444486,0.29369473457336426,0.0011952792992815375,0.00022406764037441462,0.11984388530254364,0.5020095411762574,0.19332984750586613
0,0.19173953249313055,0.14891283214092255,0.039504132428272665,0.09665480898346424,0.32255464792251587,0.11741211265325546,0.00025722337886691093,0.005505792796611786,0.251502032156412,0.12160342873362301
0,0.19485524467502358,0.12850169837474823,0.05426808403817239,0.07680425952808727,0.06452099978923798,0.00040107747190631926,0.006119491998106241,2.731034783209907e-06,0.24440240037437375,0.07118171605088378
0,0.25593740565752554,0.23651644587516785,0.020622907628543616,0.36305326635215585,0.4435453414916992,0.40063992142677307,0.3152310252189636,0.16578848659992218,0.35639919853335184,0.27610322738886656
0,0.3565827103699741,0.5459317564964294,0.029622927693850047,0.2548055050106214,0.17746733129024506,0.0962250605225563,0.3007463812828064,0.5721984505653381,0.3529414215071639,0.29333313574836445
0,0.405481679616265,0.13324671983718872,0.05586548937429443,0.23523680051423218,0.2432059794664383,0.29680564999580383,0.46448466181755066,0.10648509860038757,0.4670510018281396,0.2417769487907484
0,0.7870504404027783,0.9085851907730103,0.6179844528385835,0.8963978333700315,0.785106897354126,0.5565836429595947,0.756832480430603,0.7108159065246582,0.8578500621652926,0.758457617258287
0,0.6507294445441988,0.6922200322151184,0.8484113472999009,0.783928683316127,0.745850145816803,0.6588776707649231,0.812964141368866,0.7355961203575134,0.786623849653905,0.7386938214171581
0,0.42925208209379967,0.5046706795692444,0.368138386770978,0.46541551353260285,0.732177197933197,0.8784462213516235,0.2885911166667938,0.40132462978363037,0.5767063395330719,0.5098604933934321
0,0.1663177561191681,0.14093656837940216,0.06925978305999168,0.05132554988168379,0.22179166972637177,0.13923923671245575,9.863510058494285e-05,0.04788801446557045,0.22835474921267387,0.10856560997122494
0,0.6256226979692946,0.9231172204017639,0.9787162402647962,0.7322662099310026,0.7215302586555481,0.9054061770439148,0.8354172110557556,0.7359035015106201,0.7951008000893278,0.8020438761444908
0,0.2918320272852161,0.2732899487018585,0.04456330865849205,0.2537898271076485,0.4640927314758301,0.5190802812576294,0.24127809703350067,0.6638066172599792,0.31804827150447285,0.3401589849849769
0,0.13556397239578444,0.026602601632475853,0.005047309254603878,0.012131684751028403,0.12971827387809753,0.030020346865057945,3.3842286484286888e-06,0.011067217215895653,0.19548586758336584,0.04702710707634644
0,0.1627801901106379,0.0428098700940609,0.022143709152737803,0.021712986100337967,0.14282606542110443,0.023420289158821106,0.1665981411933899,0.12338921427726746,0.20672395834207236,0.08793630226814746
1,0.8683470314288445,0.927719235420227,0.9814846302593473,0.9103181560280258,0.8974614143371582,0.9150554537773132,0.9249728322029114,0.9194654822349548,0.9063652915785029,0.9167443308608224
0,0.25474488063620404,0.1897769719362259,0.012188454542364764,0.20936479423466003,0.4159558415412903,0.2804796099662781,0.07608270645141602,0.2707355320453644,0.2983924599375759,0.21744664633982452
0,0.7497821639864993,0.8368301391601562,0.27756939032562744,0.7843919656067555,0.855582058429718,0.7771078944206238,0.8452258706092834,0.7903265953063965,0.8215175976960837,0.7398460104967061
0,0.28022382100074056,0.10629737377166748,0.0043351653613606924,0.11818380810329955,0.33224353194236755,0.39181607961654663,0.2345513254404068,0.09986652433872223,0.3367483588881424,0.19565906146926254
0,0.5349220872193762,0.5083686113357544,0.16447380155311217,0.538707462680229,0.6068870425224304,0.4552540183067322,0.5013660788536072,0.44606369733810425,0.6250465085834925,0.4730766219311844
0,0.3039574410485553,0.38001975417137146,0.05061612691151297,0.35230476184329906,0.6711898446083069,0.9619696140289307,0.3768218159675598,0.016478782519698143,0.48054468457704863,0.38777854726867544
0,0.31397090487065055,0.457984060049057,0.3960704128245272,0.4079548426755945,0.4834860563278198,0.005827794782817364,0.7676215767860413,0.30642515420913696,0.4042244460252424,0.38955369928517325
0,0.2852945535097815,0.1492733657360077,0.056769879589087274,0.1272310044266812,0.21219266951084137,0.05612168461084366,0.07164923846721649,0.18441665172576904,0.3022064808839822,0.1479778008315392
0,0.2232871799918721,0.11691711097955704,0.00020903737750322353,0.07870778724161849,0.03295554220676422,8.258169691544026e-05,0.008556603454053402,0.0015874707605689764,0.26063831026885914,0.06364234000783506
0,0.24275604044715782,0.35765916109085083,0.3736844763714859,0.33111041443173556,0.4019060432910919,0.418498158454895,0.3735452890396118,0.2066935896873474,0.36765194491181896,0.3365740277049611
0,0.17827575681851432,0.11038442701101303,0.013175403571738005,0.12622985048276622,0.2311815619468689,0.0902327373623848,0.05680501088500023,0.14510491490364075,0.2299580375634484,0.12227715015852336
0,0.26436300931079115,0.5107342600822449,0.04781329574590525,0.36824161869193844,0.26524513959884644,0.09347078204154968,0.15861855447292328,0.3512510359287262,0.31917700755448775,0.26371828181482815
0,0.4049702417092874,0.36212924122810364,0.3469644087895928,0.422015300886604,0.47410058975219727,0.4045409560203552,0.25823310017585754,0.3138519525527954,0.5043902089164637,0.3775680684959042
0,0.3200398807499251,0.18354259431362152,0.016429800064022,0.23601899519169028,0.41706031560897827,0.4066642224788666,0.34723836183547974,0.2832450568675995,0.3735184444418714,0.2748036511133833
0,0.5008193417963492,0.550593376159668,0.3011841411792064,0.2575775125905629,0.4854567348957062,0.3018501102924347,0.0002865703427232802,0.3190692961215973,0.5435054719241492,0.35153985170195207
0,0.212348380992701,0.07160446792840958,0.05937260478209487,0.0525817149550032,0.10158439725637436,0.038153961300849915,0.20018766820430756,0.22640395164489746,0.2363179983866075,0.1192839129773329
0,0.47137233652202026,0.44937244057655334,0.07116011886451307,0.3127110797918358,0.5612404942512512,0.020678602159023285,0.17989718914031982,0.04173528403043747,0.5198221274357908,0.2778770808970736
0,0.5590030432455421,0.6486022472381592,0.5350307999113407,0.6306980529541519,0.7318657040596008,0.19450591504573822,0.8838106989860535,0.5969579219818115,0.6574114417878111,0.5970295091962157
0,0.23841284368798368,0.2010844498872757,0.005358747339271135,0.037573338545172114,0.2752740681171417,0.361570805311203,0.2422524094581604,0.2430153489112854,0.2764894770981266,0.19774277132950255
0,0.12342465210831544,0.026586264371871948,0.0012130480853901034,0.014904124569217544,0.008523274213075638,7.063590601319447e-05,2.81487177744566e-06,1.9927635930283571e-10,0.18845407051628413,0.024565531830018167
0,0.8267542018503741,0.9335874319076538,0.9712698168292557,0.9053311010293603,0.8064944744110107,0.872410774230957,0.4955720901489258,0.849174976348877,0.8889523393159865,0.8394004998184694
0,0.5509054377411915,0.4507816433906555,0.7166116398962489,0.5336270251267787,0.4670456051826477,0.7627162337303162,0.6062160730361938,0.6878460645675659,0.677489754554692,0.5905733401394
0,0.2408325651502027,0.07463976740837097,0.004035275359728747,0.12056819208833669,0.05837267264723778,0.000330535665852949,0.0020767981186509132,0.006226666271686554,0.2772889742855467,0.06992313104988597
0,0.3333739611414919,0.2829316258430481,0.10137736674185323,0.14816698279244714,0.30891960859298706,0.23501524329185486,0.41391658782958984,0.19990894198417664,0.375947094590365,0.25192717087001604
0,0.16317362601093252,0.07043417543172836,0.22257962253207633,0.0751746385592078,0.060507893562316895,0.025627389550209045,0.0015984771307557821,0.0024622632190585136,0.23300081656866697,0.08153219599909459
0,0.4594366837725994,0.2133578211069107,0.08810812169794818,0.4417725836723642,0.5901457667350769,0.48164281249046326,0.30883556604385376,0.4830029606819153,0.5176652562545102,0.38563165074056904
0,0.26537908132071786,0.18302592635154724,0.04723737547635366,0.15718682577920623,0.2400241494178772,0.034817248582839966,0.43277281522750854,0.26480934023857117,0.29097089734320153,0.20098268194360147
0,0.569960374393135,0.7057042121887207,0.4250399673777925,0.7114050544882726,0.5793114900588989,0.8129214644432068,0.45980992913246155,0.2440491020679474,0.7551181559915239,0.5691734482315244
0,0.4363947773311187,0.5045590400695801,0.08754192193493032,0.5623683388442156,0.5797794461250305,0.4985843598842621,0.4962943196296692,0.6487928032875061,0.5139952933589869,0.47638635759807707
0,0.32511829025737343,0.2597997188568115,0.04991558468904485,0.11806971561249835,0.36102041602134705,0.4254336655139923,0.3463633358478546,0.21903879940509796,0.3732210069206139,0.2610945468987782
0,0.4745232006392013,0.2955687940120697,0.0972274702160114,0.19893300946384482,0.5816037654876709,0.21543334424495697,0.5680516958236694,0.668784499168396,0.4463454903747229,0.3840466733210946
0,0.4012304590944432,0.38325145840644836,0.13256929799072262,0.30059572515520633,0.4795328974723816,0.4360791742801666,0.3697541654109955,0.38544991612434387,0.4606161505233396,0.36150496560081036
1,0.8106869828647661,0.9041035175323486,0.8929555358945425,0.9108599325211628,0.8411912322044373,0.6589697003364563,0.7879332304000854,0.722332239151001,0.8824802648610508,0.820622731311103
0,0.40474700686594395,0.40354612469673157,0.028927720219915323,0.07954194231426004,0.361118882894516,0.02630695328116417,0.008767664432525635,0.12523651123046875,0.39932472669310554,0.1915540425553348
0,0.244620117664247,0.18837057054042816,0.02138464200293102,0.1444780498806318,0.3857632279396057,0.1927507221698761,0.01389207411557436,0.0542776994407177,0.2971176720937205,0.16265463550625903
0,0.448924953154542,0.37838706374168396,0.21520793500544752,0.3784094471715908,0.5646436214447021,0.6976377964019775,0.6351199150085449,0.5236072540283203,0.5404390337939706,0.47343892397248377
0,0.391123478745516,0.3611203134059906,0.03650804882877306,0.3562332063251785,0.4998517334461212,0.5871991515159607,0.5355117917060852,0.38726797699928284,0.47445185171024484,0.39057109753922004
1,0.7660839635675213,0.723660409450531,0.6597607847657159,0.7565228813193242,0.7691411375999451,0.6157522201538086,0.9506471157073975,0.7458142638206482,0.837655698514677,0.74644377842066
0,0.24499078647883607,0.08467316627502441,0.005223985150746737,0.051824275195756254,0.22176916897296906,0.43883049488067627,0.08699881285429001,0.09500055015087128,0.29962757832563663,0.15366692579408137
1,0.6534982387235232,0.7497816681861877,0.8883132973572911,0.5991681288394184,0.7075484395027161,0.7027264833450317,0.867571234703064,0.7196613550186157,0.7750675700672538,0.7305708038269103
0,0.39800028770553597,0.3945175111293793,0.20983182853937574,0.5572493110034232,0.4419949948787689,0.6394219994544983,0.3917195200920105,0.40713098645210266,0.5297744859618371,0.42985578084853676
0,0.20806811286432317,0.08514992147684097,0.01668395362885676,0.0257351950643907,0.058531034737825394,0.020743070170283318,0.14948813617229462,0.08999063074588776,0.23924912617403543,0.08289803675771697
0,0.14620942785386076,0.05033532902598381,0.01002956663998846,0.048207940677435474,0.15948323905467987,0.28149738907814026,0.2169143259525299,0.09870670735836029,0.22105311923988497,0.12290717801840745
0,0.32456685021762594,0.2673052251338959,0.2625008590476445,0.268614610083917,0.29639551043510437,0.08531700074672699,0.2275363951921463,0.26344773173332214,0.3712641787252808,0.25342814260821306
0,0.3236854547724511,0.2516759932041168,0.053490913350555766,0.23302443017157964,0.45720064640045166,0.4395495355129242,0.15106980502605438,0.3588249087333679,0.36795541487252026,0.2855155765903914
0,0.20636863933889826,0.09557532519102097,0.00019640284094175518,0.05851785914059033,0.2662432789802551,0.34931817650794983,0.2599800229072571,0.20868881046772003,0.25695570793106515,0.17672648622944914
0,0.6346949727328869,0.6018780469894409,0.32160556044431005,0.6527559313056387,0.6907384991645813,0.6782088279724121,0.5918006300926208,0.8247219324111938,0.71282951479332,0.624159882927485
0,0.31749888054195974,0.1830993890762329,0.021067093510247267,0.17749066849132406,0.40202218294143677,0.5551113486289978,0.4642288088798523,0.6009454131126404,0.34005994868739503,0.3310393247630229
0,0.3905043160227,0.4468564987182617,0.2830669769866401,0.3621224096496044,0.3905438184738159,0.23829789459705353,0.26723209023475647,0.40868303179740906,0.4491690328073829,0.3525776671974244
0,0.18786286113177675,0.042872391641139984,0.0016636293097564599,0.08880418091821779,0.06652285158634186,0.0023230111692100763,0.037968311458826065,0.011883922852575779,0.23603331270618763,0.05926204122307198
0,0.2472144583648757,0.023574041202664375,0.00010457241522310721,0.0489727639161117,0.1774645298719406,0.004771747626364231,0.21341274678707123,0.07094188779592514,0.26813274124443726,0.09983523607935212
0,0.23317546158252378,0.15535907447338104,0.009923905349601012,0.14980378550350162,0.22258535027503967,0.0014720086473971605,0.003981753718107939,0.0027643220964819193,0.27797319353437777,0.10561965757668684
0,0.271401982976587,0.1538170427083969,0.02774821268754296,0.11872177182138423,0.3284252882003784,0.18925483524799347,9.716950444271788e-05,0.02972206100821495,0.31565528647651486,0.14704720117688053
0,0.16756666865262373,0.06989403069019318,0.01895745629761699,0.055756632033781034,0.27076393365859985,0.2374972552061081,0.17553508281707764,0.26651543378829956,0.21554171924585896,0.15519012275307634
0,0.39587068235849265,0.33799508213996887,0.09235077565731983,0.2936589632777363,0.42110365629196167,0.6188814043998718,0.4570603668689728,0.32426148653030396,0.4809295383474035,0.36437380746624604
0,0.3851621160134734,0.30804067850112915,0.09426714433425282,0.046231636477613317,0.39978402853012085,0.18292370438575745,0.007851701229810715,0.25665977597236633,0.3767031401378549,0.21773148674373133
0,0.45162591943495806,0.45511525869369507,0.11790387477728415,0.3345406672275334,0.43915513157844543,0.001176911755464971,0.09652885049581528,0.048666633665561676,0.5049943381132295,0.25821234306778346
1,0.46516349176195027,0.6108211278915405,0.8160764157868295,0.5965515389940055,0.4898824095726013,0.5187190175056458,0.44646140933036804,0.263201504945755,0.6546226034199472,0.5292600815341525
0,0.1945148968681258,0.10367970168590546,0.0030277733445860126,0.08802805037538974,0.07308486104011536,0.009913098998367786,0.10224172472953796,0.04411197081208229,0.24076278459332323,0.08052653479442257
0,0.3160480207285103,0.13562197983264923,0.04483067546157533,0.15963821194221003,0.3427113890647888,0.1320270448923111,0.35497766733169556,0.44945698976516724,0.3125924323339088,0.23975476403092855
0,0.4915720297383974,0.4084426462650299,0.29702266702979263,0.49422367531961225,0.6761977672576904,0.549440860748291,0.8959165215492249,0.2613087296485901,0.6322348393055096,0.5041163604409531
0,0.26431742716177264,0.2144819051027298,0.004680182853692009,0.09641475961881799,0.2480296790599823,0.00245098234154284,0.032091159373521805,0.0465015210211277,0.2900483657392363,0.12150921088895492
1,0.4020842261258652,0.5496181845664978,0.17666730891423993,0.3682220755696431,0.4504912197589874,0.00957267265766859,0.062120433896780014,0.4392056465148926,0.42082399758234096,0.31909254396239994
0,0.15193713353585492,0.01809004135429859,0.004270874636253664,0.01363878690097939,0.0724833682179451,0.012828875333070755,0.07805997878313065,0.06754370033740997,0.2007084467045059,0.0536206148598906
1,0.28633565857791093,0.330221563577652,0.012277970624822021,0.2699673714663559,0.25944575667381287,0.007637355010956526,0.006216901354491711,0.018454190343618393,0.3410677472046385,0.16043815663885946
1,0.5342924425402333,0.7000756859779358,0.7469910510313735,0.5788018844683464,0.4776853621006012,0.535666823387146,0.596343994140625,0.5778779983520508,0.6729295519137767,0.5925209919937284
0,0.24756914771488867,0.03755386918783188,0.0003508514644925898,0.056643459579211526,0.37256351113319397,0.4576933979988098,0.5058263540267944,0.20484675467014313,0.3004187417059262,0.22664126342491542
0,0.3477819797404781,0.33848854899406433,0.03192977591816859,0.3031858042538943,0.39508479833602905,0.08818517625331879,0.23957446217536926,0.21194708347320557,0.3890033106001102,0.2512013930311434
0,0.29971577693856705,0.1316656768321991,0.020823683023904898,0.11382205548204966,0.42292043566703796,0.16869240999221802,0.048875752836465836,0.35921192169189453,0.2959087405332716,0.19982107403004692
0,0.42698380197087343,0.708733320236206,0.7256223349032151,0.5446243935277794,0.6052718162536621,0.5272572636604309,0.5609728693962097,0.5866456627845764,0.571316527754703,0.5840399213974441
1,0.8123157182673669,0.9313617944717407,0.9502957694882941,0.8832346550951775,0.9597395062446594,0.9952855706214905,0.9974256157875061,0.9687910676002502,0.8863325350572817,0.9323838102269034
0,0.632623619905255,0.717929482460022,0.658295842671386,0.5256352498281757,0.6905016303062439,0.5676373839378357,0.5565402507781982,0.5615369081497192,0.7354429616110277,0.6165114302040592
0,0.16840633087108764,0.10848822444677353,0.006472033236020755,0.1466004782130025,0.07432698458433151,0.010015083476901054,0.15282925963401794,0.03076544590294361,0.23426466520627673,0.08970028826790938
0,0.2875244636650612,0.26146575808525085,0.05903270473990813,0.20602945113673193,0.39135122299194336,0.3495992124080658,0.2896413207054138,0.2632559835910797,0.34248807178741747,0.2632758777047034
1,0.6044779475495794,0.616832435131073,0.14673025912321302,0.5237279268613085,0.5791590809822083,0.12061075121164322,0.21010027825832367,0.3078395426273346,0.6585514452213516,0.4045254648154356
0,0.39753973460615877,0.3422032594680786,0.12017986278702204,0.3268614607280152,0.626551628112793,0.241258442401886,0.6947736144065857,0.07648223638534546,0.4912435553167631,0.35320320540354844
0,0.4123749656710363,0.2566387355327606,0.019977544673185587,0.36510225384698763,0.5301105380058289,0.4185622036457062,0.4733971059322357,0.38316091895103455,0.47083071395810544,0.35660818839129194
0,0.5104291928604217,0.7009982466697693,0.6172266203796176,0.7354583752960897,0.4079650342464447,0.07374735921621323,0.3584863245487213,0.4197838604450226,0.6391174133380256,0.48899413103047523
1,0.22110666825199668,0.23182502388954163,0.01752875584464699,0.2570114290325057,0.3908027410507202,0.20514832437038422,0.23335036635398865,0.4195781648159027,0.26388868258405906,0.2470129563457277
1,0.4762544177018202,0.47794675827026367,0.3166441755586834,0.43388516667379895,0.42967215180397034,0.001893113018013537,0.01692790724337101,0.1337166279554367,0.5468228996615814,0.3027627973030262
1,0.5966947030515078,0.4149778187274933,0.8106748282085977,0.6026742817522501,0.6397310495376587,0.8837358355522156,0.9812237024307251,0.743316113948822,0.7400761306711782,0.6957655927252654
0,0.38246611395650354,0.4217287302017212,0.11717303222432184,0.30163402826818275,0.4006323218345642,0.2028357982635498,0.008686375804245472,0.2695690095424652,0.42438820359456547,0.2735894003144557
0,0.26357751087386344,0.16309595108032227,0.00886065560212373,0.12643560618010147,0.37231385707855225,0.18767981231212616,0.0337856151163578,0.2625761926174164,0.283623279425883,0.18181998410514782
0,0.2539531726274869,0.14813807606697083,0.033686730260351336,0.12350330247451824,0.2770620286464691,0.024503454566001892,0.4799594283103943,0.09891325980424881,0.2945938046677935,0.17807484846355884
0,0.7275182310745533,0.9321470856666565,0.9300507907909933,0.8958378766010455,0.8570466637611389,0.9448259472846985,0.927628755569458,0.8821091055870056,0.8546694325365022,0.8828887683206998
1,0.48819780678954217,0.47994163632392883,0.26863413854890134,0.2645560546821361,0.5483123064041138,0.2736213803291321,0.016151031479239464,0.38997891545295715,0.5158764149899454,0.3522021275900711
0,0.40094962191838596,0.2246628701686859,0.4677312583617416,0.2056933068755625,0.37796318531036377,0.392943412065506,0.025728195905685425,0.5403522849082947,0.42742736894143946,0.3320734503594271
0,0.47211022871659397,0.46457070112228394,0.5082800771792918,0.38844320153581735,0.2696257531642914,0.00049181206850335,0.005528986919671297,0.015356630086898804,0.5659833836833158,0.2817480648446348
1,0.5619242833746239,0.7642250657081604,0.5387812145520212,0.6283807620647431,0.769309937953949,0.8509182333946228,0.758424699306488,0.4465188682079315,0.7346988891619199,0.6625654042967615
0,0.2737862443446634,0.20204024016857147,0.02438375388001159,0.08628175988163878,0.028796833008527756,0.00010964483954012394,6.325700087472796e-05,0.0017170878127217293,0.30211783290893246,0.08470498266466331
0,0.17402994058736698,0.11458687484264374,0.005427975475415294,0.11150136016839919,0.17084582149982452,0.06685889512300491,0.17870239913463593,0.13394105434417725,0.22766812612638554,0.1202508778160272
0,0.1671186338398562,0.13314484059810638,0.008679514938249734,0.1263603264219339,0.11232509464025497,0.00038782553747296333,0.005328026134520769,0.0028061484917998314,0.22979319184325298,0.07541502164745631
0,0.17945365995730725,0.12262105196714401,0.0323226956824397,0.18041829223844527,0.271858274936676,0.0799153745174408,0.0029231328517198563,0.002858351916074753,0.2511654965468735,0.115809700391447
0,0.4952981632335424,0.42493337392807007,0.3410981403668526,0.45144835888764795,0.5104782581329346,0.686215341091156,0.4417972266674042,0.4479052722454071,0.6081628230555431,0.474013660110159
0,0.535976358965025,0.7596368789672852,0.8928942095250284,0.5559529518000111,0.5660275220870972,0.40616723895072937,0.7911146283149719,0.6852887272834778,0.6623164396195926,0.6450473252574267
1,0.8936522241452114,0.9377224445343018,0.967327454515076,0.9187276479177602,0.8955232501029968,0.9308162331581116,0.9381306171417236,0.9442178606987,0.9136624997036749,0.926901155325711
0,0.3418959141353524,0.4535653591156006,0.15724692093386505,0.42974405576120206,0.3745397925376892,0.2580699920654297,0.23994804918766022,0.3272714614868164,0.42113369542337803,0.3280937889654706
1,0.501496710990028,0.5728514194488525,0.21179048948927082,0.38862425855125043,0.5998145937919617,0.5619162321090698,0.8587703704833984,0.6531087160110474,0.5707745049581118,0.5351600557467027
0,0.7514506436216278,0.884566068649292,0.842538048878981,0.7762992993474543,0.855606198310852,0.13971123099327087,0.9941585063934326,0.7350422739982605,0.8159043575791949,0.750677862182461
0,0.11486483365976381,0.02960643358528614,2.0619010595120152e-05,0.04895811121675047,0.022512096911668777,0.0003191454743500799,3.6162513424642384e-05,5.273026999930153e-06,0.18745303356397378,0.03004959919505865
0,0.21564560054762397,0.15374672412872314,0.005473687447341764,0.05432580955806391,0.2488301545381546,0.15093126893043518,0.08681938052177429,0.22694900631904602,0.24263903405544768,0.14460551389102944
0,0.35276296270245955,0.20282812416553497,0.15186554556407258,0.4094411980883392,0.28757941722869873,0.44780126214027405,0.39483320713043213,0.21302852034568787,0.45935868608765923,0.3067178841618453
0,0.3054682569930177,0.27941977977752686,0.025570904944882147,0.3395939531470311,0.3086138963699341,0.3548364043235779,0.2879369854927063,0.1149907186627388,0.39828992719225703,0.2546437367631472
0,0.40279165500185093,0.3763241171836853,0.10002929655864397,0.339414924747634,0.3675341308116913,0.399518758058548,0.00011228398943785578,0.3319929242134094,0.4583032666790375,0.2980417137864327
0,0.42528773850316604,0.32866132259368896,0.22913324055416723,0.5180683964419278,0.38487717509269714,0.46216219663619995,0.43500107526779175,0.4264167249202728,0.5271489599683618,0.4011149983903907
0,0.3332450825979867,0.17828311026096344,0.0664224974438091,0.3073964626112735,0.21722041070461273,0.7855311036109924,0.009999248199164867,0.0034949867986142635,0.4678811556019975,0.24125432377621459
0,0.22947583274274538,0.20634198188781738,0.0435112807067062,0.14567736311713111,0.23101577162742615,0.022372348234057426,0.1815354824066162,0.22467873990535736,0.2605547176522625,0.16315601018903542
0,0.4142201461754954,0.31382885575294495,0.04116700718827895,0.3918917228950481,0.4979246258735657,0.40953367948532104,0.46626245975494385,0.3715723156929016,0.48156004428559684,0.36328401246892916
1,0.48733783019625854,0.6043064594268799,0.1339595361918013,0.3167946931838324,0.56037437915802,0.315871924161911,0.7176486253738403,0.5923571586608887,0.5186178177205731,0.46274890632059285
0,0.24888662232224726,0.16739429533481598,0.004059444106879233,0.08072896642381391,0.05944552272558212,0.0002821486268658191,0.0037168674170970917,0.020446492359042168,0.27833981291807913,0.07989338801496762
0,0.34452361580751967,0.16588887572288513,0.004172331953226263,0.225094531081265,0.3770751953125,0.40079814195632935,0.4704720973968506,0.21120117604732513,0.40422419977610274,0.27180066015025633
0,0.4998857910220435,0.518308162689209,0.46453278849498764,0.3472622293660783,0.4925445020198822,0.20379512012004852,0.3968796133995056,0.3984868824481964,0.5621679450110763,0.41989901341050184
0,0.39009828656713985,0.4324192702770233,0.08513755146247358,0.4486100018845765,0.4649457633495331,0.3513898551464081,0.3027009665966034,0.18841291964054108,0.49129907102710213,0.3391568079518672
0,0.26148680107532923,0.10107525438070297,0.01277782050952141,0.11308981187499119,0.07229325920343399,0.00013545980618800968,0.00018242104852106422,5.623181277769618e-05,0.29316654306608003,0.07734058655338828
0,0.428692717081676,0.7314074635505676,0.15965957473111073,0.3355347537272448,0.4980509877204895,0.6349500417709351,0.44039127230644226,0.7114356160163879,0.4839219948905453,0.4896782096841999
0,0.46769439809150526,0.5276162028312683,0.09060780477943582,0.2639845329309425,0.42490625381469727,0.004552369471639395,0.12025021761655807,0.010307896882295609,0.5136413685574756,0.25382753690442567
0,0.22384921362687846,0.2441607117652893,0.21279327680731353,0.21765663908451066,0.31750041246414185,0.09835130721330643,0.24776695668697357,0.1270345002412796,0.29681394975106445,0.21359527240254228
0,0.5565798232927428,0.6884559392929077,0.8757827955367408,0.6699323066826169,0.5981646776199341,0.437788724899292,0.5754299759864807,0.5753401517868042,0.7024234116751168,0.6243495531677681
0,0.22597350879585165,0.07555986940860748,0.1788421894649506,0.05881472852383256,0.06391390413045883,0.01223783940076828,0.029799815267324448,0.01628020964562893,0.2690883426019257,0.08715988413949016
0,0.38098726823766077,0.18924696743488312,0.02890447868150791,0.1146878338393321,0.25614306330680847,0.00023967614106368273,0.0018006620230153203,0.011631989851593971,0.3908723040214044,0.13401241520471874
1,0.314956816528895,0.2950483560562134,0.17692549457028,0.326981240491533,0.43989330530166626,0.4787989854812622,0.7445218563079834,0.45988258719444275,0.3967270271434398,0.3942312774611902
0,0.20165721919004906,0.046395596116781235,0.023831482278941576,0.0846010176101268,0.05091075226664543,0.017348192632198334,0.0229526124894619,0.023600948974490166,0.24560471012551136,0.06330341030509688
0,0.415065365942913,0.35325732827186584,0.0494922212293439,0.456187604225928,0.35813817381858826,0.39131152629852295,0.3682684898376465,0.23644526302814484,0.510444039782411,0.3319749808780833
0,0.20077831539584956,0.15801095962524414,0.00867640808142656,0.2202408993459877,0.18320773541927338,0.06900209933519363,0.0663842111825943,0.08538267016410828,0.26354877650256175,0.12933713466316743
1,0.24406654066835018,0.2847677171230316,0.08237263201721522,0.173955029880277,0.2916821539402008,0.29627349972724915,0.3284539580345154,0.364571213722229,0.290864959849703,0.25518463764482513
0,0.1478665471341324,0.19102147221565247,0.007648265320508043,0.08293684713818682,0.18470704555511475,0.03738579899072647,0.05560072138905525,0.2602703869342804,0.19399488691077038,0.1229903152313134
0,0.780135400957617,0.9001732468605042,0.90702717915497,0.8840297672740061,0.8796057105064392,0.955186128616333,0.8829107880592346,0.9509919881820679,0.8700108267662071,0.8891991375918027
0,0.31219645014918507,0.3483780026435852,0.18086602115833866,0.21379430399198687,0.25125813484191895,0.11465657502412796,0.5912246704101562,0.15223537385463715,0.37731375127728983,0.2679312817979332
0,0.3028098275812415,0.24152757227420807,0.07326311531622058,0.11025244243391602,0.297738254070282,0.0019530532881617546,0.06305455416440964,0.0432405062019825,0.32791844218718885,0.15024389012193326
0,0.29865721080509805,0.18939535319805145,0.009894096870496727,0.073225730326819,0.3817170262336731,0.2621312141418457,0.029263155534863472,0.42262786626815796,0.29065044797644024,0.21102201647085922
0,0.21944763598652453,0.12004059553146362,0.0011338029035716309,0.13951569796359672,0.2515820562839508,0.06979717314243317,0.10483387857675552,0.20336100459098816,0.25203084387419705,0.14190198829850942
0,0.3849168974324219,0.2928512394428253,0.2652328025321327,0.11630455376040923,0.49074599146842957,0.45918065309524536,0.42266011238098145,0.3491280972957611,0.42923841971781257,0.3441271366821056
0,0.4426938490884859,0.136196568608284,0.007157955028407311,0.3520525234979206,0.43549928069114685,0.2677205801010132,0.04446779564023018,0.6297902464866638,0.42774486192437683,0.2951959494681173
1,0.37188218801602446,0.5148341059684753,0.2741013256339383,0.1611448162215633,0.2939562201499939,0.3220641016960144,0.36881259083747864,0.057147733867168427,0.4589947454278983,0.2978107603743773
0,0.23671994560058604,0.10788577049970627,0.15711739372342637,0.06350832080402206,0.19428735971450806,0.16026385128498077,0.12893961369991302,0.3211836516857147,0.2581358093840482,0.17061225425963342
0,0.3219434479000156,0.26373276114463806,0.13328163182448968,0.23039166674644004,0.48021990060806274,0.42000702023506165,0.2846519947052002,0.23691803216934204,0.3900680070070306,0.29709801105462247
0,0.1578568305726538,0.04797464236617088,0.010724001697088426,0.060782845052988525,0.057879477739334106,0.0011409769067540765,0.0395737886428833,0.016466151922941208,0.21383598140283766,0.05237032238879847
0,0.413878135801655,0.4300786256790161,0.19569536472333665,0.29987959653821716,0.39937499165534973,0.19289933145046234,0.8806941509246826,0.2789207696914673,0.48517583455871083,0.38031620198688904
0,0.6247834142912922,0.6843519806861877,0.37506432209408885,0.6623697309799005,0.6951789855957031,0.7975108027458191,0.7388189435005188,0.7976512908935547,0.7296559070007763,0.6681222851453544
0,0.3994456231382031,0.19033733010292053,0.016624943071203505,0.2118010479448106,0.5199333429336548,0.33648881316185,0.008524931035935879,0.2335326373577118,0.42581861709996,0.2478921240495398
0,0.37637123551188595,0.21679234504699707,0.039790966619314645,0.23834949367522906,0.4718940258026123,0.3648482859134674,0.03892354294657707,0.3441173732280731,0.4024497177523291,0.26737353112951956
0,0.5914490235308743,0.6490415930747986,0.5518454180304553,0.6126130968334891,0.6394874453544617,0.5191262364387512,0.6415933966636658,0.655797004699707,0.6975715993211083,0.6077532250072624
1,0.27385499876816566,0.056403279304504395,0.08667232360666594,0.08632651710550783,0.28688231110572815,0.09606380760669708,7.268864692377974e-07,0.09019125998020172,0.29845611115224613,0.12819902418177642
0,0.14600580249006184,0.104008249938488,0.0019075924198314865,0.05930077481790651,0.10034068673849106,0.021342603489756584,0.09348331391811371,0.11517409235239029,0.20089435787866824,0.08172037579835595
0,0.3920568493385239,0.4184868037700653,0.03578246768274623,0.4145621981628561,0.38866758346557617,0.3621806502342224,0.43557801842689514,0.43521562218666077,0.4551192271145143,0.360623363932855
0,0.4587183754063115,0.7658938765525818,0.9580685795810484,0.7815112993671801,0.7245964407920837,0.5474320650100708,0.6432254314422607,0.7802214026451111,0.63671339567686,0.7055354541253134
0,0.46628429763947027,0.1925060749053955,0.22554050124468336,0.08169217950658392,0.39624732732772827,0.5064883232116699,0.054530128836631775,0.5083094239234924,0.46092529126738463,0.3056138707682523
0,0.6260228054585493,0.29506826400756836,0.12000855086586137,0.46609806331921083,0.723051905632019,0.7521309852600098,0.22428512573242188,0.584178626537323,0.6796016178214801,0.47881373148715456
0,0.17041830086421172,0.088236965239048,0.0045403594632024286,0.07431451114313481,0.2701760530471802,0.05057559907436371,0.0005951744387857616,0.012657403014600277,0.22567908586051572,0.08954391245649239
0,0.2417009266715003,0.1994592845439911,0.010652905960653504,0.22882452363549172,0.375239759683609,0.20866374671459198,0.13139128684997559,0.25743481516838074,0.28881195499077544,0.20999810732568863
0,0.17346786243906492,0.1879623532295227,0.052971908003878465,0.19697611059049283,0.23142829537391663,0.08032611757516861,0.012450826354324818,0.29051798582077026,0.22408444740043898,0.15720858214828176
0,0.0941816747183848,0.01603400707244873,0.0002862228347213142,0.021197437001017866,0.09971441328525543,0.1893678456544876,0.16666337847709656,0.04269823804497719,0.18437414431482538,0.07588437913100961
0,0.8069415305240422,0.9097862839698792,0.7489968789291255,0.8093875551159907,0.9970577955245972,0.9385761618614197,0.7919812798500061,0.8984956741333008,0.8701257925158856,0.8627670875708717
0,0.40698873580101697,0.19199781119823456,0.13249926552189176,0.21361876542129396,0.24782292544841766,0.021056152880191803,0.08439826220273972,0.05616714432835579,0.43769053920597395,0.17929677766826524
0,0.3000275148282066,0.10090599954128265,0.03211188456895462,0.04707590962473051,0.252636581659317,0.476780503988266,0.2931763827800751,0.19970445334911346,0.34107383913126404,0.20859130272159226
0,0.27996458351468445,0.057705290615558624,0.016609848975366312,0.024421070863402845,0.033938515931367874,5.661734758177772e-05,0.008693252690136433,4.450745993977989e-09,0.2932114461240199,0.058630543227103586
0,0.22959226050011516,0.23985280096530914,0.08181623669091871,0.1989675305036855,0.33008673787117004,0.4507354199886322,0.4585282802581787,0.2044416218996048,0.31815718177668406,0.2685253388244568
0,0.18357018596899344,0.026743348687887192,0.0026377699352740083,0.055536358390709945,0.01937190257012844,0.0001445939706172794,0.00025995782925747335,2.8094277695345227e-06,0.22902378468266163,0.040363669548530205
1,0.2333084034713624,0.037587568163871765,0.0025440288587156505,0.021602197229916326,0.08887303620576859,0.0026848360430449247,0.08152848482131958,0.04620274528861046,0.25475710567399873,0.06766656283900524
0,0.16700368461622905,0.0574985146522522,0.00021812241803384014,0.05169936238039762,0.05695608630776405,0.009996501728892326,0.010582210496068,0.03450630605220795,0.2162677840136491,0.05234699916645408
0,0.16533185719131652,0.03031301684677601,0.0024381270427950965,0.05786800180960018,0.05250633507966995,0.0013805433409288526,0.1384713053703308,0.020000731572508812,0.21918776231909526,0.05986556411808873
0,0.575534353394278,0.7041831016540527,0.6789811268551442,0.704611808039779,0.7117578983306885,0.7788438200950623,0.7522899508476257,0.5163360238075256,0.7483832981005942,0.6756335710376857
0,0.34064366173996186,0.19973570108413696,0.1990933094112793,0.15086175791289783,0.2474537193775177,0.038816407322883606,0.4314044713973999,0.15739905834197998,0.3740656449554515,0.220692360916232
0,0.28395281075893,0.5427716374397278,0.011366484680303856,0.45096934310996317,0.4395217299461365,0.31845447421073914,0.4102325737476349,0.447693407535553,0.36256964220539367,0.36379812020015334
0,0.4439132957170529,0.3332463204860687,0.022402405576000584,0.22583639873000436,0.434933602809906,0.28774377703666687,0.5435770153999329,0.47993922233581543,0.45308371535743486,0.34379962016938254
1,0.557628301116821,0.7185751795768738,0.1454676637543281,0.43437664793433717,0.6555629372596741,0.3534691631793976,0.6222455501556396,0.6100970506668091,0.6039341874076002,0.5140144092218071
0,0.31644766714277833,0.1677270233631134,0.45523395440406544,0.2522466715081036,0.38121047616004944,0.40055951476097107,0.38449087738990784,0.2414405345916748,0.41118435463462594,0.321851504707212
0,0.1799348863810571,0.01998310163617134,0.004985169407168552,0.03344284873030464,0.25121963024139404,0.036386869847774506,0.0011006208369508386,0.0269220769405365,0.22263209160928069,0.07402699502717237
0,0.372419334150216,0.42176327109336853,0.12662081404441122,0.42246262969937487,0.4242301285266876,0.3434511721134186,0.17637796700000763,0.4880370795726776,0.4280567714839173,0.35169086186577336
0,0.33878139123271,0.4115813374519348,0.32220305589340736,0.22482447612574055,0.3863784968852997,0.3804929852485657,0.3201414942741394,0.1840396225452423,0.42756803449488195,0.3222240413259774
0,0.15738533610307084,0.013412540778517723,0.00034207779905414776,0.024329107711781192,0.05989708751440048,0.004278746899217367,0.06847085803747177,0.05363687872886658,0.20535052674496115,0.04950356089735542
0,0.17660261255899556,0.05330372229218483,0.010014492814181934,0.09489555276819653,0.1894131451845169,0.06048639863729477,0.14250704646110535,0.4204655885696411,0.19831268461686355,0.1417426459834123
1,0.11406919575017291,0.018897730857133865,0.000711110107043399,0.0230151115263847,0.08753564953804016,0.20101194083690643,0.109200619161129,0.06747134774923325,0.1931716433994129,0.07595531770293865
1,0.7400842059393551,0.809278666973114,0.7422810345011807,0.7314566903448718,0.7470784187316895,0.8477083444595337,0.9491339325904846,0.8721016645431519,0.8313140635539418,0.7988374263616982
0,0.4602564774787314,0.6895957589149475,0.17248906491296817,0.5309792126865658,0.5422765612602234,0.7451501488685608,0.7381218075752258,0.3954227864742279,0.6100769041894402,0.530106688150186
0,0.3365519498633344,0.10783373564481735,0.03209285505376886,0.14279121003764783,0.33373841643333435,0.4603484272956848,0.40401262044906616,0.2049655318260193,0.38831221927238807,0.24872853025147318
1,0.7876720283544629,0.9105662703514099,0.9147608399272855,0.8710728055219634,0.8470826745033264,0.956055760383606,0.4333306849002838,0.9378880858421326,0.8665396036127843,0.8377713118597414
0,0.19992134608732876,0.12601855397224426,0.018161552074266937,0.15083061163045616,0.1738840937614441,0.040497563779354095,0.05971760302782059,0.03678714111447334,0.25574818255155657,0.105992230580117
0,0.18558677081490707,0.15008455514907837,0.001932961825540914,0.06988820830249559,0.08620057255029678,0.0004842013295274228,0.002650544745847583,0.003002675250172615,0.2345053873841274,0.06818469413537012
0,0.16740293644348747,0.0848725363612175,0.000633682747751511,0.05574056126530226,0.225179061293602,0.047750167548656464,0.00017044301785062999,0.11583839356899261,0.21161017684769842,0.09128986281800802
0,0.18354209593572646,0.03548691049218178,0.06790875113289892,0.07675132347892046,0.25349846482276917,0.3518450856208801,0.2187507003545761,0.21706506609916687,0.244717519899971,0.1715019262762847
0,0.2904751639729921,0.24387042224407196,0.2008654681208704,0.1590054821906266,0.3405398726463318,0.35513031482696533,0.13662974536418915,0.32373902201652527,0.3353209907136596,0.2572060030961571
0,0.2505333858513213,0.09264069050550461,0.10094715465818206,0.27539532731329014,0.33409547805786133,0.507064163684845,0.23049147427082062,0.2160646915435791,0.3408979976073141,0.2490596545490244
0,0.587253422665243,0.7986109852790833,0.8390141356815223,0.8233615678396549,0.6392344832420349,0.8037899732589722,0.9621835947036743,0.7520984411239624,0.7670625828591053,0.7680408512045879
0,0.2751872237509419,0.2829774022102356,0.008690624273493168,0.2037494894533412,0.2448417693376541,0.07024825364351273,0.08535256236791611,0.15359358489513397,0.3119876799756029,0.17240189071181067
0,0.2858948409851442,0.23788078129291534,0.0466190487100413,0.26859902876038466,0.12419318407773972,0.0004597551596816629,0.014418969862163067,0.1242326945066452,0.3276977835754665,0.14668781568818778
0,0.21559559188851732,0.024981185793876648,0.003170679955337733,0.05201490460329509,0.08044961094856262,0.005734026897698641,0.034880660474300385,0.01862584985792637,0.24855425247065288,0.058783995709960686
0,0.46090039158536994,0.4627014994621277,0.09705090502560078,0.5216520461615611,0.4630706310272217,0.5597172975540161,0.604734480381012,0.30684828758239746,0.5852503707507782,0.43381780187545105
1,0.5422192244209554,0.4710434377193451,0.11564741841933017,0.4367878245621277,0.5487931370735168,0.5871028304100037,0.47374123334884644,0.537493109703064,0.6099541828254331,0.464594275259729
0,0.22776064379645103,0.10282035171985626,0.026778559445565127,0.059474394977634015,0.16830413043498993,0.0002169381477870047,0.0008736947784200311,0.006077686790376902,0.2607178725182921,0.08056889809064764
0,0.3333611912026086,0.2228844165802002,0.026649188284293728,0.15774450095007642,0.4389476478099823,0.676474928855896,0.0017778752371668816,0.5959282517433167,0.34916454788454154,0.30602684664527047
0,0.15464260447991174,0.054984938353300095,0.0015892709085224624,0.04851814730197208,0.2028559148311615,0.3325245976448059,0.1447484940290451,0.1714879870414734,0.2208718841822727,0.13606395157978943
1,0.8815749816569682,0.9359596967697144,0.7802896516691419,0.9047085492056189,0.9219332337379456,0.9658280611038208,0.9206209778785706,0.9285808205604553,0.9061858534258137,0.9039629571568639
0,0.27236091624442904,0.125714510679245,0.09656499715786827,0.15425850350987436,0.4174109995365143,0.46658337116241455,0.22684936225414276,0.15555913746356964,0.3425069007379062,0.23861546294130417
0,0.1482932047697732,0.10097480565309525,0.0009040333573271045,0.08212171383277862,0.04428509995341301,0.023510120809078217,0.027414986863732338,0.012006722390651703,0.2131420573994988,0.05865132581141179
0,0.16637679948918302,0.0860014483332634,0.001073061148337948,0.06582297929864746,0.1454268842935562,0.25273746252059937,0.27966761589050293,0.2100255787372589,0.22506631118402015,0.14608841369507336
0,0.2545437089314029,0.08639806509017944,0.014550326302838838,0.09212291551722072,0.1312510371208191,0.12040172517299652,0.13958512246608734,0.22344741225242615,0.2734870504020827,0.13375980492800818
0,0.6295350514390093,0.6334962844848633,0.4349969025487006,0.809479371825908,0.8470704555511475,0.9895473718643188,0.8133069276809692,0.9652072191238403,0.7542641140182462,0.7584172313093106
0,0.26970107837350743,0.038581762462854385,0.018949438478544772,0.10357906268239636,0.014795850031077862,7.586156425531954e-05,0.00028133983141742647,3.701193418237381e-05,0.2969215461096921,0.06220650434096918
0,0.4804810119904991,0.5599234700202942,0.4323055355918534,0.5593151151664558,0.5547680854797363,0.5276291370391846,0.537273645401001,0.5168866515159607,0.6028203946092693,0.5210419193376916
0,0.11071095171188461,0.08594923466444016,0.0006544036339940274,0.058227503952651014,0.28053587675094604,0.057003527879714966,0.06184102222323418,0.15115652978420258,0.17848186715983366,0.10250411821168423
0,0.3540802033147266,0.3821070194244385,0.05959379149792858,0.42246262969937487,0.4242042303085327,0.3433869183063507,0.17637762427330017,0.48801836371421814,0.40567219972712826,0.3355942399232246
0,0.391902356879051,0.30715495347976685,0.13736237509901084,0.20644596722885344,0.13581478595733643,0.001532719936221838,0.0004207997990306467,0.00023592518118675798,0.4309713833624486,0.15971110631739988
0,0.7436793371376389,0.8937690258026123,0.30151531006550836,0.7276736967753912,0.780362606048584,0.4670233428478241,0.712127685546875,0.6914900541305542,0.8001291186363474,0.6708781759101694
0,0.2987791042611244,0.08646129816770554,0.0628171105304122,0.09433342358521812,0.3452320992946625,0.2785230576992035,0.00013267567555885762,0.11038660258054733,0.3321479815889238,0.164852088797228
0,0.1533077438921729,0.027476206421852112,0.08569972926342763,0.04559756047773323,0.24866540729999542,0.05773201584815979,1.7663888911556569e-06,0.001496212906204164,0.2160498288861022,0.08178055110999125
0,0.4725932352684669,0.4331556260585785,0.5085200343348101,0.47551416117171336,0.5119951367378235,0.47636815905570984,0.34248486161231995,0.3420269787311554,0.5948545350342151,0.44903251434201696
0,0.5863784263300622,0.7353963255882263,0.9516027119761528,0.7784656836864685,0.6454954743385315,0.9387937784194946,0.8913047909736633,0.6843040585517883,0.7801489758749974,0.768343689968834
0,0.4244847718043083,0.6004600524902344,0.784479527522892,0.6014463682755858,0.6018284559249878,0.8115160465240479,0.41055557131767273,0.5376226902008057,0.6104337179574937,0.5949427689027083
0,0.21762173443537403,0.05374066159129143,0.0015190815568090197,0.08172830300897664,0.34421348571777344,0.06889034062623978,0.00015932900714688003,0.030638214200735092,0.25582351144760274,0.10626170447793198
0,0.24434107321157847,0.09371863305568695,0.007730174315341791,0.09499738084041022,0.04767660051584244,0.00034031449467875063,0.00031531814602203667,0.00035273254616186023,0.27754131276147914,0.06768264486274354
0,0.21657922474573485,0.13091492652893066,0.012411880209270445,0.10749577587110777,0.07360467314720154,0.04190225899219513,0.05331864953041077,0.241557776927948,0.24049282252386744,0.11239431383474752
0,0.15068273371789367,0.06206740811467171,0.0023135198054473425,0.04279160411045045,0.15209491550922394,0.030576854944229126,0.059315748512744904,0.10221140831708908,0.2015334388233872,0.07743731166847483
0,0.1669664924820984,0.12389395385980606,0.011294030533532068,0.07584863926045757,0.10488847643136978,0.004618419799953699,0.043805982917547226,0.05502482131123543,0.21951981609990073,0.0772568538418552
0,0.21553851994726853,0.10667523741722107,0.0026092264592719404,0.0921716908986046,0.26799535751342773,0.05402135103940964,0.028538532555103302,0.07281573116779327,0.25289638909707846,0.11063062542501233
0,0.930292136203952,0.9603719711303711,0.980755908437498,0.9558176491148549,0.9573178887367249,0.8607056736946106,0.9315290451049805,0.8510546088218689,0.9271642666746257,0.930451428709914
0,0.27525479052738117,0.14066508412361145,0.004628418971381855,0.06172724121640588,0.19182340800762177,0.0016015893779695034,0.19729509949684143,0.12795567512512207,0.2866257943850965,0.1279843109966517
0,0.27720663445848187,0.26045212149620056,0.03813990062056959,0.1545489611876151,0.39787858724594116,0.32912477850914,0.031146593391895294,0.3024430572986603,0.3103671545927006,0.22791211746472917
0,0.16843204009194948,0.03296167403459549,0.006335994556083486,0.026043707687020773,0.233491450548172,0.15513645112514496,0.09182831645011902,0.3518819212913513,0.19611710908930594,0.13154579995860588
0,0.2166796094318852,0.1259538233280182,0.003575925845192341,0.12280997420940788,0.08861842006444931,0.0003782821586355567,0.0006709078443236649,4.7029148845467716e-05,0.2622495258304403,0.07657691547556364
0,0.19380755824557586,0.12090907990932465,0.023798502495076358,0.06013123629470803,0.03818749263882637,0.00042031449265778065,0.0072894226759672165,0.0075621032156050205,0.2390294900961775,0.061587022297174845
0,0.45607990365800277,0.6014549136161804,0.7743713694100177,0.609537732402453,0.4535912573337555,0.7795215249061584,0.4112257957458496,0.40273767709732056,0.65286360484279,0.5608885595997739
1,0.6590770059639196,0.8462916016578674,0.462313463181429,0.738553799039126,0.8127472400665283,0.9106385111808777,0.5820664763450623,0.8798049092292786,0.7681296082998439,0.7367419993166617
0,0.4948152305001494,0.4902479350566864,0.2393971879200701,0.40765934629454625,0.6339969635009766,0.3362193703651428,0.0896792784333229,0.5624373555183411,0.5304136388968693,0.41628967560668645
1,0.916447900156538,0.9605415463447571,0.967269947264733,0.9541977908648845,0.9587295055389404,0.9938461184501648,0.9252480864524841,0.9824445843696594,0.922136014443933,0.9565470726658449
0,0.5149096014542154,0.7426174283027649,0.7607472238948659,0.6970383082821199,0.5649534463882446,0.8571857213973999,0.6346905827522278,0.6918650269508362,0.6946826018641412,0.678513273646494
0,0.5709834477489917,0.4612799286842346,0.2942837016797372,0.4493078498612462,0.49896883964538574,0.8103904724121094,0.6146973967552185,0.6634602546691895,0.6590141522418602,0.5394822874050995
0,0.4889593145283024,0.4035117030143738,0.06039149184784248,0.2558818842696216,0.5251954197883606,0.463215172290802,0.46367645263671875,0.38483673334121704,0.5323110640228161,0.38087311758848424
1,0.38388269814130793,0.5185474157333374,0.17050309616065354,0.425644081467039,0.31992819905281067,0.636574387550354,0.27949583530426025,0.780846118927002,0.4404130363156111,0.4364706939495711
0,0.5812708509769308,0.5110934972763062,0.4460771570839235,0.35643118162599213,0.19415907561779022,0.0019179226364940405,0.07489172369241714,0.00011238681327085942,0.6556211218911329,0.28748246059097626
0,0.38710349180397985,0.18250656127929688,0.02683170240049345,0.19239179041401436,0.40646427869796753,0.45193949341773987,0.30611157417297363,0.35015544295310974,0.4190082990557832,0.2868850190053061
1,0.16975802139293944,0.13362599909305573,0.008145783344613248,0.16478504905854238,0.2467513382434845,0.3172437250614166,0.230881005525589,0.1576741486787796,0.25009886210329746,0.1766079844954832
0,0.4009622543406259,0.5145852565765381,0.2814399903960164,0.2744903706473361,0.4937680661678314,0.22747129201889038,0.6558588743209839,0.5940802693367004,0.43082002449230544,0.42562704974117804
0,0.21168811185122974,0.15217866003513336,0.07158934137810403,0.20769220652400758,0.43657127022743225,0.003298227908089757,0.23448827862739563,0.49763739109039307,0.2281070605291703,0.2270608864342714
0,0.19011657078286423,0.0600443035364151,0.010530758938337466,0.04290577773536281,0.24341845512390137,0.05818943679332733,7.482860382879153e-05,0.10508493334054947,0.22559675989553857,0.09310770292568744
0,0.22218510960101268,0.07763930410146713,0.02622618351296033,0.11183671313057088,0.09846621006727219,0.006072607357054949,0.17466358840465546,0.05744370445609093,0.2634616158213305,0.09919124250702119
0,0.5581835719423832,0.0541716143488884,0.027691794049751077,0.14426180985771964,0.4717346429824829,0.8603515028953552,0.8035725355148315,0.739947497844696,0.5647110754195748,0.4409845091264973
1,0.3273498838353218,0.11708779633045197,0.06245096296953323,0.09365396141953151,0.2917759120464325,0.17230956256389618,0.03854980692267418,0.008646192960441113,0.36036258058718934,0.14599752104663782
0,0.12498713222115289,0.012998245656490326,0.001058386344207417,0.010790159180264429,0.09086514264345169,0.03225551173090935,0.02882370352745056,0.1219790130853653,0.18068346589521103,0.05400996660297514
0,0.20001325172570655,0.21891853213310242,0.08569189161512628,0.1641430416714777,0.09113682061433792,0.017372319474816322,0.21194575726985931,0.02625085785984993,0.2678744916422785,0.1296574832958683
0,0.2740875117426053,0.08412138372659683,0.003121157544465058,0.025544216863308034,0.2836792767047882,0.40012821555137634,0.22648978233337402,0.28763067722320557,0.29537766335973414,0.19455406708539294
0,0.8000755740662384,0.832171618938446,0.38989774872327143,0.7353283355059216,0.8857591152191162,0.9487013220787048,0.8264012932777405,0.8779069185256958,0.8490162074493329,0.7853690356552946
0,0.6183809419542972,0.7705789804458618,0.9120341325364067,0.7127381508161469,0.6480976343154907,0.45886000990867615,0.6273648142814636,0.527866780757904,0.764067744455247,0.6632809781269341
0,0.45476045535146076,0.4862929582595825,0.6073219998805152,0.4112979345785486,0.5665789842605591,0.5090301632881165,0.5590975284576416,0.38767310976982117,0.581035035789102,0.49592231019923066
0,0.4401674788955882,0.4247130751609802,0.2448781894143555,0.4856794274494056,0.40869051218032837,0.02953805774450302,0.0178891159594059,0.19123400747776031,0.5116986137955459,0.29588713478852746
0,0.5456575198248422,0.4412495791912079,0.3345011615051542,0.5024250510322038,0.6888740062713623,0.7196620106697083,0.6039472818374634,0.5299733281135559,0.6554063442871965,0.5432870383747432
1,0.5783767552719395,0.5040252804756165,0.3230626017811596,0.6627912375183697,0.584581196308136,0.8264014720916748,0.6650621891021729,0.7158133387565613,0.6976961879263351,0.6029352184534627
0,0.4253869277204322,0.29576176404953003,0.1711878363889976,0.258829965140109,0.42919686436653137,0.4897661507129669,0.43115532398223877,0.2614644169807434,0.49992113933730953,0.3442861354950289
0,0.3746140265944112,0.3288891315460205,0.14833496016408124,0.30264485953848347,0.5127035975456238,0.0003691204183269292,0.06333991140127182,0.0290804635733366,0.4292277467383696,0.23369591309193674
0,0.26939131554228424,0.12675927579402924,0.003243872072704645,0.07051578203151426,0.09406561404466629,0.026382077485322952,0.29630813002586365,0.027176739647984505,0.30018265696772717,0.11517208328537037
0,0.10323908497712533,0.04417484626173973,0.0021103424128359476,0.05912648534091358,0.11941304802894592,0.2127436101436615,0.17269469797611237,0.07603678107261658,0.19296279987473777,0.09598725457953444
0,0.5066370508669288,0.44375309348106384,0.19500948502743942,0.37830051731365827,0.5032151341438293,0.5320082902908325,0.40622878074645996,0.7437513470649719,0.5382170701643378,0.46202926429438707
0,0.2168548790004925,0.06416520476341248,0.003408433246708015,0.03337745207637481,0.32645636796951294,0.3992224633693695,0.29331663250923157,0.15195439755916595,0.27073889587357014,0.18170345082713338
0,0.4802819203138733,0.3172498345375061,0.06156243216139259,0.4317813376670173,0.6516134142875671,0.7335730791091919,0.7173435091972351,0.7820284366607666,0.5347878320511319,0.5122372931897297
0,0.23340257316215798,0.12467872351408005,0.12766154451156675,0.17997578041597068,0.18880300223827362,0.26317495107650757,0.21016040444374084,0.19730918109416962,0.29574340282961314,0.1898510319454942
0,0.2556773157119083,0.20473739504814148,0.6002541861385962,0.08751951352464073,0.31097015738487244,0.03199853375554085,7.936933798191603e-06,0.0010466270614415407,0.3273700546369331,0.1937695090397401
0,0.382699554898392,0.2920845150947571,0.6353348448264146,0.46540275916187007,0.27289116382598877,0.3414071798324585,0.37799715995788574,0.2977083921432495,0.5132384100692227,0.383419247719631
0,0.39097392785108004,0.31639599800109863,0.12447210238193472,0.2668092796506887,0.5191773772239685,0.4772913157939911,0.28930985927581787,0.24943651258945465,0.46234085979794626,0.3314416413945396
0,0.22112160587587798,0.06313750892877579,0.010494524348196126,0.11556753054783529,0.12094059586524963,0.00020770913397427648,0.010463189333677292,0.004399926867336035,0.2626538864269675,0.07455407643442455
0,0.335295498519751,0.2991170585155487,0.13535353411854242,0.2388548305074244,0.3471737504005432,0.11989711225032806,0.004719081800431013,0.3240525722503662,0.35551728907177765,0.23369580113587557
0,0.2117729308943453,0.17661365866661072,0.002717442748903447,0.14401859734794198,0.4288254380226135,0.027170883491635323,0.40092065930366516,0.2476692497730255,0.24741886657710266,0.2037524490092752
0,0.12693021167198143,0.05769142135977745,0.0013461285522781141,0.037288286886415736,0.10267310589551926,0.027221616357564926,0.23066827654838562,0.025111613795161247,0.19758465778556067,0.07489727864116798
0,0.16322890189290581,0.03495217114686966,0.007209386949583457,0.08266778843143215,0.19185099005699158,0.04682634025812149,0.0001244188315467909,0.005817772354930639,0.22193750293140702,0.0713866653950613
0,0.43228517550853324,0.4870448410511017,0.25764874479050726,0.2915031112879782,0.49335646629333496,0.24415989220142365,0.5328525900840759,0.41024231910705566,0.48178174384778183,0.3936039070449038
1,0.7875764264373679,0.915477991104126,0.8837791885137546,0.8673438203337884,0.887558102607727,0.8674839735031128,0.9775018692016602,0.8605749011039734,0.8739101154146203,0.87772789626549
0,0.392811179341332,0.13529063761234283,0.11773596324906813,0.1624068746686538,0.3759213387966156,0.25250086188316345,0.5062354207038879,0.4430391490459442,0.39807074525052405,0.2934647037727487
0,0.23602795631170206,0.16091814637184143,0.005593923406028703,0.1655028466455646,0.3260895609855652,0.4154951274394989,0.32598158717155457,0.1219477728009224,0.3133140805085829,0.21713707906730884
1,0.5224340801933395,0.6275612711906433,0.1566380689536026,0.540598952992707,0.5745575428009033,0.4372488260269165,0.3782888352870941,0.46871858835220337,0.6096180391267292,0.4696228295108198
0,0.17033094460123568,0.11395001411437988,0.0020682710020004692,0.06403911407274163,0.23827522993087769,0.056033357977867126,0.0003497600555419922,0.014621618203818798,0.2252036939148204,0.0878751201051646
0,0.5617656028481983,0.5552352070808411,0.08199294710528525,0.4780521862756901,0.6033353209495544,0.031464412808418274,0.06743839383125305,0.7486923336982727,0.5353726848584325,0.40482230195466784
0,0.35447163041817015,0.27086371183395386,0.12231470808072352,0.20990567889232623,0.3847496509552002,0.326799213886261,0.35425418615341187,0.1867181807756424,0.4143380687454622,0.27694522749572736
0,0.42418250309471767,0.3168020248413086,0.028310616743647474,0.38979712546792483,0.442804217338562,0.2914341390132904,0.27337855100631714,0.33898571133613586,0.4752883061971004,0.3183724693543152
0,0.20388138872017836,0.06801562756299973,0.0034713685727493955,0.07361120675087333,0.03288104385137558,3.389139601495117e-05,0.00032640216522850096,3.139602355872739e-08,0.24560566801664338,0.053041833757808146
0,0.21679293699069013,0.16778144240379333,0.007301083030634096,0.08903386328953525,0.201514333486557,0.10172776877880096,0.2941780090332031,0.3525078594684601,0.23744415198385785,0.1759987433165863
0,0.16854457052563057,0.10551618039608002,0.0026252286019886597,0.10458424084656555,0.04948434233665466,0.0004249986377544701,0.000204347466933541,2.1336913050618023e-05,0.22745907353760278,0.059191536372363227
0,0.46318505028795215,0.22576363384723663,0.08465308361937854,0.19519505860287314,0.42446011304855347,0.627476155757904,0.5123655200004578,0.49205657839775085,0.499040883762991,0.3716093505615613
0,0.24147489644272888,0.19967518746852875,0.015028911873047435,0.04931708661380847,0.2540457248687744,0.22744524478912354,0.09190274775028229,0.19048146903514862,0.27153982519744724,0.1606821869907531
1,0.7196280956518686,0.7569393515586853,0.7193741511594541,0.8069475732268568,0.8808580636978149,0.7863404154777527,0.8298695683479309,0.7680156826972961,0.8281199644970393,0.7823160245947818
1,0.2228650709041057,0.12350046634674072,0.002519090085045328,0.12328609129196412,0.40483856201171875,0.28240758180618286,0.3161972165107727,0.20954519510269165,0.2735135556739766,0.20834467098967563
0,0.22821095711088643,0.16884618997573853,0.03806707112899459,0.12691808549527459,0.3989980220794678,0.35579779744148254,0.024193117395043373,0.4940081536769867,0.24927794478676962,0.22957025043158252
1,0.29224836298056384,0.3383343815803528,0.3803280975781491,0.28929073556904206,0.37577369809150696,0.31078463792800903,0.005394631065428257,0.6320893168449402,0.3267996016559337,0.3306990120431245
0,0.43617943963008676,0.54892498254776,0.413061615887603,0.4964389431080254,0.549199104309082,0.6227420568466187,0.5368438959121704,0.5869949460029602,0.5514192698586704,0.5205848548274701
1,0.7521216843224178,0.7637665271759033,0.46597360866839677,0.7894245672055729,0.8285589814186096,0.8419908881187439,0.8622516393661499,0.8367867469787598,0.8308498422585575,0.7653486311308098
0,0.15186259535060956,0.05213664844632149,0.0475663423169785,0.0278454759756118,0.13421177864074707,0.04776725545525551,0.03913533315062523,0.08301743119955063,0.2050441905398092,0.07511134774025678
0,0.49991956232222556,0.556710422039032,0.31853105293448314,0.42923802338467765,0.4454871118068695,0.3014177083969116,0.13763666152954102,0.6218752264976501,0.5386014330614223,0.4215704224948204
0,0.47849128104710487,0.37512901425361633,0.31111791947755846,0.24269684741707898,0.38081374764442444,0.4046056568622589,0.49571123719215393,0.24089673161506653,0.5545263696710049,0.36568249953200405
0,0.31692141515350203,0.05070880800485611,0.0029678794778204677,0.034581744183169366,0.3742281198501587,0.3211733102798462,0.36265790462493896,0.2308391034603119,0.33183519813952134,0.2081506765726815
0,0.3047303373874565,0.4886179268360138,0.09086379079881558,0.516194218531787,0.6050410270690918,0.8641422986984253,0.4288795590400696,0.34550952911376953,0.46449961490324676,0.45274008162197016
0,0.24380328179595329,0.08586116880178452,0.023028718785214636,0.11512291419349457,0.27730241417884827,0.3852977156639099,0.3275044858455658,0.08231674134731293,0.3128093311948377,0.1894181359207226
0,0.1558488605107157,0.07969404757022858,0.002923697574295482,0.0284554122749268,0.09333287179470062,0.024565311148762703,0.13819123804569244,0.09490542113780975,0.20558009492310025,0.07772146003183172
0,0.1269285854770451,0.04298781976103783,0.010420178236002282,0.06709671068926318,0.12754346430301666,0.07453770190477371,0.027368105947971344,0.09964470565319061,0.19334426111503347,0.07393291153595054
0,0.3632035461643033,0.5546684861183167,0.22688153259114652,0.18503865103290396,0.7675250172615051,0.0018945526098832488,0.3115191161632538,0.10683264583349228,0.40769961188191145,0.3243308411815107
0,0.24917328117977305,0.34117981791496277,0.4104154038819782,0.07389727683443544,0.23625601828098297,0.16502001881599426,0.07004566490650177,0.2557830810546875,0.2962788032219032,0.22792911006938113
0,0.29195853736685434,0.3299603760242462,0.09886638474006064,0.22315084777432345,0.1369929164648056,0.00019561557564884424,0.020633315667510033,0.0069326539523899555,0.34609654661989564,0.14877249359291062
0,0.4129737873979115,0.26906970143318176,0.07007209787156662,0.34623210653850045,0.4850744605064392,0.7008439302444458,0.4935830533504486,0.334208220243454,0.5097175469524224,0.38490717312506495
0,0.16685348748337656,0.0634399801492691,0.012749086138448508,0.02325402686207494,0.0215605441480875,0.0002742558717727661,3.754263389055268e-06,2.3263406490059424e-07,0.2159640812952316,0.03995539344284612
0,0.22376912175536615,0.27811166644096375,0.006796013153997278,0.18855148131896723,0.18382664024829865,0.03378560394048691,0.3620784878730774,0.44562873244285583,0.24511468606921288,0.21269358950754041
0,0.4763370530696473,0.433300256729126,0.04113315873614136,0.34494837908043524,0.5826510787010193,0.5690627694129944,0.6027346849441528,0.5813860893249512,0.5249336064339748,0.44963523817751544
0,0.4922822653591868,0.30602791905403137,0.4016812708920689,0.1466948932299077,0.43683382868766785,0.18531551957130432,0.005665374454110861,0.03343520313501358,0.5427343093166765,0.2633031095824483
0,0.21680118034226134,0.176571324467659,0.02601436588871576,0.09324937978115015,0.10987725108861923,0.03601956367492676,0.18256819248199463,0.16088475286960602,0.2514266712609586,0.12661643420679086
0,0.26552846829038707,0.20785094797611237,0.0082988033956621,0.11811297027501329,0.37661054730415344,0.3305610418319702,0.34469839930534363,0.27878624200820923,0.30437381749224357,0.2384294502967756
1,0.6301526511141922,0.7284188270568848,0.263146787743632,0.4256169684273026,0.6044830679893494,0.41088932752609253,0.6565979719161987,0.2728467881679535,0.7171370294619285,0.5036591497120234
1,0.40397578692908126,0.5390465259552002,0.07798559695617399,0.41570246346506234,0.327527791261673,0.7843928933143616,0.5909714698791504,0.458597868680954,0.5202950670854232,0.44308920592607626
1,0.6954594120960812,0.8533181548118591,0.9201220783015213,0.8162811068496455,0.7193615436553955,0.9301214218139648,0.8931533694267273,0.7002742886543274,0.8427266578585991,0.8115870432906622
0,0.2735149430697271,0.2430749535560608,0.08007494284260754,0.2832372166794567,0.3203467130661011,0.04091687873005867,0.1581161767244339,0.17754001915454865,0.32273967632752526,0.20333972120877208
0,0.2511597200549702,0.1080174669623375,0.030132105496143605,0.16524773779058421,0.4379996657371521,0.157393679022789,0.06416065245866776,0.2035159021615982,0.2844138397535763,0.1821527084177061
0,0.6394329813418209,0.7035868167877197,0.14887270340386477,0.7799654305732886,0.7528980374336243,0.8444096446037292,0.8103976249694824,0.8333218693733215,0.744906221074817,0.6855443705371008
0,0.20890031578423232,0.36679744720458984,0.10044147094400624,0.2997305120540015,0.31416428089141846,0.394070565700531,0.20935724675655365,0.1786709725856781,0.31351783878207223,0.26034039908253226
0,0.12236578320349054,0.06606248766183853,0.001157233729471412,0.0514661880242866,0.11346806585788727,0.0010686843888834119,0.003381352871656418,5.309102198225446e-05,0.19234670970622894,0.04879730166250314
0,0.18930981789390702,0.05047425627708435,0.0006966036616693423,0.059723752698311226,0.3205537497997284,0.048059847205877304,0.3089856803417206,0.2952483892440796,0.21447175088435788,0.15622664902573172
0,0.33717163021025237,0.07741259783506393,0.0016547244459641716,0.024815609768062644,0.3809393346309662,0.15780009329319,0.1753518432378769,0.11788762360811234,0.34007185834327225,0.16248004686195316
0,0.2598826075019173,0.14460717141628265,0.0125394371933211,0.08018616512240002,0.3312249183654785,0.26352718472480774,0.2007039487361908,0.1881357878446579,0.2936085355723106,0.18539943555155147
0,0.31695207926591196,0.340679407119751,0.0367230146580215,0.2223589746855642,0.2726784646511078,0.2958412170410156,0.2428871989250183,0.25030970573425293,0.36627405705389693,0.24927124763862435
0,0.41959811475160097,0.31928175687789917,0.31583211441743675,0.3847121080775093,0.42176443338394165,0.3685854375362396,0.3221837878227234,0.41505104303359985,0.49188595667425117,0.37257591935236545
0,0.19486442619710673,0.1244342103600502,0.04813260154725083,0.09824192054249073,0.24967539310455322,0.06384404748678207,0.255257248878479,0.5424293875694275,0.2042888591463252,0.19310662132774475
0,0.48439445450513047,0.5912529826164246,0.21621919902211323,0.5295108721463235,0.5523451566696167,0.3708639442920685,0.39038223028182983,0.4533419609069824,0.5736696550462451,0.45412699737567913
0,0.3749924359179909,0.21717098355293274,0.08315424212262076,0.22394835217518905,0.3871098756790161,0.6203982830047607,0.18474316596984863,0.5132193565368652,0.4109578433126529,0.32365187380198635
0,0.19871021000966185,0.06735711544752121,0.02330130694866545,0.08741673029549314,0.23471279442310333,0.0003942667390219867,0.02296276204288006,0.0014110812917351723,0.2442948288277053,0.08557853614292024
0,0.15897085268568464,0.12257306277751923,0.007203801500133586,0.06267332715677261,0.24704207479953766,0.3855467736721039,0.19939903914928436,0.2112915813922882,0.22837742299887803,0.17043415008689827
0,0.11885068692155466,0.047791216522455215,0.0014869202319548545,0.023605444036349822,0.19232451915740967,0.0539543442428112,0.001591506297700107,0.029214492067694664,0.18744562496884878,0.06174882473051034
0,0.18062539190129903,0.08759994804859161,0.007112804470874334,0.10863942668186055,0.2112608700990677,0.03008200041949749,2.69467564066872e-05,0.0002853326150216162,0.23676657421653466,0.08430877349689563
1,0.44407026759312274,0.47582343220710754,0.08410879734431477,0.13290337622706264,0.47518810629844666,0.4700115919113159,0.44217202067375183,0.30096298456192017,0.4859285913352686,0.35255072025559553
0,0.189758836943863,0.07781776785850525,0.016462276295702728,0.10770233583842047,0.2374117523431778,0.36250177025794983,0.21168644726276398,0.14820721745491028,0.25916340070241217,0.16629441116631488
0,0.3495898435877109,0.17676310241222382,0.10005969711140295,0.11906582197052169,0.376948744058609,0.3813308775424957,0.31869596242904663,0.17528490722179413,0.39550188997634683,0.24901033793906402
1,0.28392035927192755,0.10557051748037338,0.01787778355443297,0.29938354311371007,0.21625711023807526,0.0569300651550293,0.14063137769699097,0.11792351305484772,0.3342081690819859,0.16072450251935705
0,0.24454286173704387,0.13119947910308838,0.03135563975966963,0.09812552473836204,0.38870057463645935,0.3542228043079376,0.3371269404888153,0.1795523315668106,0.29798387947683125,0.217496958861359
1,0.7887825473941539,0.9270800948143005,0.9126056186647573,0.5489554536437435,0.7894523739814758,0.6692387461662292,0.756341814994812,0.46588045358657837,0.8614749031052908,0.7355900378617691
0,0.40711470983174947,0.4044327735900879,0.3473271630808689,0.46218668513553646,0.44976797699928284,0.43860888481140137,0.26570162177085876,0.3215239346027374,0.5180349176505595,0.39131286374822855
0,0.20477309914929934,0.04360094666481018,0.010677383834840851,0.04851474780725064,0.09628777951002121,8.174928370863199e-05,0.03849780187010765,6.849630881333724e-05,0.24319282890003893,0.05980349156882667
1,0.4747284866248489,0.32587236166000366,0.4625993834476101,0.6476878447151967,0.9935774207115173,0.8707277178764343,0.9006379842758179,0.8826882839202881,0.6023646041557881,0.6823772068867291
0,0.46359945268961394,0.28308624029159546,0.018664864871142276,0.16972793036058198,0.4822000563144684,0.5230771899223328,0.02862267754971981,0.008882144466042519,0.5302593328824097,0.25665152862691254
0,0.12447752617850288,0.05875148996710777,0.0030620642688101315,0.0613463820736466,0.1046009436249733,0.10052695870399475,0.012342916801571846,0.02423216588795185,0.1993481043087038,0.06368574711791249
0,0.41981865509816607,0.3590472638607025,0.06780212875709407,0.36052598010246123,0.3039605915546417,0.0004328860086388886,0.003098950022831559,0.001673548249527812,0.47830327668514777,0.20523670382444953
0,0.7506813618696933,0.8512827157974243,0.8581547651617619,0.8194947512820565,0.8467142581939697,0.9306914806365967,0.8926804065704346,0.7690801620483398,0.8604088514435284,0.8367635085898317
1,0.46599845410177776,0.3934977054595947,0.1575377945953912,0.26175030502177804,0.39986827969551086,0.0009630362037569284,0.01058347336947918,0.07628428190946579,0.4993543729390555,0.2361215363690691
0,0.09762989733373922,0.002270254772156477,0.00017322245508113966,0.010062220490487267,0.07820072770118713,0.024882769212126732,0.02304600179195404,0.05175814777612686,0.17115998506951435,0.037244399170502436
0,0.48981832801276837,0.4561674892902374,0.07677613466668434,0.4508944902495602,0.7900186777114868,0.8274465203285217,0.7141974568367004,0.7532811164855957,0.5649783498667632,0.5616775954140003
0,0.30353611875478487,0.15659621357917786,0.050368207095081545,0.09732728303460121,0.4242367148399353,0.30442431569099426,0.02961670234799385,0.1943829506635666,0.33017290890662565,0.1997927958242654
0,0.6183135334659563,0.7812453508377075,0.8125767896086833,0.7116649045140727,0.7201924920082092,0.9356711506843567,0.9032773971557617,0.6463426351547241,0.788432338844279,0.7592796038338184
0,0.32069278461988515,0.16067560017108917,0.04897509348475723,0.11211464288326019,0.3783349096775055,0.42740383744239807,0.3132862150669098,0.1515776365995407,0.3729404238701642,0.23770078597867067
0,0.16208660921363596,0.045599088072776794,0.02736362768557882,0.012227004728682024,0.10024420917034149,0.027415044605731964,0.105211541056633,0.107271209359169,0.20612471459928308,0.07410534410954585
0,0.17033768359560583,0.04780631139874458,0.04800567728166477,0.05305434732028292,0.040353331714868546,5.475684520206414e-05,0.0013102981029078364,0.0003525384236127138,0.2231678266137014,0.0493541310517233
0,0.2835151722437919,0.08374442905187607,0.0015600243097713376,0.1307054608517779,0.4032687246799469,0.11298718303442001,0.14639240503311157,0.3500700891017914,0.28290108455279384,0.19134121834212975
0,0.409228071363237,0.18546082079410553,0.21469228032802765,0.26492817893497117,0.45995885133743286,0.5103648900985718,0.28401798009872437,0.37820330262184143,0.46700332240957343,0.33788899240402315
0,0.3375285497595115,0.3465823531150818,0.08617881050073822,0.20532207036905795,0.37316927313804626,0.2529720962047577,0.43653252720832825,0.29851025342941284,0.37936127896958194,0.29100784084712245
0,0.15995494911302102,0.02827172540128231,0.010754841237773156,0.04072634705799592,0.02797757461667061,0.0021665412932634354,0.006052376702427864,0.00575823150575161,0.2126954944824227,0.03879579788000751
0,0.31516745688116254,0.3655513525009155,0.13846573414956337,0.36685140852181103,0.41765686869621277,0.25523272156715393,0.004009952303022146,0.2314687967300415,0.38710917478728,0.2712646523117829
0,0.31448415932842105,0.29414722323417664,0.02111775398974727,0.43236277735566264,0.40399956703186035,0.42608126997947693,0.12630891799926758,0.09769517928361893,0.4260620971693832,0.27151920086334647
1,0.6500156535450711,0.8012316823005676,0.7470439532299378,0.8188615329489523,0.7456079125404358,0.8886076211929321,0.8069592714309692,0.8677058815956116,0.7915782990479563,0.786190601915258
1,0.5112223740462063,0.5339964628219604,0.5494858579240178,0.5772314460509214,0.6304458975791931,0.5610466003417969,0.5429185032844543,0.48567405343055725,0.6463061569945493,0.5495867232657494
0,0.1532560902252062,0.0320686474442482,0.022821914301830244,0.03439384802175169,0.15414221584796906,0.05121341720223427,0.0009874611860141158,0.04489181190729141,0.20766454671081233,0.06511430811659975
0,0.22062285616539196,0.2046908587217331,0.23576240756046282,0.07927353326082928,0.28354281187057495,0.14395491778850555,0.11209108680486679,0.07706643640995026,0.2803069650140156,0.1727786229756707
0,0.48311605719146916,0.348984956741333,0.07691917702485725,0.3546516112569426,0.6200365424156189,0.9029821157455444,0.8850498795509338,0.6140223741531372,0.5720657690838012,0.5219417169926888
0,0.8705825351997796,0.8966749906539917,0.8267430126594087,0.936823241178427,0.9520086646080017,0.9265472888946533,0.8660508394241333,0.9728419780731201,0.9012495305711251,0.9060025024494343
0,0.2417638829318543,0.18132542073726654,0.002641970463649676,0.20536110339376074,0.2819584608078003,0.325231671333313,0.30779749155044556,0.16690213978290558,0.310666458305385,0.21278095622284357
0,0.2908511904537259,0.2096640020608902,0.03942105889177847,0.11477985545197042,0.4182792901992798,0.17446662485599518,0.09065642207860947,0.40502455830574036,0.28931502267141296,0.22097898198224164
0,0.3228561677434817,0.27895334362983704,0.18841679291801663,0.5687012664271303,0.3058072030544281,0.3825136125087738,0.1602647304534912,0.5785862803459167,0.4025988924226566,0.35069065906061336
1,0.6434668977601468,0.49090930819511414,0.6871570894035807,0.6286082194509115,0.7656127214431763,0.7603082656860352,0.8254006505012512,0.7400968670845032,0.7559390321515902,0.6864371983405179
0,0.5174317554978461,0.5270010828971863,0.028096197396312406,0.3036171732949505,0.4945589005947113,0.3035891652107239,0.008196038194000721,0.3587838113307953,0.5399510695698636,0.33038088854213765
0,0.30089980500853997,0.31019818782806396,0.15362348152478436,0.3575238517657997,0.3817424178123474,0.05321889370679855,0.3688579797744751,0.36960160732269287,0.3472519406874363,0.28898357752257675
0,0.6536721055043497,0.4491398334503174,0.43325994038712123,0.5183239429767454,0.830560028553009,0.9262241125106812,0.8599205017089844,0.8466727137565613,0.7345220299799274,0.679890730181459
0,0.3989331460359248,0.48240816593170166,0.22786452232056256,0.3109678994473094,0.6946216225624084,0.00203061499632895,0.04993511363863945,0.19281122088432312,0.4394828416232623,0.30982438241966725
0,0.3723774980409717,0.18716363608837128,0.08123205266006532,0.18689930478331038,0.47918376326560974,0.41807541251182556,0.41664743423461914,0.3003334403038025,0.41556992442435703,0.3028750286589685
0,0.24124053799080614,0.06817258149385452,0.0028507740745857863,0.022088573944128904,0.11221617460250854,0.04136354848742485,0.11695312708616257,0.14262694120407104,0.25484884363958915,0.09529046430654468
0,0.5873648608616631,0.6078073978424072,0.4304154527405795,0.3840843709766422,0.6261148452758789,0.7160208225250244,0.6343669295310974,0.6955544352531433,0.6622948961086345,0.5806706515126954
0,0.23046883735701004,0.14971934258937836,0.0080104911842229,0.11412939671118888,0.21325638890266418,0.22280961275100708,0.053338970988988876,0.12160761654376984,0.27757405837825166,0.14251025553714058
0,0.12641472773819587,0.020028570666909218,0.001952632434559564,0.04753748445309642,0.15166309475898743,0.03459522873163223,0.0729137733578682,0.23815663158893585,0.1768586787293043,0.08648748941224807
0,0.566484393089087,0.6660374402999878,0.35360407756484047,0.5615326928272458,0.6706220507621765,0.3765769302845001,0.4063328206539154,0.7644076347351074,0.6219364074440464,0.5506476420369644
0,0.11724224688136399,0.02576528489589691,0.0006040641041648372,0.0315723828004218,0.04574007913470268,0.002042109612375498,0.0004053036100231111,8.263600648206193e-06,0.18679021225960846,0.030895349507293845
1,0.7701975177526075,0.8597164750099182,0.885376313777729,0.8202703262877562,0.7850908637046814,0.9040319323539734,0.91765296459198,0.8930069208145142,0.8611901783548661,0.8498844502423207
0,0.3037812285941561,0.12816530466079712,0.0003438470909170573,0.15119812107713057,0.42940786480903625,0.2761757969856262,0.006539240013808012,0.21558840572834015,0.328787047145877,0.1946638678834028
0,0.27294441843530853,0.280876487493515,0.204510390588391,0.1870398749796446,0.3044460117816925,0.24113549292087555,0.3353723883628845,0.43786734342575073,0.3092368161497045,0.28007346478007344
0,0.1823963124211366,0.1794719249010086,0.034949124555202764,0.05671840494932486,0.3428461253643036,0.3304504156112671,0.3264192044734955,0.179464191198349,0.24732088613358388,0.19988524303205596
0,0.3594741600738547,0.27592188119888306,0.13102890865460898,0.39660066394818677,0.353331983089447,0.31363558769226074,0.3004719018936157,0.3672085702419281,0.42539358338118133,0.31407765457591075
0,0.3118524994745744,0.37926873564720154,0.014489471408164662,0.32978961173905125,0.4927968680858612,0.5169016122817993,0.5547592043876648,0.3273945152759552,0.4000610089796552,0.3614254365052619
0,0.21531166835368837,0.07004354149103165,0.003877387730665835,0.035217323240914214,0.05245901644229889,6.57888813293539e-05,1.0470243068994023e-05,2.1080875740153715e-05,0.24804795702893304,0.05236526817048531
0,0.6616358452789214,0.7957803606987,0.886664098658127,0.795823044475917,0.7097398638725281,0.4531075358390808,0.6100399494171143,0.5858988761901855,0.79378937959122,0.693224163193116
0,0.36496946847064043,0.09875746071338654,0.03928620973572114,0.16332917242729741,0.38979530334472656,0.47415295243263245,0.19298198819160461,0.3670763671398163,0.3894007639573867,0.2606336735071958
0,0.3732940540094208,0.3471752405166626,0.35288456980203,0.27104218404715436,0.33698445558547974,0.24282237887382507,0.0704144760966301,0.16832567751407623,0.4465248027149141,0.27826472281607584
0,0.42019420223837395,0.44055333733558655,0.3168449342585208,0.538259624534669,0.42254215478897095,0.4609687924385071,0.16842040419578552,0.8615216016769409,0.46761757081716865,0.4554202539422683
0,0.5128854296749039,0.6226912140846252,0.1980294491692328,0.434330131847643,0.606694757938385,0.6844936013221741,0.6801111102104187,0.6560193300247192,0.5956498044263526,0.5443277953679453
0,0.19051688555173507,0.10265661031007767,0.0036467355412632295,0.07466022251396492,0.18145358562469482,0.015525628812611103,0.13186606764793396,0.046653177589178085,0.23663073100516546,0.09636882669669805
0,0.40232984411612527,0.1552491933107376,0.16826782717655853,0.1118941816896129,0.5145120620727539,0.18115182220935822,6.31208749837242e-05,0.1541563719511032,0.41539398191160953,0.22019540091715897
0,0.4958022816944292,0.2640761435031891,0.18338512585326017,0.19109348262578674,0.5670554637908936,0.568407416343689,0.4782341718673706,0.4418933391571045,0.534825930771545,0.39545736406301274
1,0.2779912779898248,0.12063073366880417,0.00029145784169830395,0.16028062797537818,0.2154298722743988,0.21704240143299103,0.19412028789520264,0.12368608266115189,0.3223638056383709,0.16550457076209046
0,0.2522421214601108,0.1443907767534256,0.0033899305469993497,0.09478609795640623,0.11296936869621277,0.0068275174126029015,0.12344762682914734,0.012371094897389412,0.28653242244413346,0.09862629414085919
1,0.8177934658797654,0.8958093523979187,0.9348269292142986,0.8755068915576647,0.8433247804641724,0.8213850259780884,0.880435049533844,0.8499637842178345,0.8847904335395851,0.864285232603426
1,0.7364894518075294,0.3768194615840912,0.13635864326664454,0.5639545280308228,0.8798490166664124,0.9512931704521179,0.91370689868927,0.8361425995826721,0.7807336973730623,0.6658646740518079
0,0.3835063593132481,0.4129607081413269,0.22884498278712492,0.3704691814704908,0.3680788576602936,0.02330884151160717,0.06273847818374634,0.5286735892295837,0.39464692700081333,0.30621273830494705
0,0.337119445934317,0.5482470393180847,0.8141066110687536,0.5057357479889392,0.3360057771205902,0.3005123436450958,0.035284582525491714,0.01669302210211754,0.5241285185056611,0.3730853893078089
0,0.14071377165063123,0.1827479749917984,0.01963186393219159,0.10114726041828115,0.10679689049720764,0.06238928064703941,0.05417899414896965,0.13021744787693024,0.20589452604440733,0.1023130858861597
0,0.3004153020173474,0.15411078929901123,0.14536828662933965,0.1243896568594971,0.14316926896572113,0.0005325357778929174,0.14929139614105225,0.5092289447784424,0.27976630940076214,0.19141921794471584
0,0.3737817721237362,0.1718866527080536,0.008238224898993434,0.13108105068986192,0.495496541261673,0.3008347749710083,0.008590552024543285,0.08027909696102142,0.40497129290905026,0.20489954490133253
1,0.7867349127386521,0.9068081974983215,0.9425614274605266,0.9175543055532279,0.9233516454696655,0.9723385572433472,0.9252164363861084,0.9258724451065063,0.8793335354728217,0.9091793550217244
0,0.6930227514991323,0.6739219427108765,0.08268825381748966,0.5030796387021794,0.739531397819519,0.8531725406646729,0.8870171308517456,0.8211522698402405,0.7429622554453361,0.649800686283217
0,0.3448689293512647,0.17218783497810364,0.03345279069712398,0.07965627935109805,0.4999878406524658,0.43856847286224365,0.3465113043785095,0.24220821261405945,0.37661931675057586,0.2676050437036152
0,0.17703881369919514,0.023613912984728813,0.0020931847211109003,0.029701906835066294,0.07050048559904099,0.00427449494600296,0.057653479278087616,0.04642237722873688,0.21850422315015164,0.054038313526804604
0,0.09208998326141984,0.011692491360008717,0.0005820687482705416,0.024695325897148585,0.1284228265285492,0.21937516331672668,0.15606829524040222,0.057964861392974854,0.1838238081139444,0.0833712986495039
0,0.5269455966719109,0.49786269664764404,0.08964624755648656,0.4582959219051678,0.5098650455474854,0.6014066934585571,0.5669868588447571,0.6709893345832825,0.5865800341586985,0.4873914918935248
0,0.4674797833841023,0.4615614414215088,0.10938790260135468,0.4034827732593329,0.5542378425598145,0.45899122953414917,0.4842270612716675,0.47238343954086304,0.5333379185712976,0.42693704802723215
0,0.16086808310835438,0.10867295414209366,0.012031384029366632,0.17761582160873501,0.28228047490119934,0.1667899638414383,0.14634715020656586,0.39926138520240784,0.20885808698714287,0.1805447788292314
0,0.32070384443183947,0.2832252085208893,0.014587118959558424,0.33601919311762996,0.30004626512527466,0.00551737891510129,0.06788041442632675,0.6046692728996277,0.30814598863841886,0.2474815715753369
1,0.4383324889978568,0.4174486994743347,0.1866205124236287,0.2056449042882495,0.5439071655273438,0.3894188404083252,0.5433385968208313,0.4124678075313568,0.4788109915733713,0.3896728068092681
0,0.46678022183456214,0.6248482465744019,0.5620324989127838,0.4764862331274897,0.5512736439704895,0.48176130652427673,0.5381001830101013,0.6265910267829895,0.5688895650693264,0.539346901285232
1,0.11891304470014577,0.012512155808508396,0.0006009004129101822,0.01685363772917882,0.02657942846417427,0.0003418792621232569,2.0432687961147167e-05,1.1512539366265173e-08,0.1857992710161858,0.024649452885390163
0,0.32299731811115,0.17331978678703308,0.022116824347136133,0.19582301472632846,0.3429650366306305,0.3836158812046051,0.3572953939437866,0.46836644411087036,0.3446208489273988,0.2791642450002085
1,0.5249385607120428,0.5191455483436584,0.07346281609117733,0.44779823838583527,0.5223333835601807,0.4613494873046875,0.5295603275299072,0.6727156043052673,0.5664873549965472,0.4683235384249011
0,0.2721577803372515,0.1995099037885666,0.01305905872918379,0.29255538671473613,0.501473605632782,0.4291130006313324,0.3533535301685333,0.22013995051383972,0.35306333617513264,0.28426433447616584
0,0.18208102224735956,0.1952764242887497,0.014862003561016319,0.19126542801414334,0.23700641095638275,0.0773618072271347,0.0024196163285523653,0.07537899911403656,0.24780169744515018,0.12853175066552347
0,0.43048281732801386,0.44777026772499084,0.5057718200582876,0.45330456494115895,0.4964276850223541,0.40198296308517456,0.4317737817764282,0.3304997682571411,0.5510682813612097,0.4390701559783914
1,0.8969866862498437,0.9468646049499512,0.9560817568844135,0.8721649755742586,0.9654806852340698,0.5413106679916382,0.9608408808708191,0.9027665853500366,0.8997748715844873,0.8830176014752331
0,0.3600571709377759,0.13357441127300262,0.001480217654493077,0.08176856046088914,0.5022777915000916,0.39081329107284546,0.40229859948158264,0.3779798150062561,0.3658531238171742,0.2774032766294575
0,0.29494707142659243,0.08542519807815552,0.0004786200784215418,0.016433062845403912,0.41188156604766846,0.06797723472118378,0.029416022822260857,0.24509297311306,0.2790983852079142,0.14919408050416527
0,0.4338979229232227,0.7306869626045227,0.37171209385055787,0.605269988675409,0.5167462229728699,0.706182599067688,0.4412117302417755,0.41615161299705505,0.6001713077697806,0.5294205557150784
0,0.4383420137920199,0.32412999868392944,0.1023004158566691,0.3276803933501146,0.48171067237854004,0.4733414351940155,0.3813556134700775,0.32874858379364014,0.506607891347544,0.3582510426505885
0,0.5889799544300431,0.41151514649391174,0.4251380662621253,0.5160808578451089,0.6515146493911743,0.5392403602600098,0.5624688863754272,0.7855814695358276,0.6483622688692707,0.5579990408285427
1,0.6462479386703534,0.7190133333206177,0.6019405871564527,0.4452389953684754,0.6111277937889099,0.39337947964668274,0.6191287636756897,0.4048061966896057,0.7349934743494041,0.5589942234326837
1,0.5969518946213779,0.7374524474143982,0.8362974352615161,0.5245397833989143,0.6173276305198669,0.3914607763290405,0.501417338848114,0.4488043189048767,0.7177282664205668,0.5869885508759632
0,0.6154773479194923,0.5238304138183594,0.5567113409082967,0.6827264542830851,0.641591489315033,0.9262181520462036,0.9490945339202881,0.7722875475883484,0.7514391996788519,0.6975946184319518
0,0.4009378049537661,0.43445804715156555,0.07806098416497961,0.26089008847193934,0.4996541738510132,0.3390463590621948,0.05014922842383385,0.17966687679290771,0.45786799016457314,0.29028590753070815
0,0.6148025690222115,0.48288416862487793,0.27451619028886276,0.6339676186865232,0.7204328775405884,0.9097763299942017,0.998818576335907,0.9557912349700928,0.7052858161668593,0.6857810497298736
0,0.20170297236560394,0.11582870781421661,0.12989506284032473,0.134669863210948,0.24125663936138153,0.10775084793567657,0.011556504294276237,0.3759073317050934,0.23017225558231263,0.16694813122333024
0,0.5448064739248629,0.6488561630249023,0.605382472112909,0.49506740109278063,0.6460193395614624,0.469778448343277,0.47474750876426697,0.4811558723449707,0.6573783622648742,0.5491947823383742
0,0.18333190637072774,0.09751613438129425,0.0009062006004791462,0.10172270279224939,0.24994678795337677,0.4156285524368286,0.17197056114673615,0.15972399711608887,0.25547466157931903,0.17013709403613836
0,0.14667622425825405,0.05045444145798683,0.006792507103289413,0.04231825958652933,0.17021861672401428,0.040274836122989655,1.4961564374971204e-05,0.011669558472931385,0.2064450110965592,0.06262405208582869
1,0.8789309874783244,0.9647881388664246,0.9788902009222571,0.9517680076674199,0.9505558609962463,0.9353477954864502,0.9287095665931702,0.9675547480583191,0.9107813315835611,0.943664114006353
0,0.3350480825208513,0.10783373564481735,0.021593415153493795,0.1444464295328479,0.33942165970802307,0.4889514744281769,0.4054622948169708,0.20593242347240448,0.38927994646736375,0.25174239461692743
0,0.4664912320579527,0.5456295609474182,0.32947506082653893,0.5730045603068492,0.5662583708763123,0.7240557074546814,0.636021077632904,0.5360997319221497,0.6054643076836809,0.5430721645310836
0,0.44547649640415193,0.08346526324748993,0.018211798788265912,0.13399322088084473,0.4792003333568573,0.24858500063419342,0.5891669392585754,0.5316283702850342,0.4195611044001028,0.3102336054511028
0,0.39715698776256453,0.23879800736904144,0.37105120268165515,0.31569434941896957,0.39170002937316895,0.0038889111019670963,0.07549037039279938,0.3106181025505066,0.4290568728404534,0.27232890656102765
0,0.26457409279526783,0.25230279564857483,0.034525317455960186,0.17359100986905285,0.38029155135154724,0.33957430720329285,0.27681300044059753,0.18255983293056488,0.32555112762690847,0.2381343784079375
0,0.1049339931420903,0.04729219153523445,0.00158160044964988,0.047532735844270764,0.0905427485704422,0.1600724756717682,0.12921279668807983,0.06648396700620651,0.18927910849203572,0.07949376650144671
1,0.6671512498320282,0.7190324664115906,0.576106849274504,0.820504272779102,0.7504259943962097,0.8371255993843079,0.9998267292976379,0.8727467656135559,0.791675627637419,0.7727344181932683
0,0.35193203949535834,0.6948763132095337,0.4337514847957958,0.6312850800477209,0.5414285063743591,0.19384777545928955,0.2683846354484558,0.44252660870552063,0.47235654535784927,0.4532491402343665
0,0.18423402898457789,0.0882929190993309,0.08203524472056015,0.09356461050852913,0.18603162467479706,0.16379521787166595,0.09943662583827972,0.08870840072631836,0.24540470452329496,0.12476652411728531
0,0.2164988278076883,0.1591944545507431,0.011493978727582083,0.06774903134923961,0.08603937178850174,9.371809574076906e-05,0.04850597307085991,0.02822035364806652,0.2541018508629264,0.08239343883732708
0,0.16058768076135482,0.10546362400054932,0.06241352260144486,0.13119900035596832,0.06143440678715706,0.013404479250311852,0.12681527435779572,0.1240515485405922,0.22100358541149442,0.09964741771887148
0,0.4648563007093199,0.41181981563568115,0.033095182864779756,0.3718163447226445,0.5381240248680115,0.3037168085575104,0.0075046406127512455,0.37937742471694946,0.49824120400241867,0.3254600444595773
0,0.2979350979443606,0.13164755702018738,0.04409589706243479,0.15431105548720897,0.1557607352733612,0.07721301168203354,0.17292919754981995,0.08142052590847015,0.33249456348897094,0.1434077190936115
0,0.37265135656440074,0.206543430685997,0.3777610500858101,0.11261406143239366,0.32410290837287903,0.34828993678092957,0.3653254806995392,0.17304764688014984,0.43510971881852384,0.28333962053716755
1,0.47800367087144324,0.0759039893746376,0.10936350658506687,0.26562134444839436,0.13798370957374573,0.05311296507716179,0.01448834128677845,0.059782326221466064,0.5064576115747964,0.16069848769347064
0,0.4208603464372419,0.2759653329849243,0.043275649436597084,0.27172969828199167,0.27646180987358093,0.0003358114627189934,0.06618783622980118,0.5240914821624756,0.3908247896283465,0.24263442203624208
0,0.2729097128290325,0.13768966495990753,0.0014850821882896445,0.06271273873229499,0.39481472969055176,0.3870321810245514,0.2672971189022064,0.31228169798851013,0.29789774401270525,0.22649044730947931
0,0.11562299416500893,0.05063548684120178,0.0007634969263158841,0.056952970145660434,0.1427793800830841,0.025209514424204826,0.03921585530042648,0.016753293573856354,0.18960727481161782,0.05880242191237116
0,0.6489871363654545,0.5850253105163574,0.7717571427528747,0.28688475707657196,0.8286661505699158,0.9674938321113586,0.7963454127311707,0.73592609167099,0.7361042543159722,0.6924077257045709
0,0.5086496344910496,0.23868529498577118,0.1584809813310921,0.16801557899676642,0.26309117674827576,0.00017592999211046845,0.00020137170213274658,0.00017543818103149533,0.5267981401831765,0.18140276448296674
0,0.401103748756597,0.4923281967639923,0.08506385787764442,0.4063580225590545,0.5411638617515564,0.4475807547569275,0.3563861846923828,0.48032352328300476,0.4668489193400462,0.4032569118853684
0,0.1532871266856714,0.11358120292425156,0.003510689045253666,0.03219484254772073,0.17434589564800262,0.2892584204673767,0.13913115859031677,0.17166897654533386,0.21639364103493697,0.13235368586052257
0,0.17015691780007672,0.11417215317487717,0.005180055197656621,0.07054730098854882,0.13870024681091309,0.044473592191934586,0.06174490228295326,0.13277705013751984,0.2160766014570057,0.09482678721352292
0,0.3453352993086841,0.3540785610675812,0.029565627007499633,0.12432970807061551,0.3933633267879486,0.04766610264778137,0.36500510573387146,0.4579678475856781,0.32662449146577227,0.2651613927553063
0,0.13181426275133767,0.019336791709065437,5.7576670517298523e-05,0.013671572755485785,0.11888737976551056,0.24715235829353333,0.16161952912807465,0.0772472620010376,0.20547610057611498,0.0932906477634057
0,0.2912468158260597,0.10563518851995468,0.08005996015021673,0.11648078470220513,0.3055896461009979,0.12702608108520508,0.0005087084718979895,0.21394166350364685,0.30554070834529634,0.1607727801764638
0,0.15583274374877618,0.038986753672361374,0.0001044270784084943,0.05183387938307479,0.24401530623435974,0.0794093981385231,0.00014523013669531792,0.06303269416093826,0.2100758960369259,0.08299921035812184
0,0.20860554225589759,0.2814400792121887,0.07583163891212051,0.19362109527365048,0.3485352098941803,0.08004169911146164,0.3933435380458832,0.19899219274520874,0.26884309697871206,0.22190605232079832
0,0.3999659922462232,0.39064231514930725,0.27645218441494407,0.4006048614940508,0.3505977392196655,0.40679341554641724,0.3449150025844574,0.37811145186424255,0.4869523772280246,0.36967527709405523
0,0.24139413667796084,0.19299933314323425,0.0014834540950915136,0.12459694348564293,0.15270258486270905,0.039557743817567825,0.16154144704341888,0.060351621359586716,0.2824005890834354,0.12578102299094784
0,0.22827477451982475,0.19654041528701782,0.0055747058241781364,0.16403248627985753,0.0908297523856163,0.0002504086878616363,0.029991798102855682,0.0002895611396525055,0.2791255099239315,0.0967630975295228
0,0.1166395235053942,0.028807150200009346,0.0008663149859002593,0.028143109844937536,0.01718245819211006,0.0007413045386783779,0.0004174649657215923,7.049192163322004e-08,0.18622490184962362,0.026882841842805056
1,0.45821474393693556,0.37687793374061584,0.13653629342399407,0.40702155260212886,0.4736425280570984,0.32345613837242126,0.256470650434494,0.2975986897945404,0.527598812106042,0.34795432698715
0,0.2016561368437512,0.02592243067920208,0.0008577431888917925,0.024363211974221144,0.12887941300868988,0.007841663435101509,0.09028355777263641,0.1843123435974121,0.22071837232823316,0.08440666291048243
0,0.4378155838126684,0.31836599111557007,0.034312890487943504,0.30069927045041017,0.28249186277389526,0.5109943151473999,0.33448687195777893,0.5987597703933716,0.4628887483402093,0.3497790398218831
1,0.1331402910262175,0.07114653289318085,0.0028553624687987613,0.06661213218814999,0.12168344110250473,0.025781312957406044,0.04664641618728638,0.022333810105919838,0.20098863358172758,0.06431424808596811
0,0.4055090431993711,0.19509319961071014,0.19014269118681223,0.2933019502781513,0.46918991208076477,0.505395233631134,0.3093644678592682,0.4752380847930908,0.4542225538789939,0.3539350777530936
0,0.5595063257341891,0.9301451444625854,0.832951168595724,0.8429261143827165,0.7518504858016968,0.9142827987670898,0.9263822436332703,0.698891818523407,0.766591283634756,0.8008566376617539
1,0.6000865994648812,0.5673643350601196,0.11502711006441894,0.3915855191682842,0.7149800062179565,0.8560869693756104,0.8654296398162842,0.8290839195251465,0.6538814864238547,0.6070247414911926
0,0.2530229976187274,0.10006756335496902,0.10467221786275632,0.10758958425575553,0.28772062063217163,0.07417871057987213,0.0006045200861990452,0.10273357480764389,0.28517429860220583,0.1351414526743971
0,0.49215043091990723,0.3524983823299408,0.261604039981014,0.3418411772207543,0.6303182244300842,0.09034296870231628,0.5832613706588745,0.3744001090526581,0.5297407563774281,0.39325299497462274
0,0.3841398935506475,0.16163937747478485,0.033377240255881645,0.07359397894007716,0.34961530566215515,0.22549223899841309,8.316871571878437e-06,0.0015818554675206542,0.40917558516965097,0.16260065217100617
0,0.4209587990477805,0.4957352578639984,0.19586675708120954,0.449665114398476,0.4666700065135956,0.40221625566482544,0.35716375708580017,0.2792021930217743,0.5246335114657642,0.38792003606161585
0,0.27759239178518225,0.14698635041713715,0.000923325671348142,0.06753115382599784,0.3721945583820343,0.3453669250011444,0.22125811874866486,0.2229994535446167,0.3079333586775589,0.20608500043264394
0,0.37483316836484365,0.1905246376991272,0.017356207073701873,0.22905162318198505,0.36411693692207336,0.18276645243167877,0.05283067375421524,0.21152769029140472,0.3974014887487504,0.21083654613443747
0,0.5727687980132046,0.662290632724762,0.597902857928661,0.6463073672266512,0.4586799144744873,0.7434696555137634,0.3395146429538727,0.6250906586647034,0.7079734735773421,0.5836370328697823
0,0.6165730343616934,0.7472881078720093,0.3066966811985705,0.7594768511447897,0.7362943887710571,0.5959636569023132,0.2754008173942566,0.6283761262893677,0.7241809578362962,0.5938751814797809
1,0.5091616113723793,0.321065217256546,0.02815022524032603,0.42936739403415086,0.46832796931266785,0.37230023741722107,0.5449979305267334,0.7300804257392883,0.522809380285715,0.42280441249655176
0,0.5723812994173827,0.6219356060028076,0.14928381505592328,0.5167660013211105,0.5612430572509766,0.5600127577781677,0.9894696474075317,0.202551007270813,0.7081260928227177,0.5180911845619967
0,0.1940056497893824,0.1774543970823288,0.03460851773985456,0.10110121401115245,0.1913856416940689,0.016258886083960533,0.23095360398292542,0.35787883400917053,0.21796465468639742,0.1617800167496252
0,0.7801072942539514,0.652593731880188,0.5881737110195726,0.807436843273303,0.9663466811180115,0.9557249546051025,0.8744620084762573,0.9456318020820618,0.8472202626458867,0.817068571263724
0,0.2162207703953474,0.10201213508844376,0.001053424389184437,0.16293255687203545,0.16034063696861267,0.08641280233860016,0.08100879937410355,0.25777509808540344,0.24824109773424918,0.1358976917383813
0,0.8365251206346218,0.9025907516479492,0.9122740242320935,0.8568186251619487,0.8426743149757385,0.9558682441711426,0.5783038139343262,0.9569923281669617,0.8853105020109611,0.8584114179022915
0,0.363103485293295,0.34607166051864624,0.3646357183420562,0.5544929796904364,0.5160824656486511,0.597284197807312,0.23855024576187134,0.4441273510456085,0.4927988082568901,0.43002568042538103
0,0.2090885233208977,0.20584385097026825,0.13431141050865286,0.13872813207907517,0.23350685834884644,0.422512024641037,0.18784643709659576,0.1395549327135086,0.2936705046611078,0.20745892936691454
0,0.19998897455881529,0.0402643196284771,0.011082477782190507,0.044674134890972904,0.1947355419397354,0.05899275094270706,0.00010412204574095085,0.002421292709186673,0.24221076575979153,0.07410904197356152
0,0.21243260731033012,0.13813838362693787,0.011690509438661222,0.04046033371214668,0.16369178891181946,0.035135261714458466,0.2900274097919464,0.49052175879478455,0.2102474380651552,0.16829207282282493
0,0.2239818790726341,0.10864203423261642,0.012423050126555776,0.24147152061569593,0.23166269063949585,0.01898476667702198,2.218155941591249e-06,0.0002115821116603911,0.28514395011865773,0.11329692208247201
1,0.24263543724109443,0.08410466462373734,0.006880022218604643,0.16189013995784418,0.41779711842536926,0.008712397888302803,0.34654825925827026,0.04992453008890152,0.2878835258674953,0.16683901736619086
0,0.7484368359816844,0.8321298956871033,0.878887318476871,0.7647059629980743,0.7497385144233704,0.9169681668281555,0.9295685887336731,0.7097482681274414,0.8593450690808803,0.8118147777868141
0,0.35826994852515204,0.22283461689949036,0.015411805219445348,0.18221912776428126,0.37995147705078125,0.2585398852825165,0.5903325080871582,0.2073035091161728,0.4013474878178307,0.27312217075295675
0,0.1916794752428953,0.07053696364164352,0.00021304430458046622,0.124083926500321,0.10470607876777649,0.0016081403009593487,0.08930733799934387,0.016161862760782242,0.2443451095516697,0.07887983634331591
0,0.40550428068745675,0.38260936737060547,0.14843732320059883,0.4028802392252519,0.4175240397453308,0.396594762802124,0.26610487699508667,0.4031744599342346,0.4745230018898456,0.3562260688746768
0,0.21502254253130182,0.042424093931913376,0.0020255363930239633,0.06070630208890092,0.27102845907211304,0.09757648408412933,0.001414450816810131,0.026372408494353294,0.25414045984385575,0.0949495187854161
0,0.13773886770067714,0.021949835121631622,0.01024669454940646,0.03528424641195334,0.13731896877288818,0.04215614125132561,7.760572043480352e-05,0.00062770233489573,0.20123131324583227,0.05168377928473677
1,0.9131266077799307,0.9530827403068542,0.9726884565139722,0.9666411471242659,0.9559606313705444,0.8751937747001648,0.9309574365615845,0.8406969904899597,0.9240143041545743,0.9277223725219201
0,0.21891360336989862,0.25071194767951965,0.050502465758116,0.21558172340417212,0.2197374701499939,0.05269348993897438,0.14708136022090912,0.3093513548374176,0.25722260195746777,0.18589890085119926
0,0.3975920419455445,0.07806236296892166,0.005296141780132872,0.09387195883057557,0.2978118062019348,0.17556041479110718,2.6090900064446032e-05,0.280264675617218,0.37831503923557575,0.17237435370606774
0,0.14992170874572167,0.12051168084144592,0.007391722781874577,0.04232033993851698,0.14386887848377228,0.08765745162963867,0.036813829094171524,0.11947021633386612,0.2044870760945267,0.09068504403237881
0,0.5417635375307361,0.8024438619613647,0.7486312726644535,0.6313691850714106,0.37233230471611023,0.3814527094364166,0.29236242175102234,0.2865988314151764,0.702359283701937,0.5172735098197098
0,0.2324874468094658,0.09373429417610168,0.39584940804273155,0.25853280167764586,0.2453092783689499,0.349881112575531,0.25190091133117676,0.15192030370235443,0.33831268765489436,0.24563249587979058
1,0.6270408400387774,0.597257137298584,0.4442189632640795,0.5625589396728928,0.6635450720787048,0.8066003918647766,0.9555310606956482,0.9639409184455872,0.7070247024860371,0.6908514864885718
0,0.1919468905575747,0.06902026385068893,0.026658255405229998,0.06933158560876237,0.047241128981113434,0.00023367596440948546,0.0006584335351362824,3.5943344300903846e-06,0.23841522324686085,0.05566160808477169
0,0.13038491879515932,0.03295566886663437,0.0003092121698355308,0.025395697518635844,0.23034071922302246,0.025831056758761406,1.8546246792539023e-05,0.03318474814295769,0.19127360070357285,0.06360128627692907
1,0.8000640492475027,0.9198571443557739,0.9733327530445984,0.9101076937022141,0.8705671429634094,0.9516677856445312,0.908362627029419,0.9428249001502991,0.8830374706063007,0.9064606791394884
0,0.27148896760956215,0.14542578160762787,0.00630730998658862,0.09122032107340856,0.04771725460886955,5.0044171075569466e-05,0.0010826668003574014,3.277491850894876e-05,0.29842234325238837,0.07774590320906087
1,0.5384696604328156,0.5667928457260132,0.3514869785682645,0.4300766079857044,0.7467911839485168,0.8731648921966553,0.3920738995075226,0.9777883887290955,0.5926805963063263,0.6055860472520364
0,0.30736829051454556,0.12657427787780762,0.007702177697661095,0.10188363439479504,0.3601142466068268,0.41018837690353394,0.25507983565330505,0.19591279327869415,0.3472362858391263,0.21944752873939555
0,0.2621239666801641,0.3086470067501068,0.003367292186363466,0.26539045994383315,0.4624216556549072,0.6606756448745728,0.07387455552816391,0.18155823647975922,0.36191163869542775,0.2799087260748125
0,0.24344213745624452,0.10340514779090881,0.00639764023068098,0.1354731520489595,0.19771377742290497,0.19829735159873962,0.15149900317192078,0.11672278493642807,0.29007003868317555,0.14588488603526822
0,0.340372462007402,0.2041877955198288,0.1234215627544945,0.15562073612721863,0.3387524485588074,0.35967445373535156,0.355009526014328,0.16500625014305115,0.39713833610973137,0.2542440792302534
0,0.1589466185245999,0.12258082628250122,0.012396816369386332,0.03219567830997613,0.1928618848323822,0.03449349105358124,0.11065804213285446,0.1295151561498642,0.20569293814295073,0.10077416216840733
0,0.3027499521756976,0.3536405861377716,0.03432885299264461,0.10456981367244571,0.22882841527462006,0.3910602033138275,0.21243108808994293,0.11392110586166382,0.3609952469999628,0.21900361013614092
0,0.16401919098598763,0.12751130759716034,0.024619068558219378,0.2669860864768791,0.24168124794960022,0.04462265595793724,0.0007295787800103426,0.05851661041378975,0.24381234484035405,0.12313948368631006
0,0.2583231937541507,0.015103267505764961,0.005491381291063091,0.02972236189726514,0.14873544871807098,0.08565641939640045,0.14268791675567627,0.22673921287059784,0.26161183003786187,0.11437844802377395
0,0.2067292454618389,0.03851858153939247,0.11157742219745304,0.07033555643648673,0.2047238051891327,0.06038379669189453,0.04140147566795349,0.0560196116566658,0.2514732319734243,0.10262061450805539
0,0.28686798538298275,0.10334766656160355,0.007859030775362628,0.17310833308159523,0.3190770745277405,0.46443530917167664,0.3073982298374176,0.2949906885623932,0.33628806651138876,0.24083153833661727
0,0.3424935084978953,0.25272297859191895,0.0033851681321169142,0.12490471459429485,0.470894992351532,0.3248918652534485,0.001741648418828845,0.25721392035484314,0.3590091414505865,0.22882037013193796
0,0.30450217983095734,0.5559887290000916,0.14272068040568225,0.3227409552536413,0.2876785099506378,0.2150229513645172,0.3980046212673187,0.20198647677898407,0.3903808557778796,0.30590197464399754
0,0.29353396794699205,0.1855359524488449,0.027999165372539346,0.18275982970381488,0.1687314659357071,0.008427596651017666,0.2891666889190674,0.2754092514514923,0.30785120158222035,0.18015600137146753
0,0.34696575723885936,0.1319163292646408,0.03060461526688079,0.09334901193278954,0.39168408513069153,0.43138226866722107,0.2794846296310425,0.15960337221622467,0.38797766413310375,0.2324745625813331
0,0.43732810646056286,0.2678719162940979,0.030750121630892344,0.2592897331104464,0.46080121397972107,0.23950600624084473,0.4255932569503784,0.38427290320396423,0.4554551206563907,0.3141621634110013
0,0.1405480844278929,0.03478711098432541,0.0014926335872919578,0.04369994671250896,0.23581331968307495,0.018587293103337288,8.20505156298168e-05,0.002999815857037902,0.20134157612518297,0.06433852406554427
0,0.7155723487150404,0.8761438727378845,0.9355292424627665,0.8782873265791064,0.8305203914642334,0.9280780553817749,0.9250124096870422,0.7967031598091125,0.8520096639901349,0.8565669896167472
0,0.2826691462770594,0.053616058081388474,0.0009851448685104282,0.06975590743054956,0.3540911078453064,0.09247132390737534,0.001251729903742671,0.02679274044930935,0.3035680080933835,0.11760492665809924
0,0.26913229576147646,0.0650482326745987,0.006265084784787071,0.10536292768627421,0.28140726685523987,0.0003804223670158535,0.0025704072322696447,0.04807490110397339,0.2894460608549738,0.10509801768743997
0,0.8709451357907478,0.9313086271286011,0.9327495096221884,0.900843837181251,0.9028047323226929,0.9315574765205383,0.9279870986938477,0.9198908805847168,0.9059380061582264,0.9133055461130305
0,0.2558710190378379,0.1849382072687149,0.008866175741119918,0.19384054235189846,0.24556785821914673,0.00028550243587233126,0.013857156038284302,0.031953245401382446,0.2987595739942574,0.12588616957328774
0,0.3148755886807506,0.40515148639678955,0.013989702106852905,0.27010326855123423,0.35335254669189453,0.31923383474349976,0.3671687841415405,0.44966989755630493,0.3531767227479761,0.3104734927162639
0,0.6287596777882527,0.7611214518547058,0.8652150355919017,0.7310307824996662,0.6395025253295898,0.75676429271698,0.599856436252594,0.8643043637275696,0.7590062826949311,0.7291736636633844
0,0.22452112892724296,0.12322348356246948,0.001978204302350555,0.11375717031853766,0.23636262118816376,0.04779255390167236,0.003890943480655551,0.03701773285865784,0.2653411813669735,0.10535554107783489
0,0.5482423221446198,0.5030851364135742,0.10910520269517425,0.4453009013830653,0.6427249312400818,0.019713634625077248,0.5326515436172485,0.19856497645378113,0.605712659754252,0.38441357250970176
0,0.5860329292101261,0.5365093946456909,0.693339880895491,0.46800407765077007,0.5580874681472778,0.6640247106552124,0.591791570186615,0.38534119725227356,0.7202291505003336,0.5594943494140385
0,0.14999478048355472,0.08344876021146774,0.009726288986389211,0.03738681426848795,0.28856658935546875,0.08701593428850174,0.0008572359220124781,0.2248901128768921,0.19246111496799076,0.11268906341315597
1,0.6149247286074064,0.7074910402297974,0.6533596363151927,0.7446720227533711,0.7168160080909729,0.5829811692237854,0.8306813836097717,0.8424252867698669,0.7314804640826037,0.70801151704038
0,0.27785785442803523,0.16810062527656555,0.025284979939435983,0.337278524096712,0.38694775104522705,0.1479751318693161,0.3004743158817291,0.3902548551559448,0.31681693854879955,0.2551909662492574
0,0.4474381947503459,0.47166576981544495,0.0595273411829127,0.4127084114202346,0.548603355884552,0.45366695523262024,0.4325064420700073,0.4365192651748657,0.5161800837430032,0.40958725097677945
0,0.35748032819365155,0.3924899697303772,0.022098555085050087,0.2909745531243338,0.34395599365234375,0.0024348546285182238,0.31142228841781616,0.3298015892505646,0.3750739580735646,0.26146738020003846
0,0.42395498411177934,0.46558877825737,0.19439633437855217,0.28226803044918886,0.34019893407821655,0.16350401937961578,0.16068565845489502,0.5712820291519165,0.4257010453325891,0.33052619134956307
0,0.4686615039871441,0.3003227710723877,0.062067293857208154,0.2805732911603598,0.5966916680335999,0.41826435923576355,0.5313566327095032,0.559777557849884,0.48804656781271116,0.39937922808031145
0,0.2931803574204514,0.31800389289855957,0.19896255726373463,0.4767357363210901,0.4506206512451172,0.3722184896469116,0.3907019793987274,0.30558642745018005,0.4042870703272689,0.35113008545452257
1,0.8993882635399925,0.9499605894088745,0.9601008303134546,0.9343701681078148,0.9012653231620789,0.9572031497955322,0.9344856142997742,0.9546704292297363,0.9164686501475072,0.9351693296727148
0,0.13687820787350932,0.018315160647034645,0.002238456306150021,0.0037544618266376977,0.074114590883255,0.005676490254700184,0.12129129469394684,0.02376585267484188,0.1951237636334046,0.04880903996924007
1,0.9221220947534817,0.9707127213478088,0.9859515214453652,0.9663071012946162,0.9544066190719604,0.8387508392333984,0.9314064383506775,0.8623912334442139,0.9248171350773077,0.9310821339487799
0,0.44331588058440635,0.5652873516082764,0.3474848507403659,0.522311579358373,0.5012524127960205,0.25959694385528564,0.5189388394355774,0.41311097145080566,0.5435641212821984,0.44934087322436866
0,0.12826305549223638,0.05837376043200493,0.006986983114644337,0.06317202106285132,0.1013428345322609,0.0251565370708704,0.04140819236636162,0.012573725543916225,0.19851928819048847,0.05755132680306942
0,0.11815277161921635,0.12863947451114655,0.003834307780155039,0.10010150033224095,0.12165225297212601,0.005806263070553541,0.0001139786108979024,0.0004304280155338347,0.19711241254696232,0.06465560356149733
1,0.6145055927277938,0.6964207887649536,0.9095615645206091,0.9547760359306935,0.6082354187965393,0.41771256923675537,0.6152857542037964,0.35405296087265015,0.8026771958394847,0.6540546113587142
0,0.5460853744013688,0.6593384742736816,0.3537137683618032,0.535534266697977,0.6050119400024414,0.44787222146987915,0.5749778747558594,0.5796049237251282,0.6367230100655216,0.5394051347400909
0,0.17371720160738577,0.15574300289154053,0.45133186927319313,0.19366428324101534,0.1396041065454483,0.09565501660108566,0.0456213504076004,0.05274639278650284,0.27273409421939226,0.16716958931932943
0,0.5273268372848225,0.26176729798316956,0.2547903972415481,0.30670783529899126,0.33895978331565857,0.0029514997731894255,0.01298662181943655,0.12236060947179794,0.5598929768333382,0.24334678641659369
0,0.14866357209283815,0.045733094215393066,0.0005765845065571969,0.04518787157716441,0.0589548796415329,0.016928033903241158,0.093394435942173,0.10145080834627151,0.20058937488073622,0.0648189737479963
0,0.3883531867875043,0.5443132519721985,0.38542083014021494,0.5367747055227082,0.4017680287361145,0.47748568654060364,0.19849558174610138,0.3333887755870819,0.5229027539618478,0.41424411853139553
1,0.44013892942498684,0.4166871905326843,0.11390691372583255,0.4068386053812222,0.3464018404483795,0.6817589998245239,0.010237734764814377,0.036698076874017715,0.5766858825585158,0.31622726682088154
0,0.15466170496185913,0.027077967301011086,0.0014680385175507547,0.07761898769779811,0.08140761405229568,0.07637560367584229,0.08410882204771042,0.16803930699825287,0.2053149712287445,0.08416680287931949
0,0.22223131236087734,0.13655062019824982,0.029270173836727736,0.25754730358276584,0.2914414703845978,0.3846362829208374,0.27539941668510437,0.17078638076782227,0.30801811891023356,0.2194599275207621
0,0.26494596304808593,0.14937181770801544,0.04265256323176498,0.10017668414913157,0.30421778559684753,0.3279683589935303,0.28967130184173584,0.15642981231212616,0.3147852813476242,0.20272637979058478
0,0.293914548519803,0.1749294102191925,0.007878021297364852,0.08512587420890054,0.2788257896900177,0.3554269075393677,0.2118593156337738,0.23006671667099,0.32518199785704577,0.20407385555348023
0,0.2818219876280448,0.18483464419841766,0.046559646344951244,0.0923139926255065,0.28909891843795776,0.1455071121454239,0.3902141749858856,0.21825118362903595,0.3071556797323269,0.2040465542230273
0,0.6665832865559174,0.6322892308235168,0.80228696872634,0.5733471190830571,0.6092410087585449,0.3678950071334839,0.1323048174381256,0.7044742703437805,0.7300128202005274,0.572316588521109
0,0.2563471132484765,0.21892811357975006,0.1509304874659015,0.08952526356241966,0.17859861254692078,0.00026622647419571877,0.0005690608522854745,0.004887638613581657,0.2966605403763726,0.12045595072684165
0,0.2511886509855785,0.23336368799209595,0.2932079756917524,0.052826256352159394,0.3746623694896698,0.006352186668664217,0.05637813359498978,0.07388057559728622,0.28963085506614006,0.17435132842999268
0,0.22347140550888703,0.19477471709251404,0.13803279846749353,0.11320997955938976,0.13324414193630219,0.03461158275604248,0.12440406531095505,0.12981343269348145,0.26740830786067743,0.13958782760481442
0,0.16027079020661975,0.13395419716835022,0.012004049504010475,0.03866186384010822,0.19254153966903687,0.07684630900621414,0.09316851943731308,0.36110204458236694,0.18969472475492258,0.13293635298395562
0,0.28597514968996013,0.11373666673898697,0.021487757917760527,0.1470059926513862,0.21259154379367828,0.0011862760875374079,0.10157351195812225,0.057087015360593796,0.31326539055678615,0.12397146265753572
0,0.3692580864866643,0.39369815587997437,0.2967799922484702,0.7047411541168055,0.5335681438446045,0.36451008915901184,0.3981481194496155,0.5144100785255432,0.49295875062985606,0.44965901376910666
1,0.3602653523818077,0.3033045828342438,0.6133935612469174,0.2894128956900778,0.47911062836647034,0.6643728613853455,0.5012310147285461,0.3604011535644531,0.48773689196578335,0.4395778428946678
0,0.8515788366108842,0.9181779623031616,0.9223284780492047,0.8735057480622828,0.9926181435585022,0.9967623949050903,0.697319507598877,0.9488442540168762,0.8954710706739816,0.9021005907871609
0,0.5007890464526653,0.6013859510421753,0.03163799172047712,0.30052950410305374,0.5881019234657288,0.1936829686164856,0.6934449076652527,0.38507306575775146,0.5343533141465304,0.4127595342147291
0,0.10177316390969411,0.02891732193529606,0.0016987354028803624,0.022864074755710576,0.12198605388402939,0.024730173870921135,0.03961574658751488,0.029579268768429756,0.17707775390564884,0.04819250186779226
0,0.20271238515856838,0.03662104532122612,0.00024486549970793083,0.026177592492127078,0.21281924843788147,0.3257143497467041,0.14363789558410645,0.10651713609695435,0.25462714068138737,0.13030852189912323
0,0.16851017630391849,0.07885245978832245,0.006416032592254107,0.03581573712726621,0.022780301049351692,0.00015455645916517824,2.0376796783239115e-06,8.901319006326958e-07,0.2185338659971398,0.043293202186450996
0,0.1735391134656181,0.12421054393053055,0.0010318381367795863,0.09083322809415989,0.21878887712955475,0.09792429208755493,0.13969016075134277,0.38293731212615967,0.20279454020138918,0.15254172884098613
1,0.39299353483225175,0.3792979419231415,0.07532021311625883,0.35401629328285306,0.260040283203125,0.0014665659982711077,0.014532697387039661,0.17902827262878418,0.43115418386691334,0.2200750598013259
0,0.3291570447139044,0.15206603705883026,0.026253442438864717,0.09098802497902275,0.2872461974620819,0.04247332364320755,0.22065746784210205,0.22289445996284485,0.3266669221191771,0.17445786471983443
0,0.1696354373268533,0.05122003331780434,0.010302090544708738,0.08962672138586907,0.026367682963609695,4.447010360308923e-05,0.00015609960246365517,0.0003201407380402088,0.2254498227771136,0.048058562048435345
0,0.21050844728365728,0.13301870226860046,0.006791865007296364,0.15018976706231987,0.221779003739357,0.37374159693717957,0.10732405632734299,0.11085496097803116,0.2832165197364816,0.16504724837967508
0,0.3266089957562962,0.1585870087146759,0.03945919160651962,0.11341576902611328,0.233600452542305,0.1114867553114891,0.021866850554943085,0.05003630742430687,0.35155143919992027,0.13960900463797266
0,0.30662400375056525,0.30659744143486023,0.05561893878711425,0.26892609076993834,0.21081162989139557,0.03587229177355766,0.2058338075876236,0.17183458805084229,0.34979826112938833,0.20098284419243193
0,0.47817906264495613,0.6485713124275208,0.20652371649067616,0.31141773286437313,0.7661001086235046,0.06599405407905579,0.8021759390830994,0.8835952877998352,0.4514072714402317,0.5162019027545798
0,0.2697845046144661,0.15483325719833374,0.11805099900747218,0.12590711946430705,0.250077486038208,0.21610315144062042,0.0001278194977203384,0.016359154134988785,0.32623949921548095,0.150245118913149
0,0.19626647309102374,0.06365612149238586,0.02239089252729806,0.15447428791669723,0.06806808710098267,0.052002329379320145,0.12122013419866562,0.06211043894290924,0.2529177769430438,0.09508403233845061
0,0.30789566530713897,0.434131383895874,0.4101128279349166,0.3371959788513715,0.28097060322761536,0.10369612276554108,0.001316451234742999,0.11094853281974792,0.39948119413151373,0.25904631009878576
0,0.6551506380771608,0.6940978169441223,0.14942089133870998,0.6326015739446044,0.8319767713546753,0.8561279773712158,0.20859527587890625,0.8530728816986084,0.7172577729157685,0.6172747307951869
0,0.3056007515639372,0.2707189619541168,0.1834754930244041,0.29235866634669627,0.3784145414829254,0.32287853956222534,0.3404986560344696,0.23249086737632751,0.38408206908780185,0.29104902808090716
0,0.24511692378717623,0.12721286714076996,0.005812727245016041,0.08140585636892332,0.17796283960342407,0.034758225083351135,0.02400810271501541,0.04590235650539398,0.27458023188541775,0.09893593457449845
0,0.26287571998169457,0.18600474298000336,0.007854819801405448,0.12019102149705735,0.07725764811038971,0.0009806177113205194,0.006856095045804977,0.007528455927968025,0.2967407000108252,0.09141448113656839
0,0.19552195173822537,0.14433550834655762,0.004028607844926515,0.047585204947527486,0.16821444034576416,0.3304454982280731,0.28250861167907715,0.0785219743847847,0.2628798829766958,0.15294703143261476
0,0.31627317387442966,0.11212584376335144,0.0011647161781970661,0.03748278428121362,0.42500367760658264,0.1609034389257431,0.0037102638743817806,0.13880109786987305,0.3187831450721859,0.1561490681574621
1,0.9004588608773086,0.9523700475692749,0.9628579198970139,0.9541510925388798,0.9030959606170654,0.9630491733551025,0.936622142791748,0.961920440196991,0.9178388260736724,0.9406201853846983
0,0.37081203765182125,0.22176849842071533,0.08598278775181015,0.14722532949110412,0.3288070559501648,0.6265104413032532,0.17448881268501282,0.6962515711784363,0.371347019170258,0.32669769976468244
0,0.3993188908872376,0.6341904401779175,0.5613419211849339,0.7487276808018799,0.5399128794670105,0.7190285921096802,0.5881448984146118,0.6411539316177368,0.5820316324639568,0.6002203965637309
0,0.4207310056169257,0.3469390273094177,0.2111979907281075,0.4151868159740914,0.46318671107292175,0.6527549028396606,0.4806188642978668,0.32781174778938293,0.538148168193747,0.41239638082101093
0,0.34205009272902304,0.4724900424480438,0.13787610186346355,0.29848266992231187,0.6151739358901978,0.7511225938796997,0.32674282789230347,0.8210330605506897,0.38321393533705816,0.4647144084994174
1,0.6297925644117884,0.7770464420318604,0.7980978431535733,0.8357684810070197,0.8063212037086487,0.8961262106895447,0.8903900980949402,0.7750406265258789,0.7940440695611831,0.7955789698222882
1,0.36161422904952845,0.23516641557216644,0.017060762056878013,0.13853082159345242,0.4152262210845947,0.21205072104930878,0.446919322013855,0.26423826813697815,0.38022384751952126,0.26026422922019354
0,0.19614750701805317,0.18473036587238312,0.005813875270589916,0.06479999445971402,0.26893752813339233,0.17364093661308289,0.047929394990205765,0.35188028216362,0.22069015443023138,0.16287395528266357
0,0.31303145714095865,0.09343685209751129,0.006511528441467913,0.03428090329068561,0.08184144645929337,0.00022292524226941168,0.00023564574075862765,0.004331366624683142,0.319327690418451,0.07411180198479425
0,0.486036047979085,0.4258725345134735,0.012879052186140683,0.3489813547784729,0.58415687084198,0.3563266396522522,0.47898170351982117,0.5614957213401794,0.5081397344008155,0.4075737105363937
0,0.35342489940297933,0.15197524428367615,0.0031644912718631012,0.0581835588191279,0.47955796122550964,0.38058051466941833,0.35612237453460693,0.3098856806755066,0.363476749940375,0.25903245194184427
0,0.27685387552068585,0.3022880554199219,0.06458534380270052,0.3598331616479578,0.4223690629005432,0.897513210773468,0.48881545662879944,0.39349955320358276,0.4043901759288099,0.3915267903107284
1,0.7826582172859828,0.7813416123390198,0.9237259928224424,0.8102299840497502,0.9049974679946899,0.9968649744987488,0.9977438449859619,0.9330242276191711,0.8685031498304983,0.8841245244920148
0,0.2521143422909412,0.20095127820968628,0.1412333385075373,0.13235679149739246,0.27524474263191223,0.28309839963912964,0.3061733841896057,0.28471839427948,0.29949474097864853,0.23166575000056705
0,0.19481434011745918,0.020126361399888992,0.003718796488368891,0.023258694782122086,0.20124875009059906,0.036709364503622055,0.00012311989848967642,0.025561369955539703,0.23111008907640668,0.06787859076912041
0,0.24587327337406847,0.06441722065210342,0.002281423690998209,0.14654819817880382,0.13163436949253082,0.054891571402549744,0.2897685468196869,0.11402463167905807,0.2843662519648681,0.13121819607411675
1,0.529835998159525,0.45034438371658325,0.10109709369507826,0.4609631372617903,0.38458654284477234,0.8992770910263062,0.008357327431440353,0.4786335825920105,0.6270021413290645,0.4199945210278424
1,0.4508712734004235,0.35005468130111694,0.04682467878858833,0.5032487064741618,0.5385016798973083,0.6705328226089478,0.015262770466506481,0.13880957663059235,0.5796004849923422,0.3499834858595451
0,0.17206074976432728,0.04679427668452263,0.0033443249350975602,0.05695662827135754,0.22803924977779388,0.2842687666416168,0.29954802989959717,0.20214559137821198,0.2297948121135334,0.15646409539272896
0,0.4183039365037681,0.40876439213752747,0.5627647737747837,0.44138038042831956,0.43684259057044983,0.37289437651634216,0.33288049697875977,0.2601303458213806,0.5448258880864036,0.4078525139282585
0,0.3297158517608779,0.11372191458940506,0.06425339548537647,0.07504847023107053,0.18667550384998322,0.17078423500061035,0.1476782262325287,0.11976545304059982,0.3493165999473592,0.15394147935874955
0,0.1554969218394818,0.025706272572278976,0.0003265787524414892,0.044723275623877214,0.12206091731786728,0.012317813001573086,0.07053127139806747,0.04069311171770096,0.20834805361416975,0.06141085310334991
0,0.2252134040794329,0.13075251877307892,0.011155229421520675,0.06827087067012023,0.24314793944358826,0.3264910578727722,0.1868661791086197,0.16037411987781525,0.27470769069009215,0.16781527629522705
0,0.287843120098296,0.24792593717575073,0.09715121905944239,0.12983456030877116,0.2706170678138733,0.37023812532424927,0.41230544447898865,0.2010425329208374,0.34688735377004337,0.24821705964753227
0,0.304453006843558,0.14736247062683105,0.06521277895457217,0.22068029668626749,0.3746895492076874,0.4448696970939636,0.4546750783920288,0.32498666644096375,0.3623284242038402,0.28665279890030215
0,0.2328048173910179,0.16600817441940308,0.0005213353190138451,0.10293731240340158,0.4014401137828827,0.16798707842826843,0.00018915261898655444,0.0011735075386241078,0.2835854966299818,0.141494916257262
1,0.8873780665258567,0.9359596967697144,0.9193285030856089,0.9051155064467346,0.922182559967041,0.9679976105690002,0.9157420992851257,0.9284820556640625,0.9115050762117062,0.9216415228138322
0,0.16758810719788536,0.15201248228549957,0.004864879117734302,0.2841980011958329,0.29492756724357605,0.05899018421769142,0.3727608323097229,0.26539146900177,0.23710518124864283,0.198479313640621
0,0.29245276801916964,0.2699410319328308,0.005634810139322976,0.2115433707558164,0.3897993266582489,0.41667452454566956,0.2960669696331024,0.21760842204093933,0.3562985595266923,0.26222269510050644
0,0.33559851292855775,0.3819615840911865,0.25344021052339916,0.2839085373721091,0.1879991888999939,0.21038298308849335,0.38781899213790894,0.42740026116371155,0.38337107102851525,0.307013145253542
0,0.10851587816510666,0.039790648967027664,0.0012123288333395009,0.03213025096060184,0.08861842006444931,0.0067292265594005585,0.026892326772212982,0.03936703875660896,0.17983152051225235,0.04512968112586774
0,0.1462146236165615,0.05472572147846222,0.0002396575692761913,0.025664960983953773,0.013926822692155838,3.59708683390636e-05,3.7866323054913664e-06,1.2242231228754008e-08,0.2031300051344229,0.03359787343037498
0,0.5142569204486521,0.337924063205719,0.16381138838904166,0.3043476623272492,0.5455078482627869,0.34653592109680176,0.48667609691619873,0.38510945439338684,0.5576286967324762,0.3868002893515997
0,0.274202516866402,0.284755140542984,0.16010708704152202,0.08977042517826625,0.48330384492874146,0.0021832960192114115,0.08459991216659546,0.0417763814330101,0.3088651985127124,0.1861830109652461
0,0.2009917548398375,0.03146735578775406,0.006019318690387825,0.03878568888006937,0.1718035191297531,0.23295389115810394,0.4232310950756073,0.12438343465328217,0.25352294784310275,0.14729922443666024
0,0.1629365650129978,0.028563786298036575,0.0020458243848687882,0.058557813591740775,0.23705412447452545,0.3659408986568451,0.27838775515556335,0.0833401009440422,0.24093986789215724,0.1474460169834837
0,0.4163215719113918,0.32067757844924927,0.27741614676034804,0.419480846677181,0.5102771520614624,0.4109607934951782,0.4639439582824707,0.3760004937648773,0.5061664655543755,0.3992041970026621
0,0.4448990548968553,0.6237659454345703,0.3104558664951343,0.5917086985019341,0.5927786827087402,0.565667986869812,0.8275168538093567,0.5737411379814148,0.5759842825723074,0.5602941634624363
0,0.2554140536907856,0.24948906898498535,0.02323495354177458,0.0795928520260508,0.29225796461105347,0.4133528172969818,0.27346768975257874,0.2079373300075531,0.307146747971172,0.22186206207135456
0,0.13700431485183562,0.031048031523823738,0.002364976405145904,0.017029991116430745,0.01896805129945278,4.2068066250067204e-05,0.00035752984695136547,1.2129353308409918e-05,0.19639510891530018,0.02894357588291427
0,0.2153410130536474,0.07560201734304428,0.0021983901430651844,0.07070190976619505,0.3512645661830902,0.08065228909254074,0.0002851879398804158,0.09658101201057434,0.2474428406051827,0.11729598399333194
0,0.37751296074746954,0.2815926671028137,0.16592709000916764,0.44321801395869703,0.25317010283470154,0.10500213503837585,0.025619104504585266,0.21455109119415283,0.44321397728673034,0.24433497632195633
0,0.4532515330864449,0.562052309513092,0.3384345597697694,0.43011604974768236,0.4821060001850128,0.5306987166404724,0.18311122059822083,0.648838996887207,0.5201596818411393,0.4571362538120918
0,0.5106560971382725,0.24284256994724274,0.05870170763987787,0.26092666073670556,0.5537779331207275,0.4204361140727997,0.5506457090377808,0.5616557002067566,0.5210815867390161,0.3916460009549869
0,0.1769416541030546,0.22597257792949677,0.0032973000681582446,0.08758040840774092,0.2972874343395233,0.06853540986776352,0.18238034844398499,0.44376879930496216,0.19986125185086706,0.18473171818390435
1,0.3077074876011015,0.02710035629570484,0.009022320340077024,0.029514160492618687,0.13998371362686157,0.05148015543818474,0.20135219395160675,0.22803166508674622,0.29650814523807323,0.12473956168014866
0,0.2222694927653411,0.1283176690340042,0.0065472990041033855,0.08874463974072538,0.2669685482978821,0.07246208190917969,2.9597737011499703e-05,0.011816666461527348,0.2650665824868603,0.10642604421858809
0,0.28432044665475575,0.1294838786125183,0.00460277681096435,0.20023963248476193,0.28353720903396606,0.5654253959655762,0.16162870824337006,0.5602214932441711,0.3124782970998424,0.2692794806401926
1,0.46555197436105433,0.649816632270813,0.25601084799062357,0.46871401289156134,0.5524975657463074,0.41999292373657227,0.4884120523929596,0.4149905741214752,0.5646856755898665,0.4673899156839876
0,0.2803368852744259,0.05265520140528679,6.364250158368192e-05,0.08373913500711092,0.29221802949905396,0.051784079521894455,0.0001264223683392629,0.010289258323609829,0.30254737353936684,0.10410778354452721
0,0.24018696293072003,0.11644832789897919,0.006592129255126749,0.15252824239666815,0.20435744524002075,0.16380156576633453,0.13734741508960724,0.043122801929712296,0.29549867679880043,0.13640640829941697
1,0.4739788993033265,0.49367520213127136,0.5010748442755736,0.33571659869438664,0.4132331311702728,0.011587090790271759,0.2544366121292114,0.3039920926094055,0.5276176500850338,0.3574643522394064
0,0.5013160008562303,0.43797391653060913,0.0764036473828063,0.340925622361885,0.6153163909912109,0.4859868884086609,0.4360654652118683,0.40542522072792053,0.5588567694121567,0.414537467612779
0,0.17624132245174373,0.03245784342288971,0.0013602146166818263,0.019238797748627853,0.05888513848185539,0.0077545833773911,0.053301721811294556,0.07377045601606369,0.21456666503406382,0.05515451861545222
0,0.31179107641465775,0.16688290238380432,0.021878465529593216,0.2592888814132487,0.3063827455043793,0.4716884195804596,0.14413326978683472,0.5426357984542847,0.33862094247427016,0.2766227939195609
0,0.27764907687938645,0.17484131455421448,0.008659374570812391,0.1648075356329848,0.39593183994293213,0.21553179621696472,0.0008031888282857835,0.05270050838589668,0.32634801541093694,0.16919730364543645
0,0.37726463677923555,0.6441436409950256,0.930344010912212,0.36169862195519975,0.7560544013977051,0.1747739464044571,0.6909736394882202,0.9046281576156616,0.4302304242213273,0.5984059094898165
0,0.12235408796759698,0.031503476202487946,0.00048752462680804793,0.05194050010477031,0.21148823201656342,0.0333973653614521,0.16440284252166748,0.3195619583129883,0.17036302551698757,0.1145668245906617
0,0.4996633979570687,0.879210889339447,0.625446979089725,0.6608703978407094,0.9575914144515991,0.99774169921875,0.9190188050270081,0.811290442943573,0.6762631971920854,0.7842773337405022
0,0.3128713607485121,0.29255953431129456,0.036993176898248784,0.18698552873057023,0.4814363121986389,0.535617470741272,0.001098024775274098,0.5540036559104919,0.3316852237697418,0.30199048929385464
0,0.3922719558129613,0.41267380118370056,0.14981198667641416,0.5674384135178743,0.5493350625038147,0.4551856815814972,0.5009964108467102,0.4287230670452118,0.5028993773939001,0.43239668037726103
0,0.39999000403482915,0.3457914888858795,0.08994260564257951,0.25928160595442984,0.4128390848636627,0.21091602742671967,0.11982189118862152,0.2864210605621338,0.42990082624279763,0.2732304011302127
0,0.2974282012402002,0.19290578365325928,0.24748583199974225,0.22285315572473668,0.3630145192146301,0.35330677032470703,0.2968530058860779,0.27096593379974365,0.3643408368153436,0.2793671249888859
0,0.4376141892768121,0.255087286233902,0.061138577645752736,0.2786814395000871,0.4703364074230194,0.47206351161003113,0.050809212028980255,0.42782264947891235,0.46684127574344697,0.31229786116839664
0,0.3436935049578871,0.16150276362895966,0.05225496905926448,0.10931934755399178,0.3469899892807007,0.2596755921840668,0.11209575831890106,0.10160291194915771,0.3759218887734544,0.1908103510897831
0,0.2701954155456209,0.07658340781927109,0.0072835660595421264,0.0689807399316719,0.08428587764501572,0.0031249437015503645,0.00025557866320014,1.0176916021009674e-06,0.2922077165934994,0.07065530989173523
0,0.3859288540206622,0.04945756122469902,0.007611700331438925,0.04788269042768826,0.3851873278617859,0.34914976358413696,0.002133341506123543,0.2260006070137024,0.38345912758111517,0.1863619294330881
1,0.46783229495886475,0.5523458123207092,0.2612819674666296,0.6587302650384202,0.5429627895355225,0.4806545376777649,0.425038605928421,0.38864046335220337,0.6048907591917522,0.47714186705187894
1,0.5165340258398209,0.604072093963623,0.12297828181690763,0.6514416006028716,0.5924970507621765,0.6560131311416626,0.5514934062957764,0.4832342267036438,0.6451833874699094,0.5239098029769043
1,0.747718198610741,0.749444305896759,0.2556503962808125,0.7876739137002672,0.8641597032546997,0.9003629684448242,0.856454074382782,0.8932601809501648,0.8175032047495443,0.7540885607770282
0,0.5822082626294817,0.6809936165809631,0.17096928173106893,0.5062881990697101,0.6080105304718018,0.5382843017578125,0.9969698786735535,0.811248242855072,0.6421214133219084,0.6030762732312153
0,0.5051598389469018,0.6660707592964172,0.7221126234658389,0.7660507278468932,0.6196381449699402,0.6447553038597107,0.8589467406272888,0.7948443293571472,0.667482230909931,0.689889115198949
0,0.13715142187620036,0.028451936319470406,0.0017618828247871238,0.008605088216007233,0.054924532771110535,0.0011805035173892975,0.014461771585047245,0.044336285442113876,0.19181204683901346,0.03885225135256583
0,0.15262460351249327,0.05342999845743179,0.0004986674230446794,0.09330320747907653,0.31016603112220764,0.4104214906692505,0.29324716329574585,0.21721048653125763,0.2293500361626084,0.18542577273872873
0,0.26434260081088246,0.18546296656131744,0.021713774352824608,0.2261765815975242,0.3172144889831543,0.3679700493812561,0.21136461198329926,0.4309441149234772,0.3024859650264205,0.25149588612133467
0,0.3294570345364614,0.0956190675497055,0.25122221279576806,0.2032086052125038,0.18093623220920563,0.006096750497817993,0.022817600518465042,0.3400588631629944,0.33570835329661053,0.18426300801050982
0,0.11548549010802545,0.0032480054069310427,0.00019875234023174673,0.006812740871633309,0.030067387968301773,0.0018386951414868236,0.010186648927628994,0.015017914585769176,0.18169496558287604,0.024960315342938043
0,0.3088945587918261,0.285497784614563,0.04655238230267373,0.40461890942146495,0.2599896192550659,0.08641234785318375,0.3287743330001831,0.2741053104400635,0.36833743053810897,0.25272385598700975
0,0.4764969213332908,0.23614166676998138,0.1595166566335543,0.4079825990178786,0.5519943833351135,0.43677428364753723,0.4823983311653137,0.51598060131073,0.5300793374517927,0.40722417419560436
0,0.0969415457002045,0.04654732719063759,0.0025674220333478577,0.04471185146598486,0.14458288252353668,0.3122931718826294,0.19638201594352722,0.07230202108621597,0.19510259313963066,0.11030146149821912
0,0.377532498630759,0.20611777901649475,0.025794391561651232,0.230422583615413,0.4929477870464325,0.29946455359458923,0.06458627432584763,0.22790037095546722,0.41011343658493515,0.2479272874886917
0,0.29520583725989363,0.3629288375377655,0.1284213686126065,0.2168772483494054,0.3688327372074127,0.5906323790550232,0.42673999071121216,0.4903934597969055,0.3576467605554673,0.3530603569093999
0,0.21687234989467347,0.1923639476299286,0.015423787567615973,0.17711703059369283,0.2634398341178894,0.23460333049297333,0.029938409104943275,0.5820786356925964,0.2306089864861031,0.21409045929536608
0,0.6479174969981563,0.8594878911972046,0.4665840195313994,0.5074981040013208,0.7571886777877808,0.8977836966514587,0.928523600101471,0.8264040946960449,0.7438790105253343,0.727833223857878
0,0.17072212724776584,0.10260876268148422,0.022136889617371154,0.12020037094895684,0.09122549742460251,0.008792492561042309,0.21777956187725067,0.13461701571941376,0.22434583461771235,0.10850011828016048
0,0.35100721751119607,0.35076725482940674,0.0627175947571915,0.17641539429604056,0.48132702708244324,0.3579646348953247,0.372057169675827,0.26792284846305847,0.395908339949994,0.3026487290214698
0,0.2532866119619871,0.14624512195587158,0.07585550253588158,0.1468700830843649,0.09834356606006622,0.002542943926528096,0.04110453277826309,0.2795894145965576,0.26744238494752104,0.134608339337195
0,0.37760256405506626,0.2873474955558777,0.04468823838095482,0.15158904209100518,0.4300629198551178,0.6365523934364319,0.5330885648727417,0.5786605477333069,0.40400659666259686,0.37056823332411437
0,0.3118547651330889,0.07779502123594284,0.008610755641953674,0.11629678841966508,0.42977747321128845,0.39635589718818665,0.5887032747268677,0.5336588621139526,0.3186808606559465,0.29734349704340723
0,0.5414446995316338,0.6127079725265503,0.7453826069524898,0.5994958051627337,0.6971964836120605,0.634843647480011,0.37543779611587524,0.6379890441894531,0.6728899305950693,0.6084372952956356
0,0.48824781278002083,0.5903290510177612,0.043652795418537504,0.3174380037054314,0.5446838140487671,0.25700321793556213,0.007439012173563242,0.0610007680952549,0.5549309005713733,0.3051612518531549
0,0.2860842716577006,0.09980745613574982,0.021621890009364056,0.14200210489920392,0.1486029326915741,0.06262212246656418,0.31745582818984985,0.1723383218050003,0.31084800309100724,0.1561823114671017
0,0.26136807429040604,0.12585747241973877,0.06237421716857317,0.21686598816736297,0.2031441330909729,0.4525660276412964,0.003597379894927144,0.03965049237012863,0.3493239986845897,0.17469702278662286
1,0.2699951257728278,0.13853329420089722,0.02491774998436389,0.1552402166429319,0.056486185640096664,0.007029566448181868,5.7598950661486015e-05,3.400963396416046e-05,0.30860322560169756,0.08938491377610785
0,0.3684279267392869,0.5842931270599365,0.5740771136938857,0.3800916841508253,0.38230618834495544,0.010926145128905773,0.25005099177360535,0.1432216316461563,0.4714371378579603,0.34604286528614353
0,0.7807733027655633,0.8910912871360779,0.798043777421036,0.8530398066333984,0.8368216156959534,0.5857693552970886,0.7688537240028381,0.7535874843597412,0.8563348165434016,0.7877810864886006
0,0.5167152970585953,0.3790110945701599,0.04557829696313802,0.1888808664623122,0.6409822702407837,0.30248892307281494,0.1271371841430664,0.4912019968032837,0.49941291479289646,0.34428839480551543
0,0.27994818770189006,0.12419918924570084,0.04690617711467855,0.06340134905041864,0.3511832654476166,0.39086776971817017,0.18890854716300964,0.2888157367706299,0.3070545465987029,0.21512748305144094
1,0.2849445378947982,0.3097723126411438,0.3556440119780781,0.19115934561997008,0.2562619149684906,0.00011526879097800702,0.052038561552762985,0.002414513612166047,0.3530010270709193,0.19066947810833557
0,0.23287460197191212,0.15642675757408142,0.030635333835522725,0.0738339660426178,0.35229188203811646,0.18635085225105286,0.3463461101055145,0.35894155502319336,0.25348060171340486,0.21336395909881034
1,0.45343665930018295,0.5098932385444641,0.22063892817591202,0.46778183013955205,0.5480751395225525,0.2806328237056732,0.4752242863178253,0.5054919719696045,0.5189514354517252,0.43518008395569274
0,0.21551797069281567,0.02418520487844944,0.00043511555554169644,0.028691057622277517,0.1648378223180771,0.16858600080013275,0.03864270821213722,0.07385830581188202,0.2518948411108511,0.0917092976644405
0,0.49136034582676247,0.5855639576911926,0.36386910882066625,0.5386917110231982,0.5335080027580261,0.43810296058654785,0.4636779725551605,0.45640265941619873,0.6011665428113372,0.48703265889262504
0,0.2650737991501234,0.19911161065101624,0.3744029022884863,0.24870201300383274,0.23766784369945526,0.3279920816421509,0.3096640706062317,0.2634502947330475,0.3508761419785456,0.27569438815495867
0,0.1288864187507714,0.06700615584850311,0.004213879465637282,0.08597424026251749,0.23283113539218903,0.04710979387164116,0.00038866684189997613,0.04770984873175621,0.19835839330077126,0.08101314354982525
0,0.21357821232137142,0.048717427998781204,0.029385599524663977,0.07403712304944919,0.10266046971082687,0.0035915577318519354,0.15397478640079498,0.007965916767716408,0.25613709138743346,0.08180757947230169
0,0.16259801174123886,0.09417244046926498,0.006375084304874284,0.05480375985092798,0.09009037166833878,0.007784940302371979,0.04591461643576622,0.03449777886271477,0.2155856337556668,0.06554352917452692
0,0.16068619539435475,0.11019391566514969,0.0008648500946376609,0.08178545259177387,0.1930079162120819,0.06770608574151993,1.7370281057083048e-05,0.01727396249771118,0.2221029760101647,0.08390854677599496
0,0.3719733637033897,0.32308429479599,0.7076614553052701,0.3453838680062538,0.2526027262210846,0.16024304926395416,0.3338155746459961,0.18377971649169922,0.4837684944762942,0.3373910976913884
0,0.4324087885495736,0.5662791728973389,0.40258401414985884,0.334163934386969,0.4973605275154114,0.253364235162735,0.5296242833137512,0.4118545949459076,0.5040308179927164,0.42901522772859657
1,0.890411923919799,0.9443763494491577,0.9889133768333358,0.9442512441992214,0.8998349905014038,0.9812906384468079,0.9194049835205078,0.9320364594459534,0.9167352497732733,0.9363834649378429
0,0.23915368472163748,0.07846692204475403,0.007215424820550651,0.08304365546920073,0.0712653174996376,0.0002160342555725947,0.0005922878626734018,9.406037861481309e-05,0.27151790634397405,0.06632765535422763
0,0.15216277969781644,0.07086728513240814,0.02038868783552497,0.0786246765062604,0.19509075582027435,0.33984172344207764,0.18355435132980347,0.13595479726791382,0.2293964910351536,0.14398901119601482
0,0.3709151501893514,0.5090169310569763,0.175399522670224,0.389482784763299,0.5647396445274353,0.29268327355384827,0.28243187069892883,0.3432934582233429,0.4441174323097085,0.37163537454628526
0,0.348209938354368,0.19313842058181763,0.026090924452259093,0.2829083006380532,0.15774697065353394,0.0006775667425245047,0.03788325935602188,0.13999181985855103,0.37691199177993506,0.15789011742835113
0,0.2992478749046357,0.12099491059780121,0.06578784964116502,0.15890851466971148,0.32947564125061035,0.2770555913448334,0.35025206208229065,0.2449451982975006,0.33819704136042866,0.22873367268791145
0,0.3179076092756004,0.2528717517852783,0.05329507606617367,0.26454755338080216,0.36203333735466003,0.496437132358551,0.3695424497127533,0.5001484155654907,0.3635590457432628,0.32242590931775883
0,0.6089455377754426,0.7189217805862427,0.21663428851553398,0.5295858821660792,0.7008393406867981,0.5525727272033691,0.003300594398751855,0.48967644572257996,0.6819185172055606,0.49267816722719426
0,0.37336477912248456,0.4643763601779938,0.2578501438275354,0.28077006034990026,0.4121008515357971,0.16519315540790558,0.14070215821266174,0.3664969205856323,0.4120865810845009,0.3145906248186055
0,0.1155920319671231,0.02016153372824192,0.00580167236013969,0.03385307283262729,0.1982036679983139,0.03712758794426918,6.194118213898037e-06,0.0012915214756503701,0.1876078450485012,0.05500267310358402
0,0.3971581986734398,0.24469226598739624,0.07260320454539528,0.12344607435615094,0.36093398928642273,0.2542518079280853,0.43799546360969543,0.29709944128990173,0.41272960693401506,0.27197006699554604
0,0.2596311022470281,0.19201473891735077,0.09452064210054298,0.08344734095696345,0.3252216875553131,0.21884237229824066,0.06385312229394913,0.021126748993992805,0.31214643253912144,0.16252012369129423
1,0.8466934415819213,0.8087390065193176,0.3914276821791653,0.8803827954202947,0.8788293600082397,0.9356989860534668,0.9243098497390747,0.9363418817520142,0.8779158570834462,0.8234045854702241
0,0.16226731554667048,0.18724632263183594,0.012364734541676753,0.16772550682991239,0.2858399450778961,0.14320975542068481,0.10892324894666672,0.411075621843338,0.20673762364337436,0.18499447571542246
0,0.24203235135474216,0.22412849962711334,0.0906051499783641,0.15827957222556568,0.029268372803926468,6.226839468581602e-05,0.005900089628994465,6.799413085900596e-07,0.2943030533732836,0.10135028229539629
0,0.5946166846343439,0.7908336520195007,0.607911618323048,0.7910847237351633,0.712940514087677,0.8918536901473999,0.9930342435836792,0.8980877995491028,0.7467710369844883,0.7752554709541256
0,0.1616494287930941,0.1190185695886612,0.387312703919545,0.12438848162827319,0.20711837708950043,0.0074504949152469635,0.05686464160680771,0.047173190861940384,0.243442407942264,0.14267363099594194
0,0.14337473381977178,0.05417691543698311,0.00017002892734589706,0.03068290491613678,0.17518074810504913,0.030507927760481834,0.03950854390859604,0.12391021847724915,0.19325958843593682,0.07687919002059448
0,0.5053301557501036,0.269113153219223,0.020876195733958512,0.10059624304190769,0.553737461566925,0.15741167962551117,0.287695050239563,0.15482352674007416,0.5046530385161417,0.26329741533116346
0,0.4018600439658465,0.3760293424129486,0.12525435852826336,0.45804147864801636,0.26660284399986267,0.09703193604946136,0.2923060655593872,0.39410844445228577,0.4511957038674357,0.30696658030334295
0,0.3491949787884653,0.39365455508232117,0.4190049334534045,0.6502031608756824,0.3425764739513397,0.40373796224594116,0.35381171107292175,0.2584952414035797,0.5138357217600691,0.3996690611364877
0,0.47902277077917654,0.35899287462234497,0.18112993715492262,0.3172765279227682,0.5191566348075867,0.4963797926902771,0.24979852139949799,0.38055047392845154,0.5390967175092619,0.3766128342363211
0,0.16552256974593635,0.04382229596376419,0.0011649994032085019,0.06083970320856449,0.055348049849271774,0.032862331718206406,0.10656236112117767,0.0977388396859169,0.21416830498086167,0.07149532410928314
0,0.4895697751191735,0.43326377868652344,0.22228629847665152,0.2112693145283683,0.3412933349609375,6.671964365523309e-05,0.05302153900265694,0.15519653260707855,0.508787920682999,0.2516548403459693
0,0.23113170058229102,0.23351286351680756,0.26601748349326515,0.1546377061247451,0.2941775918006897,0.0688091516494751,0.017782539129257202,0.0743727758526802,0.29304640477175886,0.17448701421702276
0,0.3260437842813397,0.43601563572883606,0.6487588985815556,0.3202597122663313,0.3464943766593933,0.711948037147522,0.9505167603492737,0.5716828107833862,0.46204307380183324,0.5204221998560428
0,0.15174134221121163,0.30217641592025757,0.047674056036228846,0.2611321191789705,0.3935874104499817,0.23324580490589142,0.16895729303359985,0.1907726526260376,0.24505399060786864,0.2210068821230429
0,0.5138273972720713,0.5977611541748047,0.18502016266017884,0.6694306498769849,0.5220474600791931,0.5031312704086304,0.5564356446266174,0.5771344900131226,0.6239683975855796,0.5172573859883751
0,0.13274626801261705,0.0587640255689621,0.0035484474595814967,0.016326915152388367,0.17078788578510284,0.030434785410761833,0.0007435253355652094,0.020129328593611717,0.19402763151493121,0.057806044503742354
1,0.6034552980951733,0.7431695461273193,0.6190363005070052,0.6719839187032609,0.6526837348937988,0.630209743976593,0.72779381275177,0.5356670022010803,0.7463815952969515,0.6478815643066361
0,0.3455310736528987,0.2851737141609192,0.12341870794686054,0.31095470516570844,0.36877700686454773,0.3683016896247864,0.07701686769723892,0.20615804195404053,0.4175122063724376,0.2669919205599286
0,0.14881856986651415,0.038398921489715576,0.005265983329926593,0.06464843102099212,0.12750518321990967,0.007387825753539801,0.11014264076948166,0.08704882115125656,0.20363508976009603,0.0750820840482061
1,0.6405144480744176,0.8758663535118103,0.44268097291625874,0.7013443561005283,0.6465033292770386,0.9183558821678162,0.8831268548965454,0.7245405912399292,0.7750109122306225,0.7234796408877536
0,0.17213559745443216,0.03149661794304848,0.004119669754714517,0.023410992688005033,0.12116458266973495,0.2112908661365509,0.1771651953458786,0.10379435122013092,0.22708416611646148,0.10339157458081363
1,0.8172241792555305,0.9103755354881287,0.9704637942426306,0.8624297824098798,0.9068715572357178,0.9307323694229126,0.16373667120933533,0.9244216680526733,0.8750523611335455,0.8226190362442203
0,0.3898605780909213,0.12064170837402344,0.006658968757471837,0.07193992917170877,0.5051936507225037,0.24726217985153198,0.6577796936035156,0.4277319014072418,0.3767415045397763,0.2958700508672625
0,0.4998892724971716,0.37429359555244446,0.19309870994263373,0.3410551708074132,0.5633792281150818,0.3131559193134308,0.6461993455886841,0.6965645551681519,0.5139755231358765,0.4492757328358554
0,0.6443310253008039,0.8097391724586487,0.7029074079831418,0.8195685039084254,0.6983850002288818,0.8878620862960815,0.8576111197471619,0.8788138031959534,0.786525434030377,0.7815212429625077
0,0.304850152810486,0.3128680884838104,0.10641581884510956,0.23311646648991932,0.30798694491386414,0.049649760127067566,0.35423895716667175,0.23756176233291626,0.3431358442012018,0.24049597128207645
0,0.5635928000376067,0.8069561719894409,0.3517273961931097,0.4961777022697724,0.8070586323738098,0.858061671257019,0.8998660445213318,0.8340585231781006,0.6649051414384223,0.6930075880945992
0,0.8269693380194667,0.8538936972618103,0.5666754621669233,0.8889130875956451,0.9401124119758606,0.8050037026405334,0.8970635533332825,0.7676080465316772,0.8807808563699826,0.8198759858969693
0,0.19349723790972548,0.10763789713382721,0.00701062825393257,0.1170628777426469,0.2891746461391449,0.07709353417158127,0.0015867467736825347,0.06425483524799347,0.24358822597793872,0.11308220351317311
0,0.28142597245924156,0.3504728078842163,0.1483021507990637,0.23729912151606392,0.441288024187088,0.15898998081684113,0.00033987127244472504,0.10139665752649307,0.344323650721967,0.22482490318885834
1,0.9017215934303517,0.958264946937561,0.9943007745080615,0.9722895092985117,0.9836267828941345,0.9938513040542603,0.9950078725814819,0.9987375140190125,0.919778228317157,0.9723791475898473
0,0.18892437751804203,0.21618126332759857,0.0010746224923767356,0.05922315507006731,0.2958330810070038,0.0003571615961845964,0.017123499885201454,0.00035574453067965806,0.2361783555802573,0.10455724783127593
0,0.25135006107884067,0.10397801548242569,0.016100601821200107,0.12944038749037648,0.27932778000831604,0.14279703795909882,0.23617972433567047,0.0743100717663765,0.29749034859475815,0.15585720986138807
0,0.742258328503188,0.8471434712409973,0.5062184078210659,0.6936863676496422,0.8935008645057678,0.8684142231941223,0.7838121056556702,0.7195646166801453,0.8282733623323891,0.7567228788371474
0,0.532082204219613,0.3261476159095764,0.1695257956381675,0.40025947992722233,0.5379435420036316,0.49326297640800476,0.5000636577606201,0.582838237285614,0.5794330349351265,0.4414896899965277
0,0.8246311490910281,0.9218136072158813,0.9857514501682652,0.8724148599342344,0.9094708561897278,0.9260256290435791,0.16375939548015594,0.9193509817123413,0.879454175014896,0.8276342037006266
1,0.5820003337573639,0.8601621985435486,0.8351672194172406,0.7579965176036187,0.6942391395568848,0.7384194731712341,0.7871579527854919,0.6094369888305664,0.7610132195087776,0.7309421276721819
0,0.1495689355326038,0.12154384702444077,0.001421131314749648,0.09123720975596462,0.34510886669158936,0.37169691920280457,0.2893015444278717,0.250550240278244,0.2224796627633077,0.19737111376194885
0,0.1472755901712539,0.12844844162464142,0.022722027017145093,0.13021732244515194,0.2123451977968216,0.06504366546869278,0.000785415933933109,0.04239766299724579,0.21873452882959135,0.09880620817096289
0,0.23609688909936877,0.18939585983753204,0.05987134418131178,0.07620865356153933,0.31335124373435974,0.16307184100151062,0.4671538174152374,0.400782972574234,0.25568454386905426,0.23185512994614788
0,0.3416039958895017,0.2422754168510437,0.014209566825444454,0.2614711220919484,0.427165687084198,0.31530439853668213,0.2787861227989197,0.07187411934137344,0.4144461207097938,0.2480993378316479
0,0.2871232848102229,0.23973503708839417,0.11673810538271044,0.12756771984007303,0.3846819996833801,0.44314756989479065,0.21211104094982147,0.4587424099445343,0.3156436139182676,0.28103204008840665
0,0.5004234572424311,0.5211271643638611,0.3148495318817073,0.39777041668836866,0.5806224942207336,0.553302526473999,0.5893164277076721,0.5949025750160217,0.575675924363141,0.5034167234944956
0,0.3915916828180853,0.32449471950531006,0.05909711734880907,0.2852785695738589,0.4305029809474945,0.6391484141349792,0.4609348773956299,0.32705357670783997,0.47436113287326537,0.36106174713627326
0,0.28145017682664947,0.1476934254169464,0.01896072300816499,0.10856364706076645,0.3751159906387329,0.4425014555454254,0.29819080233573914,0.2227632701396942,0.3297576816270447,0.2340987768409506
0,0.1629544795009752,0.10708087682723999,0.03769135685389967,0.05397023283115694,0.2079712599515915,0.03513450548052788,5.1809529395541176e-05,0.03199472278356552,0.218094019430427,0.08450558509129658
0,0.4980499500821162,0.40329447388648987,0.13443569281175285,0.2773636537075,0.5091919898986816,0.2685920298099518,0.02559148520231247,0.46605709195137024,0.5038187353249108,0.33284306822917165
0,0.6428081146865161,0.3655119240283966,0.09819186457572113,0.36699768608668665,0.9399136304855347,0.8876095414161682,0.0070623839274048805,0.5723953247070312,0.6836522156824819,0.4942245935094634
1,0.9130231251877692,0.9417275786399841,0.9354334224003029,0.9325265172382832,0.9552451968193054,0.9414833188056946,0.9141116738319397,0.9735844135284424,0.917798660170124,0.9380846063869631
0,0.13888759127771863,0.03229266777634621,0.00025830609287497445,0.02926003697763307,0.15036971867084503,0.0346565879881382,0.07844985276460648,0.15083394944667816,0.1890677919849641,0.07759171556385176
0,0.5872643666193065,0.7928575277328491,0.44512462964678107,0.8297997963860431,0.559777021408081,0.8407574892044067,0.856852114200592,0.8096328973770142,0.7402269607634183,0.7092369169056802
0,0.18334549266555086,0.06907767057418823,0.025939354788761398,0.025290682092933607,0.1320091187953949,0.3409952223300934,0.15990039706230164,0.08293560892343521,0.24827069988118433,0.12497918624261871
0,0.4439757089916599,0.2410636991262436,0.04509770095869026,0.3782762871715591,0.6458360552787781,0.9896827936172485,0.25286397337913513,0.9040544033050537,0.4832151985114062,0.4814356255815064
0,0.12441895936339364,0.014731070958077908,0.00037446288708782317,0.04002696681293471,0.16780047118663788,0.053804926574230194,0.05424207076430321,0.07792569696903229,0.18869472163566275,0.06819472903824646
0,0.5052720770811343,0.6003326773643494,0.5720827212390462,0.5874594227418025,0.35963237285614014,0.0007417090819217265,0.030269481241703033,0.15330809354782104,0.6204568422504145,0.3694457332687725
0,0.19334798197298309,0.17307816445827484,0.016299988876481885,0.067541352073252,0.20968477427959442,0.19119185209274292,0.22574229538440704,0.07622576504945755,0.2528928624588949,0.14383038636061166
0,0.4712523794164103,0.5706361532211304,0.3260890596100271,0.4694806478803862,0.5920978784561157,0.4652392566204071,0.4409954249858856,0.34101107716560364,0.5851641635896236,0.46332157194961576
0,0.1415209883773973,0.1149555966258049,0.004559357337460832,0.04274419758629468,0.250613272190094,0.3887631893157959,0.23164135217666626,0.20003736019134521,0.21672325864342698,0.16684462595015245
0,0.22648891632445248,0.17992663383483887,0.011250129572986146,0.14733789700964306,0.1595773547887802,0.01849096268415451,0.13459454476833344,0.1864250749349594,0.25909536082558615,0.13633757442375366
0,0.15216193580106552,0.1229720488190651,0.0020883203966005964,0.1879905623883138,0.28779011964797974,0.09725381433963776,0.16334477066993713,0.205343097448349,0.21799056312449017,0.15356072003310262
0,0.3020303158824503,0.22303028404712677,0.0053354077282777666,0.20628164475763866,0.46016931533813477,0.4420517683029175,0.3391488194465637,0.2846651077270508,0.3566366787582937,0.28107790347259254
0,0.45588063976819504,0.3354761004447937,0.053634635903025786,0.3085486104718333,0.4229568839073181,0.24209952354431152,0.3893038034439087,0.36131367087364197,0.4875413872282244,0.324065392238495
0,0.5944878805826811,0.6506348848342896,0.39503889110068635,0.6612777528223114,0.6950582265853882,0.8713963031768799,0.9999673366546631,0.9602014422416687,0.7029652118574194,0.7163332651076546
0,0.516523900902255,0.6175673007965088,0.6256074776176729,0.6339440858333936,0.37336549162864685,0.42756515741348267,0.9006778597831726,0.7384727001190186,0.6363402459693478,0.5961364670600482
1,0.7395625839030541,0.5950875878334045,0.9192222745024196,0.806339157844792,0.681756317615509,0.7481381893157959,0.9968223571777344,0.7639696002006531,0.8453370076895703,0.7748565080910843
0,0.2598456602774828,0.17455250024795532,0.013457954927645809,0.17409713204834446,0.37428680062294006,0.4256303012371063,0.2905646860599518,0.1867426633834839,0.3260486006734598,0.23570419591028632
1,0.3083651360513992,0.1642661988735199,0.045575797906826296,0.0736714130583008,0.3482131063938141,0.3762015402317047,0.3041674792766571,0.26276490092277527,0.33731825416356087,0.2328086596516043
0,0.4238716077251768,0.4667084217071533,0.2401249886362961,0.47988224971686616,0.4428354501724243,0.4246666133403778,0.6228564977645874,0.5243589878082275,0.5129814636629688,0.44970824567814655
0,0.271615789634414,0.2151053547859192,0.016058030799962243,0.2801837973558652,0.12919378280639648,0.0003144100774079561,0.01743132434785366,0.0007686137105338275,0.33044720879744466,0.1261847464926504
0,0.2720494981840081,0.19496014714241028,0.003389276066480666,0.14126001560964851,0.10335301607847214,0.07295491546392441,0.4147818982601166,0.06281764060258865,0.3184968906283537,0.15728032877673293
0,0.1828354366222796,0.011815780773758888,0.0007964224263716777,0.03278208564582754,0.13215628266334534,0.018561534583568573,5.025627251598053e-05,0.00011394905595807359,0.22588587770788307,0.051896538820185745
0,0.343235180389885,0.1713864952325821,0.15562257526595402,0.11770160328581976,0.3679472804069519,0.19118830561637878,0.00022721530694980174,0.11646243184804916,0.3723384416566643,0.19064632182319471
0,0.28145226006552354,0.08236777782440186,0.008144131725631845,0.0947809210169327,0.22603347897529602,0.04817842319607735,0.07576725631952286,0.01541035808622837,0.30819981027557397,0.11013564224813477
0,0.24496516791485395,0.27475035190582275,0.10913816120297597,0.14425759179967657,0.33021217584609985,0.22481977939605713,0.06706637144088745,0.32197463512420654,0.2797310868290951,0.21764977662964619
0,0.5783051679757599,0.6031809449195862,0.2404725035048376,0.447909452899089,0.6594977378845215,0.5755499005317688,0.589301347732544,0.5002262592315674,0.6612779820231117,0.5251108927065411
0,0.18216945739392032,0.1412663459777832,0.006707510094045262,0.060019219582900504,0.09551841765642166,0.0024647004902362823,0.033242709934711456,0.0709548071026802,0.22531966556638597,0.0782838246855098
0,0.2036905599977208,0.1284092515707016,0.00023590721840658475,0.056158563769974384,0.29753434658050537,0.38698211312294006,0.2690638303756714,0.22310687601566315,0.2571922672147954,0.1914072644487522
0,0.4932978098810842,0.3141327202320099,0.2426564669420918,0.2193741164053236,0.5405561327934265,0.2675856947898865,0.09348154813051224,0.6937419772148132,0.46502165423255504,0.36320606125081806
0,0.6498355497743912,0.7306393384933472,0.8600457405065778,0.7849962020980892,0.7233623266220093,0.5339853167533875,0.7019728422164917,0.6997890472412109,0.7797005085514286,0.7120896543621047
0,0.2531803114101252,0.0790577307343483,0.02922827302506995,0.13181913082454377,0.2626182436943054,0.2107209712266922,0.0010212867055088282,0.2378106713294983,0.28035343040153476,0.15439935548382322
0,0.3227073041424458,0.3486989140510559,0.3088415171344671,0.4820391902337576,0.26276540756225586,0.3164064884185791,0.26644834876060486,0.2350718379020691,0.4416221140307434,0.3213270146646983
0,0.4407723634143126,0.13141152262687683,0.009322312661743375,0.0603834436883225,0.5863581299781799,0.36195117235183716,0.5183587074279785,0.46955859661102295,0.42013196309194745,0.3173191019003545
0,0.4106020855282518,0.47172167897224426,0.6045689301496899,0.44087200955815276,0.4665404260158539,0.393306702375412,0.37395575642585754,0.3061910569667816,0.5401401527553963,0.43597871847972486
0,0.30492724940000804,0.23031730949878693,0.424989406488018,0.3091538378191282,0.3643264174461365,0.19186687469482422,0.005022975150495768,0.10939043015241623,0.39504678611449157,0.25103514315440817
0,0.15680375625178977,0.07027032226324081,0.017852096902256403,0.08648776320420681,0.025799527764320374,0.00029462436214089394,0.00012799451360478997,1.592253973115021e-08,0.21797979359788616,0.049140192197233964
0,0.4512741898030426,0.6858963370323181,0.7832527538536268,0.5406875506349919,0.6806540489196777,0.24721674621105194,0.7736406922340393,0.7439923882484436,0.5518517510637944,0.6093458176613993
0,0.22935116347471537,0.1161157414317131,0.01586095941356874,0.04087642607071849,0.13549843430519104,0.040313780307769775,0.07942414283752441,0.2445782721042633,0.23976416731566572,0.11475254628303666
0,0.30682273083443506,0.5053110122680664,0.24458474887533596,0.5142969406835656,0.8233833312988281,0.7687374949455261,0.6549687385559082,0.5497902035713196,0.44621509947999655,0.5388854969339286
0,0.19492395617089892,0.12212514132261276,0.005412866113751037,0.12231725951266821,0.324628621339798,0.37555813789367676,0.12850384414196014,0.10705959051847458,0.2680452191274219,0.17293656487789869
0,0.5094769743414592,0.46869173645973206,0.19921924920018644,0.5499847870799484,0.6007963418960571,0.5044360160827637,0.49273771047592163,0.33435487747192383,0.6257212723498569,0.461027283863572
0,0.2080647969073812,0.18098430335521698,0.0269660559678181,0.12067308580741588,0.2181929349899292,0.11622589826583862,0.17862571775913239,0.1450234204530716,0.2566425927261141,0.1509360333743075
0,0.4747990890542882,0.5858980417251587,0.10504781619300636,0.3606701786493008,0.45822131633758545,0.2273133397102356,0.8112673163414001,0.5265487432479858,0.516142262275166,0.4396168621093642
0,0.26174406403361394,0.23208746314048767,0.011602322533302466,0.08816841906196,0.15575650334358215,0.0010671034688130021,0.08519099652767181,0.03133228048682213,0.29156307062606257,0.11478155276731658
0,0.29964498600701917,0.3403870761394501,0.05963245790775903,0.17666251420012816,0.14688295125961304,0.0010046459501609206,0.09343113750219345,0.21859875321388245,0.3188017185578318,0.17361864537999605
1,0.5011385281117433,0.6004854440689087,0.670105622764061,0.6315637802477452,0.6445084810256958,0.7183400392532349,0.6206197738647461,0.6027305722236633,0.6601187594678457,0.6205904432233185
0,0.6498920248754447,0.6741676926612854,0.7704463033206913,0.6201860983961334,0.6742938756942749,0.8137401342391968,0.679422914981842,0.8650387525558472,0.7568441599138047,0.7137549095271087
0,0.6175322045881013,0.7160780429840088,0.6207727124852046,0.6164835072259528,0.6979561448097229,0.7246069312095642,0.011066313832998276,0.8862170577049255,0.6975796571997253,0.6206290909015036
0,0.17184380049425066,0.07746860384941101,0.0011379579645786062,0.06321515661715713,0.14680296182632446,0.0009983486961573362,0.002433036919683218,4.558749424177222e-05,0.2230839475396204,0.06327477646731011
1,0.8920834905197859,0.9391689300537109,0.9749621983599722,0.9235297048391279,0.9230483770370483,0.9246716499328613,0.4213815927505493,0.9287437796592712,0.9084511809062753,0.8750854861228596
1,0.19689035357554752,0.05347448214888573,0.0006591571751078962,0.044319281014661226,0.24155299365520477,0.25903889536857605,0.19321903586387634,0.3442349135875702,0.2257338450269426,0.16291551452241565
1,0.5207203391753089,0.5254281759262085,0.03355940682928293,0.38983062373033567,0.6399617195129395,0.48631414771080017,0.545168399810791,0.501941978931427,0.5748137531986931,0.4561134599609318
0,0.5469052536289049,0.6871519088745117,0.5067144843452195,0.4831794321491644,0.686241865158081,0.46332022547721863,0.6066368818283081,0.697416365146637,0.6272299063474212,0.5842086311932044
0,0.15751656173771644,0.16027668118476868,0.04508621041357954,0.11275381882629669,0.15244340896606445,0.08619443327188492,0.0390625037252903,0.18303324282169342,0.21437581555318197,0.11966297360008016
0,0.4299454326096887,0.5511512756347656,0.33832721462676174,0.5326086401953963,0.5225649476051331,0.5118337273597717,0.4684627950191498,0.5070833563804626,0.5439628409456018,0.4830681887304865
0,0.35566640383781506,0.21369275450706482,0.0018569237534747484,0.2649397962046926,0.42980116605758667,0.4308207333087921,0.573005735874176,0.24727396667003632,0.4235337353307545,0.31013720712853915
0,0.12894017634974314,0.026375848799943924,0.0015956943363939057,0.009534357942908963,0.024962985888123512,3.493059193715453e-05,2.1786159777548164e-05,1.3278411643113941e-05,0.19083683927157452,0.026810800387730836
1,0.3929873845532068,0.3043081760406494,0.01527376468863868,0.23732019950487404,0.44517165422439575,0.006707817316055298,0.028114261105656624,0.03784758970141411,0.42193472704242474,0.19714326676037808
0,0.21695316777825127,0.08315690606832504,0.0026306392631018946,0.0422617564333091,0.05685664340853691,2.8532358555821702e-05,0.0004020697087980807,4.234071315778465e-09,0.25035125632492383,0.05574146185348182
0,0.16951201627262827,0.03869782015681267,0.0022332248454643043,0.012119770885794214,0.11944194883108139,0.06562042981386185,0.07208085805177689,0.24973967671394348,0.19817322691069103,0.09098971384358812
0,0.381647003769025,0.17518436908721924,0.03292532862363428,0.11729874639984807,0.4349488615989685,0.43471255898475647,0.5308144092559814,0.5206934213638306,0.384246503561268,0.32084000834172144
1,0.5992517300157335,0.6856692433357239,0.4036013563720815,0.33078142021981016,0.654735803604126,0.41057053208351135,0.827960193157196,0.4383784830570221,0.6721709683747485,0.5416672297304734
0,0.5620721098777789,0.6581121683120728,0.5367204001471289,0.6539321265883449,0.6234448552131653,0.29147881269454956,0.4752615690231323,0.442592978477478,0.6804288145333828,0.5381152644711278
0,0.4540856417321262,0.5230975151062012,0.5278559724811364,0.5168643122037546,0.5705737471580505,0.4072484076023102,0.3897554278373718,0.4744229316711426,0.5665933740670085,0.4861691797068927
0,0.2879285902904007,0.23249411582946777,0.012388629479579633,0.16351924349860847,0.4571602940559387,0.021247105672955513,0.38301265239715576,0.3585369288921356,0.29315321811185635,0.2398251296311307
0,0.5183896510717175,0.5148754715919495,0.6752798725129048,0.48414069098129714,0.6211261749267578,0.41708940267562866,0.7268863916397095,0.8245368003845215,0.5928271948698879,0.5916194482686972
1,0.4554338559929316,0.31493109464645386,0.021797422258185376,0.33783297233312326,0.5625531673431396,0.7027687430381775,0.5480883717536926,0.5277865529060364,0.5190831065504633,0.4284536641169713
0,0.2800907504710214,0.2721371054649353,0.010563342980487118,0.19647159009432666,0.33091410994529724,0.2872758209705353,0.11649050563573837,0.10391619056463242,0.34089024387482864,0.20469316048136293
0,0.3905394494316732,0.21365895867347717,0.04191945859580599,0.169384930409273,0.4040638208389282,0.3746933341026306,0.29467883706092834,0.39650315046310425,0.4057211103578184,0.28518393408833853
0,0.5306932090791343,0.6350595951080322,0.4326965957001004,0.528206839244183,0.6156776547431946,0.6816657781600952,0.7747161388397217,0.8456195592880249,0.6225112910235652,0.6226049517817813
0,0.20335884677257066,0.03646938130259514,0.00881227619874964,0.02427582093648662,0.2521175444126129,0.10020112246274948,0.0006931289681233466,0.05983251705765724,0.23858117488578973,0.08999649182688038
0,0.1541905478319395,0.0650954395532608,0.002730435847159747,0.07392377705614103,0.13770614564418793,0.27389416098594666,0.13381582498550415,0.12490833550691605,0.22435046280570511,0.11910501820898078
0,0.30313932338456906,0.33248329162597656,0.0246168656455623,0.37020259928466853,0.4024718403816223,0.39250245690345764,0.325392484664917,0.21829229593276978,0.39389455548210844,0.29781002733031475
0,0.23984292857184983,0.09216318279504776,0.002142506683292307,0.08038324697564456,0.289571613073349,0.12159337103366852,0.00484130484983325,0.09855740517377853,0.2697496773346912,0.12162051996493001
1,0.47743265927122214,0.5469067692756653,0.25736640384009235,0.5129533816308472,0.6233165860176086,0.7954941391944885,0.750970721244812,0.41367509961128235,0.6255739529367318,0.5415875435624505
0,0.5096682086956755,0.4762973487377167,0.8512934111068391,0.6944844779308003,0.6635465025901794,0.8445485234260559,0.7445446252822876,0.3383193910121918,0.7297415917909001,0.6357205544378493
0,0.21145450951941186,0.06718779355287552,0.0010495161092154864,0.10906122279069691,0.3126876950263977,0.4186161458492279,0.34836775064468384,0.11754245311021805,0.2847581141437208,0.19351078423273038
0,0.4554975342726799,0.4686191976070404,0.31539193141229865,0.42413478373155145,0.6065851449966431,0.48939305543899536,0.615696907043457,0.5229060649871826,0.5425304387698834,0.4842057736366873
0,0.13628675241549382,0.07807430624961853,0.0015484027493738127,0.03501629055669164,0.12484322488307953,0.0933021754026413,0.05177314579486847,0.05929166078567505,0.2006299750239312,0.0742191238773392
0,0.26374530857572864,0.10419782251119614,0.03846052929936734,0.1252981968352468,0.218077152967453,0.08703106641769409,0.06178665533661842,0.21783755719661713,0.28201040666013993,0.1435530849982964
0,0.3091851701960753,0.3809504508972168,0.2265285619498569,0.3328644308192416,0.32591116428375244,0.024754056707024574,0.6148404479026794,0.3679182827472687,0.36283890204437885,0.3202647446902987
1,0.5014663566543182,0.19865910708904266,0.07545641231622649,0.1825919952286405,0.3594871461391449,0.5871714353561401,0.5505867600440979,0.4732667803764343,0.5297622209770465,0.3594313200864204
0,0.2885284754687996,0.24964654445648193,0.11387241092514191,0.29708910456416626,0.336322546005249,0.00040300030377693474,0.00040530881960876286,0.0013438534224405885,0.35254877278565927,0.17290231938657719
0,0.25327778413001417,0.06909879297018051,0.0012869260270371079,0.04651422383549601,0.3683491349220276,0.1859399378299713,0.0022963404189795256,0.07355187088251114,0.2813985999961331,0.13041136994740127
0,0.5617444879496847,0.6378868818283081,0.32639093111771544,0.6715729616147138,0.4695224463939667,0.9205803275108337,0.008629324845969677,0.7731629014015198,0.6738407355873308,0.5528947558766432
0,0.5032711135115119,0.3121448755264282,0.09974316147473801,0.18079900468320206,0.399702250957489,0.4294969141483307,0.22336524724960327,0.6041285991668701,0.49087700319305516,0.34514368725504474
0,0.8120933179103111,0.9127967953681946,0.9539093352729796,0.8809471669738235,0.8006144165992737,0.663817822933197,0.7458797693252563,0.6464990973472595,0.8868460367185285,0.8074662276709481
0,0.3818443667825011,0.3729832172393799,0.02416165295014015,0.2994494198492535,0.39642220735549927,0.20507140457630157,0.4174547493457794,0.2729095220565796,0.42813435468958944,0.29857091636242916
0,0.24174173658879394,0.11237993091344833,0.0013716019515852876,0.2111867245469835,0.06946741044521332,0.00043428860954008996,0.00043566065141931176,0.0002729164552874863,0.2927349414935069,0.08754589313308334
1,0.09391181512995399,0.003005160018801689,0.0002004100856100104,0.00188242320930691,0.045823629945516586,0.0038309930823743343,0.01559989433735609,0.020823601633310318,0.16960911123464736,0.0246926029957207
0,0.12077536989851824,0.03891011327505112,0.001862691063323279,0.03184242976997006,0.1758957952260971,0.026645630598068237,7.5284783633833285e-06,0.04614601284265518,0.18612824797200767,0.05850425922801501
1,0.23376096714681627,0.106160968542099,0.002919237859925948,0.12414353126897049,0.07083386927843094,6.214548193383962e-05,0.001964122988283634,6.776026111765532e-06,0.27407884493687235,0.07428597292594219
0,0.2661088212722994,0.07070547342300415,0.003568163568385746,0.0807183959655171,0.30808496475219727,0.06949837505817413,4.884064037469216e-05,0.02343989536166191,0.292054388537475,0.11008425721443221
0,0.4841473910871115,0.5830333232879639,0.7083220703828532,0.4488854936833101,0.6903792023658752,0.026381831616163254,0.014789785258471966,0.615717351436615,0.5244920387981673,0.46007633264690323
0,0.1960014959353287,0.19316023588180542,0.032512074053615045,0.16889184663538823,0.27454882860183716,0.03971030190587044,0.006537140347063541,0.12205875664949417,0.2472222906362049,0.135814248629228
0,0.2325180857562825,0.22547224164009094,0.04018700099469522,0.14199219021510168,0.36784064769744873,0.14065395295619965,0.34883245825767517,0.20464268326759338,0.2779900925902575,0.2120783020167632
0,0.22237761653236213,0.1789277046918869,0.0529518000896493,0.07281091309812515,0.3161064088344574,0.37593406438827515,0.1453351527452469,0.26063865423202515,0.26879415264054424,0.20191324789366344
1,0.4467524311934546,0.541715145111084,0.6823809101539621,0.41138397827373063,0.5470978021621704,0.3679843842983246,0.41164690256118774,0.5624294281005859,0.5384644307462083,0.49712011098227293
0,0.3880033888562867,0.4111115038394928,0.09915689323049341,0.29571714419349965,0.29659897089004517,6.526560900965706e-05,0.11490604281425476,0.1480536013841629,0.4263220513954984,0.23025946101758377
0,0.3680927544856679,0.420512855052948,0.2714671466720239,0.11347884448944076,0.5283927917480469,0.48597827553749084,0.42097756266593933,0.4900238811969757,0.4022845006530331,0.38299650257663975
0,0.5674867150314408,0.5917527675628662,0.22657498431062031,0.5182884275140491,0.5454156398773193,0.41904526948928833,0.3771369159221649,0.5515956282615662,0.6355615616220347,0.48045075320637287
0,0.3081829057832236,0.19020767509937286,0.00669039394190929,0.10273372133712452,0.1521979570388794,0.003100452944636345,0.013178837485611439,0.018358716741204262,0.3276668878153839,0.10798503981685467
1,0.29495891459938467,0.141397625207901,0.0035846477373286485,0.1505453688129492,0.38954976201057434,0.4582870900630951,0.31753790378570557,0.19859924912452698,0.3511937145312353,0.2419583645248431
0,0.3093592607800293,0.2629040479660034,0.010166890287590387,0.09730957550334776,0.17085109651088715,0.009438732638955116,0.020115263760089874,0.0025957946199923754,0.3327395115573286,0.11953141382091437
0,0.37445122741749853,0.1637548953294754,0.018768828676788463,0.15321689623454715,0.43673357367515564,0.44868531823158264,0.47539466619491577,0.38382115960121155,0.40038440779807055,0.3016403051587349
0,0.27076903967748805,0.12481916695833206,0.029002880489591935,0.08896119134840515,0.22870895266532898,0.19497515261173248,0.138556569814682,0.11025036126375198,0.30555987334279466,0.15071279263264967
1,0.5461099107538707,0.6896296143531799,0.48879435718968584,0.545588537421602,0.6261230707168579,0.4661406874656677,0.5113193988800049,0.4756825268268585,0.661428370481088,0.5474959428277753
0,0.14473458148580845,0.046204205602407455,0.011708927403150313,0.03225473358648805,0.14155960083007812,0.04891401529312134,5.296876679494744e-06,0.0008491153712384403,0.20599004888387829,0.057011561690665256
0,0.2601344560943508,0.13777156174182892,0.01635870860253332,0.16810179323708624,0.381708562374115,0.1739840805530548,0.048980463296175,0.32273632287979126,0.2794665104511399,0.192715865491562
0,0.4242591903503575,0.3728068172931671,0.1013105584898285,0.44087495914419766,0.539516031742096,0.6015787720680237,0.6109408736228943,0.47388628125190735,0.5167610946248511,0.44102974933677946
0,0.5516270852728985,0.7159894108772278,0.41014163446705154,0.5654730382796279,0.7058776617050171,0.8510436415672302,0.8519254326820374,0.6048658490180969,0.69375106815833,0.6502564206472434
0,0.16240075575073873,0.17774435877799988,0.049242491953259915,0.11516246274831389,0.1803627908229828,0.04438522458076477,0.08883613348007202,0.12078910320997238,0.22211374657723496,0.1204496930069276
0,0.36270320391748734,0.2414693683385849,0.011682797580507645,0.24185202093701605,0.3998223543167114,0.297206312417984,0.20409896969795227,0.37014496326446533,0.3857191780099963,0.26888365676585213
1,0.3249676286324039,0.08494749665260315,0.0012411527079269195,0.07364154051542401,0.39808228611946106,0.2617133557796478,0.013750012964010239,0.23462767899036407,0.3288219802962363,0.17883749326813686
0,0.27204636809329336,0.13218487799167633,0.04774600402197054,0.1106903940516632,0.28661274909973145,0.1655767410993576,0.19740960001945496,0.2730996906757355,0.2911486425140518,0.1862814957892625
0,0.5899823009515555,0.7153007984161377,0.5883011780385526,0.6915745732154427,0.7392804622650146,0.8563168048858643,0.8353816866874695,0.563179612159729,0.7546313892244891,0.692973764515681
0,0.16495367897777616,0.09635547548532486,0.0006157625830481963,0.06144494437096369,0.25469261407852173,0.1420261412858963,0.0026676610577851534,0.13857688009738922,0.2155422020904287,0.11079632974986092
0,0.25273322088482525,0.18145619332790375,0.019428012776764078,0.08371718214498558,0.07625817507505417,0.00024788573500700295,0.0006374867516569793,0.002078636083751917,0.28476280084145533,0.08435073663469694
0,0.25445362511606623,0.1633242815732956,0.006967999148960618,0.1927740498161829,0.335462749004364,0.36676064133644104,0.3245062232017517,0.21422381699085236,0.3165703205119497,0.23006379217220163
1,0.46959070417641613,0.39120399951934814,0.21611190642979516,0.42133681554223096,0.503375768661499,0.6705009341239929,0.5049214959144592,0.45489224791526794,0.5696665824952103,0.45121242270842005
0,0.18185693233061953,0.08905737102031708,0.004692922575158173,0.11036521029825923,0.04889281466603279,0.01279628835618496,0.11781376600265503,0.05181541293859482,0.2351326677489508,0.07967876561663136
0,0.2673751608060273,0.368417352437973,0.037966025682345445,0.25643885758743723,0.326767235994339,0.33529219031333923,0.32211896777153015,0.2728908061981201,0.3351375187999688,0.2731257895276948
0,0.5350156401922308,0.5122843384742737,0.1360671376218621,0.5100133112303966,0.3806869089603424,0.6081139445304871,0.36349374055862427,0.6513488292694092,0.6042261285696381,0.4632218093376449
0,0.1575715596988837,0.03289853408932686,0.0028961800149432137,0.09840940663111927,0.09938366711139679,0.04650893434882164,0.09456124156713486,0.03343397378921509,0.22020664690260397,0.07286522501014413
0,0.30839976095842286,0.1540861576795578,0.006608281500610048,0.19188726973402082,0.31154322624206543,0.1222427561879158,0.1835155040025711,0.09027144312858582,0.34744765146578277,0.17610065338974068
0,0.549750199816813,0.673535168170929,0.7250397445240072,0.6942055071629163,0.6872910261154175,0.8082101345062256,0.6504396200180054,0.8248552680015564,0.6962394852873165,0.6970668522264545
0,0.1547253058275307,0.07340259104967117,0.002682431418760701,0.0591567140931733,0.09869983792304993,0.02158759906888008,0.19099164009094238,0.18955476582050323,0.20086330902794988,0.09767379863835873
0,0.22581375744080087,0.1080293208360672,0.001417878704477465,0.1331963522807868,0.08315403759479523,0.005113251507282257,0.1226811632514,0.21007472276687622,0.2509040445762861,0.11354437711148782
0,0.26703895353128987,0.02121526375412941,0.009047664885757957,0.015845007372454173,0.027046367526054382,0.0001427436072845012,0.0008171350928023458,4.189851551927859e-06,0.28075766875262964,0.0481465734445579
0,0.40280128481224886,0.34429484605789185,0.2023108105761068,0.2160692428596558,0.23052141070365906,0.02150893025100231,0.4234732985496521,4.5175416744314134e-05,0.4639866062819252,0.23474303265439073
0,0.20608131438493882,0.11248230189085007,0.0012068381399961139,0.06346076942273725,0.21151290833950043,0.23418453335762024,0.0502341166138649,0.16222558915615082,0.24860145307239265,0.1318415839277173
0,0.3804281160313912,0.26913121342658997,0.023789378553648186,0.21115935268962302,0.39132943749427795,0.2413717806339264,0.0010555061744526029,0.26477402448654175,0.39918635107792955,0.23135786589865812
1,0.6932134390837639,0.8630502223968506,0.8994146712936588,0.801471412550724,0.7427716255187988,0.38741761445999146,0.6797534823417664,0.7057613134384155,0.8011678093406491,0.7269202278017926
0,0.41739499136174557,0.37474170327186584,0.019294541019280624,0.37558004037693193,0.4963938891887665,0.17498157918453217,0.3287213444709778,0.3645798861980438,0.4536295987318285,0.3244652831965801
0,0.2212684395113335,0.12116464227437973,0.049063170000072424,0.06860817558910597,0.18492598831653595,0.05916150286793709,0.10469751805067062,0.08865911513566971,0.25791991301915,0.11542251537943872
0,0.2617564038635406,0.04107360541820526,0.0019554242639604844,0.05480768339231547,0.22944819927215576,0.3985093832015991,0.23599731922149658,0.28099966049194336,0.2905250421660407,0.18384184392975084
0,0.16360912293575003,0.11253148317337036,0.006345437235263313,0.03576372165765728,0.19290216267108917,0.05156949907541275,0.0028904012870043516,0.10818120837211609,0.2090689122541834,0.0880046124881605
0,0.21679293699069013,0.16778144240379333,0.007301083030634096,0.08903386328953525,0.201514333486557,0.10172776877880096,0.2941780090332031,0.3525078594684601,0.23744415198385785,0.1759987433165863
0,0.43378228730831436,0.4213056266307831,0.12836548110267557,0.43015239533067695,0.43855032324790955,0.36182066798210144,0.3751057982444763,0.4698445200920105,0.4953534808227835,0.38456439975291556
0,0.5476869719074945,0.7028096914291382,0.2156003307489786,0.5578286698028804,0.5827625393867493,0.8331761956214905,0.6166197657585144,0.6089457869529724,0.6679923558124289,0.5805388583419124
0,0.805116895991972,0.7888709902763367,0.6742738424767517,0.8655570063581276,0.9999978542327881,1.0,0.16403330862522125,0.9999978542327881,0.8559404019916064,0.7978893494884094
0,0.47087325840567584,0.3134555518627167,0.25090860649264135,0.2620488485868208,0.3455187976360321,0.034971535205841064,0.009869375266134739,0.06788234412670135,0.5134131617339305,0.23346932122692887
0,0.2758553637629182,0.10340378433465958,0.0663689141385645,0.1384471655727238,0.16470865905284882,0.14779166877269745,0.12950967252254486,0.36592715978622437,0.2854162589154968,0.1745524575318504
0,0.15416513213333777,0.060814809054136276,0.0013303488231711923,0.04283641447722783,0.1137746199965477,0.016751950606703758,0.15284474194049835,0.08053110539913177,0.2067503743805486,0.0784089297933936
1,0.541285850144231,0.6305476427078247,0.679494082716386,0.7522820784738823,0.5490722060203552,0.6526660919189453,0.8824396133422852,0.7168546319007874,0.7007504688053962,0.668468108841612
0,0.2694525739753357,0.2676285207271576,0.04898277946159927,0.12573481193796435,0.3795676827430725,0.4492056369781494,0.41011136770248413,0.14642968773841858,0.3419063393414877,0.2585551416106928
0,0.5718640420252237,0.7236896753311157,0.2247112864458208,0.6534279467950854,0.6080930829048157,0.42215201258659363,0.4624316394329071,0.5563797950744629,0.6670911694493695,0.5346250576217575
0,0.1647153333011345,0.1121516302227974,0.010134176774933171,0.05187574817295629,0.11320576816797256,0.008636596612632275,0.02580813691020012,0.003202838124707341,0.21953184036676843,0.06569274202024884
0,0.37229236988786374,0.46153271198272705,0.42670581169250854,0.47850714027906455,0.22317653894424438,0.0008055669022724032,0.07450663298368454,0.0022708261385560036,0.4909013308852537,0.2688442793455865
0,0.32872690370218793,0.4668062925338745,0.14540369201736492,0.3148013551164499,0.6657359004020691,0.0018372638151049614,0.06967209279537201,0.15159614384174347,0.37878022064982503,0.2815952703587181
0,0.3948479884046322,0.17001691460609436,0.05792024861470257,0.15760178729512395,0.3379007577896118,0.2042367160320282,9.668112761573866e-05,0.1924706995487213,0.4078524042270311,0.1976079534487689
0,0.3150212300021822,0.43647900223731995,0.2774261405617631,0.39896521983152117,0.5097755789756775,0.3327926695346832,0.4732304513454437,0.6064735651016235,0.37807377077578297,0.41561440149854745
0,0.17319040569111427,0.06415681540966034,0.019352646225289826,0.05612540937407926,0.02985314279794693,0.003197951940819621,7.586322317365557e-05,9.9072758530383e-07,0.22449412138558908,0.0476389592060039
1,0.5932032606279275,0.22758588194847107,0.25874566005479693,0.43975796777171733,0.562343180179596,0.24823051691055298,0.7780065536499023,0.2689379155635834,0.6657766656897051,0.42177783417476317
0,0.37447106245740225,0.34070542454719543,0.040423022298105946,0.2390758320037572,0.49521714448928833,0.42914706468582153,0.3523702025413513,0.30706584453582764,0.42663853793450596,0.32285025355210106
0,0.4832702103938593,0.513644814491272,0.6509105996479774,0.3755324205268517,0.5988995432853699,0.7621644735336304,0.25309109687805176,0.6087777614593506,0.5899604817901312,0.5306432064811353
0,0.7592129652877052,0.870459794998169,0.8510807023821391,0.853384184352124,0.8496764898300171,0.7202070951461792,0.8568071126937866,0.8436303734779358,0.8506594485670369,0.8252605441293147
0,0.2724276568874233,0.12971146404743195,0.0176013349103506,0.07332618203795108,0.41302454471588135,0.04186555743217468,0.14974692463874817,0.3421173393726349,0.26389679228297463,0.18258561018050687
0,0.14795966591493737,0.06159296631813049,0.017015659452896282,0.060878281869902705,0.12562452256679535,0.04117445647716522,0.058280810713768005,0.15153440833091736,0.19926247516499643,0.08453869460882477
0,0.23708697991690358,0.19425131380558014,0.014403793446673599,0.11757600393946245,0.07139839231967926,0.00031798044801689684,0.004024224821478128,0.0013148522702977061,0.2785636966225357,0.08737967520627028
1,0.2418137587838469,0.31713366508483887,0.06871645472559122,0.36437032860721025,0.27399539947509766,0.5739489793777466,0.751470685005188,0.7287816405296326,0.3128066038937156,0.39925742895388255
0,0.20768579829909778,0.18298913538455963,0.011511984139057845,0.1207734059112167,0.13103234767913818,5.1765575335593894e-05,0.017610089853405952,0.0018697245977818966,0.25763994337153345,0.09102904352450954
1,0.5161665427803668,0.5317294597625732,0.26484224773744075,0.4915650400337551,0.6325855255126953,0.6838166117668152,0.5439385175704956,0.7376182079315186,0.5949118071915355,0.5470656436808152
0,0.37650593086825457,0.24116796255111694,0.0374337799379375,0.2030818332303896,0.2696656584739685,0.09209433943033218,0.1329241693019867,0.2748901844024658,0.383437334016904,0.20965485788880434
0,0.259885122767802,0.12467394769191742,0.05782441980236723,0.14416119024865076,0.20043286681175232,0.009332015179097652,0.34845566749572754,0.09828858822584152,0.29863035513686054,0.15584240719671777
0,0.2186877652423494,0.11927422881126404,0.2695236687062738,0.18215937491389728,0.2958059310913086,0.07138216495513916,0.3909964859485626,0.12500765919685364,0.2897555147920536,0.2074599189217903
0,0.3763356187203254,0.220266193151474,0.02194543445320128,0.16785841998564086,0.27865612506866455,0.264223575592041,0.136602520942688,0.25114119052886963,0.39582228656502905,0.21881191939749273
0,0.4644031885001273,0.5918578505516052,0.8837192824893044,0.5779216301285102,0.4208788573741913,0.3691541254520416,0.46625447273254395,0.5595592856407166,0.6036121545154155,0.5424154846107682
0,0.15581893226136145,0.1081523448228836,0.009504815731720438,0.07403350093291647,0.06939508020877838,0.08679576963186264,0.157928928732872,0.11957165598869324,0.21468595716530958,0.097353139030766
0,0.5163280480461279,0.5816845893859863,0.7351919929024726,0.36982526672956545,0.588744044303894,0.46878907084465027,0.5181207656860352,0.5450391173362732,0.6133666636655627,0.5395322823710684
0,0.5748099772300432,0.5906928181648254,0.1287464358832039,0.4623932252889455,0.7099124193191528,0.45143651962280273,0.8484012484550476,0.5651189088821411,0.6401707235286095,0.5383916827129183
0,0.23032666440930805,0.04801378399133682,0.0008413079438689496,0.018024885778635428,0.1753743588924408,0.0013966250699013472,0.04880611598491669,0.06681662052869797,0.248793926262295,0.0780483379173912
0,0.34870971414298024,0.2074337601661682,0.02473658150404503,0.14862064056339863,0.34927675127983093,0.47626635432243347,0.4412820339202881,0.2561095058917999,0.3984394492420002,0.27719228264060014
1,0.40603936494701076,0.1741781085729599,0.27192118036636076,0.16330147296498684,0.5288276672363281,0.40762248635292053,0.30175483226776123,0.4483304023742676,0.42975603911896587,0.33642709996939396
0,0.2937308312039959,0.2399149239063263,0.022459896930032256,0.18830020220627847,0.29898661375045776,0.40866222977638245,0.5155055522918701,0.43017980456352234,0.3340071286412132,0.2921525749488879
0,0.3332840889818971,0.23600390553474426,0.03510304804771754,0.10095349400433211,0.1327553689479828,0.08042684197425842,0.14422760903835297,0.030389659106731415,0.36116249522314814,0.14241049524268057
1,0.5135444866257337,0.3792724907398224,0.24988894637659417,0.6461369648383757,0.5749803781509399,0.7007799744606018,0.7177233695983887,0.3475646674633026,0.6699789240957182,0.5133924778877033
0,0.23234297958239583,0.14622695744037628,0.006428480530395627,0.08004687710214392,0.07130876928567886,0.00013830774696543813,0.08613204956054688,2.962360485980753e-05,0.2702981691712653,0.08279581347147963
0,0.10000907938827278,0.05807521566748619,5.261297749478966e-05,0.04956129154939759,0.023492326959967613,0.00010922126966761425,7.121593807823956e-05,1.148359956459899e-06,0.18005646113688176,0.03186001119067032
0,0.5740904929501521,0.7675392031669617,0.5427659845583075,0.6333056073694293,0.6559373140335083,0.5127196907997131,0.5530045032501221,0.5966517329216003,0.6939896799343055,0.6078397306841239
0,0.15012004688510308,0.04384831711649895,0.0028688948334843335,0.03244591841377494,0.027102049440145493,0.006961675360798836,0.0037281110417097807,1.740131847327575e-05,0.20659314349082447,0.036880763443892045
1,0.38049160499818635,0.1887320578098297,0.08677317627254544,0.09404920175510302,0.4699055850505829,0.16926319897174835,8.124220039462671e-05,0.15357868373394012,0.38771090952107834,0.20179495597577551
0,0.12429442233318547,0.04918121173977852,0.0022181926876441685,0.033777040804332144,0.03391655907034874,9.875810792436823e-05,0.0006479325238615274,5.108372079121182e-06,0.19143850447372382,0.033746203903365045
0,0.1264489961436876,0.0521993525326252,0.0024908064604392726,0.05842863861849442,0.1191355437040329,0.08681927621364594,0.13897809386253357,0.08558200299739838,0.1963348923107744,0.08339367602622642
0,0.38902696756632127,0.1959114968776703,0.08902113348519791,0.36797118493445996,0.524900496006012,0.40138354897499084,0.42201754450798035,0.36766359210014343,0.4522926909036401,0.3442209092992105
0,0.6760749442568529,0.7966086268424988,0.8115432436057988,0.8931026121923566,0.8405270576477051,0.32128390669822693,0.7655277848243713,0.7340720891952515,0.7903165461391336,0.7348296024278728
0,0.5442518785477138,0.4129808843135834,0.022456304209171014,0.23534492446256636,0.6793879270553589,0.7598504424095154,0.6368664503097534,0.6617850065231323,0.5730569587979147,0.48710511903838416
0,0.4866542380535144,0.5875367522239685,0.36821212447264556,0.6244495507319067,0.4914228618144989,0.7856718897819519,0.4696110785007477,0.6678931713104248,0.6199583141597423,0.5580762849465821
0,0.257499239790684,0.17537420988082886,0.02630764995192499,0.0776869237082928,0.4061654806137085,0.43245816230773926,0.2583538293838501,0.11949712038040161,0.3173940832821917,0.21786378832333106
0,0.15044150269756612,0.037528146058321,0.0002977438338109496,0.03767242020214779,0.13738645613193512,0.24851220846176147,0.3130125403404236,0.1878022998571396,0.21319121774420727,0.1329208047230721
0,0.5767023212112843,0.5722085237503052,0.1845631182620327,0.5823744171206536,0.5920131206512451,0.35495075583457947,0.8024488091468811,0.19332392513751984,0.6996776016770683,0.48504479275008394
0,0.522492752334682,0.6928350329399109,0.5462144983427949,0.635906230946736,0.6709840893745422,0.8835572004318237,0.376315176486969,0.7420392632484436,0.663213385896543,0.633981161568228
0,0.5177964394125906,0.4382777512073517,0.11933228738791679,0.4972008507322787,0.5733574628829956,0.7049242258071899,0.2538841664791107,0.3632214367389679,0.6258315306318497,0.43885355703634177
0,0.2680080762261401,0.14369715750217438,0.026323296322725096,0.04366216774828828,0.1476215422153473,0.0013976163463667035,0.0311209037899971,0.001399157103151083,0.2900068117703131,0.08963955750046726
0,0.5073390644585135,0.4074113667011261,0.4208211079794018,0.5123890400168718,0.3946986496448517,0.15321584045886993,0.4967639148235321,0.2626253664493561,0.6077250285916035,0.3995102991015982
0,0.663585242642928,0.7392748594284058,0.5648569985744617,0.7635913832539302,0.7727360129356384,0.7732548713684082,0.744452953338623,0.6725432872772217,0.7905617464217258,0.711444591579791
0,0.27698215868406073,0.13692903518676758,0.159286901862058,0.36163895065891033,0.29668137431144714,0.2888728976249695,0.26118457317352295,0.16036289930343628,0.36967909151474676,0.24436377915310806
0,0.2590608555588277,0.29533183574676514,0.04096204067371006,0.10618276115230174,0.36753758788108826,0.29186075925827026,0.034183040261268616,0.2861197590827942,0.28937756293406736,0.21390152147554034
0,0.5483336901653874,0.7425504326820374,0.5562332585143593,0.5847898565363328,0.6329975128173828,0.369153767824173,0.04004465416073799,0.9262966513633728,0.5942726522087591,0.5603221090694062
0,0.2623759264976871,0.1037825271487236,0.006494371522635491,0.07205065081858093,0.3673606514930725,0.5356863141059875,0.15810944139957428,0.46171316504478455,0.28395786628494446,0.24153066963177577
0,0.25615422726316583,0.05336374789476395,0.00842284349614339,0.09450272029139144,0.19500236213207245,0.214854434132576,0.03810226917266846,0.08299370855093002,0.2942710130587906,0.12153455116852024
0,0.4125084630385367,0.2945801615715027,0.01318124378584574,0.38206412244694254,0.48703572154045105,0.4037829637527466,0.4682813286781311,0.36515316367149353,0.47588398592769393,0.3531279131689441
0,0.5076756960710213,0.47469645738601685,0.41219600151673774,0.4773289582886172,0.6405556797981262,0.639868438243866,0.302397221326828,0.2640302777290344,0.6433303467250873,0.4704379165097906
0,0.5220629313907459,0.40683093667030334,0.7980469604198763,0.7334117457910039,0.4901543855667114,0.9487013220787048,0.08023223280906677,0.39073053002357483,0.7254543384423666,0.5522600309572171
0,0.38921723507567896,0.39704784750938416,0.22180083461348019,0.279297100424167,0.4683401584625244,0.4340369701385498,0.07888221740722656,0.2720409631729126,0.4589387847861211,0.32421703454276835
0,0.4246239850363589,0.3985045254230499,0.12359193862714454,0.3483715435794989,0.5913535356521606,0.5712183713912964,0.3612448275089264,0.3516252040863037,0.5077144729695793,0.3976263287701289
0,0.14036205884732925,0.10551415383815765,0.006849168722329007,0.09177279540309831,0.1724758893251419,0.04937294125556946,0.15647301077842712,0.070172019302845,0.20861761566247516,0.10023660376904481
0,0.19359340352236676,0.1030777171254158,0.008606658665792778,0.0636855458753561,0.2524963319301605,0.08179643750190735,0.25083979964256287,0.13474775850772858,0.23624509499954022,0.13561394217760703
1,0.9274931345103632,0.9658334255218506,0.9740671623654749,0.9654126636055799,0.9556909799575806,0.8464887738227844,0.9313955903053284,0.8593378067016602,0.9261470701500207,0.930339069379
0,0.5848168545521352,0.6999439001083374,0.7502703316336204,0.5015701936998366,0.6078341603279114,0.11406608670949936,0.02563459984958172,0.09076651930809021,0.702125253594083,0.44216479996428576
0,0.19536929676103973,0.06680319458246231,0.04903416735113496,0.10414174202400615,0.22720474004745483,0.07722514867782593,0.05679839104413986,0.19807855784893036,0.23284766815220864,0.12448495675563381
0,0.21902298923300023,0.22842544317245483,0.03491423148670928,0.0566942638763905,0.24008290469646454,0.18386760354042053,0.09868033230304718,0.22924524545669556,0.2514970961443313,0.16301914980180426
0,0.17179143087266918,0.0576806515455246,0.0024552051221866343,0.043902819863494064,0.19366657733917236,0.4124071002006531,0.30516859889030457,0.07528073340654373,0.25104838865872986,0.15217098746856314
0,0.3093366278555235,0.33390071988105774,0.03943240767879425,0.24376049000022854,0.24916712939739227,0.009567167609930038,0.20708157122135162,0.4470916986465454,0.311506379129484,0.23344257370736987
0,0.21913980180817316,0.11060042679309845,0.28809125491727877,0.1790417395418788,0.24549530446529388,0.3755624294281006,0.17338547110557556,0.15172931551933289,0.3085639717239911,0.21667916491190592
0,0.40252093005645895,0.170353963971138,0.03182596821340363,0.40426158767882453,0.5082696080207825,0.4532385468482971,0.41804829239845276,0.43346837162971497,0.46209632138590784,0.35161263482848687
0,0.23825582898380657,0.07064658403396606,0.030863493411520785,0.09664227644244154,0.2608759105205536,0.3212275505065918,0.340797483921051,0.21672026813030243,0.2852551315667463,0.1924482893478324
0,0.15281733087955574,0.034547802060842514,0.008142534987053172,0.04928194816092181,0.25236526131629944,0.03354904428124428,0.04084149748086929,0.2532566487789154,0.1893899643210294,0.10464994395812421
0,0.2663211337841974,0.12174715846776962,0.031927926998960854,0.14615084454898977,0.30216631293296814,0.16803894937038422,0.02625969611108303,0.2408239245414734,0.2898883270293076,0.16748751801348083
0,0.18475917068684847,0.04498114436864853,0.06732680760642835,0.06556720281408837,0.24470241367816925,0.06574820727109909,3.313633715151809e-05,0.0005702871712855995,0.23861261910146897,0.08935973879769736
0,0.36923636967351564,0.17326274514198303,0.4892076935790881,0.05473767484098896,0.47084274888038635,0.4567948579788208,0.2592340111732483,0.22361434996128082,0.4287783940785026,0.3106454065603462
0,0.14865067250006894,0.04069291800260544,0.0009008112463744525,0.03127864630765278,0.22623953223228455,0.06496374309062958,0.039312735199928284,0.07852485775947571,0.2020643269004721,0.08143720532758615
0,0.3843341031026579,0.27331870794296265,0.29039635116697304,0.297893135234059,0.4422062337398529,0.3703831136226654,0.014967923983931541,0.4450145661830902,0.42697977299476814,0.32054671106476185
0,0.3071124959829328,0.21904388070106506,0.09360450208090816,0.2314751743745919,0.42597487568855286,0.00903300754725933,0.023383917286992073,0.3019369840621948,0.318597425322999,0.20999884160861038
0,0.14477347097128182,0.12053811550140381,0.00559918280712425,0.10257916647394229,0.22394007444381714,0.29512348771095276,0.17164768278598785,0.15341538190841675,0.2227297022851455,0.15030805842239944
0,0.25661662580508887,0.11450058966875076,0.017573043187848872,0.12220909400768078,0.13678285479545593,0.0078062801621854305,0.07542049884796143,0.011970845982432365,0.29254105402194525,0.09887756170417497
0,0.20096338437174577,0.10639931261539459,0.0037975760831974433,0.08579584292796903,0.08430749922990799,0.005393725819885731,0.002561639528721571,0.022979483008384705,0.24409085157888616,0.06961628946465317
1,0.43109205216841956,0.4352748394012451,0.2363034057177954,0.5801353514517147,0.5375893115997314,0.42184796929359436,0.3559483587741852,0.24110954999923706,0.5646923672094563,0.41100738767304945
0,0.24236151781379459,0.20265468955039978,0.018564380463416536,0.04922107970165203,0.1810847669839859,7.940412615425885e-05,0.011089864186942577,0.0034051162656396627,0.272179874299437,0.09588447413145856
0,0.4345335020224115,0.31662535667419434,0.36990882827956795,0.4508875547132606,0.4467545449733734,0.39476478099823,0.4789995551109314,0.3522144854068756,0.5377513199461086,0.40551398163397767
0,0.5767756291936066,0.6797873973846436,0.6851785389813105,0.6646160238962482,0.7086244821548462,0.6592046022415161,0.6654861569404602,0.8053328394889832,0.6991643928670167,0.6779408051764944
0,0.7288126050853775,0.6790590882301331,0.8653192829061425,0.46286946153245695,0.5934484004974365,0.6689440608024597,0.7122089266777039,0.6970024108886719,0.7981046227923572,0.6730301290509986
0,0.2428773461075349,0.17051169276237488,0.041271714282103654,0.16751395775889116,0.3729371130466461,0.1518600583076477,0.0010775045957416296,0.4309709370136261,0.25491494441750884,0.2012469134134418
0,0.280776959978554,0.2291974425315857,0.05197874644293374,0.19132688938497086,0.35109594464302063,0.31863823533058167,0.30638375878334045,0.26739591360092163,0.33061004399198324,0.24860435141229364
0,0.273111995705097,0.2587599754333496,0.11531277242367356,0.27635506473645494,0.38876602053642273,0.1596457064151764,0.4442155063152313,0.23889410495758057,0.33578719502855,0.2685792228679447
1,0.4740607899735111,0.418986052274704,0.621413490724297,0.2868386441586866,0.4922237992286682,0.38585999608039856,0.37890923023223877,0.27989038825035095,0.5713494621508981,0.419442015990932
0,0.5302559770666434,0.4062216877937317,0.7884116056869246,0.5128736490877795,0.696662187576294,0.578087568283081,0.3857986330986023,0.5168216824531555,0.6564519883012262,0.5537158080709558
0,0.22935362751693464,0.06567054986953735,0.011377762436015007,0.02362012951209436,0.018216392025351524,4.480848656385206e-05,0.00017329049296677113,7.418050245178165e-07,0.2565582061746561,0.04868271284254011
0,0.9119779256847577,0.9602411389350891,0.9731997786599098,0.966207565145912,0.9573217034339905,0.8716708421707153,0.9178896546363831,0.8436539173126221,0.9234339660057862,0.9272424479152883
0,0.11183964109358044,0.021041912958025932,0.001725118123445302,0.03402587034802924,0.10885892808437347,0.3131345212459564,0.13124693930149078,0.045233145356178284,0.20305655621690363,0.09295905972007862
0,0.41431645369000186,0.44001325964927673,0.09377970042259186,0.3237332757525545,0.5275651812553406,0.0008923804853111506,0.007395816966891289,0.0011603494640439749,0.4698412418996784,0.24313322270101909
0,0.17913578009924694,0.09875919669866562,0.023254996506391176,0.0752174100816811,0.05229620635509491,0.00016716588288545609,0.0014405586989596486,0.012697134166955948,0.2301685270642096,0.06031840640990778
1,0.7786260455084582,0.7432677149772644,0.1386707429378873,0.7496935949878762,0.8738369345664978,0.612068235874176,0.8718878030776978,0.803206205368042,0.8140374010352934,0.6977023128412012
0,0.22480988668978583,0.2009773552417755,0.1406326545918627,0.08752608027166292,0.25694602727890015,0.0012784225400537252,0.08160939812660217,0.026875797659158707,0.2714361532995726,0.13349022632169363
0,0.17098848406013328,0.09245731681585312,0.004615253183284873,0.04508217891321417,0.19785478711128235,0.3435232937335968,0.28516748547554016,0.22326040267944336,0.23096824605392116,0.16464380622134386
1,0.6278981559775562,0.5142887830734253,0.7601299658269146,0.4642329954124151,0.6734583377838135,0.7816381454467773,0.6653960347175598,0.8101395964622498,0.7177455643893624,0.6555865713645794
0,0.2921679177336512,0.4061703085899353,0.029093005232861006,0.24262925757467466,0.2966519594192505,0.14242231845855713,0.2717306315898895,0.22468902170658112,0.3398893502843609,0.2417713032758613
1,0.6384677893070462,0.7279844284057617,0.3217376813912936,0.753637022986435,0.7214035391807556,0.9171344637870789,0.9167625308036804,0.811101496219635,0.7620257559138454,0.7191186854414605
1,0.7478477172859169,0.8169147372245789,0.8400466994506403,0.8780954054333844,0.849085807800293,0.6388485431671143,0.9992104768753052,0.8876199126243591,0.841143509683214,0.8292080805047093
0,0.42322349230022027,0.677971601486206,0.8170329390845377,0.6076403711339078,0.7810208201408386,0.8256034851074219,0.44383540749549866,0.7708150744438171,0.5856003754484614,0.6653085159303438
0,0.19599331109495716,0.13967369496822357,0.006552292998483245,0.14808017096588488,0.1824471354484558,0.009402737952768803,0.15028178691864014,0.06470304727554321,0.249261183419506,0.11575403078087745
0,0.5059168032007755,0.3496652841567993,0.271106875829697,0.22877330283010475,0.426687628030777,0.5198264718055725,0.48106756806373596,0.6230846047401428,0.5316911388743054,0.4212076462869274
0,0.11877175537841429,0.028666049242019653,0.0004977877978449971,0.02977691040376329,0.1270327866077423,0.04030376300215721,0.027755893766880035,0.010080075822770596,0.18924581434247348,0.050346275193579426
0,0.4487981019564408,0.3548758327960968,0.22486801925441968,0.5471884811831967,0.562022864818573,0.45862242579460144,0.716905951499939,0.4829007089138031,0.55383619056199,0.47043619122179975
0,0.41150528886084503,0.2950670123100281,0.18165097161364102,0.5307786300037456,0.30550074577331543,0.2287970632314682,0.38649335503578186,0.4001566469669342,0.4903338706912428,0.3452547724592442
0,0.3012639538061795,0.3130958378314972,0.05223873068611382,0.2130362767502431,0.40409842133522034,0.4027864933013916,0.31742843985557556,0.22352568805217743,0.3669922641628825,0.2783119511369369
1,0.5517429971219467,0.8642126321792603,0.5781414886288313,0.5771619761315716,0.5700317621231079,0.19100970029830933,0.5571332573890686,0.41514310240745544,0.6658528570570833,0.5454654747577535
0,0.20734244115615147,0.2198183834552765,0.019637321480964344,0.08823116246936134,0.26436513662338257,0.0003264289116486907,0.11501627415418625,0.12077652662992477,0.24376584202896626,0.1339356049539001
0,0.2068173147224217,0.04952963814139366,0.020070415856519808,0.03603824532553241,0.20476868748664856,0.3914675712585449,0.23317493498325348,0.1717473268508911,0.2611270548725511,0.1598067528614857
0,0.276028249739125,0.1903308928012848,0.05968616420918436,0.1481581974928437,0.24383294582366943,0.4524225890636444,0.10087072849273682,0.040288448333740234,0.35444645858984497,0.19136618415050072
0,0.3759904044241535,0.49864569306373596,0.23363213282947182,0.49264485137330305,0.6791439652442932,0.002150487620383501,0.010696175508201122,0.7461379170417786,0.37766393451248453,0.3914584191535896
0,0.22657454968845248,0.10783454775810242,0.003786810522065731,0.140489900959089,0.11366672813892365,0.020271966233849525,0.006021326873451471,0.0001232471113326028,0.2728773543666081,0.08416608815763094
0,0.16292764090989173,0.05375611409544945,0.0006851464682647002,0.03355113977738764,0.05545157194137573,0.0004111510352231562,0.0003137462481390685,0.0006726495921611786,0.21374506563390427,0.042597392592983285
0,0.5294553238033641,0.23064105212688446,0.03986212936726173,0.3669523686576444,0.5645673871040344,0.628080427646637,0.022244207561016083,0.72011399269104,0.537448353866562,0.3925259358109129
0,0.38425939549703614,0.4579300880432129,0.15055842165605424,0.42346076161785257,0.5082315802574158,0.35498374700546265,0.39944109320640564,0.3390038013458252,0.4700049001209912,0.3799385541093832
0,0.24466040811928316,0.07840729504823685,0.0003777124656433889,0.08950551304806861,0.16476182639598846,0.47553086280822754,0.04879586771130562,0.073543019592762,0.30974060725053276,0.1475166930788025
1,0.7062171186265424,0.8102484941482544,0.1681475383648332,0.7791977393245109,0.8057759404182434,0.8445860147476196,0.9769376516342163,0.9149236083030701,0.7871916985369558,0.7454085716891323
0,0.49069299122957505,0.4897105097770691,0.04588192286858182,0.5548427268826565,0.5986830592155457,0.7754592299461365,0.92234867811203,0.9189689755439758,0.5637394365388955,0.5864283205342425
1,0.1188621971388561,0.022363748401403427,0.00021588473049670144,0.0418214463736055,0.08746103197336197,0.04169639199972153,0.11806643754243851,0.2037843018770218,0.17665362993012496,0.07791686538616949
0,0.3591582973955193,0.24410682916641235,0.02071720524302406,0.18590199260276646,0.45343512296676636,0.4068130850791931,0.49812638759613037,0.30411648750305176,0.4024825281804745,0.30529302948628617
0,0.3759681855112153,0.32390621304512024,0.028988444433940934,0.20278277952407392,0.4358426630496979,0.2922428548336029,0.2958499491214752,0.3983553946018219,0.3927737603357563,0.295598456639516
0,0.4830299185261629,0.5033522248268127,0.17803166164387635,0.6159855693551508,0.5122182369232178,0.4255926012992859,0.5293322205543518,0.46267077326774597,0.5911505644780471,0.4660672314418549
1,0.2806916316179301,0.3256201446056366,0.010547916965913276,0.3671918638453066,0.394707053899765,0.23252466320991516,0.1398652195930481,0.40304237604141235,0.3289406549752796,0.273874905303927
1,0.18541508243406046,0.10659501701593399,0.01094615981510064,0.0804590304545836,0.20643527805805206,0.03924090415239334,3.3157324651256204e-05,0.0014389744028449059,0.23749951620298027,0.08472274209493935
0,0.528475624758684,0.5260724425315857,0.0661880966787154,0.31302315580098694,0.6416535973548889,0.45401594042778015,0.5077636241912842,0.5043954849243164,0.5656226235467596,0.4437995523962306
1,0.6707294832873663,0.7900213003158569,0.8890862217587056,0.7953802009626046,0.7036969661712646,0.9142364859580994,0.7878623008728027,0.8960252404212952,0.8066410743799259,0.8006148920117089
0,0.2575067926268159,0.19474700093269348,0.02045598179305625,0.15349581978503749,0.3232608735561371,0.1823999434709549,0.0021562869660556316,0.07125803083181381,0.3056207892726559,0.15778283547354116
0,0.2396072122062215,0.2602689266204834,0.1266802111730973,0.15872392777170366,0.31575945019721985,0.17852696776390076,0.34821251034736633,0.3163192570209503,0.2830803496899659,0.24085265205500234
0,0.1737496125469698,0.06843537092208862,0.004295439107000705,0.029908266256069807,0.21095621585845947,0.09419926255941391,8.716147567611188e-05,0.010361945256590843,0.22545567649173903,0.07830634433016655
0,0.2651227855084547,0.1509944498538971,0.04310356748462472,0.255192557653747,0.33186009526252747,0.44712477922439575,0.4042309522628784,0.2882590591907501,0.33792279994878044,0.26850822499346294
1,0.8636297974555643,0.9233065843582153,0.7760811997763217,0.8950314416276433,0.911925733089447,0.9461327791213989,0.989153265953064,0.9214262366294861,0.9001116164877506,0.9007166447328402
0,0.3534769543967531,0.25129279494285583,0.008557438877876307,0.17626697623224144,0.34027421474456787,0.35100606083869934,0.3808787763118744,0.4280655086040497,0.37076934959601376,0.28328976926023064
0,0.15099219902379343,0.10276897251605988,0.02078082155473192,0.050590644644275706,0.26915284991264343,0.16866375505924225,0.041568879038095474,0.03742985427379608,0.2190253207207106,0.10804600198511627
0,0.26066280796471963,0.04876215010881424,0.0012347139631551966,0.014772167768596085,0.08143658936023712,4.749961226480082e-05,5.418261207523756e-05,1.3498643966158852e-05,0.2758584814873551,0.05680827358085864
0,0.641913687136925,0.7717298269271851,0.6268802336469189,0.727984520286111,0.9386540651321411,0.643464207649231,0.630348265171051,0.7414779663085938,0.7566462008053098,0.7181805874632392
0,0.30437522793622646,0.24843183159828186,0.23889372878258067,0.20258868691100632,0.1601959615945816,0.002754272660240531,0.38327255845069885,0.09680154919624329,0.36016025333246066,0.20610819364162636
0,0.18327385044785097,0.09127756953239441,0.0129906294322401,0.058192579009676566,0.23290136456489563,0.10055462270975113,0.09634260088205338,0.1961178183555603,0.2208386385446139,0.12272558651783569
0,0.19942220475153646,0.13880720734596252,0.01735246286797392,0.14135364407959877,0.3159240484237671,0.4490508735179901,0.33750221133232117,0.11540914326906204,0.2862214728638591,0.21010998521675164
0,0.33702338133131954,0.060317058116197586,0.00215143637962649,0.20464023644621193,0.41744711995124817,0.00028779092826880515,0.029622333124279976,0.05995761230587959,0.35637379250545126,0.14920489953668065
0,0.46679155293432656,0.33339619636535645,0.3647348227242858,0.5096074765848005,0.5683947801589966,0.7702458500862122,0.6917974948883057,0.3935902416706085,0.6155424449688679,0.5059272819522862
0,0.4711076438629014,0.5610079169273376,0.052140724195304834,0.4153739519052726,0.568340539932251,0.3734074532985687,0.4917639493942261,0.47582489252090454,0.528414616528258,0.4283907210721994
0,0.18703400725720948,0.25607967376708984,0.023540119524561323,0.16840861895766238,0.129735067486763,0.02015518583357334,0.20657627284526825,0.2803876996040344,0.23082027423729745,0.15974036691293797
0,0.17011770570907458,0.01660827174782753,0.002366325056980722,0.06162638807357327,0.2001897394657135,0.06527484953403473,2.151016451534815e-05,0.0029617047403007746,0.2244815060048541,0.06939729994480662
0,0.19225614103687316,0.022581644356250763,0.0006325094502252123,0.060304557830822114,0.2841612696647644,0.3902812898159027,0.2826472222805023,0.10374268889427185,0.2604071576771782,0.16271508591214567
0,0.2941922862585978,0.16980959475040436,0.24647515210132684,0.1307869886332938,0.24668249487876892,0.27474379539489746,0.293987512588501,0.10529868304729462,0.3596904646246707,0.21964028600067795
1,0.3396068448208236,0.4060528576374054,0.22678174631845816,0.22702370563747262,0.4916582405567169,0.43266674876213074,0.34545090794563293,0.26888465881347656,0.4152987438760725,0.342465196688443
0,0.12587887632459588,0.10609718412160873,0.012399958387304925,0.046730560435428184,0.11372014135122299,0.04681995511054993,0.062264226377010345,0.11870751529932022,0.18928077391838924,0.08048214791441374
0,0.36469711880833694,0.6375672817230225,0.15182453089522108,0.18626598489253865,0.5518566966056824,0.19540385901927948,0.6257094144821167,0.44382911920547485,0.39341806912462157,0.39230675978602747
0,0.41352962559624823,0.21467708051204681,0.022433953764201136,0.0804088377611317,0.5161483883857727,0.018425749614834785,0.3227229416370392,0.12113162130117416,0.4090816559643948,0.2192910815785619
1,0.5976119661336381,0.5723369121551514,0.27613428109863947,0.5774983034926795,0.5706647634506226,0.4315674602985382,0.43239516019821167,0.5689859390258789,0.6731322033944553,0.508868237616322
0,0.18571772516926047,0.07497945427894592,0.048920715372940314,0.04570385380758484,0.26028406620025635,0.11924158036708832,0.41875678300857544,0.4250907897949219,0.20955292596164124,0.18974823182384604
0,0.5114772183522858,0.3509826064109802,0.22277048084538817,0.5211940531803146,0.48824048042297363,0.4529196321964264,0.4455261528491974,0.5127918720245361,0.5912600241197784,0.43967233384004284
0,0.5912811976236261,0.5691257119178772,0.1741519651408906,0.3684487408829804,0.6915478110313416,0.6279200315475464,0.5707408785820007,0.7112670540809631,0.6308330628895809,0.5362026958461412
0,0.35734472690500113,0.19778847694396973,0.0038364573294890464,0.2822066807846809,0.3939981460571289,0.15104639530181885,0.08461776375770569,0.4490010738372803,0.35785615429254475,0.2457753450048905
0,0.3713557844962815,0.24977613985538483,0.26619087726727314,0.3706792230226298,0.5118148922920227,0.0020202314481139183,0.008028716780245304,0.6428672671318054,0.3621080918794498,0.31133569610910705
0,0.7914209260927622,0.8976905941963196,0.8536206658099637,0.8878665278117036,0.8869643211364746,0.9133889675140381,0.8796573877334595,0.8138912916183472,0.8791921192953632,0.8645074348582487
0,0.3170342282705675,0.10433963686227798,0.0020748301960812872,0.04608425506531274,0.3048386871814728,0.12904389202594757,0.14240194857120514,0.5133447051048279,0.2793514078042351,0.19483742501088258
0,0.24410901994623949,0.10560629516839981,0.025593162152878476,0.10935085414938656,0.20044724643230438,0.2902953624725342,0.1483149528503418,0.26838186383247375,0.2787967526350007,0.17314643327653628
0,0.7323840206064927,0.6719114780426025,0.73088810397978,0.8566394924660983,0.9135538935661316,0.8848088979721069,0.01978323608636856,0.8004592657089233,0.826282312944714,0.7149605579632163
0,0.37519249485184636,0.6416091322898865,0.30417302117014383,0.32495912129479215,0.49846377968788147,0.34347373247146606,0.9514699578285217,0.8118572235107422,0.4153935771980799,0.5184553871306108
0,0.27242607986327433,0.26283523440361023,0.011162018714042769,0.1000556439473392,0.24981434643268585,0.003992828074842691,0.49719491600990295,0.5149581432342529,0.2594399554339494,0.23374658790207573
0,0.1531077736877393,0.12006406486034393,0.0002559037441955237,0.05870039298210432,0.15212203562259674,0.2512953579425812,0.1671701967716217,0.0902942344546318,0.22528156639591457,0.1226726327937297
0,0.27963276753049876,0.3480360805988312,0.024200863101497622,0.10553128007596804,0.4793049991130829,0.3303387761116028,0.03898632526397705,0.47071579098701477,0.28677368387077473,0.26252534477716905
0,0.28662320750298576,0.21617697179317474,0.12584513131088962,0.2719652114221018,0.3831482529640198,0.3432125151157379,0.36250442266464233,0.2781588137149811,0.3556598945039356,0.2818432722961895
0,0.15738198353823812,0.062289442867040634,0.005503294713578549,0.05522585416832804,0.1121475026011467,0.02409098483622074,0.021125927567481995,0.060762640088796616,0.20976481851167206,0.06571302987916328
0,0.4287471058248245,0.5732314586639404,0.5630186138148184,0.30617123761794646,0.6021794676780701,0.6411824822425842,0.7955933809280396,0.6773920655250549,0.5206569608551017,0.5621772445671709
0,0.2707158469350783,0.31914597749710083,0.03614760591167125,0.17125903716739316,0.44763562083244324,0.4409838318824768,0.004372213967144489,0.500219464302063,0.2954210894844484,0.2760559945710526
0,0.4393370172217339,0.4261094033718109,0.09058271495528536,0.35393826842006393,0.48089155554771423,0.3000708222389221,0.0054136947728693485,0.40930214524269104,0.4728707056472687,0.3235977216582634
1,0.411323251872232,0.34934788942337036,0.07180729458308806,0.1865427940716482,0.46687185764312744,0.30288371443748474,0.00030974080436863005,0.26386401057243347,0.43391944785245934,0.26574043536868586
0,0.21640418622286436,0.09222546219825745,0.08261935304718712,0.16339962768092253,0.08943282067775726,0.004075286444276571,0.00317970453761518,0.0268782339990139,0.26910613676113077,0.09113343305731109
0,0.41296858838674383,0.22783277928829193,0.09499762338393229,0.26342551722260527,0.3385203182697296,0.0007718682754784822,0.003148649586364627,0.0003370851627551019,0.45226343654862683,0.1815899337285949
0,0.20382321394365152,0.023526813834905624,3.92914760806346e-05,0.021970313080595237,0.01218231301754713,1.666610114625655e-05,9.168771612166893e-06,1.2116578545828816e-05,0.2375438757555259,0.037023568966804934
0,0.20509386489967987,0.0416826531291008,0.0033253296743743703,0.031131629599533334,0.2602411210536957,0.3582739531993866,0.2604299485683441,0.12949585914611816,0.260174136630224,0.1572869103468932
0,0.43708962897581477,0.5528305172920227,0.6829725009684485,0.5965920246697974,0.4443855881690979,0.5226976275444031,0.3331329822540283,0.27930328249931335,0.6150473399168078,0.48565770273922426
0,0.5209550755829276,0.42209702730178833,0.6756385475233889,0.4201257123296728,0.545372486114502,0.43678081035614014,0.45835912227630615,0.3882947862148285,0.6319357983611628,0.4849162402526383
0,0.28438121220055956,0.25643545389175415,0.009210427456249042,0.16680778545785985,0.3050982654094696,0.16680189967155457,0.22301800549030304,0.09716340154409409,0.33188613769147624,0.19230898104946315
0,0.32717974222051227,0.2694629430770874,0.09055628392345746,0.29171083289213834,0.36437204480171204,0.3677481412887573,0.36676663160324097,0.20426930487155914,0.4048611141058041,0.28534756098757763
0,0.2596582365469343,0.13512131571769714,0.014779158845482539,0.0656990931131413,0.2770911157131195,0.07787370681762695,0.6392980217933655,0.3436792492866516,0.27041180402518994,0.21818185227512202
0,0.13902298917777872,0.13255880773067474,0.005958274702688339,0.1089694389080516,0.19195260107517242,0.058172374963760376,0.24229022860527039,0.15309220552444458,0.20534458044179502,0.12798830742084485
0,0.12015180114100886,0.04576903581619263,0.0031461530436185667,0.04934334077168836,0.15168693661689758,0.03336254134774208,0.039140667766332626,0.142731711268425,0.18126635150686765,0.07468261730166038
0,0.18502856001967402,0.24277128279209137,0.06927785883602533,0.28514482404734276,0.2511778771877289,0.19315631687641144,0.000445803627371788,0.184718057513237,0.2648780614191536,0.18209346223503442
0,0.270388508460136,0.018058620393276215,0.0038760237399916722,0.008870800191268362,0.08238790929317474,0.005329843610525131,0.26207733154296875,0.11302182078361511,0.27642140687776884,0.09505953961703001
0,0.1861109341237425,0.20825107395648956,0.046973396555227025,0.08966006755076993,0.24308957159519196,0.13297808170318604,0.0020999389234930277,0.1061863973736763,0.24023440256962583,0.1317417391260263
0,0.3595071106092147,0.34266775846481323,0.4001647835978713,0.41307546638870646,0.5184926986694336,0.4486534297466278,0.24361540377140045,0.47354909777641296,0.447271278669594,0.401504139875338
0,0.3632035461643033,0.5546684861183167,0.22539108187406767,0.2076237711727453,0.7673913240432739,0.0018982061883434653,0.3115697503089905,0.10694059729576111,0.41152478881358295,0.32719690262208784
0,0.5712466857742046,0.5196050405502319,0.2777805836793218,0.3989528832761854,0.6087385416030884,0.7823899984359741,0.8200520873069763,0.6294491291046143,0.6586304191280781,0.567325490391001
0,0.17316529657579896,0.11770352721214294,0.0006608524023151695,0.12619088398155606,0.2623113989830017,0.39420005679130554,0.17289035022258759,0.12176242470741272,0.2545750332277844,0.16949690527291228
0,0.5370454894695902,0.617107629776001,0.10343655165605947,0.5784238196638378,0.6859760880470276,0.3635765016078949,0.6022019982337952,0.6831005215644836,0.5951903391556695,0.523399255805776
0,0.7668596221583772,0.810645580291748,0.8491566297592559,0.8424222592519776,0.8599863052368164,0.9001314043998718,0.8447840809822083,0.8925243616104126,0.8578594116862331,0.8431230012451227
0,0.255469850165502,0.04853383079171181,0.010287047616095894,0.02201519133204164,0.23363755643367767,0.4161071479320526,0.26443392038345337,0.13294069468975067,0.3008754517946107,0.16903283608120037
1,0.30023789168436216,0.48776715993881226,0.6837496771299054,0.5272659544301647,0.44296786189079285,0.5410031080245972,0.5291742086410522,0.32038313150405884,0.48208466695797314,0.4754259362057808
0,0.4194717822140042,0.30875489115715027,0.1316364603463559,0.23923737733723235,0.5103973150253296,0.20813627541065216,0.2737695276737213,0.4320654571056366,0.4298267037914958,0.31904028672045603
0,0.16280434285667206,0.1787024438381195,0.03645314187616872,0.08634788026863455,0.21338868141174316,0.3089664876461029,0.16058824956417084,0.07918696105480194,0.24348296555573673,0.15265723830472674
0,0.5159233994168695,0.6615546941757202,0.799724096574719,0.6770374479187524,0.7835927605628967,0.9703129529953003,0.9556124806404114,0.7939297556877136,0.698385394234087,0.7573088796296853
1,0.3881879491325689,0.4194015562534332,0.02087424549544303,0.3170265521276743,0.6242452263832092,0.6009689569473267,0.4171904921531677,0.560464084148407,0.4384100749938825,0.41600597489749697
0,0.17803078276218576,0.17559687793254852,0.003760376163052413,0.056383039322743925,0.2722317576408386,0.05479009822010994,0.16055050492286682,0.1377335488796234,0.22232021944936653,0.1316756525237215
0,0.16063812060654478,0.129132941365242,0.010599334370082255,0.06994528551623505,0.2750419080257416,0.12140864878892899,0.09990309923887253,0.13251681625843048,0.21642130216036118,0.12672869702460166
0,0.2536678391382999,0.10422339290380478,0.01004231607936074,0.09667536044579064,0.08640599250793457,0.00018852636276278645,5.667784535035025e-06,2.1330610611158818e-09,0.28476355924803565,0.07591276073565587
0,0.2644678661790838,0.0843820720911026,0.0014954829879389564,0.03831080277697745,0.4517804980278015,0.38356512784957886,0.5350812077522278,0.24994339048862457,0.30033908044813046,0.24308390374869923
0,0.48238445916495776,0.5618920922279358,0.6259432040063532,0.5372357669720652,0.4930359423160553,0.46680617332458496,0.6593096852302551,0.5612271428108215,0.6074125989667234,0.5452088578078611
0,0.1333020621402279,0.048424072563648224,0.0023560313888849244,0.08579271245643784,0.0788893774151802,0.02084130048751831,0.022061729803681374,0.01188714150339365,0.20308328047232033,0.053888749099398545
0,0.15967139730802654,0.12746882438659668,0.02439084726904531,0.15715925346272624,0.17952102422714233,0.1757982075214386,0.1657858043909073,0.05618590489029884,0.24120309745826837,0.13169413786217593
0,0.7506307570447595,0.8377003073692322,0.7852702917615512,0.8880286860723583,0.8350437879562378,0.8678001761436462,0.7326767444610596,0.8794244527816772,0.8501115909335613,0.8223708725680126
0,0.27714049641187016,0.22814925014972687,0.018379841827594258,0.1411512377476038,0.1330210119485855,0.0016794411931186914,0.011913293041288853,0.26261642575263977,0.2832391968115169,0.14045564511645073
1,0.7670843466755222,0.8866569399833679,0.7470990579734702,0.8570243104464501,0.8314977884292603,0.5252413153648376,0.7729921340942383,0.744054913520813,0.8459195375464432,0.7712143081590508
1,0.5893059267304431,0.7588517069816589,0.8406769216525505,0.7156764390966139,0.6979877352714539,0.7821345925331116,0.03384009748697281,0.02591514028608799,0.7988769081852114,0.572464245288307
1,0.38062712048620395,0.2707298994064331,0.2688115048577789,0.3448351874456105,0.4014284610748291,0.0008811060688458383,0.011189695447683334,0.006332215387374163,0.4515790093363116,0.2246781125515168
0,0.2745236349175952,0.06635646522045135,0.019489198404176098,0.1659413803810296,0.37507790327072144,0.4549446403980255,0.313585489988327,0.1939399093389511,0.3361397493579204,0.22990486642140576
0,0.29248617167997126,0.11725646257400513,0.006449751894040973,0.22569883033302696,0.28216004371643066,0.3415970504283905,0.35919448733329773,0.6195232272148132,0.3011053826567066,0.27429303244045145
0,0.5243314895151472,0.6000937819480896,0.5434226701874164,0.6556278293805762,0.7265371680259705,0.8183157444000244,0.762744128704071,0.5161858201026917,0.6967511374708812,0.6388660920683987
1,0.8792404517727961,0.9315197467803955,0.433793013483837,0.90662142857552,0.9209312200546265,0.963080883026123,0.9256176352500916,0.9285489916801453,0.8959870262584673,0.8609298794783649
0,0.3118542574521105,0.11521335691213608,0.0013597092439873888,0.06941653219666125,0.3584081530570984,0.16462603211402893,0.010596098378300667,0.07360820472240448,0.32934616662752525,0.14516015512822456
0,0.14429800242798835,0.05888666585087776,0.004294118238685618,0.056268127972949715,0.23299270868301392,0.0592925138771534,0.08398540318012238,0.07857068628072739,0.20356427362814183,0.09195019614464503
0,0.34277362694351543,0.33468255400657654,0.05549780657949059,0.23979420711170216,0.5101564526557922,0.0013825668720528483,0.09022588282823563,0.042109157890081406,0.383217120768487,0.21413888736591433
0,0.3911853935585114,0.16761364042758942,0.018904545951543866,0.375291697109891,0.44626283645629883,0.46705174446105957,0.41101503372192383,0.41041305661201477,0.450566111672853,0.3341784111715464
0,0.2656330849795088,0.1876247525215149,0.011516234557642854,0.05775404646763471,0.05950932577252388,0.0011001859093084931,0.0046071442775428295,0.06815095990896225,0.28299062103109024,0.08847680872801983
0,0.7595608751536648,0.8145979046821594,0.9597163662241458,0.8206771705735756,0.7699072957038879,0.6972413659095764,0.7275651693344116,0.7411844730377197,0.8550872992830199,0.7883038435114904
0,0.5359108539089007,0.7003222703933716,0.5425358790415854,0.6838351983229715,0.5934843420982361,0.6309083700180054,0.8695626854896545,0.7479699850082397,0.6725994382634263,0.6564420365486432
0,0.14706224024029807,0.03629747033119202,0.005644820521059383,0.049870993780387174,0.27728739380836487,0.0768713504076004,0.02249257266521454,0.07401558011770248,0.20401619817564492,0.08949141273677133
0,0.3879528595202174,0.5382905006408691,0.30138986747654006,0.5223921586813347,0.23831701278686523,0.0005578662385232747,0.06199607253074646,0.01568838581442833,0.5035094168984933,0.27398264097445524
0,0.23631941090805827,0.1165667176246643,0.054753708129007435,0.22968781212931616,0.047842469066381454,0.0019185725832358003,0.02782311663031578,0.0002809559809975326,0.2960273936255205,0.09657517620597333
1,0.892500719884683,0.923642098903656,0.9431793292215489,0.9236564767428763,0.8834891319274902,0.9592230319976807,0.9360357522964478,0.9439001679420471,0.9138470835796797,0.9240086175084156
0,0.3904365385563168,0.24606198072433472,0.06130681236279528,0.24538233640055002,0.43939998745918274,0.638870120048523,0.007598138879984617,0.2529500424861908,0.4584783035401702,0.29023244445430757
0,0.4815057457811154,0.560907244682312,0.22408824442974742,0.361283691058017,0.5637508630752563,0.43447738885879517,0.6733124852180481,0.712149977684021,0.5213492310675577,0.4964060306923803
0,0.4908287173132031,0.5353255867958069,0.25139653236494564,0.39604492319704954,0.5640945434570312,0.3994927406311035,0.40313348174095154,0.4574558734893799,0.5591888049996634,0.4406176206257464
0,0.15004458262226542,0.044255197048187256,0.003359135282199657,0.0372895164727482,0.047395192086696625,0.0035005412064492702,0.023051021620631218,0.018719298765063286,0.20554823193122082,0.044094300346465165
0,0.5173551626860328,0.4794923961162567,0.06471431231089061,0.43639268594075636,0.6825652122497559,0.8004893660545349,0.8462406992912292,0.7147064208984375,0.5940937879144059,0.5575713310077262
0,0.20951744501837624,0.26079949736595154,0.03795933430103338,0.15624025531472518,0.27599674463272095,0.10201437771320343,0.48659196496009827,0.40049269795417786,0.2450611398366789,0.23567194647221484
1,0.8873617830397694,0.9438806176185608,0.9855426495131645,0.9438870352011445,0.8980468511581421,0.9801746606826782,0.9196663498878479,0.9298896789550781,0.9158492188749353,0.9348344084470749
0,0.6953052656629294,0.7145462036132812,0.46029805084956094,0.7079577720454748,0.9110285639762878,0.9026318192481995,0.9991519451141357,0.9849884510040283,0.7823375887620809,0.7882701213727937
1,0.8174467402572917,0.9265156388282776,0.9728484191353568,0.9040873312722721,0.8896819949150085,0.9716971516609192,0.8957683444023132,0.7682607173919678,0.8986753615049374,0.8923455837029679
0,0.30625055936354306,0.1208832636475563,0.0026321433372420047,0.11623007620262732,0.36893630027770996,0.33613142371177673,0.3386162221431732,0.36001506447792053,0.3235224922112642,0.24021541097716928
1,0.5396788106372195,0.5716797709465027,0.16915883870581255,0.3919074803054025,0.5336800813674927,0.4029592275619507,0.4378044307231903,0.5036963224411011,0.5920292580212527,0.4472033982412415
0,0.2681792984376086,0.20094344019889832,0.02411599045747882,0.17119832357752468,0.36302363872528076,0.12018627673387527,0.00044315867125988007,0.004024975933134556,0.31901702227851453,0.15312743157245798
0,0.6211392783485027,0.763397216796875,0.548931561564496,0.5139289057503171,0.7597941756248474,0.7393298745155334,0.8310260772705078,0.7770922183990479,0.7178228858569006,0.6884486147021416
0,0.3554976385198075,0.30832821130752563,0.012312259537558077,0.2604675300601079,0.4733639359474182,0.47490930557250977,0.3156372606754303,0.24846135079860687,0.4220743079137352,0.30705242022550927
0,0.54562371000861,0.3897615969181061,0.12206894312913255,0.4433253717968895,0.7261605262756348,0.9597216248512268,0.8020387887954712,0.718829870223999,0.6342632301525236,0.5775757651068193
0,0.2945517987723734,0.15439222753047943,0.07092833839518695,0.08861860908550175,0.45310816168785095,0.002331166760995984,0.4035809636116028,0.015648745000362396,0.3274689221572377,0.1875129991639014
0,0.22639556636730307,0.06528906524181366,0.006041577525593069,0.050499458884276635,0.06454071402549744,0.0065423231571912766,0.08729763329029083,0.10286550968885422,0.24964885720446606,0.07903838921863313
0,0.5096349347267989,0.3369559347629547,0.032171529257586616,0.32891039739949884,0.5190252065658569,0.23246917128562927,0.28345587849617004,0.656468391418457,0.49209388849044383,0.3664508599971945
0,0.21412826126031806,0.14711424708366394,0.04106918910869767,0.13746199547019566,0.2782520651817322,0.08544371277093887,0.02139749377965927,0.16674426198005676,0.2538958385512288,0.14160396004395434
0,0.3180899500286518,0.3458605408668518,0.28858959069668355,0.2909199136490349,0.49425193667411804,0.34013259410858154,0.21628592908382416,0.5831212997436523,0.3562051907316192,0.35990843348550866
0,0.24130408610204712,0.06764081865549088,0.005331507007480656,0.05744967490886759,0.2941785454750061,0.2666788101196289,0.2387540489435196,0.34729892015457153,0.2585015001412969,0.18646074859115885
1,0.4313527343488898,0.6068924069404602,0.11206648896773576,0.44170728089441763,0.43293297290802,0.6624470949172974,0.6179143190383911,0.4396224021911621,0.5442585459895612,0.4641569548098136
0,0.2574625225226873,0.07835955172777176,0.08115009513154617,0.23678212633575857,0.28345030546188354,0.37709587812423706,0.1964718997478485,0.1812603622674942,0.32987477985072505,0.2113770793551329
1,0.5785072694882082,0.6909628510475159,0.8839113129916917,0.5719352030138305,0.5183279514312744,0.42550912499427795,0.4223226010799408,0.48779162764549255,0.709903109445172,0.5774948803448969
1,0.746411015628734,0.8833180069923401,0.7578643278733217,0.8047137666260858,0.8898571729660034,0.8828126192092896,0.9308061003684998,0.8760010600090027,0.8443446191454939,0.8425946991913669
0,0.13191216143041343,0.0872175469994545,0.0040814477282196055,0.07761661944235454,0.2597237825393677,0.3466925024986267,0.25956159830093384,0.12064792960882187,0.21945330450597444,0.15661642751431976
0,0.17756233419323153,0.07892671972513199,0.021674064960294774,0.0944435815244267,0.2544490694999695,0.17663244903087616,0.1439385861158371,0.18244370818138123,0.22988948491182454,0.14123371885181307
0,0.37620651215751855,0.26321807503700256,0.05524933091431002,0.15235659998996162,0.4002642333507538,0.08298704028129578,0.0001026666141115129,0.046553488820791245,0.40012833130440845,0.18364795163267578
0,0.2928219431984522,0.3785908818244934,0.7478748168948857,0.17399905941206129,0.3785892128944397,0.3249843120574951,0.3297818601131439,0.38550814986228943,0.37744679770076917,0.3733645741048527
0,0.34923930916476853,0.07222387939691544,0.0017702484968042866,0.11537716613701424,0.3378283381462097,0.1281953752040863,0.002102830447256565,0.011654273606836796,0.37035582475019396,0.13621078780349957
0,0.3436883238001618,0.4862068295478821,0.07379443427325426,0.3064271689922293,0.3475450277328491,0.4141606092453003,0.31322070956230164,0.5733846426010132,0.3820922729689493,0.3562382487691802
0,0.3147741123227989,0.3952553868293762,0.02459634816915402,0.20404967096031354,0.4419920742511749,0.47937071323394775,0.17520080506801605,0.6109635233879089,0.33150742103314884,0.32988466106688136
0,0.5642776196826573,0.44076719880104065,0.909464528623106,0.4454933668641742,0.5958728790283203,0.42588502168655396,0.5738391280174255,0.5139917135238647,0.6747040236501949,0.5577133949609484
1,0.5566927223956337,0.6181508302688599,0.24605669825805346,0.5153243255654193,0.6603105068206787,0.40838631987571716,0.4732850193977356,0.4128919243812561,0.6469127837657417,0.49238386128826933
0,0.43225999952704486,0.42312389612197876,0.642815082465756,0.5844241961054378,0.409477561712265,0.4677847921848297,0.4739919900894165,0.09193305671215057,0.6253636470228892,0.4436770772845158
0,0.1450274056255992,0.09502360969781876,0.0010806708070857536,0.05278700350745315,0.021398503333330154,4.7518689825665206e-05,7.061623909976333e-05,4.628775059245527e-06,0.20652324313904288,0.043496659851722574
1,0.545379141502146,0.5412448644638062,0.252099832437167,0.47999408496110596,0.4964052736759186,0.6594481468200684,0.49489349126815796,0.6035328507423401,0.6318220292658648,0.5081237775010957
0,0.33277751980212433,0.13804639875888824,0.007767713409463902,0.09751051528495011,0.4155033230781555,0.23923814296722412,0.0016490684356540442,0.27495908737182617,0.3334245529389169,0.194063888429093
0,0.2166278285195661,0.17945915460586548,0.018171243374130105,0.08823023620529065,0.09135685116052628,0.026984862983226776,0.07257788628339767,0.13357293605804443,0.2496873146150094,0.10712368184576664
0,0.584195228323638,0.5216093063354492,0.7345372342726162,0.6183786823219054,0.39145147800445557,0.9669601917266846,0.005494876764714718,0.0029612798243761063,0.789626138850603,0.4896507941903387
0,0.23330551395469212,0.04013390839099884,0.00010549666909521894,0.048759631191754346,0.30490005016326904,0.17755484580993652,0.04429488629102707,0.11992397159337997,0.26242641847320364,0.1243528703946131
0,0.5010350351288007,0.449331134557724,0.07442326430380722,0.38730786153916735,0.4590551257133484,0.7168371677398682,0.5470241904258728,0.5896959900856018,0.5710710340074523,0.46092732970955264
0,0.47886912476818183,0.29329460859298706,0.19106823876735635,0.23522064755765015,0.5007070302963257,0.18855339288711548,0.7157660722732544,0.6473438739776611,0.4695581711044298,0.40017051310205676
0,0.5473331258676069,0.5980585813522339,0.3381239718492681,0.7343211689490861,0.6266661286354065,0.4521964192390442,0.5380164980888367,0.49167224764823914,0.6771292943007237,0.545730581127756
1,0.7796068679865813,0.9467319846153259,0.9786945711451596,0.917470592372233,0.8608339428901672,0.6562198400497437,0.7326787710189819,0.6002722382545471,0.8806786396139225,0.8155458831866244
0,0.19302566587031886,0.17343370616436005,0.014723869255370472,0.03733416628388207,0.4205394387245178,0.004050925374031067,0.09378671646118164,0.1376313865184784,0.22370279184454442,0.13890719188809325
0,0.1361133185629537,0.03154420107603073,0.041701980520764355,0.0321684611233879,0.07884863764047623,0.03921804577112198,0.031605884432792664,0.060438670217990875,0.19724145922655617,0.05835120471640443
0,0.25413570560853804,0.20114682614803314,0.41204092978645146,0.36511190603438104,0.24003785848617554,0.11950060725212097,0.0288836769759655,0.2114596962928772,0.3416760832823686,0.23549378535529286
0,0.25007180690922676,0.06966152042150497,0.004951642273168134,0.04567382943193214,0.23686788976192474,0.2106226086616516,0.06463909894227982,0.2451462298631668,0.2651194632578323,0.14227497034104208
0,0.48697964652383097,0.5542653799057007,0.43985387351267136,0.48023639129603424,0.6212881803512573,0.2889207899570465,0.5390385389328003,0.5635526776313782,0.5638521233716977,0.4983729536148233
0,0.2777502160888605,0.06028984859585762,0.02603089004764752,0.10569625996724481,0.10052268952131271,0.016153888776898384,0.20627593994140625,0.17343369126319885,0.2911106496674244,0.12216837140439496
0,0.11409433660864632,0.03006451204419136,0.022356315048927815,0.017513227309803814,0.04379185661673546,0.018276898190379143,0.02149800769984722,0.0712297111749649,0.18025338623895942,0.043810956221583174
0,0.5907158987788016,0.5116142630577087,0.2900722083238016,0.5142408167286884,0.5015544891357422,0.10011682659387589,0.00017977171228267252,0.15341603755950928,0.6638858028788468,0.3524846524313853
0,0.5853820000813882,0.6517426371574402,0.16913053154458832,0.4921883795091073,0.3679026961326599,0.047050073742866516,0.0003314912610221654,0.5989435911178589,0.5902021238041149,0.38011077188074605
0,0.40285789427415525,0.40932953357696533,0.25567432806067514,0.4571602973515474,0.6763334274291992,0.2567022740840912,0.5599199533462524,0.5019815564155579,0.4704992842527151,0.4400974206054945
0,0.8346696032657561,0.8845799565315247,0.9766059294912304,0.9184262546182769,0.863245964050293,0.9421544671058655,0.950722336769104,0.942632794380188,0.8957136125726836,0.9107040017481418
0,0.5306562376103328,0.45578718185424805,0.7372087389797993,0.5908265800321862,0.6736434102058411,0.42193603515625,0.03896190971136093,0.5580496788024902,0.6368937623608126,0.5117926883823456
0,0.13608891380365593,0.032038260251283646,0.0067952979419154316,0.0388167515100315,0.18065479397773743,0.02895597741007805,0.0013168863952159882,0.010660383850336075,0.19875805951695175,0.058288871164329265
0,0.2971925467620582,0.15043090283870697,0.018793057908635488,0.12135977442411106,0.3026105463504791,0.2639002501964569,0.35190895199775696,0.22783976793289185,0.32930955112190097,0.21466674716174633
0,0.17518936593789153,0.18064509332180023,0.0034095188991210487,0.10709873625031956,0.22170180082321167,0.1353214681148529,0.8739160299301147,0.38002902269363403,0.22678640158782878,0.24447217429060614
0,0.46242206234312405,0.2877316474914551,0.13859398055908204,0.3945409040406975,0.5642804503440857,0.38509467244148254,0.45346763730049133,0.36350110173225403,0.5295529941942491,0.3826966149768444
0,0.47672312466932854,0.5866088271141052,0.3607958105708545,0.45372725440048683,0.5896621346473694,0.7660201191902161,0.42233121395111084,0.6786127686500549,0.5753994825198853,0.5394602045532899
0,0.28948573865294547,0.12650638818740845,0.06730906743255728,0.12236987008598915,0.206020787358284,0.4079396426677704,0.13742493093013763,0.32869136333465576,0.32145603845490417,0.20933713341924542
0,0.5608612886183415,0.7340017557144165,0.8696903970433488,0.6568350412309991,0.6339775919914246,0.5319699645042419,0.6110225319862366,0.6741772294044495,0.7022646751161455,0.6591074983233728
0,0.5002018047143347,0.3523617386817932,0.23629659099237033,0.38113871019033585,0.6526367664337158,0.4557322561740875,0.6592427492141724,0.670237123966217,0.5422864771546939,0.4835498007811511
0,0.5228166233091098,0.59409099817276,0.6225390429944992,0.4986785469699423,0.5414336323738098,0.3806024193763733,0.5570405125617981,0.6914656162261963,0.6068997220785061,0.550329647714268
0,0.32766048971818046,0.19089949131011963,0.030916571129382356,0.07840385356366619,0.2771139144897461,0.18231841921806335,0.21944522857666016,0.4202023148536682,0.3142332423436247,0.21555713198896043
0,0.42320106191781187,0.4645169675350189,0.11586328460901309,0.494107658719561,0.5042498707771301,0.381232351064682,0.37525883316993713,0.32207369804382324,0.5196737633067555,0.3896893483115792
0,0.3825673297346717,0.4671199917793274,0.09354019891705652,0.34449791921163725,0.506242036819458,0.699779748916626,0.48804429173469543,0.6494312882423401,0.4469774769832071,0.4476762412870302
0,0.5369483394973519,0.5484545826911926,0.24406637652907565,0.4717446630420183,0.7070688605308533,0.5806884765625,0.5820206999778748,0.5905662178993225,0.6179239524074196,0.5320611828374142
0,0.15157301675357518,0.09980479627847672,0.0015563207419137634,0.0892395416641039,0.07301320135593414,5.4925298172747716e-05,0.008062189444899559,0.006873845588415861,0.21421025151586803,0.058455391509740134
0,0.2157595169463403,0.15647006034851074,0.008024586684599678,0.11063817160640091,0.3528199791908264,0.08009285479784012,0.003093052888289094,0.3291812241077423,0.23203492057794478,0.161353391817953
0,0.28387521808695426,0.19944006204605103,0.03705352619881968,0.15288702755183578,0.37864381074905396,0.15860393643379211,0.469305157661438,0.14992603659629822,0.32904302585646816,0.2270041343982567
0,0.2503924691983481,0.08599656075239182,0.0013489748066616712,0.07094422087995203,0.17830736935138702,0.4228806495666504,0.12015122920274734,0.17604994773864746,0.29689738803689697,0.16202087161033565
0,0.6425958793459746,0.3293163776397705,0.03890351208161845,0.6606788663116616,0.6559619307518005,0.602470874786377,0.6658949851989746,0.4247902035713196,0.73466218557302,0.5042699801445504
0,0.15262944464924874,0.04188846796751022,0.004556815011956016,0.06014203870496079,0.020855048671364784,0.00017009495059028268,0.0024438982363790274,4.349284790805541e-05,0.21096615987476866,0.03919626774533465
0,0.6387538120070331,0.8410043716430664,0.4219160909252698,0.7314976993567155,0.7211003303527832,0.895927369594574,0.8866950869560242,0.8663097620010376,0.7598246875282421,0.7440697805272312
0,0.3539344531028616,0.37822797894477844,0.3252683735243972,0.43564634518805617,0.22484198212623596,0.1277153491973877,0.28829795122146606,0.17233765125274658,0.45331454849853065,0.29391429922265744
0,0.5275165165983059,0.7226453423500061,0.15023768950369681,0.5137643028243917,0.727855920791626,0.8853720426559448,0.6140632629394531,0.6805747151374817,0.635192687930388,0.5993089252056174
1,0.285910763642751,0.08341342955827713,0.019674455539620644,0.08675332081999229,0.23952756822109222,0.593961775302887,0.151092529296875,0.2444220781326294,0.33607502895778985,0.209980243961209
0,0.10870579869621338,0.015840953215956688,0.002963236297446503,0.021300397962491693,0.13500386476516724,0.22430944442749023,0.1935325264930725,0.0662313774228096,0.1931656218123713,0.0924769535051759
0,0.32927816177407626,0.3963303565979004,0.04993594368097816,0.25624333829741053,0.35686516761779785,0.12724106013774872,0.02258622832596302,0.06642986834049225,0.38456587558077215,0.21186832794689078
0,0.22571090194944918,0.2208833545446396,0.17712572185237926,0.1506686548250693,0.19243162870407104,0.19666855037212372,0.1718604862689972,0.17464010417461395,0.2871886067071288,0.18973433384681368
0,0.2725781621207606,0.25439950823783875,0.0787338280308449,0.4812490719684665,0.473698228597641,0.7934432625770569,0.588981568813324,0.6241468191146851,0.3832210110911596,0.43462637614811606
0,0.28662630075683265,0.21303023397922516,0.09473326738895041,0.1853444473841458,0.27464982867240906,0.22288474440574646,0.29149025678634644,0.4538831114768982,0.30576687904278294,0.25062751811866646
0,0.18486438496001548,0.15914000570774078,0.021277207284232214,0.07224171891627836,0.25848230719566345,0.10445737838745117,0.2699572443962097,0.37704843282699585,0.2127616797728106,0.17776849380874565
0,0.48053084339383595,0.4529622793197632,0.15676640233642997,0.30563477388171284,0.48137399554252625,0.10302408039569855,0.2796739637851715,0.444224089384079,0.4909157080166764,0.3450470422172043
0,0.3235301850413641,0.48510846495628357,0.036466362766522195,0.25913563816026386,0.3479755222797394,0.3372909426689148,0.31812241673469543,0.4464934468269348,0.3632904664206996,0.3193722332598193
1,0.26762668464275646,0.12761764228343964,0.009386361503987061,0.09544035107340212,0.20627234876155853,0.002970566274598241,0.005209560506045818,0.31901124119758606,0.2599773995708899,0.1340991066261286
0,0.29860179420297883,0.21243418753147125,0.010611132149841503,0.2878118288023266,0.3061414062976837,0.49442988634109497,0.4720272123813629,0.47125935554504395,0.3542098013037167,0.3121363325073051
0,0.132704951518814,0.023170962929725647,0.01126235663873359,0.028446857153294286,0.10290423780679703,0.038629308342933655,0.017999395728111267,0.0704180970788002,0.19193659243211464,0.055328225759752235
0,0.18062056481568653,0.14347361028194427,0.004853138172354572,0.034507296407148336,0.15578876435756683,0.035660501569509506,0.2288709431886673,0.06169317662715912,0.22867354190734385,0.10596252818860344
0,0.5747546579005357,0.6856431365013123,0.3071613514748435,0.6564719990178358,0.6125711798667908,0.435683935880661,0.9320104718208313,0.7630144357681274,0.6644319320675677,0.6159851433445296
0,0.5380812028777995,0.6459070444107056,0.6847991603601432,0.597963488308912,0.6444247364997864,0.0015872130170464516,0.6559059619903564,0.7136592864990234,0.6047286009039692,0.5633806518781432
0,0.13973007956569508,0.16790015995502472,0.0016624203107052458,0.04113601438470621,0.1779191941022873,0.3403846323490143,0.1758694350719452,0.10702762007713318,0.22089443261671987,0.14131577566530706
0,0.36901198400761603,0.3161534070968628,0.05106069743269486,0.11264543062338704,0.39422598481178284,0.39411917328834534,0.47611185908317566,0.4021008610725403,0.3885114946613097,0.3097850514770353
1,0.9149333016302849,0.9417275786399841,0.9320116307253811,0.9326470388092313,0.9559752345085144,0.9460554122924805,0.9110298752784729,0.9739658236503601,0.9183398873148392,0.9382963038289165
0,0.36755324574662623,0.31777316331863403,0.012001117672776937,0.12155998066632326,0.5231325030326843,0.00019890471594408154,0.00019864979549311101,0.03497740253806114,0.3782706585501206,0.18544351651608798
0,0.2546912570033506,0.16277237236499786,0.4919422716911118,0.17356003722444502,0.3413424789905548,0.39122673869132996,0.34705299139022827,0.14986543357372284,0.35774368468762696,0.2853866392678869
0,0.22000787636096195,0.175469309091568,0.03616757089217342,0.07126313540562197,0.060027699917554855,0.00260756304487586,0.010389740578830242,0.00512221734970808,0.26069286048555707,0.07873870161415074
0,0.17469948263245627,0.09022919088602066,0.010999381672043944,0.09852284771427573,0.31306225061416626,0.056221503764390945,0.0002619651786517352,0.0952119305729866,0.22405500758463118,0.11022961187171348
1,0.4263912997252919,0.2920602262020111,0.11282982749799982,0.3336283754808659,0.2768770158290863,0.0009325187420472503,0.0787641704082489,0.051948804408311844,0.4764683306335738,0.20950228628747822
0,0.1650525129127181,0.19714206457138062,0.034805157744176404,0.17903332785807308,0.19222675263881683,0.241493359208107,0.18659605085849762,0.1071588471531868,0.25046032058950585,0.1631624709298646
1,0.4873650973234085,0.5636864304542542,0.6114999179276086,0.5175357508919898,0.3688644468784332,0.26205968856811523,0.002866626949980855,0.5109227895736694,0.5727488828522985,0.4269268522328923
0,0.11005384508937625,0.06041448190808296,0.0010145488111158827,0.09442443889568562,0.12071212381124496,0.06567205488681793,0.10646305233240128,0.06125801429152489,0.19127628043511288,0.0783436722000746
0,0.27708943435276057,0.27637743949890137,0.1590828544871219,0.3092911925741553,0.28096121549606323,0.3451286554336548,0.2565610110759735,0.35714834928512573,0.34600965148345325,0.2822590097754609
0,0.31558049668346616,0.2567140460014343,0.012953534993312721,0.2640831510200103,0.32132381200790405,0.268974244594574,0.2976108193397522,0.24858787655830383,0.3666942109000687,0.24958574944910722
0,0.7030853361839359,0.8056445717811584,0.5247004437629124,0.6939847537061887,0.7631351947784424,0.6345910429954529,0.7965372204780579,0.669655978679657,0.7969892905484578,0.6995590734880983
0,0.40676329163799013,0.13405515253543854,0.059353035050358695,0.25955537061084444,0.9906435608863831,0.6663310527801514,0.0059095448814332485,0.5408112406730652,0.4307298022902295,0.38794021832065884
0,0.2623730385777519,0.2766813039779663,0.01900628666699104,0.19191733870014432,0.4556065499782562,0.20587623119354248,0.435615599155426,0.2768911123275757,0.3070756203856327,0.2637515622795179
0,0.4721769632153878,0.533147394657135,0.14728812049537754,0.5319496401205874,0.4954628348350525,0.4636368751525879,0.544630229473114,0.5600937008857727,0.5569067045766152,0.4683298752019505
0,0.5332034325161525,0.384798526763916,0.0857237202430341,0.4621664149295014,0.7293746471405029,0.40321114659309387,0.15097257494926453,0.5376080274581909,0.5707293924000032,0.4202435616830358
0,0.3254589403159743,0.727853000164032,0.35091253568870845,0.5919405923481554,0.41017794609069824,0.39844971895217896,0.22143037617206573,0.28813794255256653,0.4784408902971504,0.4218616062452525
1,0.48365380716213946,0.1807798147201538,0.00825907233385329,0.2617539138588456,0.31548595428466797,0.001624040538445115,0.00023722440528217703,0.12061752378940582,0.4908902140875806,0.18532835734522726
0,0.3605988132108547,0.35251113772392273,0.17393185043163167,0.30824068567169666,0.19618897140026093,0.023393701761960983,0.10169529169797897,0.16439007222652435,0.408755290074076,0.21942179540674522
0,0.28709142582940045,0.15731793642044067,0.0031999236454676987,0.11095139637750784,0.33175936341285706,0.37431880831718445,0.253881573677063,0.3027494251728058,0.31692451430536117,0.22559627109120567
1,0.41726085074506053,0.6150801777839661,0.4593791135684619,0.5393906779285061,0.6311476230621338,0.5496134161949158,0.5405213236808777,0.6322029232978821,0.5335946186349457,0.5460139053104265
0,0.3544398413800634,0.33136409521102905,0.014715884516948916,0.3071826918324282,0.5152170658111572,0.4653523564338684,0.4861619770526886,0.3947852849960327,0.4150048630601877,0.35576621294457705
0,0.5613994593151838,0.5528592467308044,0.9046029279191181,0.8363547268479101,0.5261895656585693,0.38033023476600647,0.5072614550590515,0.21999149024486542,0.7597327909387621,0.568989908036591
0,0.464991595775615,0.5060126781463623,0.2148199804628417,0.4706171720797486,0.5709993243217468,0.3491804301738739,0.39399686455726624,0.4049992561340332,0.5472563826143945,0.42673957588954864
0,0.1773883717867088,0.14861765503883362,0.0006100523630629629,0.06672849890667408,0.04059715196490288,5.036777292843908e-05,3.888499122695066e-05,1.6639531168038957e-05,0.22920241306700134,0.05956893632525109
0,0.4582294965010977,0.3731144964694977,0.08295397340964214,0.28404715509770967,0.44480568170547485,0.054113972932100296,0.3510056436061859,0.5851238965988159,0.43707158163636506,0.3326810586395184
0,0.2820484605678584,0.03870892524719238,0.004797292377546393,0.129414197491715,0.2911476492881775,0.4344380497932434,0.4286465048789978,0.3315284848213196,0.3199497152924187,0.23522181026530764
0,0.20001963881369464,0.3000812232494354,0.012796001236590356,0.2725633736476656,0.31626877188682556,0.35402166843414307,0.21851226687431335,0.20320354402065277,0.28893202358596837,0.23532590705837053
0,0.3802998645788084,0.14127443730831146,0.07907289087581729,0.05276906798708896,0.36758890748023987,0.34469422698020935,0.487419068813324,0.25216251611709595,0.39953597862142265,0.2584426352704423
0,0.5464957279061623,0.6583190560340881,0.490125386997905,0.5546137110567387,0.5471900105476379,0.38789233565330505,0.4116171598434448,0.5145754814147949,0.6476254822740053,0.5194277916434419
0,0.7001936834393685,0.8661763668060303,0.9205006806080691,0.8536693198994195,0.8444201946258545,0.9912567138671875,0.9987415671348572,0.9951910972595215,0.8317752241950598,0.8875837756440634
0,0.4515039810093049,0.4407236874103546,0.2062936824447756,0.4683086468529648,0.36503615975379944,0.03131609782576561,0.12089452147483826,0.18104761838912964,0.5217734676802401,0.29672486980771295
0,0.29392548186838646,0.18719302117824554,0.015095310552119013,0.12045022675216367,0.06778831779956818,0.0037560309283435345,0.00014037941582500935,2.2662188712274656e-06,0.3221994055121689,0.09446484675890199
0,0.539860948744058,0.7406385540962219,0.7413550204861303,0.5312259475200639,0.5567609667778015,0.4519328773021698,0.462947815656662,0.5218185186386108,0.6650342955969641,0.5718067772662139
0,0.397225596035829,0.3658897876739502,0.04138433507419562,0.4282541986348686,0.30862343311309814,0.0005292629939503968,0.04266909882426262,0.03338957950472832,0.4653788372887813,0.2172387541931116
0,0.2785109688461098,0.2272902876138687,0.40976222572026433,0.35884289049212614,0.40563708543777466,0.366962730884552,0.23048743605613708,0.13771790266036987,0.40051268241856985,0.30422854862840276
1,0.32728132716584396,0.3286806046962738,0.2398625928324685,0.3147112684243516,0.30927345156669617,0.7752146124839783,0.39550459384918213,0.4176228940486908,0.43679803994888244,0.3817118394217548
0,0.3074934490577391,0.5733787417411804,0.013019041109083767,0.31373160505523473,0.3362651765346527,0.0006169095286168158,0.09465081244707108,0.32595136761665344,0.3362775984022074,0.25557760274229674
0,0.39543139051682435,0.3286758363246918,0.05060244571043559,0.289600472068144,0.49455592036247253,0.39855459332466125,0.4453745484352112,0.3455360531806946,0.44929544805016397,0.3429854739976102
0,0.2529277669621958,0.27559128403663635,0.07501777586217295,0.17759597301377128,0.2449861466884613,0.0937688946723938,0.15877829492092133,0.18617835640907288,0.29552658199894843,0.1870316821033077
1,0.23401275155495901,0.42695993185043335,0.03041661269297179,0.18577055617751267,0.27899107336997986,0.07536012679338455,0.004032619763165712,0.3439112603664398,0.26105961513893067,0.20411767901436073
0,0.48247646595999716,0.510488748550415,0.2972924786361304,0.4243567998820837,0.4879554510116577,0.40407225489616394,0.004815384279936552,0.06196821108460426,0.6003976474904515,0.3485678740406214
0,0.3756623625215251,0.4926263988018036,0.07617319627438042,0.2883888853307394,0.442084401845932,0.11619551479816437,0.4381673038005829,0.7087738513946533,0.3628085290066321,0.3665171648627751
0,0.21745841390211715,0.06467632949352264,0.004703895411004987,0.03798260788798089,0.2681322991847992,0.17405357956886292,0.08464644849300385,0.36296483874320984,0.22760411094708463,0.1514366922103091
0,0.4236840593902307,0.38032013177871704,0.29342761811126183,0.4209036047479909,0.508100688457489,0.339150607585907,0.40658634901046753,0.381933331489563,0.5060263426030438,0.3963940020450147
0,0.5430160992184965,0.6748106479644775,0.5647983913138114,0.6602851093863525,0.6009550094604492,0.7647947669029236,0.7198233008384705,0.7070013880729675,0.6879149644296004,0.6494888753173699
0,0.30706211563786867,0.2038307636976242,0.0066082884345061545,0.1928844341991479,0.33168160915374756,0.06407537311315536,0.5431646108627319,0.41590577363967896,0.31361707701628094,0.2539974067719149
0,0.6867615823502905,0.64028400182724,0.8286170519042829,0.517622202636488,0.7187528014183044,0.7900040745735168,0.7644472122192383,0.7416813969612122,0.7816303875655964,0.7057451946004376
0,0.2903509556579448,0.45172005891799927,0.1387329295472414,0.31027204171912803,0.2665378153324127,0.28365781903266907,0.39839088916778564,0.2676440477371216,0.3710857991017385,0.30064199953316684
0,0.2481017429472956,0.16389654576778412,0.020960847938843216,0.08288140241059228,0.2908308506011963,0.2114354372024536,0.0013198904925957322,0.1177356168627739,0.28455644181246603,0.14723191034503816
0,0.368286173390657,0.3716367185115814,0.1829832086508841,0.4417647586285029,0.4188098609447479,0.46372002363204956,0.3223969340324402,0.2284933477640152,0.4832400532274038,0.3525910943154919
0,0.42717262529917527,0.40957239270210266,0.14334649847500858,0.24251768782220695,0.5665956139564514,0.2534252107143402,0.33352527022361755,0.33739790320396423,0.46062280165185243,0.3432998835649682
0,0.312364645406593,0.054908011108636856,0.0010858688501015534,0.05255766524025039,0.42310631275177,0.17676743865013123,0.3439934551715851,0.2313249558210373,0.31677926444646004,0.19817030537320487
0,0.5524096480293872,0.4492883086204529,0.6757494718096978,0.47316345162374096,0.4101778566837311,0.009932146407663822,0.29887619614601135,0.350656121969223,0.6271251698191485,0.4123162915332347
0,0.4159463503018717,0.09619263559579849,0.054437312855524486,0.22849786173119827,0.22426900267601013,0.0004796957946382463,0.056020114570856094,0.00034675077768042684,0.4438451276591094,0.14551739545014414
0,0.236059951423419,0.18183694779872894,0.026909346069345898,0.21943714994495178,0.219957634806633,0.14848114550113678,0.1256943792104721,0.139130637049675,0.29286589289107084,0.16607513518729394
0,0.41145200960478795,0.6355986595153809,0.7182289700901048,0.4365067174201574,0.6023881435394287,0.7320050597190857,0.5840100049972534,0.6517420411109924,0.5484870304287484,0.5897068089144359
0,0.14157580962994445,0.0692848488688469,0.016161489441967516,0.049541137999603496,0.21873970329761505,0.06945065408945084,0.11871398240327835,0.061559371650218964,0.20505803093907524,0.0944746106962831
1,0.46305586713032426,0.5153800249099731,0.5386702130392373,0.3116577606574638,0.5390139222145081,0.681801438331604,0.2716473937034607,0.5212946534156799,0.5570785602040288,0.48039068421507364
1,0.22452053067619285,0.04329007863998413,0.001390021563092077,0.05790097904747452,0.2618485391139984,0.09341484308242798,0.08306145668029785,0.4157145023345947,0.22288293355833488,0.14774106434173412
0,0.15598027672326772,0.023952066898345947,0.0020586935395889897,0.05454992102671308,0.04572935774922371,0.011091651394963264,0.05254935845732689,0.051523901522159576,0.20881645068009566,0.051981337429173796
0,0.2621920471892179,0.04122746363282204,0.002543870873100562,0.0960769115702386,0.3662029206752777,0.4772932231426239,0.30578383803367615,0.23534080386161804,0.31041197471089105,0.21865536081006443
0,0.20226361139812063,0.2368365377187729,0.007233690253154848,0.19188480609618289,0.36114752292633057,0.3875199258327484,0.30151742696762085,0.17083361744880676,0.2850472355144716,0.23049359831527114
0,0.2616338640376933,0.32808512449264526,0.08249421762293971,0.181194542307889,0.3717655837535858,0.2919365167617798,0.4394088387489319,0.5291277170181274,0.28972164343373463,0.30508343865683285
1,0.8903538273662258,0.9471039772033691,0.985621759880831,0.9637093168690317,0.9836195111274719,0.9665617942810059,0.9629669189453125,0.9859134554862976,0.9152286363908778,0.9590598293466632
0,0.2833393490444556,0.279285728931427,0.03249144196382723,0.20611462681147244,0.2403666079044342,0.9027986526489258,0.037693243473768234,0.06903404742479324,0.4104745190703776,0.25653638938980194
0,0.5686739715266584,0.6633358597755432,0.7084335244779673,0.6890408303665781,0.5252634882926941,0.45797014236450195,0.4115478992462158,0.5027425289154053,0.708931874071626,0.5719638597608467
1,0.4303611031478318,0.6283769011497498,0.3978699499198298,0.4668152458336832,0.6588864326477051,0.9842749238014221,0.06538278609514236,0.9320068955421448,0.5163939249993539,0.5702842838209836
1,0.40222934602874494,0.4321245849132538,0.019591534134594704,0.42129235260080516,0.5297962427139282,0.43975138664245605,0.3381516635417938,0.3215269148349762,0.4839128761119256,0.36686941355184466
0,0.1974250925557914,0.034958794713020325,0.004154671214329263,0.05619442519971162,0.10868043452501297,0.011479970999062061,0.11810886859893799,0.11872667819261551,0.22979562453177277,0.08283723373671043
0,0.18226550414049267,0.07014328986406326,0.038043855789123775,0.07808296508321813,0.15038928389549255,0.3411257863044739,0.20268456637859344,0.06843753159046173,0.2579663833057377,0.13884028365941958
1,0.651464003289499,0.8273510336875916,0.9484766997597548,0.7190925574964481,0.8305786848068237,0.9338564276695251,0.7606730461120605,0.752941370010376,0.803140187900336,0.7993027778630845
0,0.339371495301479,0.3173377513885498,0.6589465060653314,0.564304595667527,0.36199700832366943,0.3285822868347168,0.34614402055740356,0.24662372469902039,0.49858883263104653,0.3977313238933894
0,0.18321470567147025,0.024970997124910355,0.000666846374818369,0.018232499437409525,0.19110107421875,0.06040571257472038,1.585003559512188e-07,0.007291886955499649,0.22663502038103706,0.06506687395055019
0,0.5125068707852758,0.539070725440979,0.18728552520835967,0.4931597842569551,0.5732993483543396,0.4115962088108063,0.41805288195610046,0.35425230860710144,0.605994257928345,0.4417703953381566
0,0.4863157790867769,0.3201444149017334,0.030879366129088513,0.38200478533922033,0.3502427935600281,0.0036184468772262335,0.2360675036907196,0.10803957283496857,0.531053839152522,0.25130782527285267
0,0.4386894992671238,0.543470561504364,0.5551509443765826,0.4868207697847756,0.5315153002738953,0.44336557388305664,0.6083098649978638,0.4479609429836273,0.5652482350683203,0.5049478066917902
0,0.16871532612974177,0.18460725247859955,0.011180545892568922,0.37993772848474433,0.2939404845237732,0.08666940778493881,0.19814233481884003,0.5203521251678467,0.22427014117391536,0.23063458779482982
0,0.2026999263584436,0.1350221186876297,0.00911025849905007,0.09906037008146089,0.19617976248264313,0.30173614621162415,0.2005033940076828,0.12969832122325897,0.26504217437944777,0.15794214897139483
1,0.6152939879127461,0.6370857954025269,0.05609172688819826,0.5763054262012437,0.6095992922782898,0.44232767820358276,0.18456922471523285,0.4065706431865692,0.6868709564859983,0.45434866867380186
0,0.2792194673019457,0.02939671091735363,0.005765598926448258,0.02459629380729958,0.33062222599983215,0.43635284900665283,0.14732453227043152,0.22516357898712158,0.30556717014565604,0.18304476681253032
1,0.31324310947716993,0.3070145845413208,0.02835027788158124,0.17003057062889734,0.4125116765499115,0.4128373861312866,0.3655237555503845,0.4415249228477478,0.3428537602653336,0.3029395145479803
0,0.26494621632109633,0.10811746120452881,0.0346501705329372,0.05315296189686436,0.2535311281681061,0.31801101565361023,0.22423020005226135,0.32674962282180786,0.2839785624209501,0.1948772591180425
1,0.7051816253028891,0.7308046817779541,0.9099150395800798,0.7978256055785471,0.8077333569526672,0.8462191820144653,0.04872739315032959,0.8366996049880981,0.8105108443465198,0.7217179881112499
0,0.6164496900060582,0.8270374536514282,0.826271094548885,0.8065427786763268,0.687778651714325,0.8717963099479675,0.7891850471496582,0.5934142470359802,0.7983001753969398,0.7498237335710902
0,0.2706308699272181,0.1580948382616043,0.005701045459582823,0.14543465992105267,0.2592226564884186,0.09498659521341324,0.006302748806774616,0.050859205424785614,0.30754610097124907,0.13159195449467043
0,0.6310458423466535,0.8802725076675415,0.8982593870167517,0.7747994882103509,0.7697753310203552,0.9345875382423401,0.9244204163551331,0.9235391020774841,0.785025943606183,0.8337305803284216
1,0.8177934658797654,0.8958093523979187,0.9348269292142986,0.8755068915576647,0.8433247804641724,0.8213850259780884,0.9028460383415222,0.849963903427124,0.8850980681113414,0.8666483693503138
0,0.4562526014010205,0.19235354661941528,0.057459838647985144,0.19325277868446206,0.4120504558086395,0.002315809251740575,0.1099701002240181,0.06600751727819443,0.46849721432354935,0.1977250863980346
1,0.22662617114362502,0.13231706619262695,0.007980890374077156,0.07975892615675167,0.20817311108112335,0.050673939287662506,0.2677328288555145,0.3012167513370514,0.24236624435960075,0.15788484896332383
0,0.4061323164192276,0.2707332968711853,0.057519856258008754,0.10249223290976515,0.4771624803543091,0.45135417580604553,0.4510471820831299,0.3816431164741516,0.42501993865763543,0.3210117202863838
0,0.16172919661900165,0.1219969242811203,0.032200290017536874,0.07755763689284681,0.19403506815433502,0.09155642241239548,0.30074360966682434,0.10446172952651978,0.22463196431955593,0.1335076643944343
0,0.20522811894103207,0.10189218074083328,0.022726198154951666,0.06856177551273372,0.12929797172546387,0.04026389867067337,0.15594281256198883,0.10646162182092667,0.24336685457040055,0.10532254832544159
0,0.10856431921700911,0.023518621921539307,0.0006236451689425124,0.013229059276583093,0.08773589134216309,0.019207539036870003,0.027334410697221756,0.0570794939994812,0.17686075189964803,0.04376973715201303
0,0.34534978081209283,0.10810952633619308,0.0022023438381885713,0.08414146844126207,0.5062018036842346,0.41982024908065796,0.4706917405128479,0.29603490233421326,0.36859746104955304,0.2739533159919942
0,0.11580022383622111,0.004276973661035299,0.0007909401856401932,0.0021626319323925134,0.04792448878288269,0.003291638335213065,0.07022380828857422,0.018534047529101372,0.1823296223360893,0.0338319790872633
0,0.2212403136400262,0.07681445777416229,0.1222250770885433,0.03738402868920889,0.24308447539806366,0.06519252806901932,0.02147604711353779,0.1077614352107048,0.2527118177260465,0.1160638635632755
1,0.5159233994168695,0.6615546941757202,0.799724096574719,0.6770374479187524,0.7835927605628967,0.9703129529953003,0.9556124806404114,0.7939297556877136,0.698385394234087,0.7573088796296853
0,0.4665235390261504,0.5232416391372681,0.33049955878734044,0.4968869988820163,0.5471047163009644,0.4990500509738922,0.3342016339302063,0.33980146050453186,0.5850907340873112,0.4472028698789557
0,0.206705158447654,0.15491889417171478,0.03760038945152294,0.15518187646632958,0.3072158992290497,0.02706497721374035,0.1870621144771576,0.3410821259021759,0.23308986518643113,0.17817757122359998
0,0.18316763006244238,0.22029264271259308,0.10364234027826272,0.08313641894786826,0.16637130081653595,0.06201234832406044,0.000769875303376466,0.09401389956474304,0.2371366779534721,0.11921312825768399
0,0.5330753213519199,0.6078805327415466,0.4648902045151823,0.5897245861498541,0.653910219669342,0.0051275878213346004,0.8107530474662781,0.6484116911888123,0.5954094400617446,0.5400564865447559
0,0.39666946041729645,0.5691406726837158,0.26009807093165543,0.3859938562309471,0.6686540246009827,0.6760961413383484,0.7324354648590088,0.6460893750190735,0.4880738103993723,0.5331497232747853
0,0.11502945097232876,0.008684840984642506,0.0005851721901084168,0.018251598177103777,0.020422471687197685,0.00014093871868681163,6.186933751450852e-05,2.9483351227099774e-07,0.18378351832456075,0.022945434588354
0,0.1896481226675974,0.07799697667360306,0.05225315188600097,0.14699864788664332,0.33222147822380066,0.3617647886276245,0.28646165132522583,0.19114725291728973,0.26340354149696893,0.20117634832613093
1,0.5248969862309202,0.5522500276565552,0.3079583090998325,0.4696493381725575,0.5183925032615662,0.459915429353714,0.4504818320274353,0.4387194514274597,0.6170875481619734,0.46839125834011447
0,0.4387750602940258,0.26117461919784546,0.012189274127239162,0.30881776846823084,0.5289437770843506,0.45147666335105896,0.406543105840683,0.4764729142189026,0.47239853124084463,0.35977980373651075
0,0.2696888625212539,0.2057492583990097,0.0758093448221573,0.09997871112438482,0.1957373023033142,0.00730532594025135,0.23389975726604462,0.07981494069099426,0.3015696763801708,0.14913612272664298
0,0.1299466145341501,0.06004645675420761,0.008723372444236039,0.05053256607642519,0.17157989740371704,0.03162871301174164,2.3833674276829697e-05,0.03221487998962402,0.19561715395220572,0.06437927604361704
0,0.4141802132712877,0.27716225385665894,0.00123805099828478,0.1684477828987974,0.20167142152786255,0.0001491452130721882,0.09406054764986038,0.03658398240804672,0.43017056425533,0.15970114754104903
0,0.41382347352214083,0.3377054035663605,0.2280343453819148,0.2842142247955026,0.35107624530792236,0.2675348222255707,0.36749446392059326,0.3645835220813751,0.4609098449493479,0.3279479668078021
0,0.2518584184347931,0.16757473349571228,0.07260991376775339,0.0747967553537373,0.3349757790565491,0.4694197475910187,0.23541778326034546,0.21511651575565338,0.3073194763811957,0.2247990338444605
0,0.3482859235892382,0.20387083292007446,0.054911673764918074,0.12922602713308162,0.23523029685020447,0.022331448271870613,0.22906546294689178,0.3290163576602936,0.33742900995935105,0.196689036082075
0,0.20814194613975484,0.0941707044839859,0.013153652406813713,0.04974486843780616,0.3789498507976532,0.23828332126140594,0.01113844569772482,0.23095828294754028,0.2396844680535158,0.15557005127104256
0,0.3233288177138664,0.2958719730377197,0.010816360016082296,0.1979217389145422,0.5179346799850464,0.4485401511192322,0.3022550940513611,0.27213364839553833,0.37637033214070303,0.2962901714134766
0,0.30665582027579896,0.40608593821525574,0.00941856986866113,0.3259634282161516,0.3627720773220062,0.15021491050720215,0.13251665234565735,0.3485713005065918,0.344516670104724,0.2618411899376024
0,0.3775109041974228,0.17554259300231934,0.12723075210337043,0.3543647370490635,0.36729639768600464,0.30274462699890137,0.19372546672821045,0.3189947307109833,0.43192274219627047,0.28103876962834506
0,0.5070419729526126,0.45100194215774536,0.4742004214423989,0.4849566809919294,0.4254818558692932,0.4487432539463043,0.0009464726317673922,0.529340386390686,0.5864309028809519,0.4244526823787695
0,0.19664959417044575,0.1416255235671997,0.005357069341526032,0.0881539696004295,0.3487999141216278,0.23083318769931793,0.28731662034988403,0.17435799539089203,0.25015977940737033,0.1821967427293291
0,0.13622682786851953,0.05062853917479515,0.0017838565407792752,0.11613200485075699,0.22076188027858734,0.03457446023821831,0.008550315164029598,0.018160153180360794,0.20769922986798672,0.0781162101089139
0,0.2887673294962686,0.11024388670921326,0.006287001758353041,0.10735360181522106,0.3132568597793579,0.4370565414428711,0.1402590423822403,0.31840595602989197,0.317163501856858,0.21411464204194386
0,0.5757100694177201,0.5102425813674927,0.7617188564883136,0.725719394235892,0.5750133991241455,0.4402883052825928,0.49285194277763367,0.499914288520813,0.7192878195453783,0.5770007527017784
0,0.14896153763579462,0.06836439669132233,0.0054973214971708205,0.07641519054617353,0.04965982586145401,9.695458720671013e-05,0.0008696706499904394,0.0008310382254421711,0.2110973023692049,0.048169038368572434
0,0.18516381796899495,0.1187232956290245,0.027817183152989377,0.13428585413458788,0.10490892082452774,0.029236536473035812,0.1633482128381729,0.1595669537782669,0.2337496754256585,0.11657856220399052
0,0.24528995318863053,0.1743629276752472,0.004188368028985999,0.16228089851629074,0.3726624548435211,0.02180815301835537,0.33788371086120605,0.35368478298187256,0.26010578593218653,0.20850315369971412
0,0.24985191564323272,0.2310774326324463,0.009153619004527823,0.18242430188263742,0.5086019039154053,0.1073790118098259,0.5056292414665222,0.25190865993499756,0.29004175652882785,0.2535972044607669
0,0.5285995946969169,0.605565071105957,0.2046934767022604,0.46487899959880985,0.6240015625953674,0.46518591046333313,0.5901272296905518,0.5921586155891418,0.5976716411323105,0.5095246240063648
0,0.38722635949153356,0.38991591334342957,0.038901969290953846,0.34371572457035177,0.6762115955352783,0.24799607694149017,0.2527737617492676,0.45857223868370056,0.41413093445765264,0.3550191442156393
0,0.14443847952799171,0.10020647943019867,0.004123894144234526,0.09005033800857036,0.15489640831947327,0.030452923849225044,0.13806863129138947,0.028251858428120613,0.2127865437372856,0.08830988543110774
0,0.44713599526007164,0.4713151156902313,0.13559724042972426,0.2956850814599019,0.4691477119922638,0.17123523354530334,0.44489502906799316,0.5731359720230103,0.4533129127095432,0.3772176879523409
0,0.21144109176813664,0.16902460157871246,0.0007986031086573973,0.0555362704404865,0.18758881092071533,0.1857665479183197,0.13377496600151062,0.28595370054244995,0.23844295241834126,0.1533154861379428
0,0.2336939767348716,0.28021904826164246,0.011952914891911857,0.10324293456597444,0.1183168813586235,0.06135919690132141,0.13898934423923492,0.11118094623088837,0.2726385656640756,0.13604721083109528
0,0.3771942465941308,0.5288539528846741,0.11443090129538018,0.23097453896502834,0.4821696877479553,0.458103209733963,0.4221768379211426,0.3520449697971344,0.43883492653872797,0.37019242559513266
0,0.10395957367433936,0.009150182828307152,0.0021957377106803263,0.022003477664621074,0.08386440575122833,0.01577102579176426,0.014653288759291172,0.021299095824360847,0.17757674542430327,0.03622729430772999
0,0.17696165014520562,0.05979205295443535,0.0018763573951366562,0.08510888548614438,0.21546314656734467,0.08621349930763245,0.0011737054446712136,0.0237919632345438,0.23230206122281594,0.08611772591205752
0,0.48584668442813916,0.5402631163597107,0.18980422088793877,0.6023281730809348,0.4722505807876587,0.41792353987693787,0.4227141737937927,0.34715479612350464,0.6046540870679252,0.44027102952960084
1,0.8324412910822204,0.918994665145874,0.9032360527257678,0.9216240519988842,0.9132967591285706,0.9463852047920227,0.9224887490272522,0.9266976714134216,0.8939696319340273,0.9086089509886831
1,0.4593074532015532,0.2734076678752899,0.04486904311779823,0.2849069544875723,0.6292460560798645,0.41254478693008423,0.0480872206389904,0.3743335008621216,0.48647729193884887,0.32425935067511213
0,0.3838694740524394,0.14659495651721954,0.007273741930420724,0.12105986928443893,0.3392188549041748,0.2064010351896286,0.3024047911167145,0.32477039098739624,0.3802089484339507,0.2293359090659141
0,0.2780639531539791,0.37587353587150574,0.08594290299547916,0.20338796654927338,0.3479056656360626,0.034368861466646194,0.42516666650772095,0.35470789670944214,0.3041373772753775,0.26288705575566307
1,0.5953571982069429,0.6188001036643982,0.4150701428000156,0.6940236366775234,0.49086397886276245,0.018009310588240623,0.1582609862089157,0.12223213911056519,0.7077651851043055,0.40912029469345934
0,0.5513013285750048,0.5150277018547058,0.11353688608492678,0.515387839230909,0.6061516404151917,0.007241891231387854,0.34529176354408264,0.9021713733673096,0.5194943735983785,0.4514763694298365
1,0.6692169002732211,0.6229544281959534,0.126179998377899,0.5919532389837898,0.7265506982803345,0.5557588338851929,0.632446825504303,0.5612086057662964,0.7369088742037005,0.5643480236130717
0,0.098197983209052,0.03885035589337349,0.0006405623695358699,0.02969250805498865,0.15423277020454407,0.2886478304862976,0.23228850960731506,0.15744200348854065,0.18582058137217522,0.11934742381691982
0,0.304951040386928,0.3042551875114441,0.08910421481642528,0.0911944946942222,0.3827242851257324,0.0009464275790378451,0.14543955028057098,0.09296683222055435,0.32524172751265634,0.18364776771554478
0,0.6238222916492938,0.6590002775192261,0.34931296805799794,0.5238563174412685,0.7080870866775513,0.8172703385353088,0.5562183856964111,0.7090850472450256,0.7129769073803914,0.6172989520971508
1,0.5633835123988372,0.6252347230911255,0.2635952563138932,0.5230684784227095,0.6490587592124939,0.8538176417350769,0.024722695350646973,0.7674247026443481,0.6397474731342507,0.5406595519744375
0,0.29584788977050613,0.1501842439174652,0.006581524724150626,0.04799363142141673,0.1234380230307579,0.0008427692227996886,0.003872091881930828,0.0002463364216964692,0.3101257567960551,0.08642693747220079
0,0.4380340613406331,0.30390772223472595,0.03428503304041018,0.3126522411931919,0.5303019285202026,0.41623324155807495,0.3708140254020691,0.41860851645469666,0.47858564403695003,0.3542369948415585
0,0.17981339321722828,0.11084826290607452,0.004066449622839883,0.12963718020022386,0.07628767192363739,0.017968878149986267,0.06224227696657181,0.04019886627793312,0.2368424524824468,0.08177485073813867
0,0.26738317041477017,0.08923712372779846,0.005554577474003173,0.04472883681106855,0.13863053917884827,0.007701042108237743,0.12000207602977753,0.04390941187739372,0.2851496807475529,0.09377524892164098
0,0.4171679635038291,0.3691398501396179,0.1402818567086823,0.3675005647016983,0.48984572291374207,0.3978954553604126,0.4564800560474396,0.5374671816825867,0.46507498097353456,0.3955342079567674
0,0.5495599506519432,0.57766193151474,0.6063251312038386,0.5647635062573907,0.6761172413825989,0.7639309167861938,0.8491398096084595,0.6099741458892822,0.6925970603165577,0.6420340478289333
1,0.5196975260413091,0.9187664985656738,0.9233102587698997,0.8209028045685852,0.84871506690979,0.45700499415397644,0.5605666637420654,0.8745818734169006,0.6713252997998,0.7436029951566405
0,0.33693953892129636,0.24749904870986938,0.00449270569030077,0.21680885894846924,0.6412694454193115,0.0017477474175393581,0.005468172021210194,0.039283983409404755,0.36463867867742517,0.20042986711474603
0,0.20402386151340288,0.038760021328926086,0.00012859296882648962,0.029948540370440875,0.21954374015331268,0.04988735914230347,4.7236176214937586e-07,0.006004552356898785,0.24104986441927526,0.0737743579177612
1,0.7178883967299555,0.7152214646339417,0.24484123117618126,0.8280868509207137,0.8795952200889587,0.5631583333015442,0.009754188358783722,0.5412037372589111,0.7941295282972167,0.5829021838992632
0,0.30887231197769754,0.06839464604854584,0.016921041839488973,0.21923115792723788,0.4855126440525055,0.43575555086135864,0.46457064151763916,0.3894839882850647,0.3503000661791554,0.29272631664853666
0,0.221670345319997,0.17650927603244781,0.01848833777504372,0.1500705848569686,0.07752940058708191,0.0007505230605602264,0.0021315901540219784,0.0005956678651273251,0.27195645676698527,0.08827649893826812
0,0.21693452941741545,0.04142075031995773,0.0010728350836180461,0.0755137717335201,0.07237022370100021,0.0010711867362260818,0.0039593824185431,0.009935171343386173,0.2527469019917395,0.058203404064686326
0,0.09967049906719236,0.011715204454958439,6.631023480947528e-05,0.006376990346950783,0.06840290874242783,0.032195743173360825,0.012550137005746365,0.021012412384152412,0.17471302102414382,0.03318006206392869
0,0.44751152211953765,0.5067421197891235,0.20216308326200175,0.4070121438123099,0.44807061553001404,0.0016430472023785114,0.485336571931839,0.2323792427778244,0.5104478363424091,0.34791272878291074
0,0.4506163308346652,0.3571166396141052,0.2783174552034526,0.46980931587695635,0.44634053111076355,0.33412909507751465,0.47992879152297974,0.385628879070282,0.5390541991051659,0.4014377018870517
0,0.3349631777680815,0.2823011577129364,0.037342173529920586,0.09786922583320824,0.35842227935791016,0.3027096390724182,0.42154833674430847,0.6124221682548523,0.3195108482909857,0.30001929087001983
0,0.29686654052742634,0.17516925930976868,0.1364098099434351,0.15804263428399729,0.22198797762393951,0.00024362439580727369,0.02698279172182083,0.0661960169672966,0.32964995058952357,0.14352129648072964
0,0.5534586914487553,0.5318796038627625,0.1640777298797593,0.25515069682480407,0.5055110454559326,0.060116738080978394,0.006920269224792719,0.6059972643852234,0.5145958340554876,0.3481550776255072
0,0.7530786787969441,0.5108742117881775,0.29533270829654346,0.589467344439066,0.7982887625694275,0.33896586298942566,0.983002245426178,0.5763617157936096,0.787882812722406,0.605258424233289
0,0.24540317005089812,0.279034286737442,0.0864855704006946,0.14143247727800143,0.3036373555660248,0.3584698438644409,0.22267043590545654,0.1625501662492752,0.31285033031226717,0.22502289196525765
0,0.20827348618488994,0.08685142546892166,0.0572618584563027,0.07087566583854238,0.11496413499116898,0.0028027654625475407,0.003372856182977557,0.002555503975600004,0.2512679932947707,0.07408421040786349
0,0.5445512732619836,0.599743127822876,0.11134583460717924,0.35292692346527094,0.7605842351913452,0.27113062143325806,0.7480247020721436,0.5614235997200012,0.5731366501381838,0.4932676448514158
0,0.343027553641888,0.22748999297618866,0.007542098695080967,0.15482458619926312,0.13509969413280487,0.011369981802999973,0.028638804331421852,0.013089497573673725,0.3679187312520512,0.12478432744834446
1,0.24797101927131066,0.2741799056529999,0.0037088505585907952,0.1379219460882518,0.3050479590892792,0.1739608496427536,5.2063833209103905e-06,0.048440154641866684,0.29916266051117035,0.15652392121106315
0,0.3871243637883845,0.5045331120491028,0.01404261261833321,0.3526217499341603,0.41762441396713257,0.24997437000274658,0.2890176773071289,0.30876424908638,0.44127053821397694,0.3211473240771985
0,0.2465629403719093,0.14992401003837585,0.010241246947163647,0.049171517059511394,0.06567668914794922,8.771903958404437e-05,0.002347670029848814,1.826026891649235e-05,0.27415841980293654,0.07205046301205818
0,0.6101192165345535,0.7576863765716553,0.48193199281858784,0.5455998712186492,0.5093614459037781,0.39301419258117676,0.6598395109176636,0.34715601801872253,0.7253844919748901,0.5419956212774771
0,0.25404064478999294,0.18971844017505646,0.0033459650098472747,0.04677933235040615,0.2688647210597992,0.33668115735054016,0.2574748992919922,0.21361802518367767,0.29044963538641183,0.1940105645552569
0,0.19096649676761968,0.026725010946393013,0.005976466655611191,0.03843531620554399,0.3516385555267334,0.22967839241027832,0.17973603308200836,0.13075898587703705,0.23852644610760249,0.14345909883505067
0,0.5971721817418001,0.6216642260551453,0.7405141777888133,0.6354521611997133,0.6952142715454102,0.44787025451660156,0.21712397038936615,0.0015886969631537795,0.7680851808227821,0.510191485556423
1,0.43261481113123273,0.3602207601070404,0.17603096113618713,0.34567415426348247,0.5762877464294434,0.01224195584654808,0.1807388812303543,0.2814480662345886,0.46203578100098086,0.30653076117023137
0,0.4371508928037477,0.30703702569007874,0.041510563563760074,0.24459602715601997,0.29603132605552673,0.0211607925593853,0.11783944070339203,0.1489042043685913,0.45517505988574763,0.21239726882770127
0,0.2648913988651204,0.1948123276233673,0.00961027721404607,0.1474747583517331,0.22426211833953857,0.026425397023558617,0.19084668159484863,0.18634288012981415,0.2886615946561538,0.1589694109323073
0,0.20421885440691118,0.12267592549324036,0.0037261915590129898,0.13748453207437134,0.15925516188144684,0.03625277802348137,0.12539765238761902,0.15304479002952576,0.24535026821070047,0.12050823331100537
0,0.5080531492800398,0.24561339616775513,0.3232757478069007,0.355139238070535,0.5809303522109985,0.09557686001062393,0.6042325496673584,0.34954988956451416,0.5524955349107958,0.38425857500912786
0,0.18491483921468635,0.08683270215988159,0.004259598961741281,0.05512251603784044,0.023960774764418602,4.575172715703957e-05,0.0003263044636696577,1.3753204939348507e-06,0.23133646827413953,0.04922616802010551
0,0.3855000249171517,0.4726315438747406,0.549531269962114,0.19649807118315435,0.6310316920280457,0.029972834512591362,0.9704410433769226,0.29472917318344116,0.45143325048292676,0.4342189495022397
0,0.35262784806275854,0.38655421137809753,0.30605953357980054,0.1626416066094509,0.39461570978164673,0.3571341037750244,0.29553020000457764,0.29718253016471863,0.40834328557718397,0.3193808140178791
0,0.33326808813425707,0.6029279828071594,0.12471809127105316,0.4056923277786172,0.4796256721019745,0.1467013955116272,0.44677338004112244,0.5434119701385498,0.3781014544402657,0.3870355126228149
0,0.39742979638015474,0.2272123247385025,0.1436185706527196,0.13784840101578555,0.2641453742980957,0.2981065809726715,0.4545801877975464,0.28226661682128906,0.42807281537046316,0.27271926662378154
0,0.5174964446078545,0.5446529984474182,0.02568650877283351,0.48739086122408565,0.7433120608329773,0.7887763977050781,0.6995822787284851,0.5399919748306274,0.6187927371772879,0.5393321067986072
0,0.3113705340013628,0.4264943301677704,0.0020945645146189483,0.2935271210098529,0.4935986399650574,0.8261703848838806,0.49509963393211365,0.6349409222602844,0.3828831809398127,0.42590787431022137
1,0.8911294395641406,0.9397285580635071,0.9129498908125875,0.913756626852371,0.934021532535553,0.9526472687721252,0.4378952980041504,0.928244948387146,0.9071486248845808,0.8724415008390201
0,0.17520567163192483,0.05283072963356972,0.00017982682766074905,0.024479124978142742,0.19481830298900604,0.035788435488939285,0.003369219833984971,0.0002520934503991157,0.22195998408221343,0.06557960187548637
0,0.24018295016190572,0.4473327696323395,0.0058555425367857305,0.18166682393251615,0.26986977458000183,0.045679882168769836,0.23348359763622284,0.4477473199367523,0.25648967435068504,0.23568070657528783
0,0.16497750063611968,0.05428643897175789,0.003044182443353849,0.07600994882241022,0.22290173172950745,0.03316154703497887,0.04540371522307396,0.2423168271780014,0.20064757457469934,0.10729808972046669
0,0.28644376944728267,0.20480391383171082,0.005227719958781315,0.19081383651447473,0.3726322650909424,0.45884445309638977,0.3974932134151459,0.3515818417072296,0.33654773875201927,0.2786275377436066
0,0.5353876529651892,0.36555707454681396,0.34702811280041096,0.2054334266944493,0.1693876087665558,0.001211934839375317,0.004162281285971403,0.8906651735305786,0.45528434743833124,0.3209344177793969
0,0.3326209847314855,0.37331733107566833,0.2608494624377248,0.4687588590914171,0.3722217082977295,0.2541901469230652,0.3941262364387512,0.5271710753440857,0.4029719303824366,0.37265622785962393
0,0.4118207736602974,0.20646889507770538,0.12353855179980135,0.23884561750041103,0.32953837513923645,0.013159985654056072,0.06898319721221924,0.019296545535326004,0.4492764585238741,0.18815362472243496
0,0.17659733237382283,0.09342079609632492,0.01906333917638784,0.05033116461387044,0.1741919368505478,0.07065713405609131,0.013320798054337502,0.22751997411251068,0.20958647281370835,0.10545646406297757
0,0.29367691044407523,0.30028456449508667,0.05868546666747902,0.2054078089145621,0.39715415239334106,0.2029830664396286,0.06143039092421532,0.5983355641365051,0.2885965436552234,0.2676157092572358
0,0.5305337745926666,0.6379789113998413,0.2880581081763495,0.5028574696885677,0.6209902763366699,0.44886618852615356,0.6998798847198486,0.6835616230964661,0.6030070101397657,0.5492484843257375
0,0.1448699888396805,0.090742327272892,0.00040110251931180224,0.0465920272862095,0.22113128006458282,0.03388982638716698,0.0002330442948732525,0.048237111419439316,0.2024798220521583,0.07765595357402919
0,0.432690128394821,0.43258121609687805,0.17655328797589312,0.32445164241552504,0.5185374021530151,0.42888152599334717,0.36310869455337524,0.4670603275299072,0.48572305231596163,0.39414102745804014
0,0.26116422080099105,0.16612757742404938,0.09829391611281105,0.0691232432704576,0.023849040269851685,0.00014912060578353703,0.0025014872662723064,9.897343261400238e-06,0.2940371801879945,0.08430326710794017
1,0.3048955700288959,0.36510032415390015,0.11221079906437198,0.3867125943741461,0.4312185049057007,0.05903374403715134,0.005520281381905079,0.33737149834632874,0.3471960941479753,0.26080501238441495
0,0.3697807993365187,0.3867199122905731,0.3410929844164786,0.444191730060137,0.5315040349960327,0.18305356800556183,0.027046462520956993,0.0034659060183912516,0.4881246150655323,0.30000534052876093
1,0.3057212670488082,0.22422873973846436,0.0032391215654507693,0.29983179145690075,0.3325401544570923,0.3282320201396942,0.16468268632888794,0.4831714332103729,0.33496849401596057,0.2687878354571376
1,0.6854996195999906,0.7959808111190796,0.8260998865161857,0.798844181225344,0.7450875043869019,0.8136518597602844,0.7235091328620911,0.7551476955413818,0.816151595660412,0.7671552235046482
0,0.6075598553083751,0.5332117676734924,0.23470727846563355,0.42763655637913395,0.6753485202789307,0.5817537307739258,0.63507479429245,0.8102951645851135,0.6425116824922118,0.5599771267702927
0,0.6091503081032227,0.7789162397384644,0.9218924541470797,0.7160434173537904,0.6304576396942139,0.6237975358963013,0.6739597916603088,0.5421856641769409,0.7715178295811663,0.687885505573511
0,0.24282789550239073,0.18868914246559143,0.14420826651787272,0.13300354094795,0.301006942987442,0.07170585542917252,0.40772879123687744,0.25744104385375977,0.27995005024066816,0.2158454693992328
0,0.22303807352093816,0.1046990305185318,0.010094849630254588,0.16742683900706734,0.17015784978866577,0.2500564455986023,0.32712522149086,0.18841610848903656,0.2814768413728242,0.17698379189854468
0,0.2270418125251098,0.03888887166976929,0.00024058805877600324,0.05580500165937034,0.22609633207321167,0.1326804906129837,0.1447528898715973,0.23842360079288483,0.24623152166244283,0.13300229536236574
0,0.19219976081141094,0.0774822011590004,0.00013403658232004676,0.0800087161986696,0.13878925144672394,0.0058960444293916225,0.09976471960544586,0.06556921452283859,0.23448545971202114,0.08567070699737955
0,0.21354160293010593,0.12647895514965057,0.015258635082156632,0.041065378395257014,0.24621817469596863,0.3333171606063843,0.3995193541049957,0.20554371178150177,0.2639975463402586,0.19121365015703268
0,0.15644274393396204,0.0637182891368866,0.005535436785722327,0.10632100465340738,0.20332635939121246,0.020718544721603394,5.400119675869064e-07,0.0007766463095322251,0.21977166055551378,0.07510760815249622
0,0.39380378836251284,0.2698668837547302,0.09253196059963843,0.31648012240960244,0.5450689196586609,0.6397228240966797,0.35967329144477844,0.5524247288703918,0.44757543519554244,0.3928564646914387
0,0.27791219492493163,0.1210993230342865,0.03240316945968636,0.22001642959834977,0.21129441261291504,0.15498949587345123,0.5051257610321045,0.14367617666721344,0.3351077214884976,0.20498108564433673
0,0.4931633462061271,0.49962371587753296,0.19748848099759003,0.5095006461487628,0.636602520942688,0.3811689019203186,0.02627958357334137,0.4820261299610138,0.5578275602053944,0.41545476126377257
0,0.26540560015361175,0.28723713755607605,0.23453934460494527,0.31733347433578846,0.3247823715209961,0.3034393787384033,0.22747144103050232,0.14523962140083313,0.36475989134122805,0.26583125471056807
0,0.24321577248682047,0.22316674888134003,0.48358546295923344,0.1989223123386761,0.2395118623971939,0.29904550313949585,0.21329130232334137,0.10654616355895996,0.34702908453235864,0.25106512674701154
0,0.9131266077799307,0.9530827403068542,0.9726884565139722,0.9666411471242659,0.9559606313705444,0.8751937747001648,0.9309574365615845,0.8406969904899597,0.9240143041545743,0.9277223725219201
0,0.46913402026866813,0.39466309547424316,0.6545500897119524,0.2696593421875156,0.5663714408874512,0.3987881541252136,0.47722235321998596,0.501283586025238,0.5395562209175065,0.46434178353354433
0,0.3588194502831398,0.16464193165302277,0.13314488181999717,0.2288033881209312,0.3933087885379791,0.25074610114097595,0.028185471892356873,0.5538285374641418,0.3529833861345679,0.26772302841777895
0,0.17988805506270164,0.1912788301706314,0.05453040411777392,0.12058730797171247,0.3474675416946411,0.3604108691215515,0.2565648555755615,0.1628144234418869,0.25807271628878903,0.20686229371654682
0,0.4399264216770506,0.4390299320220947,0.13242220876480132,0.31404365892881986,0.4891083240509033,0.22027863562107086,0.05843733996152878,0.5277507901191711,0.44705896708745485,0.3362803876605338
0,0.3258865329311503,0.3754502236843109,0.01789711650664597,0.277752774164332,0.6158540844917297,0.6557496786117554,0.5525227189064026,0.6101047992706299,0.37916679704942335,0.4207456633243086
0,0.15911886308658904,0.031096570193767548,0.022463234132136373,0.03874020139393798,0.23289285600185394,0.03752647340297699,1.7544538422953337e-05,0.0005467150476761162,0.21429334528347982,0.06992633769182438
0,0.25016017926646666,0.2508275508880615,0.051814373070836195,0.41080097711616725,0.6131720542907715,0.3443765342235565,0.3104099631309509,0.24906110763549805,0.3448645606407255,0.3123071717843666
1,0.34511259750894757,0.2605054974555969,0.0363183053822001,0.332682669261426,0.4027113914489746,0.5214104056358337,0.3470936417579651,0.2319115400314331,0.434548866192386,0.3094111125267326
0,0.5880539104810684,0.7001286149024963,0.711442203014171,0.5108867673561692,0.6541789174079895,0.17009681463241577,0.4096692204475403,0.8140639066696167,0.6318623386256483,0.5754634234216798
0,0.133357445704095,0.03454719856381416,0.001712608866027641,0.015747825145314996,0.018524713814258575,7.031170389382169e-05,2.3498034352087416e-05,8.175595311854522e-09,0.1942258185694147,0.028535687315575754
1,0.22155926440883034,0.05064529925584793,0.0041836420090186404,0.07996191573953566,0.2499951720237732,0.16586312651634216,0.018632829189300537,0.1523551344871521,0.2544855868861726,0.12124126197906135
0,0.12917709377875697,0.021894603967666626,0.0023681202593315276,0.018600363540659307,0.03962356969714165,0.007514389231801033,0.02013603039085865,0.03184166178107262,0.1900510767231891,0.03614062918275539
0,0.7326140099456231,0.8135747313499451,0.5410435838261072,0.7280042343244346,0.7840675115585327,0.18538807332515717,0.9759311079978943,0.9080165028572083,0.7699280983537147,0.709002600282549
0,0.12130809501547711,0.028606679290533066,0.0007458859594260832,0.028224562237090044,0.03292093425989151,0.0005889165913686156,0.005187808070331812,0.0002729505649767816,0.18877078850073725,0.03010701798299841
0,0.43354493538775346,0.2702368199825287,0.20886639413917843,0.3780263572119782,0.37094369530677795,0.614817202091217,0.0001460330531699583,0.45436882972717285,0.5034629091874837,0.3462729747022288
1,0.41629291000039986,0.1387036293745041,0.000750019041593357,0.06753660766014333,0.1071600541472435,0.0008287287782877684,0.0355985164642334,0.08433065563440323,0.4022433231584411,0.11506843670379098
0,0.5133319882199795,0.28845101594924927,0.28619508450009096,0.17609077757451555,0.5131401419639587,0.41214054822921753,0.391093909740448,0.48755908012390137,0.5314380854067545,0.38282553502859284
0,0.25021556143653406,0.27516838908195496,0.08437667853892535,0.1633077256661986,0.14345447719097137,0.0004066039400640875,0.000364762672688812,0.04050312936306,0.29668177509283533,0.12828279772574258
0,0.17875328931282186,0.1904359757900238,0.008367673027070142,0.24938074521667425,0.21654216945171356,0.10248255729675293,0.0002013722842093557,0.031643956899642944,0.2596089020194933,0.12938876845885708
0,0.3127419471863796,0.18829190731048584,0.007921756525106299,0.16449347485944926,0.28018149733543396,0.1651337593793869,0.0015636240132153034,0.10773801803588867,0.3442629479858471,0.161336551344767
0,0.2772520614706045,0.21200357377529144,0.06179322590500912,0.13387937845305173,0.42326706647872925,0.4316490888595581,0.33838120102882385,0.29583117365837097,0.3262637171711934,0.26836885231360286
0,0.18523529262168714,0.13865092396736145,0.07088432377302357,0.33866680960954704,0.1206575334072113,0.050355903804302216,0.04608536884188652,0.06936746835708618,0.27264943134274844,0.13381431649827275
0,0.24424072002631436,0.21227946877479553,0.005548788790996234,0.08963609022339482,0.26145002245903015,0.3864275813102722,0.22599263489246368,0.29314929246902466,0.28484887713074414,0.2122068338198395
0,0.2010158211918843,0.17750462889671326,0.022474951967834965,0.12393374801823138,0.3537069857120514,0.13709057867527008,0.2514151632785797,0.30129140615463257,0.23861655276231578,0.19520161825449606
0,0.8104262848522762,0.8483194708824158,0.6451153775606477,0.8530385130277984,0.9021673202514648,0.12436670809984207,0.8970429301261902,0.6026319265365601,0.8510496398604045,0.7194179300415928
0,0.5834014645758326,0.2846812605857849,0.09760017109296913,0.3070171243220186,0.7173792123794556,0.6989111304283142,0.6405912041664124,0.6083274483680725,0.62145166299421,0.4869179007584784
0,0.4628752930428341,0.4646492302417755,0.2596012235428021,0.4358893939649804,0.5408104658126831,0.221034973859787,0.17951735854148865,0.46092599630355835,0.5130896767128175,0.38693067649593543
1,0.44828028026342465,0.3892039358615875,0.37936130548567276,0.481558866396652,0.39372870326042175,0.5266927480697632,0.5429378747940063,0.42700904607772827,0.5648067166615017,0.44590764862953935
0,0.1768696923535395,0.0526837520301342,0.050842259985384254,0.05704657072771261,0.19606934487819672,0.32880812883377075,0.14486537873744965,0.07375279814004898,0.2484082472432709,0.13358435456347378
0,0.37345268698585465,0.19509412348270416,0.010672820101481573,0.15856131599166093,0.2864999771118164,0.24918003380298615,0.21908965706825256,0.3603799641132355,0.3769703393591533,0.23302098971151
0,0.5448350390526278,0.3628937304019928,0.1615819842602812,0.37383330448513186,0.41824784874916077,0.004034598357975483,0.694779634475708,0.5806576609611511,0.543709911346594,0.3920525470909496
1,0.2153421410824584,0.11774693429470062,0.07039476776882916,0.06095691493733261,0.2932959496974945,0.051571015268564224,0.00021950880181975663,0.05712437257170677,0.25327112187332035,0.11439982677224717
0,0.4560505100690073,0.27841588854789734,0.11987973544085356,0.2424786054065931,0.4205617904663086,0.34572768211364746,0.019077692180871964,0.7704760432243347,0.42178210679513145,0.3354236865728025
0,0.31212079100997925,0.21176029741764069,0.007622041877939196,0.1475818645211748,0.4270976483821869,0.376782089471817,0.17180782556533813,0.20119456946849823,0.3543560625002895,0.23431193924134686
0,0.4621825848039763,0.5485154390335083,0.14069254743073087,0.5219764410473647,0.5894322395324707,0.43898841738700867,0.4796210825443268,0.40227678418159485,0.5621414526730064,0.45123629235860585
1,0.12900706712379176,0.054476574063301086,0.0016019275586586753,0.07252622959450639,0.03495166823267937,0.00010880815534619614,0.0012943840119987726,4.50338156952057e-05,0.1985888909743208,0.04048710892007021
0,0.21273935025567742,0.22506330907344818,0.06503378359925878,0.1702410762816243,0.2053336203098297,0.11306546628475189,0.10615379363298416,0.031355120241642,0.28063541953297905,0.1459949847391094
0,0.473304643144688,0.607151985168457,0.23493499882466273,0.6147918879008631,0.4940699338912964,0.46124106645584106,0.3721408247947693,0.4158271849155426,0.594992014231094,0.4649128240684226
0,0.17437993816639127,0.17982232570648193,0.011794735009614364,0.09825768986899813,0.276029497385025,0.10908757895231247,0.008852232247591019,0.13184203207492828,0.22679223773028795,0.12839953189484593
0,0.5042913751012947,0.3507559895515442,0.2181359139865768,0.5075958515879943,0.44614532589912415,0.4022572636604309,0.04988027736544609,0.014973043464124203,0.6300304312130113,0.3258147822141918
0,0.8185420424921915,0.8957492709159851,0.9710918697512846,0.9245197665239512,0.9058606028556824,0.9417316317558289,0.8670978546142578,0.8287384510040283,0.8953217697002258,0.8936114499082496
0,0.19913574995701266,0.14468277990818024,0.046855277374450804,0.06357292353823933,0.2277088463306427,0.3663170635700226,0.1914072483778,0.1571485996246338,0.2619847470875418,0.17229063757595575
0,0.3412004607384765,0.14835743606090546,0.13630005806609494,0.10138009597910765,0.27991005778312683,0.37346571683883667,0.18193656206130981,0.22783999145030975,0.3758189300303359,0.22410256927902358
0,0.16656548953973918,0.13514015078544617,0.10908553171246195,0.13294506648158758,0.13117216527462006,0.0004163200210314244,0.002324865199625492,0.01914651319384575,0.23404514211704552,0.09282863386454204
0,0.19214171215924247,0.07713234424591064,0.009661848638033953,0.07092288563199975,0.03289121389389038,3.952429324272089e-05,0.0007711223443038762,1.363355579542258e-07,0.23808125415288003,0.052998852470875324
0,0.6816899754322056,0.8072912693023682,0.6000353523022293,0.7184848553612877,0.7351197600364685,0.918573796749115,0.7820237874984741,0.8869250416755676,0.7909699571698723,0.7616431844535752
0,0.23930630700474892,0.12218770384788513,0.057309388010036454,0.2592572846605156,0.26727667450904846,0.1818266212940216,0.3326270282268524,0.538800060749054,0.2651940541700928,0.24565568508438534
0,0.47346472400877326,0.5729909539222717,0.2501692308818043,0.4628115981315036,0.42730316519737244,0.46276071667671204,0.3423048257827759,0.31688249111175537,0.5814362711678182,0.41865596272923167
0,0.2436654149178584,0.17525433003902435,0.003495999006611493,0.09833914485778389,0.3713158071041107,0.43637192249298096,0.33496955037117004,0.20055121183395386,0.3017227068456025,0.22913849635011743
0,0.5608247052116806,0.5684337615966797,0.3044225653984656,0.5246723519247473,0.5253342986106873,0.5823326706886292,0.1817423701286316,0.8029316663742065,0.6136048088543617,0.5112625752771428
0,0.45444665673813156,0.450638085603714,0.28847945331656616,0.3076155157230838,0.41699862480163574,0.2643217444419861,0.419925332069397,0.5764580965042114,0.4819122695744333,0.39747155803087997
0,0.1662300043060993,0.06985673308372498,0.0035579501805939506,0.08230985869912152,0.046950601041316986,0.00011764335795305669,0.0027573939878493547,0.007861971855163574,0.22170850531424874,0.05206585978022109
0,0.49567033649459197,0.4542762041091919,0.38104134727333006,0.3186784560919252,0.5478046536445618,0.4680381119251251,0.4922780990600586,0.5636007785797119,0.5526279019836309,0.46341568188487464
1,0.3082290115183827,0.36936309933662415,0.3653600795449003,0.17470110993368787,0.4220331609249115,0.430027037858963,0.27894818782806396,0.23406751453876495,0.39079013553713665,0.3225593434174019
0,0.37641081543860855,0.19536751508712769,0.06092027813630194,0.19920572253764826,0.5014013648033142,0.39285537600517273,0.2781987488269806,0.268315851688385,0.41699320893990777,0.2854453753877755
0,0.23637673117959845,0.08172288537025452,0.049519369002475416,0.04097288225708401,0.13438887894153595,0.0017237820429727435,0.0009647989645600319,0.006191889755427837,0.26527740964482943,0.07505986077305962
1,0.5530470816104571,0.6132112145423889,0.7913281140985895,0.7411943764678028,0.4820103943347931,0.765659749507904,0.7289160490036011,0.48164093494415283,0.7456782612002828,0.6409701365901834
0,0.2838186884681747,0.2888627052307129,0.028339885347340266,0.2130453132442256,0.3826935291290283,0.3032963275909424,0.49099671840667725,0.4457760453224182,0.31895435143666007,0.2993453149502179
0,0.14636071341485965,0.057443585246801376,0.0005918453154965017,0.047791982063437745,0.1556883454322815,0.06614776700735092,1.5079409422469325e-05,0.006198621820658445,0.20912281579017342,0.06391298064750364
0,0.142793595275722,0.06760670989751816,0.003923163028966633,0.055171965911232315,0.19981223344802856,0.24020928144454956,0.16470392048358917,0.05475832149386406,0.21960207721893454,0.11487217518786356
0,0.2934658060301738,0.1126883253455162,0.007982101760331834,0.10214236922098974,0.36836662888526917,0.32892298698425293,0.31250619888305664,0.20407263934612274,0.32867422745310804,0.21443280698455802
0,0.5599202440951315,0.7780309319496155,0.32091541028774756,0.41744095665206327,0.9480011463165283,0.9528729915618896,0.5040422081947327,0.8871503472328186,0.635130489082728,0.6680165894952279
0,0.4085905856594287,0.33351224660873413,0.10914491655367373,0.29845443272889205,0.5105609893798828,0.467585027217865,0.49937403202056885,0.4039463698863983,0.4682082074014166,0.37632938160270235
0,0.35984106302409347,0.33409130573272705,0.032563899133400284,0.2968681728419573,0.6744306683540344,0.05534444376826286,0.06476210057735443,0.18268810212612152,0.3908268697665,0.26266698633986335
0,0.15607345677980208,0.048793625086545944,0.00020876452487969004,0.03694191009757859,0.1994936317205429,0.25601544976234436,0.3978041112422943,0.263897180557251,0.2118416539142453,0.16182423986744368
0,0.28573701160766,0.2216239869594574,0.15259483117507533,0.19443773410743262,0.3923109769821167,0.33468061685562134,0.3356476128101349,0.12751972675323486,0.36141033767460296,0.255290924113291
0,0.31837964297754096,0.1865832805633545,0.0035058756959835285,0.19968806434680725,0.4597759246826172,0.2231428623199463,0.4649900794029236,0.30017250776290894,0.3486129356983895,0.2673851735584936
0,0.42271368486405814,0.3646986186504364,0.2080940629948216,0.2631660721708926,0.33887219429016113,0.012723559513688087,0.038270797580480576,0.21087755262851715,0.44790368046945434,0.24423964090238137
0,0.3926820534286186,0.3134475350379944,0.024371993582819426,0.31944213122256293,0.34177225828170776,0.02774008736014366,0.01846146583557129,0.15671534836292267,0.42389555092331316,0.21202007053319727
1,0.30349429777089015,0.058049801737070084,0.0004146112758683795,0.14406946472141838,0.3006247878074646,0.00034600612707436085,0.0035481704398989677,0.0702337697148323,0.3182675202912155,0.1188019868527707
0,0.18204266257899562,0.14009049534797668,0.02238683199029472,0.05146199411334889,0.0930967926979065,0.005947239696979523,0.027653101831674576,0.0334504060447216,0.22872818352079874,0.07404959742492309
0,0.21823347028879353,0.24477547407150269,0.3996924307935672,0.2559569141755134,0.33651793003082275,0.09986714273691177,0.07161075621843338,0.18337121605873108,0.29895260990743544,0.2315146218056663
0,0.1455742788986749,0.01613328792154789,0.0007780439241674415,0.02511545528861079,0.20574843883514404,0.07978612929582596,0.00010864363139262423,0.008263188414275646,0.205527652671842,0.06369376915905499
0,0.1762886712550951,0.03478344529867172,0.000161639734871373,0.016149344771733458,0.14408910274505615,0.04727833718061447,0.08645998686552048,0.05467744171619415,0.21908446428365025,0.07191940673763302
0,0.2660663871795812,0.2470722198486328,0.056343811844690686,0.1565771148116062,0.22412675619125366,0.21573922038078308,0.2847045361995697,0.2779848277568817,0.30416369682814987,0.2151507366305195
0,0.5260566289767487,0.5775411128997803,0.514759844877134,0.5234495567122245,0.6031491160392761,0.26227036118507385,0.5652825236320496,0.49495604634284973,0.6190858951454,0.511506094000733
0,0.23431676117241448,0.14765174686908722,0.08192848175164336,0.12268938390417183,0.21529312431812286,0.004901078063994646,0.5879992842674255,0.2312423586845398,0.27010481233633954,0.19725972354054216
1,0.413748827693318,0.3461903929710388,0.015555783750034463,0.4549490210654598,0.3698105216026306,0.4071640968322754,0.36888113617897034,0.23828358948230743,0.5075262377971511,0.3301562727812282
0,0.3736550784681316,0.19318272173404694,0.004349134019881022,0.12932798619001565,0.361817866563797,0.3085789084434509,0.00025311607168987393,0.29546868801116943,0.3783886631603951,0.21422884846429877
1,0.11068288724286075,0.03672395646572113,0.0007466879432323229,0.03333529761855894,0.05760202556848526,0.02647523581981659,0.03317329287528992,0.07336583733558655,0.17978029128590797,0.04791693186167035
0,0.5139937780567556,0.6430642008781433,0.32492607450464106,0.4680739003585108,0.7080721259117126,0.7410534620285034,0.6617836356163025,0.7865214347839355,0.5995768969546539,0.6001664404805119
0,0.18258448363142216,0.056027933955192566,0.0022498618734809626,0.04269714516136563,0.1585921198129654,0.23783178627490997,0.15316835045814514,0.07782845199108124,0.240572573063233,0.11294361768577528
0,0.3650185896765146,0.2814120054244995,0.043539506003803956,0.24540045333560945,0.4283863306045532,0.22245065867900848,0.41137048602104187,0.25188562273979187,0.40643443862273826,0.2822721412017841
0,0.3107639349935933,0.19984377920627594,0.017422720736561162,0.30332782684577986,0.46986883878707886,0.460925430059433,0.24432767927646637,0.07154908776283264,0.4071237677572581,0.2627506389888713
1,0.7744755254411733,0.824244499206543,0.8263245763132451,0.82053988243105,0.8991414904594421,0.9512302875518799,0.27179136872291565,0.8488140106201172,0.8545896235454542,0.7858141306419573
0,0.2539398441232214,0.14003664255142212,0.14119293556160728,0.09104188168956562,0.051396049559116364,0.0001818774180719629,0.00024359443341381848,0.09588803350925446,0.2828537994068191,0.10245618179153018
0,0.47458515237557575,0.5364186763763428,0.07737723792687974,0.4888177721995407,0.5992403626441956,0.5034352540969849,0.4590092897415161,0.4102989435195923,0.5668756554910074,0.4466299396145901
0,0.22084255644624812,0.26550722122192383,0.09610131380745911,0.15860385968205218,0.4521214962005615,0.33009397983551025,0.2555786073207855,0.5575494766235352,0.2513416282896889,0.2883854078380549
1,0.35837232279225595,0.5262072682380676,0.8803376107291991,0.4843549745485923,0.4249958395957947,0.22418609261512756,0.07532383501529694,0.7648249268531799,0.43391611126515506,0.4717635341965296
0,0.3844052385871393,0.36951714754104614,0.04412997630615533,0.17575807476277214,0.535395085811615,0.6199657917022705,0.07545626908540726,0.06499383598566055,0.4686065240610063,0.29008871903615563
0,0.43436460371861096,0.29397740960121155,0.3963894307785123,0.42064754973969753,0.5049408674240112,0.34375160932540894,0.38821810483932495,0.2997758090496063,0.5317046536663753,0.38783245401297284
0,0.4412566617166876,0.23629437386989594,0.32982613706634256,0.25083114857805566,0.5712912678718567,0.28851357102394104,0.7517072558403015,0.2684135138988495,0.5103735855514099,0.3872245820756625
1,0.4922279796524752,0.3269852101802826,0.559529127413202,0.26169617905150194,0.5070251822471619,0.31237760186195374,0.5431597232818604,0.5641412734985352,0.5343347951126578,0.44250811495476805
0,0.14440809388917036,0.034827567636966705,0.0020641969371577753,0.03729732895601429,0.2312236726284027,0.255850613117218,0.2264036387205124,0.07904105633497238,0.21761258386502005,0.1233594085261703
0,0.40122333179200764,0.2674150764942169,0.15112267729971043,0.3468685076551778,0.4697035253047943,0.42849788069725037,0.3922179937362671,0.4232819378376007,0.46128557223771327,0.3593032301305983
0,0.2804142669331447,0.09144535660743713,0.19996899333814297,0.1429549952094981,0.2603301703929901,0.06966865062713623,0.15130862593650818,0.05212885141372681,0.32752245633254395,0.16034522755137576
0,0.26182286722251713,0.13671927154064178,0.0035242703907586936,0.11557352886982539,0.3841257095336914,0.1417495757341385,0.0017094429349526763,0.003834337228909135,0.3041019521749775,0.13906467813242843
0,0.2308326933773776,0.22044934332370758,0.009836331135569457,0.07586431291117392,0.3237914443016052,0.30897125601768494,0.3443607687950134,0.14332042634487152,0.28642340174075215,0.2045367963608008
0,0.15693695977551725,0.06498423963785172,0.033282021186665324,0.08024049090517076,0.053787603974342346,3.479325459920801e-05,0.002330475952476263,0.0005230128881521523,0.21779801481733183,0.0534443005923646
0,0.1676485227534671,0.06661808490753174,0.008488962893195817,0.0711463980358477,0.24160492420196533,0.059659235179424286,1.88751128007425e-05,0.03523433208465576,0.22191073003012277,0.08618158823976696
0,0.3013846587160322,0.32627806067466736,0.0635568074776837,0.19465077183944823,0.4949336051940918,0.009840657003223896,0.032096121460199356,0.06896378099918365,0.33740674472691445,0.19790214286153987
1,0.8993882635399925,0.9499605894088745,0.9601008303134546,0.9343701681078148,0.9012653231620789,0.9572031497955322,0.9580745100975037,0.9546704292297363,0.9167117916248746,0.9376566568989169
0,0.4246067718398285,0.4208943843841553,0.2563139186833071,0.32123414384055315,0.4766613245010376,0.3450154662132263,0.25142917037010193,0.439592570066452,0.4751365772694355,0.37071050598142585
0,0.29005142920041266,0.3328746259212494,0.020542399833484253,0.2859221206252278,0.4883117079734802,0.4010840058326721,0.35376784205436707,0.2260737419128418,0.36818899301874103,0.3002414398095477
0,0.14725502631721252,0.07993970811367035,0.004773665663583336,0.05438371337502108,0.14333496987819672,0.04271482676267624,0.17836280167102814,0.12109213322401047,0.20319654959879235,0.09613878865994509
0,0.3579973596870453,0.31814301013946533,0.22243884626191562,0.19302155856556372,0.116431325674057,0.00012057476124027744,0.0005486185546033084,0.004416004754602909,0.4050784859181742,0.1626785894329678
1,0.7911252912441422,0.8631015419960022,0.8010968463965845,0.8309785597224784,0.839249312877655,0.6935209035873413,0.7756305932998657,0.6179376244544983,0.8726322688860658,0.7807542577868944
0,0.5128016611636653,0.606654703617096,0.7478006526636828,0.3343160608365125,0.3652377426624298,0.004944934509694576,0.08907804638147354,0.013550621457397938,0.6170020111610589,0.3500498560683094
0,0.18702307897752196,0.08664827793836594,0.0035866399151144083,0.05810434414267037,0.10793910920619965,0.0008933706558309495,0.0015088911168277264,0.00034523443900980055,0.23258230874580596,0.061106889725296445
1,0.7540451917851044,0.7467540502548218,0.5140536976077436,0.786348058618469,0.8289594054222107,0.8387191295623779,0.823722243309021,0.8359401226043701,0.8323954238773821,0.7643722502822733
0,0.5517670547145683,0.8027239441871643,0.2772800718426368,0.654750120126708,0.6645649671554565,0.8305124640464783,0.7614521980285645,0.7079755067825317,0.6851707608114772,0.6520506458013441
