y_true,RandomForest,XGBoost,LightGBM,CatBoost,DeepMLP,ResidualMLP,TabTransformer,1D-CNN,StackingEnsemble,WeightedEnsemble
0,0.2435695764449914,0.04791051149368286,0.022805635886470676,0.008929290737832244,0.039115071296691895,0.10377726703882217,0.08040270954370499,0.08508025854825974,0.17519853447834877,0.0793978559458029
0,0.2435695764449914,0.04791051149368286,0.022805635886470676,0.008929290737832244,0.039115071296691895,0.10377726703882217,0.08040270954370499,0.08508025854825974,0.17519853447834877,0.0793978559458029
0,0.2435695764449914,0.04791051149368286,0.022805635886470676,0.008929290737832244,0.039115071296691895,0.10377726703882217,0.08040270954370499,0.08508025854825974,0.17519853447834877,0.0793978559458029
0,0.2435695764449914,0.04791051149368286,0.022805635886470676,0.008929290737832244,0.039115071296691895,0.10377726703882217,0.08040270954370499,0.08508025854825974,0.17519853447834877,0.0793978559458029
0,0.2748122508468223,0.06611523777246475,0.02388070825719771,0.05623297518770116,0.05450844019651413,0.10370852798223495,0.20442061126232147,0.5147507190704346,0.22338053153702736,0.16305788728015175
0,0.4151648059808135,0.35271796584129333,0.03606303321600505,0.28901683388692834,0.36396852135658264,0.5888652205467224,0.07579206675291061,0.45068708062171936,0.3592570123954037,0.3226144679053669
0,0.5611357110526041,0.41658350825309753,0.36383749109644414,0.5212097011173596,0.3754847049713135,0.5494359731674194,0.5651726126670837,0.6231537461280823,0.5433915408014837,0.49710322585999034
0,0.5611357110526041,0.41658350825309753,0.36383749109644414,0.5212097011173596,0.3754847049713135,0.5494359731674194,0.5651726126670837,0.6231537461280823,0.5433915408014837,0.49710322585999034
0,0.5611357110526041,0.41658350825309753,0.36383749109644414,0.5212097011173596,0.3754847049713135,0.5494359731674194,0.5651726126670837,0.6231537461280823,0.5433915408014837,0.49710322585999034
0,0.5611357110526041,0.41658350825309753,0.36383749109644414,0.5212097011173596,0.3754847049713135,0.5494359731674194,0.5651726126670837,0.6231537461280823,0.5433915408014837,0.49710322585999034
0,0.5611357110526041,0.41658350825309753,0.36383749109644414,0.5212097011173596,0.3754847049713135,0.5494359731674194,0.5651726126670837,0.6231537461280823,0.5433915408014837,0.49710322585999034
0,0.5611357110526041,0.41658350825309753,0.36383749109644414,0.5212097011173596,0.3754847049713135,0.5494359731674194,0.5651726126670837,0.6231537461280823,0.5433915408014837,0.49710322585999034
1,0.7002600364850067,0.84792160987854,0.8740748820759534,0.7969169958097116,0.8558681011199951,0.9563316106796265,0.9396958947181702,0.9479260444641113,0.8392745936082119,0.8638167857011393
0,0.5976022326127162,0.6156107783317566,0.7675525086570857,0.5427862189882607,0.5730563998222351,0.8070783019065857,0.7707152366638184,0.6979678869247437,0.7049634146297161,0.669770271804982
0,0.24598049859973453,0.0857909768819809,0.016602530205377945,0.061697390291346244,0.2120567262172699,0.007563026621937752,0.2504415512084961,0.24520838260650635,0.20423801133196098,0.14193412596396235
0,0.2538059936926437,0.01380233932286501,0.01611494674079922,0.0060845339218989535,0.12727920711040497,0.0001964495750144124,0.16272090375423431,0.20646803081035614,0.18022562493798922,0.09922001182862517
0,0.13930773998768242,0.10570082068443298,0.0017440635920991608,0.08020935171802457,0.058544453233480453,0.10982797294855118,0.055531494319438934,0.11880668252706528,0.1599498314496384,0.08426980453992686
0,0.13930773998768242,0.10570082068443298,0.0017440635920991608,0.08020935171802457,0.058544453233480453,0.10982797294855118,0.055531494319438934,0.11880668252706528,0.1599498314496384,0.08426980453992686
0,0.24581430553835046,0.22700965404510498,0.07005750774392716,0.21655683984851043,0.24432045221328735,0.10333044081926346,0.1720053106546402,0.5031186938285828,0.263287767704775,0.22431023178727877
0,0.14707934862247884,0.11612026393413544,0.01429332892351431,0.13523714325226577,0.09128706902265549,0.01975269429385662,0.10885044187307358,0.29922980070114136,0.17764080515925781,0.11752656836942488
0,0.14707934862247884,0.11612026393413544,0.01429332892351431,0.13523714325226577,0.09128706902265549,0.01975269429385662,0.10885044187307358,0.29922980070114136,0.17764080515925781,0.11752656836942488
0,0.16110402457786802,0.11570320278406143,0.03452635493511533,0.12824854972740793,0.07276581972837448,0.06370313465595245,0.10191064327955246,0.11561838537454605,0.17165628328035457,0.09989247143759536
0,0.17309085203849592,0.09446593374013901,0.019987538749908107,0.10810243211266003,0.040822748094797134,0.03054640255868435,0.056641072034835815,0.10087578743696213,0.16614951687846108,0.07888509498281027
0,0.17309085203849592,0.09446593374013901,0.019987538749908107,0.10810243211266003,0.040822748094797134,0.03054640255868435,0.056641072034835815,0.10087578743696213,0.16614951687846108,0.07888509498281027
0,0.16110402457786802,0.11570320278406143,0.03452635493511533,0.12824854972740793,0.07276581972837448,0.06370313465595245,0.10191064327955246,0.11561838537454605,0.17165628328035457,0.09989247143759536
0,0.23482924709743963,0.14913293719291687,0.09677390659788579,0.1671715903546086,0.05696440860629082,0.09011705219745636,0.19827060401439667,0.20781733095645905,0.2178568209996745,0.15073170740473046
0,0.16110402457786802,0.11570320278406143,0.03452635493511533,0.12824854972740793,0.07276581972837448,0.06370313465595245,0.10191064327955246,0.11561838537454605,0.17165628328035457,0.09989247143759536
0,0.17309085203849592,0.09446593374013901,0.019987538749908107,0.10810243211266003,0.040822748094797134,0.03054640255868435,0.056641072034835815,0.10087578743696213,0.16614951687846108,0.07888509498281027
0,0.5532182701904906,0.40693598985671997,0.4022797281125695,0.30646046821558326,0.451946884393692,0.5307595133781433,0.5562650561332703,0.3597886860370636,0.5201356142796327,0.44579864171175204
0,0.16110402457786802,0.11570320278406143,0.03452635493511533,0.12824854972740793,0.07276581972837448,0.06370313465595245,0.10191064327955246,0.11561838537454605,0.17165628328035457,0.09989247143759536
0,0.24581430553835046,0.22700965404510498,0.07005750774392716,0.21655683984851043,0.24432045221328735,0.10333044081926346,0.1720053106546402,0.5031186938285828,0.263287767704775,0.22431023178727877
0,0.23295578048438564,0.04138064384460449,0.04308385657294993,0.04990109816527593,0.042561352252960205,0.028802379965782166,0.1580757051706314,0.3148740828037262,0.18910516569774466,0.11460805182587266
0,0.24581430553835046,0.22700965404510498,0.07005750774392716,0.21655683984851043,0.24432045221328735,0.10333044081926346,0.1720053106546402,0.5031186938285828,0.263287767704775,0.22431023178727877
0,0.23037578772510683,0.20212523639202118,0.07412968206080794,0.18297446226629255,0.0858684778213501,0.10220912843942642,0.1986416131258011,0.2598632276058197,0.2349019108501979,0.16797616175716884
0,0.1663004458984254,0.09898309409618378,0.025104121130464545,0.07062396106907341,0.06511902809143066,0.0455927699804306,0.03930855542421341,0.1336611658334732,0.16735755164843005,0.08137327201938488
0,0.18734866991747243,0.06748232990503311,0.04637535465705482,0.030632497258329144,0.06555481255054474,0.06441658735275269,0.010549821890890598,0.0936398133635521,0.16319847602219756,0.07127479297453024
0,0.22980330895987636,0.28700584173202515,0.14495343483718887,0.2137593893107236,0.3831038177013397,0.24216625094413757,0.2415255904197693,0.4411773681640625,0.28370750761871427,0.2738842978272952
0,0.23677820412771147,0.2033507227897644,0.1557240194795978,0.09284013924526154,0.0877305418252945,0.17519770562648773,0.1357591152191162,0.5165656208992004,0.2609867553141665,0.20091774626159647
1,0.5532182701904906,0.40693598985671997,0.4022797281125695,0.30646046821558326,0.451946884393692,0.5307595133781433,0.5562650561332703,0.3597886860370636,0.5201356142796327,0.44579864171175204
1,0.5532182701904906,0.40693598985671997,0.4022797281125695,0.30646046821558326,0.451946884393692,0.5307595133781433,0.5562650561332703,0.3597886860370636,0.5201356142796327,0.44579864171175204
1,0.5532182701904906,0.40693598985671997,0.4022797281125695,0.30646046821558326,0.451946884393692,0.5307595133781433,0.5562650561332703,0.3597886860370636,0.5201356142796327,0.44579864171175204
0,0.5532182701904906,0.40693598985671997,0.4022797281125695,0.30646046821558326,0.451946884393692,0.5307595133781433,0.5562650561332703,0.3597886860370636,0.5201356142796327,0.44579864171175204
0,0.5244340655003031,0.5089677572250366,0.34256265133946817,0.37129989161537236,0.4893372058868408,0.722390353679657,0.36027511954307556,0.629450261592865,0.5512908098342688,0.49369449838308144
0,0.24589010345650117,0.3042316436767578,0.007516437723091512,0.1850758761086728,0.12280239164829254,0.14841362833976746,0.16734889149665833,0.24188001453876495,0.2666195646444987,0.17955685078004868
0,0.24589010345650117,0.3042316436767578,0.007516437723091512,0.1850758761086728,0.12280239164829254,0.14841362833976746,0.16734889149665833,0.24188001453876495,0.2666195646444987,0.17955685078004868
0,0.2175463423903347,0.13158784806728363,0.010876851087008832,0.09882902175396611,0.06692907959222794,0.005479274317622185,0.06848437339067459,0.032804422080516815,0.18490107073458587,0.08032269339516562
0,0.22980330895987636,0.28700584173202515,0.14495343483718887,0.2137593893107236,0.3831038177013397,0.24216625094413757,0.2415255904197693,0.4411773681640625,0.28370750761871427,0.2738842978272952
0,0.22980330895987636,0.28700584173202515,0.14495343483718887,0.2137593893107236,0.3831038177013397,0.24216625094413757,0.2415255904197693,0.4411773681640625,0.28370750761871427,0.2738842978272952
0,0.6624621407139376,0.4355667233467102,0.7431539485870297,0.2561661620764256,0.11543945223093033,0.07903626561164856,0.36306631565093994,0.43215426802635193,0.6204960335693736,0.3859633900242479
0,0.44942344532663325,0.5245990753173828,0.14180391942932147,0.4527585265338434,0.3953709304332733,0.6254832744598389,0.229442298412323,0.540469229221344,0.47911809073043576,0.4211991053589951
0,0.44553945295169045,0.44474294781684875,0.046769238187028245,0.32157936496998735,0.21764437854290009,0.17155881226062775,0.2741045653820038,0.4793499708175659,0.4401025040011424,0.3029753609258528
0,0.4101294276986267,0.25949251651763916,0.29500314964267843,0.2879867678274513,0.20604780316352844,0.44402700662612915,0.27052605152130127,0.38381123542785645,0.3556530085054339,0.31913741660358275
0,0.23946390730727138,0.20949849486351013,0.006800962151626923,0.14746310003119323,0.07163906842470169,0.0008456368814222515,0.0738786831498146,0.06517424434423447,0.21577281610095525,0.10358060072739063
1,0.5582337896169237,0.20475849509239197,0.5121911438306342,0.09340040803957282,0.16366560757160187,0.6132010817527771,0.13455437123775482,0.4761113226413727,0.423908250533457,0.3425001188331194
0,0.5602963624721172,0.5151143074035645,0.7407615004369423,0.26090726220974636,0.4792661666870117,0.7500276565551758,0.9847750067710876,0.2546686828136444,0.6340110242031399,0.5655965687439986
0,0.17961297041699123,0.15192782878875732,0.07081531629643986,0.1608908776687037,0.1702410876750946,0.051126495003700256,0.1122620478272438,0.05107836797833443,0.18473499235566515,0.11940646180818193
0,0.3889332074707605,0.24692903459072113,0.08509351399346189,0.32491700243434135,0.29145267605781555,0.45416906476020813,0.14308330416679382,0.4339006841182709,0.31347985675395984,0.29673540757971323
0,0.6728550722264288,0.7861757278442383,0.7023529089978051,0.7870552731305284,0.7453078031539917,0.864791214466095,0.9895909428596497,0.6064848303794861,0.7861415271868442,0.7687443897493683
0,0.4576902508065743,0.3415941894054413,0.15985556810968124,0.3271010377343927,0.26543888449668884,0.43400174379348755,0.2669069170951843,0.39438706636428833,0.3982648816154733,0.3317067799097715
0,0.2846674194138026,0.2744850218296051,0.3313482778431644,0.2713737051000882,0.2790568768978119,0.45631328225135803,0.2333233505487442,0.30092841386795044,0.3017834227092356,0.30300845798427467
0,0.26001474106659933,0.18099312484264374,0.26267131877463124,0.24782460491038155,0.23004230856895447,0.32724493741989136,0.14431534707546234,0.23010587692260742,0.2425365627125291,0.2348113377280405
0,0.5470221213183385,0.14283087849617004,0.6180680647208021,0.12025305784988063,0.3266102969646454,0.756316065788269,0.3007116913795471,0.48422566056251526,0.4131071954385395,0.40872109326292266
0,0.28180696918234455,0.19109177589416504,0.2861928783055531,0.25486234905814004,0.3366836607456207,0.22419509291648865,0.14796476066112518,0.5304638147354126,0.2797562426109672,0.2817936361264768
0,0.16493145787886146,0.03374573588371277,0.00565191428032094,0.06585421919933379,0.019495639950037003,0.14774951338768005,0.007237233221530914,0.04140802100300789,0.14325819310243346,0.060851707003475246
1,0.6275175640820688,0.6037771701812744,0.7727081724118519,0.6111835844979839,0.5805211067199707,0.783069908618927,0.9353387355804443,0.5464998483657837,0.7105320402661192,0.6807335439419249
0,0.575699270269414,0.5272928476333618,0.6078078811845277,0.5665652659677897,0.45974552631378174,0.7776930928230286,0.8254886865615845,0.40569472312927246,0.6223376050914692,0.5915678283772414
0,0.5816544636622164,0.28013747930526733,0.17585634192738192,0.2959088591560297,0.4565439522266388,0.7341915369033813,0.8183879256248474,0.4156106114387512,0.47728983790484103,0.4692543591137158
0,0.575699270269414,0.5272928476333618,0.6078078811845277,0.5665652659677897,0.45974552631378174,0.7776930928230286,0.8254886865615845,0.40569472312927246,0.6223376050914692,0.5915678283772414
0,0.32926030570189324,0.10842598229646683,0.004007548447097823,0.09822467369090572,0.11514011770486832,0.203959122300148,0.04272499680519104,0.048099566251039505,0.20928548817176287,0.11956468435725409
0,0.575699270269414,0.5272928476333618,0.6078078811845277,0.5665652659677897,0.45974552631378174,0.7776930928230286,0.8254886865615845,0.40569472312927246,0.6223376050914692,0.5915678283772414
0,0.575699270269414,0.5272928476333618,0.6078078811845277,0.5665652659677897,0.45974552631378174,0.7776930928230286,0.8254886865615845,0.40569472312927246,0.6223376050914692,0.5915678283772414
0,0.575699270269414,0.5272928476333618,0.6078078811845277,0.5665652659677897,0.45974552631378174,0.7776930928230286,0.8254886865615845,0.40569472312927246,0.6223376050914692,0.5915678283772414
0,0.5411614663443802,0.435063898563385,0.47410999316871694,0.4765577718651375,0.5203267931938171,0.5454591512680054,0.4474242627620697,0.5915653109550476,0.54123587839208,0.5038608467846484
1,0.5411614663443802,0.435063898563385,0.47410999316871694,0.4765577718651375,0.5203267931938171,0.5454591512680054,0.4474242627620697,0.5915653109550476,0.54123587839208,0.5038608467846484
0,0.5411614663443802,0.435063898563385,0.47410999316871694,0.4765577718651375,0.5203267931938171,0.5454591512680054,0.4474242627620697,0.5915653109550476,0.54123587839208,0.5038608467846484
0,0.5411614663443802,0.435063898563385,0.47410999316871694,0.4765577718651375,0.5203267931938171,0.5454591512680054,0.4474242627620697,0.5915653109550476,0.54123587839208,0.5038608467846484
0,0.5411614663443802,0.435063898563385,0.47410999316871694,0.4765577718651375,0.5203267931938171,0.5454591512680054,0.4474242627620697,0.5915653109550476,0.54123587839208,0.5038608467846484
0,0.536159098181655,0.2675398886203766,0.46513768271822364,0.19617339905485104,0.4215249717235565,0.7409251928329468,0.3981212079524994,0.460183709859848,0.45159854599005367,0.4338444905155382
0,0.6226105690528051,0.6446821689605713,0.7662242550160403,0.6588108259830424,0.7741235494613647,0.7881982326507568,0.8408607840538025,0.8748074173927307,0.7399390197174901,0.7451943590113812
0,0.5411614663443802,0.435063898563385,0.47410999316871694,0.4765577718651375,0.5203267931938171,0.5454591512680054,0.4474242627620697,0.5915653109550476,0.54123587839208,0.5038608467846484
1,0.5411614663443802,0.435063898563385,0.47410999316871694,0.4765577718651375,0.5203267931938171,0.5454591512680054,0.4474242627620697,0.5915653109550476,0.54123587839208,0.5038608467846484
0,0.5349127917037811,0.40308305621147156,0.5351197540657664,0.38950713777046386,0.5445035696029663,0.35495075583457947,0.47985872626304626,0.49495357275009155,0.5288265964480041,0.4672551995676457
0,0.2684064354839492,0.10870526731014252,0.011557451604088853,0.05631775234599162,0.14964766800403595,0.4122735857963562,0.07836731523275375,0.18738599121570587,0.2011495486494043,0.1589274776174746
0,0.2684064354839492,0.10870526731014252,0.011557451604088853,0.05631775234599162,0.14964766800403595,0.4122735857963562,0.07836731523275375,0.18738599121570587,0.2011495486494043,0.1589274776174746
1,0.2720401674982568,0.24192555248737335,0.18369918259932927,0.1925455998603414,0.1990671157836914,0.32296088337898254,0.196271151304245,0.22312761843204498,0.26683090618470745,0.22894679079736022
0,0.5463869526655207,0.4222722053527832,0.5121911438306342,0.30525164621259,0.21768902242183685,0.44262754917144775,0.2170889973640442,0.6648163795471191,0.5387065405864224,0.41580878206843847
0,0.5463869526655207,0.4222722053527832,0.5121911438306342,0.30525164621259,0.21768902242183685,0.44262754917144775,0.2170889973640442,0.6648163795471191,0.5387065405864224,0.41580878206843847
0,0.5411614663443802,0.435063898563385,0.47410999316871694,0.4765577718651375,0.5203267931938171,0.5454591512680054,0.4474242627620697,0.5915653109550476,0.54123587839208,0.5038608467846484
0,0.6126199076116643,0.6766457557678223,0.8914118597281863,0.6829169814817371,0.7357048988342285,0.7826036214828491,0.8370667099952698,0.7618234157562256,0.7486309071250022,0.7459149174343531
0,0.6126199076116643,0.6766457557678223,0.8914118597281863,0.6829169814817371,0.7357048988342285,0.7826036214828491,0.8370667099952698,0.7618234157562256,0.7486309071250022,0.7459149174343531
1,0.688258915240961,0.7839586734771729,0.9189723040050123,0.81042815404641,0.8799204230308533,0.842663586139679,0.9479817748069763,0.9020520448684692,0.8201838749011072,0.8456636946727153
1,0.688258915240961,0.7839586734771729,0.9189723040050123,0.81042815404641,0.8799204230308533,0.842663586139679,0.9479817748069763,0.9020520448684692,0.8201838749011072,0.8456636946727153
1,0.5777412394951582,0.48161643743515015,0.7404153293699147,0.4889393566830183,0.5317544937133789,0.7485859990119934,0.5225923657417297,0.5081503391265869,0.6031939612768217,0.5729731962407387
0,0.27196997916916993,0.07945127785205841,0.43449060034665027,0.17120565162121898,0.05135325714945793,0.250655859708786,0.028739504516124725,0.14677681028842926,0.21678860151841006,0.17754338169427564
0,0.26001474106659933,0.18099312484264374,0.26267131877463124,0.24782460491038155,0.23004230856895447,0.32724493741989136,0.14431534707546234,0.23010587692260742,0.2425365627125291,0.2348113377280405
0,0.2720401674982568,0.24192555248737335,0.18369918259932927,0.1925455998603414,0.1990671157836914,0.32296088337898254,0.196271151304245,0.22312761843204498,0.26683090618470745,0.22894679079736022
0,0.5703812316113938,0.5445065498352051,0.585958194087168,0.5668770763634494,0.47707855701446533,0.589646577835083,0.3364228308200836,0.7825930118560791,0.6213667307225647,0.5565732826393534
0,0.19758073236318213,0.1273880898952484,0.13639717745440705,0.12930167285782346,0.12541699409484863,0.14218580722808838,0.03962390497326851,0.08671199530363083,0.18578299045863314,0.12324137355946685
0,0.2720401674982568,0.24192555248737335,0.18369918259932927,0.1925455998603414,0.1990671157836914,0.32296088337898254,0.196271151304245,0.22312761843204498,0.26683090618470745,0.22894679079736022
0,0.17961297041699123,0.15192782878875732,0.07081531629643986,0.1608908776687037,0.1702410876750946,0.051126495003700256,0.1122620478272438,0.05107836797833443,0.18473499235566515,0.11940646180818193
0,0.17961297041699123,0.15192782878875732,0.07081531629643986,0.1608908776687037,0.1702410876750946,0.051126495003700256,0.1122620478272438,0.05107836797833443,0.18473499235566515,0.11940646180818193
0,0.17961297041699123,0.15192782878875732,0.07081531629643986,0.1608908776687037,0.1702410876750946,0.051126495003700256,0.1122620478272438,0.05107836797833443,0.18473499235566515,0.11940646180818193
0,0.18777549623347617,0.10441207140684128,0.09825450850507571,0.17162086907353646,0.18900002539157867,0.10104519873857498,0.11326631158590317,0.2677556276321411,0.18796447684884154,0.15467290389960775
0,0.36763538054189965,0.215005561709404,0.017904282987535644,0.1765893026035445,0.13598716259002686,0.31714969873428345,0.1399257630109787,0.18287742137908936,0.27281153447675843,0.19506181301241576
0,0.39058529540371595,0.3577524423599243,0.4208670227878769,0.3177998999203766,0.3480720818042755,0.055671218782663345,0.2503761649131775,0.2529301345348358,0.390949400482435,0.300281237439864
0,0.45824813763612005,0.44843170046806335,0.3212738521477835,0.3368283833801144,0.2995186150074005,0.6676953434944153,0.6740242838859558,0.4939454197883606,0.507309792029853,0.4617957627743272
0,0.2651395848501196,0.15755610167980194,0.11227094328729814,0.12385539740231696,0.27631473541259766,0.11730806529521942,0.2811853289604187,0.36917251348495483,0.24889000419928994,0.21373137881744558
0,0.19419166855475375,0.5254974961280823,0.013157759986671555,0.5264777394498326,0.31689977645874023,0.28795742988586426,0.21966233849525452,0.34171757102012634,0.331048681392982,0.30552041169873345
0,0.2651395848501196,0.15755610167980194,0.11227094328729814,0.12385539740231696,0.27631473541259766,0.11730806529521942,0.2811853289604187,0.36917251348495483,0.24889000419928994,0.21373137881744558
0,0.5558771246784279,0.42901062965393066,0.2234789071550584,0.44707659909900027,0.3864322900772095,0.581581175327301,0.4364693760871887,0.4085054099559784,0.5009096543980828,0.43425516645134554
0,0.15690346221287807,0.07886026799678802,0.026289537761672553,0.07690205357558118,0.08442660421133041,0.016497332602739334,0.13199560344219208,0.1961170881986618,0.16780445568413183,0.09676271674190542
0,0.17249949900751685,0.09426025301218033,0.0034985643060528714,0.06326684363718377,0.030200079083442688,0.05855107679963112,0.012071463279426098,0.29389068484306335,0.17437988264932006,0.09190912466946703
0,0.17249949900751685,0.09426025301218033,0.0034985643060528714,0.06326684363718377,0.030200079083442688,0.05855107679963112,0.012071463279426098,0.29389068484306335,0.17437988264932006,0.09190912466946703
0,0.2586737844157846,0.20895476639270782,0.07668331253664117,0.190242928404496,0.172159343957901,0.18544898927211761,0.20481304824352264,0.29434624314308167,0.24889514529676648,0.19978866048251145
0,0.147634852276104,0.13097967207431793,0.008757077753997793,0.07921991507499726,0.061425287276506424,0.08011496067047119,0.040089257061481476,0.2264394462108612,0.1745910306993596,0.09768227812926611
0,0.23555614935596342,0.16445611417293549,0.05502087028252638,0.16643264788395076,0.1501007229089737,0.1235981285572052,0.1665356159210205,0.35872089862823486,0.22761374059658043,0.17853963302638803
1,0.24829937719110956,0.18261519074440002,0.10441503565352885,0.12097218194829584,0.06809612363576889,0.08433525264263153,0.17193637788295746,0.3141915500164032,0.24112646601837162,0.16269885757048316
0,0.1340261217383176,0.10540333390235901,0.005122469381699175,0.04351782369314097,0.017561467364430428,0.012890544719994068,0.09936141222715378,0.11570189893245697,0.16225688411264583,0.06749419488125712
0,0.23555614935596342,0.16445611417293549,0.05502087028252638,0.16643264788395076,0.1501007229089737,0.1235981285572052,0.1665356159210205,0.35872089862823486,0.22761374059658043,0.17853963302638803
0,0.18741476663051948,0.15318863093852997,0.03303503639285309,0.09879057669340612,0.15948805212974548,0.13935528695583344,0.06537984311580658,0.27241194248199463,0.1967798293083236,0.13950719710381565
0,0.26889572366588654,0.24875347316265106,0.10514655264233594,0.16560224913431404,0.1854505091905594,0.18918177485466003,0.17960569262504578,0.3882862627506256,0.2755321586298967,0.21736471312019662
0,0.17479536430523132,0.05007779225707054,0.005461829003779083,0.033714495936849206,0.04174518212676048,0.028729954734444618,0.007268400862812996,0.12415648251771927,0.15501291496375125,0.05898086293497396
0,0.2651395848501196,0.15755610167980194,0.11227094328729814,0.12385539740231696,0.27631473541259766,0.11730806529521942,0.2811853289604187,0.36917251348495483,0.24889000419928994,0.21373137881744558
0,0.5001741223748846,0.35003039240837097,0.40318062269769844,0.2772043649953435,0.34453099966049194,0.47771215438842773,0.43220552802085876,0.42706015706062317,0.4664528812469622,0.4011136154059543
0,0.147634852276104,0.13097967207431793,0.008757077753997793,0.07921991507499726,0.061425287276506424,0.08011496067047119,0.040089257061481476,0.2264394462108612,0.1745910306993596,0.09768227812926611
0,0.147634852276104,0.13097967207431793,0.008757077753997793,0.07921991507499726,0.061425287276506424,0.08011496067047119,0.040089257061481476,0.2264394462108612,0.1745910306993596,0.09768227812926611
0,0.3690427109911007,0.08812960982322693,0.07280395042414792,0.14602006078658722,0.2254740595817566,0.02030137926340103,0.2038901448249817,0.15726803243160248,0.23856846095126724,0.16174439841028523
0,0.147634852276104,0.13097967207431793,0.008757077753997793,0.07921991507499726,0.061425287276506424,0.08011496067047119,0.040089257061481476,0.2264394462108612,0.1745910306993596,0.09768227812926611
0,0.1883097455388962,0.10916265845298767,0.02168381101443201,0.08420138496354397,0.12162496149539948,0.07449717074632645,0.03458668664097786,0.1923884153366089,0.17826563270430335,0.10423386252382344
0,0.4656420357531485,0.7683330774307251,0.6911468957636188,0.632760436376943,0.4221496284008026,0.3298983871936798,0.4967246353626251,0.7580825686454773,0.6918595289760577,0.5714451957684652
0,0.1569786421832359,0.08853606879711151,0.025490796277571694,0.10308325612448367,0.06247713416814804,0.041619691997766495,0.11973726749420166,0.1522127389907837,0.16658365888223553,0.09444018469177132
0,0.1462509586035078,0.0809239074587822,0.016892159739359095,0.10149672713965573,0.09996569156646729,0.02050432562828064,0.11028984934091568,0.1613672524690628,0.1613594625699945,0.09302019191124135
0,0.1569786421832359,0.08853606879711151,0.025490796277571694,0.10308325612448367,0.06247713416814804,0.041619691997766495,0.11973726749420166,0.1522127389907837,0.16658365888223553,0.09444018469177132
0,0.1569786421832359,0.08853606879711151,0.025490796277571694,0.10308325612448367,0.06247713416814804,0.041619691997766495,0.11973726749420166,0.1522127389907837,0.16658365888223553,0.09444018469177132
0,0.1569786421832359,0.08853606879711151,0.025490796277571694,0.10308325612448367,0.06247713416814804,0.041619691997766495,0.11973726749420166,0.1522127389907837,0.16658365888223553,0.09444018469177132
1,0.6520912933827898,0.8045819997787476,0.7515541928937594,0.6794152993420575,0.9221909046173096,0.888908863067627,0.8414405584335327,0.7770218849182129,0.7928544355948112,0.7892026199342773
0,0.36685336306581817,0.4935385584831238,0.5875613083119682,0.509730380037049,0.663669764995575,0.5506308078765869,0.5901526212692261,0.6658186912536621,0.5148216376573306,0.5526957511139139
0,0.23555614935596342,0.16445611417293549,0.05502087028252638,0.16643264788395076,0.1501007229089737,0.1235981285572052,0.1665356159210205,0.35872089862823486,0.22761374059658043,0.17853963302638803
0,0.19593800157255284,0.09118446707725525,0.03881909743250948,0.1044512191406581,0.08553971350193024,0.005620031151920557,0.15103013813495636,0.24158772826194763,0.18595791072745368,0.11520645963560779
0,0.19593800157255284,0.09118446707725525,0.03881909743250948,0.1044512191406581,0.08553971350193024,0.005620031151920557,0.15103013813495636,0.24158772826194763,0.18595791072745368,0.11520645963560779
0,0.4565438414848512,0.27145957946777344,0.15250458272305234,0.20160309713840577,0.4674999713897705,0.6896035671234131,0.21410883963108063,0.5351191163063049,0.3749058908326017,0.37347869340692486
0,0.777978730392849,0.8733497262001038,0.9202438005159562,0.7325444943379474,0.9025416374206543,0.6012958288192749,0.9762477278709412,0.9619268178939819,0.871561245346363,0.843785405489132
0,0.15690346221287807,0.07886026799678802,0.026289537761672553,0.07690205357558118,0.08442660421133041,0.016497332602739334,0.13199560344219208,0.1961170881986618,0.16780445568413183,0.09676271674190542
0,0.23882692477975426,0.15451867878437042,0.06703852922296584,0.14179188658330744,0.06686259061098099,0.13385026156902313,0.06531597673892975,0.2571035921573639,0.21414679921608648,0.1414136885796197
0,0.26889572366588654,0.24875347316265106,0.10514655264233594,0.16560224913431404,0.1854505091905594,0.18918177485466003,0.17960569262504578,0.3882862627506256,0.2755321586298967,0.21736471312019662
0,0.26889572366588654,0.24875347316265106,0.10514655264233594,0.16560224913431404,0.1854505091905594,0.18918177485466003,0.17960569262504578,0.3882862627506256,0.2755321586298967,0.21736471312019662
0,0.26889572366588654,0.24875347316265106,0.10514655264233594,0.16560224913431404,0.1854505091905594,0.18918177485466003,0.17960569262504578,0.3882862627506256,0.2755321586298967,0.21736471312019662
0,0.17907854353524447,0.07827659696340561,0.002507822430197604,0.04443390297989374,0.06837768107652664,0.06743406504392624,0.030822398141026497,0.14475196599960327,0.1646504910810021,0.0777267404513538
1,0.36685336306581817,0.4935385584831238,0.5875613083119682,0.509730380037049,0.663669764995575,0.5506308078765869,0.5901526212692261,0.6658186912536621,0.5148216376573306,0.5526957511139139
0,0.5294534391388197,0.3735996186733246,0.16261279166045103,0.2982832288211269,0.4234652519226074,0.4092232286930084,0.4815286695957184,0.38136300444602966,0.46483246372373027,0.3837656244476554
0,0.15936001279932324,0.031834766268730164,0.001990887149565521,0.02487659362226333,0.043472904711961746,0.0005230545066297054,0.05260736495256424,0.08920072019100189,0.14730343375683333,0.051168101820264676
0,0.28480175135590313,0.22598250210285187,0.06311923349277723,0.1823780721443973,0.23720146715641022,0.26001444458961487,0.07878513634204865,0.313223272562027,0.2552580423819768,0.20670423395183846
1,0.38137025039756195,0.23829436302185059,0.25100834440901587,0.18121015525638204,0.3144262135028839,0.020727036520838737,0.29212579131126404,0.3499794006347656,0.3363966551478942,0.2549987984062543
1,0.5396827221811142,0.6842644214630127,0.4964210610549626,0.6896679340746584,0.6390934586524963,0.165421262383461,0.7023417353630066,0.7240807414054871,0.6821837126835817,0.5826368338281395
0,0.24719794144743631,0.25601181387901306,0.06352046945234067,0.19641047183029564,0.07315190136432648,0.012920374982059002,0.3892469108104706,0.18492886424064636,0.2667469080177527,0.17935156443461372
1,0.08392528844918665,0.003868736792355776,0.0008772873086781625,0.00609105303113219,0.021232612431049347,0.0016983026871457696,0.03567993640899658,0.031206222251057625,0.12138568196154637,0.023352328586564126
0,0.08467651670717519,0.008321482688188553,0.0055754421511454355,0.019550903182993802,0.02409021183848381,0.003765437053516507,0.0437367781996727,0.08031385391950607,0.12484451547850701,0.03404995769110598
0,0.08467651670717519,0.008321482688188553,0.0055754421511454355,0.019550903182993802,0.02409021183848381,0.003765437053516507,0.0437367781996727,0.08031385391950607,0.12484451547850701,0.03404995769110598
1,0.11013138505300939,0.008867473341524601,0.006534771488566661,0.019729889503289324,0.02474822662770748,0.004773298744112253,0.057196713984012604,0.13779863715171814,0.13363394944706516,0.04660571981954458
1,0.13925886719893796,0.012255224399268627,0.015061621393954802,0.026517105139252494,0.0691535696387291,0.04542647302150726,0.07458843290805817,0.22840683162212372,0.14614816248780382,0.07671579706228679
0,0.13925886719893796,0.012255224399268627,0.015061621393954802,0.026517105139252494,0.0691535696387291,0.04542647302150726,0.07458843290805817,0.22840683162212372,0.14614816248780382,0.07671579706228679
0,0.1635201343815961,0.10858850926160812,0.11774375233094109,0.12479348714715092,0.1795097291469574,0.08916257321834564,0.09333281964063644,0.19484370946884155,0.1791706494754013,0.13431365847215632
0,0.1635201343815961,0.10858850926160812,0.11774375233094109,0.12479348714715092,0.1795097291469574,0.08916257321834564,0.09333281964063644,0.19484370946884155,0.1791706494754013,0.13431365847215632
0,0.1635201343815961,0.10858850926160812,0.11774375233094109,0.12479348714715092,0.1795097291469574,0.08916257321834564,0.09333281964063644,0.19484370946884155,0.1791706494754013,0.13431365847215632
0,0.1635201343815961,0.10858850926160812,0.11774375233094109,0.12479348714715092,0.1795097291469574,0.08916257321834564,0.09333281964063644,0.19484370946884155,0.1791706494754013,0.13431365847215632
0,0.1635201343815961,0.10858850926160812,0.11774375233094109,0.12479348714715092,0.1795097291469574,0.08916257321834564,0.09333281964063644,0.19484370946884155,0.1791706494754013,0.13431365847215632
0,0.13925886719893796,0.012255224399268627,0.015061621393954802,0.026517105139252494,0.0691535696387291,0.04542647302150726,0.07458843290805817,0.22840683162212372,0.14614816248780382,0.07671579706228679
0,0.2467563289490198,0.15512940287590027,0.2524540876081986,0.21663800825863794,0.2812888026237488,0.2333984673023224,0.20355841517448425,0.35025790333747864,0.24239486476314798,0.24219745153291777
0,0.3140559258843013,0.19817347824573517,0.025933300977000813,0.0979825601625771,0.28033870458602905,0.2548418343067169,0.18567155301570892,0.2752300202846527,0.2597746502422098,0.2051390012558036
0,0.2106234853302647,0.1158357635140419,0.0261162332600192,0.10153478728614967,0.18859253823757172,0.20913176238536835,0.14129304885864258,0.17568273842334747,0.18990488866320174,0.14657144568059838
0,0.2151240658162611,0.10708274692296982,0.01695721986335353,0.06342132371420911,0.10475225746631622,0.20202530920505524,0.07056489586830139,0.14362744987010956,0.1836613709230451,0.11586006409406086
0,0.2151240658162611,0.10708274692296982,0.01695721986335353,0.06342132371420911,0.10475225746631622,0.20202530920505524,0.07056489586830139,0.14362744987010956,0.1836613709230451,0.11586006409406086
0,0.2151240658162611,0.10708274692296982,0.01695721986335353,0.06342132371420911,0.10475225746631622,0.20202530920505524,0.07056489586830139,0.14362744987010956,0.1836613709230451,0.11586006409406086
0,0.24547223589680783,0.15946783125400543,0.039000076894774416,0.183851440745798,0.27967599034309387,0.019363775849342346,0.16792355477809906,0.33159181475639343,0.2260594244514773,0.17999348930907882
0,0.27287623076491174,0.23191305994987488,0.2662823030110563,0.21692621952807473,0.22867463529109955,0.27182668447494507,0.239763081073761,0.21497230231761932,0.2725420029298511,0.2426714603992982
0,0.27287623076491174,0.23191305994987488,0.2662823030110563,0.21692621952807473,0.22867463529109955,0.27182668447494507,0.239763081073761,0.21497230231761932,0.2725420029298511,0.2426714603992982
0,0.2519471351388076,0.27813833951950073,0.6530531640804088,0.2691562908059752,0.26711949706077576,0.36738789081573486,0.13585041463375092,0.12804938852787018,0.2984170941801744,0.29158666842013203
0,0.2519471351388076,0.27813833951950073,0.6530531640804088,0.2691562908059752,0.26711949706077576,0.36738789081573486,0.13585041463375092,0.12804938852787018,0.2984170941801744,0.29158666842013203
0,0.28543717125277346,0.23173841834068298,0.07789224143575102,0.24243054503791964,0.22238095104694366,0.3512845039367676,0.300295352935791,0.1720513552427292,0.2606679374778782,0.23577513688202445
0,0.2467563289490198,0.15512940287590027,0.2524540876081986,0.21663800825863794,0.2812888026237488,0.2333984673023224,0.20355841517448425,0.35025790333747864,0.24239486476314798,0.24219745153291777
0,0.2467563289490198,0.15512940287590027,0.2524540876081986,0.21663800825863794,0.2812888026237488,0.2333984673023224,0.20355841517448425,0.35025790333747864,0.24239486476314798,0.24219745153291777
0,0.23749239505727185,0.18403874337673187,0.031266821419698276,0.1866588691009244,0.3252667486667633,0.09038547426462173,0.2984647750854492,0.38585400581359863,0.2422582439311631,0.21894562192722425
0,0.2467563289490198,0.15512940287590027,0.2524540876081986,0.21663800825863794,0.2812888026237488,0.2333984673023224,0.20355841517448425,0.35025790333747864,0.24239486476314798,0.24219745153291777
0,0.2519471351388076,0.27813833951950073,0.6530531640804088,0.2691562908059752,0.26711949706077576,0.36738789081573486,0.13585041463375092,0.12804938852787018,0.2984170941801744,0.29158666842013203
0,0.37396626741638583,0.1459857076406479,0.039201853647753866,0.13016101065214536,0.5467666983604431,0.1751137524843216,0.24287505447864532,0.3574351966381073,0.2730994837464511,0.2531975970329473
0,0.1635201343815961,0.10858850926160812,0.11774375233094109,0.12479348714715092,0.1795097291469574,0.08916257321834564,0.09333281964063644,0.19484370946884155,0.1791706494754013,0.13431365847215632
0,0.2790303579859479,0.17245043814182281,0.05903798702550991,0.085747356567263,0.1199689656496048,0.04376693069934845,0.0476689487695694,0.12324255704879761,0.22423727259069243,0.1177331266672125
0,0.13925886719893796,0.012255224399268627,0.015061621393954802,0.026517105139252494,0.0691535696387291,0.04542647302150726,0.07458843290805817,0.22840683162212372,0.14614816248780382,0.07671579706228679
0,0.45605619487915994,0.09216850250959396,0.09487604338369136,0.047094959245905614,0.36769595742225647,0.0112830875441432,0.2048429250717163,0.22109854221343994,0.28112578179976055,0.1886972975186276
0,0.15955683392309308,0.10955094546079636,0.10277512456136675,0.13410433274294808,0.2026364654302597,0.1610890030860901,0.12364046275615692,0.09932493418455124,0.17259884867587943,0.13670578337907474
0,0.15955683392309308,0.10955094546079636,0.10277512456136675,0.13410433274294808,0.2026364654302597,0.1610890030860901,0.12364046275615692,0.09932493418455124,0.17259884867587943,0.13670578337907474
0,0.15955683392309308,0.10955094546079636,0.10277512456136675,0.13410433274294808,0.2026364654302597,0.1610890030860901,0.12364046275615692,0.09932493418455124,0.17259884867587943,0.13670578337907474
0,0.15955683392309308,0.10955094546079636,0.10277512456136675,0.13410433274294808,0.2026364654302597,0.1610890030860901,0.12364046275615692,0.09932493418455124,0.17259884867587943,0.13670578337907474
0,0.15955683392309308,0.10955094546079636,0.10277512456136675,0.13410433274294808,0.2026364654302597,0.1610890030860901,0.12364046275615692,0.09932493418455124,0.17259884867587943,0.13670578337907474
0,0.19164192911612132,0.11192294955253601,0.2485814213458418,0.1400303616049162,0.14087188243865967,0.18621377646923065,0.09501057118177414,0.08837013691663742,0.1895246805128488,0.14966176226282138
0,0.2814420655875964,0.1839696168899536,0.04040099041640634,0.1402844305979353,0.19924530386924744,0.20250144600868225,0.14865408837795258,0.32804352045059204,0.24532696222980774,0.19160182494647954
0,0.25036045531397016,0.1348419338464737,0.021391263471822283,0.08750561010752783,0.19657163321971893,0.41876789927482605,0.13140012323856354,0.3009074628353119,0.2136627230890621,0.192642048850711
0,0.20012382682478105,0.14705891907215118,0.27608086211731575,0.1318846789701061,0.20334312319755554,0.1464044600725174,0.08635813742876053,0.14816336333751678,0.20795419348189736,0.16709599194245803
0,0.20471137460243083,0.05587184056639671,0.05016834554509474,0.14405771809744863,0.09916644543409348,0.07776539772748947,0.053584128618240356,0.03515136241912842,0.16134725635342878,0.09054951268834135
0,0.1602771102255118,0.11642521619796753,0.09449808194112866,0.07612552747307184,0.056891221553087234,0.05511403828859329,0.1329932063817978,0.1259148120880127,0.17887311422185942,0.10264467640838931
0,0.27287623076491174,0.23191305994987488,0.2662823030110563,0.21692621952807473,0.22867463529109955,0.27182668447494507,0.239763081073761,0.21497230231761932,0.2725420029298511,0.2426714603992982
0,0.2343910921829004,0.062017880380153656,0.0015824089580596984,0.052121167037230166,0.14434798061847687,0.33110204339027405,0.14214639365673065,0.13828793168067932,0.1783446477494349,0.13807637997280478
0,0.2519471351388076,0.27813833951950073,0.6530531640804088,0.2691562908059752,0.26711949706077576,0.36738789081573486,0.13585041463375092,0.12804938852787018,0.2984170941801744,0.29158666842013203
0,0.28572622648407675,0.1675226241350174,0.02559653735244136,0.23292229028207226,0.28014683723449707,0.45103996992111206,0.22723917663097382,0.2825433015823364,0.2365586497627733,0.24421445010528592
0,0.13925886719893796,0.012255224399268627,0.015061621393954802,0.026517105139252494,0.0691535696387291,0.04542647302150726,0.07458843290805817,0.22840683162212372,0.14614816248780382,0.07671579706228679
0,0.13925886719893796,0.012255224399268627,0.015061621393954802,0.026517105139252494,0.0691535696387291,0.04542647302150726,0.07458843290805817,0.22840683162212372,0.14614816248780382,0.07671579706228679
0,0.38926867514852775,0.11438687145709991,0.02129415276388119,0.08807599314290918,0.39376288652420044,0.6224615573883057,0.16314366459846497,0.25099611282348633,0.24996484049052828,0.255127067711834
0,0.22919579558474676,0.13254736363887787,0.2081155078339121,0.15112296496417113,0.17178767919540405,0.2650154232978821,0.13218943774700165,0.23465083539485931,0.2150580488758033,0.19008389070894607
0,0.16410994523642944,0.06882795691490173,0.0010245058614442087,0.08724796347701046,0.07912565022706985,0.027781669050455093,0.06109560281038284,0.07669325917959213,0.15547573906377232,0.07156194455908899
0,0.2325241789173736,0.3116617500782013,0.05488632220681975,0.44638379945990725,0.16090205311775208,0.14567629992961884,0.17636846005916595,0.2062353491783142,0.2581792116141206,0.21840580406618915
0,0.2325241789173736,0.3116617500782013,0.05488632220681975,0.44638379945990725,0.16090205311775208,0.14567629992961884,0.17636846005916595,0.2062353491783142,0.2581792116141206,0.21840580406618915
0,0.22054461169347772,0.1498502641916275,0.2110388539667981,0.17705765804665946,0.14677926898002625,0.21660183370113373,0.14641675353050232,0.21022053062915802,0.21699260250326943,0.18449482221172173
1,0.08467651670717519,0.008321482688188553,0.0055754421511454355,0.019550903182993802,0.02409021183848381,0.003765437053516507,0.0437367781996727,0.08031385391950607,0.12484451547850701,0.03404995769110598
0,0.1635201343815961,0.10858850926160812,0.11774375233094109,0.12479348714715092,0.1795097291469574,0.08916257321834564,0.09333281964063644,0.19484370946884155,0.1791706494754013,0.13431365847215632
0,0.1635201343815961,0.10858850926160812,0.11774375233094109,0.12479348714715092,0.1795097291469574,0.08916257321834564,0.09333281964063644,0.19484370946884155,0.1791706494754013,0.13431365847215632
0,0.1682320161955231,0.05789909511804581,0.07339036843960563,0.0783615836825961,0.15033306181430817,0.006431730929762125,0.12475214898586273,0.2333647608757019,0.16972266480732123,0.11224424746209419
0,0.1635201343815961,0.10858850926160812,0.11774375233094109,0.12479348714715092,0.1795097291469574,0.08916257321834564,0.09333281964063644,0.19484370946884155,0.1791706494754013,0.13431365847215632
0,0.2343967163685033,0.04740625247359276,0.021682512356743136,0.08028549071343401,0.15069179236888885,0.20440663397312164,0.15464900434017181,0.384135365486145,0.19131743456228661,0.16001085262208797
0,0.20153623246313224,0.150303915143013,0.2024318968542352,0.18240987657246016,0.2538478970527649,0.0956888422369957,0.16410520672798157,0.13744546473026276,0.20694536844784794,0.1737542677425836
0,0.2907431292422825,0.3806821405887604,0.8139748533676302,0.48670261559047745,0.4003356993198395,0.5649917721748352,0.2308395802974701,0.22943198680877686,0.37933279974683887,0.4217001859269604
0,0.20153623246313224,0.150303915143013,0.2024318968542352,0.18240987657246016,0.2538478970527649,0.0956888422369957,0.16410520672798157,0.13744546473026276,0.20694536844784794,0.1737542677425836
0,0.1773840535074321,0.015744704753160477,0.029715519744170336,0.035067001418833975,0.07605636119842529,0.04720769077539444,0.08196950703859329,0.17073054611682892,0.15433881096382432,0.07964886607225259
0,0.2519471351388076,0.27813833951950073,0.6530531640804088,0.2691562908059752,0.26711949706077576,0.36738789081573486,0.13585041463375092,0.12804938852787018,0.2984170941801744,0.29158666842013203
0,0.20153623246313224,0.150303915143013,0.2024318968542352,0.18240987657246016,0.2538478970527649,0.0956888422369957,0.16410520672798157,0.13744546473026276,0.20694536844784794,0.1737542677425836
0,0.20153623246313224,0.150303915143013,0.2024318968542352,0.18240987657246016,0.2538478970527649,0.0956888422369957,0.16410520672798157,0.13744546473026276,0.20694536844784794,0.1737542677425836
0,0.20153623246313224,0.150303915143013,0.2024318968542352,0.18240987657246016,0.2538478970527649,0.0956888422369957,0.16410520672798157,0.13744546473026276,0.20694536844784794,0.1737542677425836
0,0.20153623246313224,0.150303915143013,0.2024318968542352,0.18240987657246016,0.2538478970527649,0.0956888422369957,0.16410523653030396,0.13744546473026276,0.20694537020888548,0.17375427144117775
0,0.20153623246313224,0.150303915143013,0.2024318968542352,0.18240987657246016,0.2538478970527649,0.0956888422369957,0.16410520672798157,0.13744546473026276,0.20694536844784794,0.1737542677425836
0,0.20153623246313224,0.150303915143013,0.2024318968542352,0.18240987657246016,0.2538478970527649,0.0956888422369957,0.16410520672798157,0.13744546473026276,0.20694536844784794,0.1737542677425836
0,0.2519471351388076,0.27813833951950073,0.6530531640804088,0.2691562908059752,0.26711949706077576,0.36738789081573486,0.13585041463375092,0.12804938852787018,0.2984170941801744,0.29158666842013203
0,0.20153623246313224,0.150303915143013,0.2024318968542352,0.18240987657246016,0.2538478970527649,0.0956888422369957,0.16410520672798157,0.13744546473026276,0.20694536844784794,0.1737542677425836
0,0.20153623246313224,0.150303915143013,0.2024318968542352,0.18240987657246016,0.2538478970527649,0.0956888422369957,0.16410520672798157,0.13744546473026276,0.20694536844784794,0.1737542677425836
0,0.2519471351388076,0.27813833951950073,0.6530531640804088,0.2691562908059752,0.26711949706077576,0.36738789081573486,0.13585041463375092,0.12804938852787018,0.2984170941801744,0.29158666842013203
0,0.20153623246313224,0.150303915143013,0.2024318968542352,0.18240987657246016,0.2538478970527649,0.0956888422369957,0.16410520672798157,0.13744546473026276,0.20694536844784794,0.1737542677425836
0,0.20153623246313224,0.150303915143013,0.2024318968542352,0.18240987657246016,0.2538478970527649,0.0956888422369957,0.16410520672798157,0.13744546473026276,0.20694536844784794,0.1737542677425836
0,0.20153623246313224,0.150303915143013,0.2024318968542352,0.18240987657246016,0.2538478970527649,0.0956888422369957,0.16410523653030396,0.13744546473026276,0.20694537020888548,0.17375427144117775
0,0.20153623246313224,0.150303915143013,0.2024318968542352,0.18240987657246016,0.2538478970527649,0.0956888422369957,0.16410520672798157,0.13744546473026276,0.20694536844784794,0.1737542677425836
0,0.20153623246313224,0.150303915143013,0.2024318968542352,0.18240987657246016,0.2538478970527649,0.0956888422369957,0.16410520672798157,0.13744546473026276,0.20694536844784794,0.1737542677425836
0,0.20153623246313224,0.150303915143013,0.2024318968542352,0.18240987657246016,0.2538478970527649,0.0956888422369957,0.16410520672798157,0.13744546473026276,0.20694536844784794,0.1737542677425836
0,0.20153623246313224,0.150303915143013,0.2024318968542352,0.18240987657246016,0.2538478970527649,0.0956888422369957,0.16410520672798157,0.13744546473026276,0.20694536844784794,0.1737542677425836
0,0.2519471351388076,0.27813833951950073,0.6530531640804088,0.2691562908059752,0.26711949706077576,0.36738789081573486,0.13585041463375092,0.12804938852787018,0.2984170941801744,0.29158666842013203
0,0.20153623246313224,0.150303915143013,0.2024318968542352,0.18240987657246016,0.2538478970527649,0.0956888422369957,0.16410520672798157,0.13744546473026276,0.20694536844784794,0.1737542677425836
0,0.20153623246313224,0.150303915143013,0.2024318968542352,0.18240987657246016,0.2538478970527649,0.0956888422369957,0.16410520672798157,0.13744546473026276,0.20694536844784794,0.1737542677425836
0,0.20153623246313224,0.150303915143013,0.2024318968542352,0.18240987657246016,0.2538478970527649,0.0956888422369957,0.16410520672798157,0.13744546473026276,0.20694536844784794,0.1737542677425836
0,0.20153623246313224,0.150303915143013,0.2024318968542352,0.18240987657246016,0.2538478970527649,0.0956888422369957,0.16410520672798157,0.13744546473026276,0.20694536844784794,0.1737542677425836
0,0.20153623246313224,0.150303915143013,0.2024318968542352,0.18240987657246016,0.2538478970527649,0.0956888422369957,0.16410520672798157,0.13744546473026276,0.20694536844784794,0.1737542677425836
0,0.20153623246313224,0.150303915143013,0.2024318968542352,0.18240987657246016,0.2538478970527649,0.0956888422369957,0.16410520672798157,0.13744546473026276,0.20694536844784794,0.1737542677425836
0,0.20153623246313224,0.150303915143013,0.2024318968542352,0.18240987657246016,0.2538478970527649,0.0956888422369957,0.16410520672798157,0.13744546473026276,0.20694536844784794,0.1737542677425836
0,0.20153623246313224,0.150303915143013,0.2024318968542352,0.18240987657246016,0.2538478970527649,0.0956888422369957,0.16410520672798157,0.13744546473026276,0.20694536844784794,0.1737542677425836
0,0.20153623246313224,0.150303915143013,0.2024318968542352,0.18240987657246016,0.2538478970527649,0.0956888422369957,0.16410520672798157,0.13744546473026276,0.20694536844784794,0.1737542677425836
0,0.20153623246313224,0.150303915143013,0.2024318968542352,0.18240987657246016,0.2538478970527649,0.0956888422369957,0.16410520672798157,0.13744546473026276,0.20694536844784794,0.1737542677425836
0,0.20153623246313224,0.150303915143013,0.2024318968542352,0.18240987657246016,0.2538478970527649,0.0956888422369957,0.16410520672798157,0.13744546473026276,0.20694536844784794,0.1737542677425836
0,0.2519471351388076,0.27813833951950073,0.6530531640804088,0.2691562908059752,0.26711949706077576,0.36738789081573486,0.13585041463375092,0.12804938852787018,0.2984170941801744,0.29158666842013203
0,0.2519471351388076,0.27813833951950073,0.6530531640804088,0.2691562908059752,0.26711949706077576,0.36738789081573486,0.13585041463375092,0.12804938852787018,0.2984170941801744,0.29158666842013203
0,0.2519471351388076,0.27813833951950073,0.6530531640804088,0.2691562908059752,0.26711949706077576,0.36738789081573486,0.13585041463375092,0.12804938852787018,0.2984170941801744,0.29158666842013203
0,0.20153623246313224,0.150303915143013,0.2024318968542352,0.18240987657246016,0.2538478970527649,0.0956888422369957,0.16410520672798157,0.13744546473026276,0.20694536844784794,0.1737542677425836
0,0.2519471351388076,0.27813833951950073,0.6530531640804088,0.2691562908059752,0.26711949706077576,0.36738789081573486,0.13585041463375092,0.12804938852787018,0.2984170941801744,0.29158666842013203
0,0.2519471351388076,0.27813833951950073,0.6530531640804088,0.2691562908059752,0.26711949706077576,0.36738789081573486,0.13585041463375092,0.12804938852787018,0.2984170941801744,0.29158666842013203
0,0.20153623246313224,0.150303915143013,0.2024318968542352,0.18240987657246016,0.2538478970527649,0.0956888422369957,0.16410520672798157,0.13744546473026276,0.20694536844784794,0.1737542677425836
0,0.08467651670717519,0.008321482688188553,0.0055754421511454355,0.019550903182993802,0.02409021183848381,0.003765437053516507,0.0437367781996727,0.08031385391950607,0.12484451547850701,0.03404995769110598
0,0.08467651670717519,0.008321482688188553,0.0055754421511454355,0.019550903182993802,0.02409021183848381,0.003765437053516507,0.0437367781996727,0.08031385391950607,0.12484451547850701,0.03404995769110598
0,0.07911886881248305,0.00992126390337944,0.0007138421225501795,0.007964841827941108,0.009134079329669476,0.003369384678080678,0.04695207253098488,0.0563424676656723,0.12310892784081164,0.02695793657555971
1,0.08938420350399362,0.009172395803034306,0.006755619073852969,0.021078553375250778,0.02907230332493782,0.010711191222071648,0.055653952062129974,0.07534447312355042,0.12624080540779345,0.03742249375590389
0,0.15955683392309308,0.10955094546079636,0.10277512456136675,0.13410433274294808,0.2026364654302597,0.1610890030860901,0.12364046275615692,0.09932493418455124,0.17259884867587943,0.13670578337907474
0,0.453262198278902,0.5217232704162598,0.2506730050181808,0.5608483553102873,0.6166966557502747,0.6994187235832214,0.7751972675323486,0.38234883546829224,0.5179208876134993,0.5328072882957795
0,0.1836456455584069,0.06326691061258316,0.0006254413312670376,0.04176010125520737,0.09022384881973267,0.13753658533096313,0.04579399898648262,0.04445604607462883,0.15676395789945988,0.07632851132950097
0,0.27287623076491174,0.23191305994987488,0.2662823030110563,0.21692621952807473,0.22867463529109955,0.27182668447494507,0.239763081073761,0.21497230231761932,0.2725420029298511,0.2426714603992982
0,0.27287623076491174,0.23191305994987488,0.2662823030110563,0.21692621952807473,0.22867463529109955,0.27182668447494507,0.239763081073761,0.21497230231761932,0.2725420029298511,0.2426714603992982
0,0.45436166472432077,0.451704204082489,0.04425491132063751,0.3181982643481702,0.467390775680542,0.5004594922065735,0.3671056628227234,0.3989001214504242,0.4417014767177438,0.37713504470083115
0,0.1635201343815961,0.10858850926160812,0.11774375233094109,0.12479348714715092,0.1795097291469574,0.08916257321834564,0.09333281964063644,0.19484370946884155,0.1791706494754013,0.13431365847215632
0,0.23749239505727185,0.18403874337673187,0.031266821419698276,0.1866588691009244,0.3252667486667633,0.09038547426462173,0.2984647750854492,0.38585400581359863,0.2422582439311631,0.21894562192722425
0,0.2814420655875964,0.1839696168899536,0.04040099041640634,0.1402844305979353,0.19924530386924744,0.20250144600868225,0.14865408837795258,0.32804352045059204,0.24532696222980774,0.19160182494647954
0,0.26703614233781947,0.14705201983451843,0.10885193872896848,0.1518754742771268,0.36593514680862427,0.06242683157324791,0.202468603849411,0.3341943323612213,0.2371195583793625,0.2062718478187796
0,0.27287623076491174,0.23191305994987488,0.2662823030110563,0.21692621952807473,0.22867463529109955,0.27182668447494507,0.239763081073761,0.21497230231761932,0.2725420029298511,0.2426714603992982
0,0.20153623246313224,0.150303915143013,0.2024318968542352,0.18240987657246016,0.2538478970527649,0.0956888422369957,0.16410520672798157,0.13744546473026276,0.20694536844784794,0.1737542677425836
0,0.20153623246313224,0.150303915143013,0.2024318968542352,0.18240987657246016,0.2538478970527649,0.0956888422369957,0.16410520672798157,0.13744546473026276,0.20694536844784794,0.1737542677425836
0,0.20153623246313224,0.150303915143013,0.2024318968542352,0.18240987657246016,0.2538478970527649,0.0956888422369957,0.16410520672798157,0.13744546473026276,0.20694536844784794,0.1737542677425836
0,0.2325241789173736,0.3116617500782013,0.05488632220681975,0.44638379945990725,0.16090205311775208,0.14567629992961884,0.17636846005916595,0.2062353491783142,0.2581792116141206,0.21840580406618915
0,0.1635201343815961,0.10858850926160812,0.11774375233094109,0.12479348714715092,0.1795097291469574,0.08916257321834564,0.09333281964063644,0.19484370946884155,0.1791706494754013,0.13431365847215632
0,0.15955683392309308,0.10955094546079636,0.10277512456136675,0.13410433274294808,0.2026364654302597,0.1610890030860901,0.12364046275615692,0.09932493418455124,0.17259884867587943,0.13670578337907474
0,0.25036045531397016,0.1348419338464737,0.021391263471822283,0.08750561010752783,0.19657163321971893,0.41876789927482605,0.13140012323856354,0.3009074628353119,0.2136627230890621,0.192642048850711
0,0.19706245401569075,0.06442946195602417,0.05153238045162339,0.0569864467671963,0.11055341362953186,0.012284453958272934,0.06478214263916016,0.09342142194509506,0.16759807079325142,0.08214351021137822
0,0.2616779923692469,0.3493696451187134,0.3401384393623755,0.2089664450305221,0.21508091688156128,0.01156468316912651,0.11462025344371796,0.22352449595928192,0.3144381047404884,0.21663711368383337
0,0.2644722164292581,0.0949477031826973,0.012596555878850066,0.02798442366844829,0.11497069895267487,0.029822969809174538,0.026515880599617958,0.1557796448469162,0.19490246892029678,0.09216413247825578
0,0.2644722164292581,0.0949477031826973,0.012596555878850066,0.02798442366844829,0.11497069895267487,0.029822969809174538,0.026515880599617958,0.1557796448469162,0.19490246892029678,0.09216413247825578
0,0.2833120626839056,0.12103426456451416,0.06820347958857015,0.07947890371394024,0.19922828674316406,0.14084802567958832,0.08558283746242523,0.18449513614177704,0.21535770429852152,0.14611706006499792
0,0.2833120626839056,0.12103426456451416,0.06820347958857015,0.07947890371394024,0.19922828674316406,0.14084802567958832,0.08558283746242523,0.18449513614177704,0.21535770429852152,0.14611706006499792
0,0.3381779031886385,0.20596300065517426,0.09869270033478267,0.22115988711122062,0.3856502175331116,0.3857542872428894,0.34853994846343994,0.26329848170280457,0.2829949790467002,0.28130527151299856
0,0.3046004277005757,0.06024076044559479,0.13201596763637494,0.13007171299471879,0.1795376092195511,0.5106369256973267,0.10707993805408478,0.19015751779079437,0.20530709305475173,0.20060206549768234
0,0.27059564070492975,0.010014700703322887,0.021483381112624787,0.010623543553099206,0.05628279224038124,0.07964722812175751,0.09585043787956238,0.11082426458597183,0.17478260520564734,0.08241386788639149
0,0.29040173749621834,0.012722109444439411,0.01931349753360269,0.015003841670489234,0.1120307520031929,0.3466465473175049,0.12288164347410202,0.32849955558776855,0.19325583563526458,0.1556106005019252
0,0.316595865982918,0.1342737078666687,0.1770640844248821,0.17910881838094408,0.2847057282924652,0.4226621687412262,0.31905418634414673,0.32412269711494446,0.25933450512475337,0.2690627215414156
0,0.17727282984196066,0.0982372835278511,0.07988494513524887,0.09398900505808543,0.1597835272550583,0.028787558898329735,0.13250651955604553,0.10200148075819016,0.17569431130561966,0.10973832787722047
0,0.43688176362752834,0.4302881956100464,0.17655902068012141,0.20512317693436305,0.48588308691978455,0.4930846095085144,0.30423107743263245,0.45607930421829224,0.44197788083550793,0.3746546005909753
0,0.48983948866724075,0.41145753860473633,0.22117851298046373,0.19987453614652875,0.5021569132804871,0.5591894388198853,0.33932599425315857,0.43497321009635925,0.46359883214734526,0.3954631454159582
0,0.1671116025410467,0.04355727136135101,0.032918360242897966,0.05834180771063898,0.08734533190727234,0.05442454665899277,0.028126060962677002,0.05845000967383385,0.1498091474062444,0.06676576922873831
1,0.17817411154219367,0.03394469991326332,0.020731650350550614,0.04561054060847841,0.035681724548339844,0.045268867164850235,0.017239456996321678,0.05196232348680496,0.14924829086433924,0.054064351494498966
0,0.30853642325100394,0.27682095766067505,0.4204375449610105,0.47470632776785676,0.39852967858314514,0.4075997769832611,0.3214833438396454,0.2010134905576706,0.3120211084578884,0.3502053360931742
0,0.1671116025410467,0.04355727136135101,0.032918360242897966,0.05834180771063898,0.08734533190727234,0.05442454665899277,0.028126060962677002,0.05845000967383385,0.1498091474062444,0.06676576922873831
0,0.1671116025410467,0.04355727136135101,0.032918360242897966,0.05834180771063898,0.08734533190727234,0.05442454665899277,0.028126060962677002,0.05845000967383385,0.1498091474062444,0.06676576922873831
0,0.1671116025410467,0.04355727136135101,0.032918360242897966,0.05834180771063898,0.08734533190727234,0.05442454665899277,0.028126060962677002,0.05845000967383385,0.1498091474062444,0.06676576922873831
0,0.1671116025410467,0.04355727136135101,0.032918360242897966,0.05834180771063898,0.08734533190727234,0.05442454665899277,0.028126060962677002,0.05845000967383385,0.1498091474062444,0.06676576922873831
0,0.1671116025410467,0.04355727136135101,0.032918360242897966,0.05834180771063898,0.08734533190727234,0.05442454665899277,0.028126060962677002,0.05845000967383385,0.1498091474062444,0.06676576922873831
0,0.1671116025410467,0.04355727136135101,0.032918360242897966,0.05834180771063898,0.08734533190727234,0.05442454665899277,0.028126060962677002,0.05845000967383385,0.1498091474062444,0.06676576922873831
0,0.1671116025410467,0.04355727136135101,0.032918360242897966,0.05834180771063898,0.08734533190727234,0.05442454665899277,0.028126060962677002,0.05845000967383385,0.1498091474062444,0.06676576922873831
0,0.1671116025410467,0.04355727136135101,0.032918360242897966,0.05834180771063898,0.08734533190727234,0.05442454665899277,0.028126060962677002,0.05845000967383385,0.1498091474062444,0.06676576922873831
0,0.1671116025410467,0.04355727136135101,0.032918360242897966,0.05834180771063898,0.08734533190727234,0.05442454665899277,0.028126060962677002,0.05845000967383385,0.1498091474062444,0.06676576922873831
0,0.1671116025410467,0.04355727136135101,0.032918360242897966,0.05834180771063898,0.08734533190727234,0.05442454665899277,0.028126060962677002,0.05845000967383385,0.1498091474062444,0.06676576922873831
0,0.15783306373212577,0.11579054594039917,0.04734946779225336,0.09868042627989776,0.10299627482891083,0.03450829163193703,0.07006140053272247,0.11950789391994476,0.17089017325837838,0.09414874224894626
0,0.15783306373212577,0.11579054594039917,0.04734946779225336,0.09868042627989776,0.10299627482891083,0.03450829163193703,0.07006140053272247,0.11950789391994476,0.17089017325837838,0.09414874224894626
0,0.4740068247434202,0.14997126162052155,0.12150508731568475,0.13213904484477662,0.2649514675140381,0.4914940893650055,0.36920586228370667,0.2985439896583557,0.32536969099951807,0.28752316122439314
0,0.27316674651402056,0.28705838322639465,0.5499402129454464,0.35641626216687455,0.33618295192718506,0.6817214488983154,0.18740876019001007,0.22570787370204926,0.30665856066567027,0.35943740044260897
0,0.17172647926817303,0.13311296701431274,0.13697759948368085,0.11181392116628493,0.20918263494968414,0.0538882277905941,0.15215851366519928,0.1814655065536499,0.19255602247900777,0.14433017380975188
0,0.27316674651402056,0.28705838322639465,0.5499402129454464,0.35641626216687455,0.33618295192718506,0.6817214488983154,0.18740876019001007,0.22570787370204926,0.30665856066567027,0.35943740044260897
1,0.23174420461249085,0.07431066036224365,0.0621054043791585,0.06175159427533415,0.05916512757539749,0.13040900230407715,0.11590670794248581,0.13814786076545715,0.18514276291222861,0.10946628608486535
0,0.16102330465464867,0.10582312941551208,0.08715052676984138,0.08351555706388114,0.2684788703918457,0.11925873905420303,0.09188241511583328,0.1356200873851776,0.17261014418180298,0.13208167092394035
0,0.37576876448067764,0.2528916299343109,0.16640490160327256,0.1481679901908154,0.2922876477241516,0.3498185873031616,0.24594680964946747,0.23146438598632812,0.31552503454784653,0.258267522762811
0,0.37576876448067764,0.2528916299343109,0.16640490160327256,0.1481679901908154,0.2922876477241516,0.3498185873031616,0.24594680964946747,0.23146438598632812,0.31552503454784653,0.258267522762811
0,0.3823458713468026,0.1299293488264084,0.17379241213003863,0.130117417408443,0.10824887454509735,0.24098913371562958,0.20204582810401917,0.2007814645767212,0.26858815689967463,0.1960653510695758
0,0.3823458713468026,0.1299293488264084,0.17379241213003863,0.130117417408443,0.10824887454509735,0.24098913371562958,0.20204582810401917,0.2007814645767212,0.26858815689967463,0.1960653510695758
0,0.2932121266194653,0.07964932918548584,0.02428051453018861,0.07158994651200695,0.07133413106203079,0.301559180021286,0.043050143867731094,0.0856771469116211,0.19344591379814408,0.12133575796378805
0,0.296511268442153,0.21294882893562317,0.06437906915598214,0.2959819518831492,0.42022690176963806,0.1999758630990982,0.1612233966588974,0.15291425585746765,0.24482583528032553,0.22694738960754557
0,0.32133024092971324,0.2980966866016388,0.1822664554952527,0.18285672803761177,0.29375383257865906,0.055107325315475464,0.32692182064056396,0.24231135845184326,0.3218891496557555,0.23934685267495628
0,0.32133024092971324,0.2980966866016388,0.1822664554952527,0.18285672803761177,0.29375383257865906,0.055107325315475464,0.3269217908382416,0.24231135845184326,0.3218891473135941,0.23934684897636213
0,0.32133024092971324,0.2980966866016388,0.1822664554952527,0.18285672803761177,0.29375383257865906,0.055107325315475464,0.3269217908382416,0.24231135845184326,0.3218891473135941,0.23934684897636213
0,0.3967569523774641,0.32077667117118835,0.13987081066758345,0.16233977966888727,0.45568418502807617,0.36680495738983154,0.18636482954025269,0.31416600942611694,0.35081080972886053,0.2940524287031142
0,0.3967569523774641,0.32077667117118835,0.13987081066758345,0.16233977966888727,0.45568418502807617,0.36680495738983154,0.18636482954025269,0.31416600942611694,0.35081080972886053,0.2940524287031142
0,0.18217866941451444,0.04495607316493988,0.011125949780093822,0.04660031726352373,0.07243260741233826,0.07746543735265732,0.08368874341249466,0.13035619258880615,0.15921464303254054,0.08160286649660164
0,0.20121297817587502,0.020342489704489708,0.023419073780579266,0.021917718365447425,0.04541530832648277,0.0006437752163037658,0.15134817361831665,0.17201712727546692,0.16541394795367523,0.08014844585168646
0,0.20121297817587502,0.020342489704489708,0.023419073780579266,0.021917718365447425,0.04541530832648277,0.0006437752163037658,0.15134817361831665,0.17201712727546692,0.16541394795367523,0.08014844585168646
0,0.20121297817587502,0.020342489704489708,0.023419073780579266,0.021917718365447425,0.04541530832648277,0.0006437752163037658,0.15134817361831665,0.17201712727546692,0.16541394795367523,0.08014844585168646
0,0.20121297817587502,0.020342489704489708,0.023419073780579266,0.021917718365447425,0.04541530832648277,0.0006437752163037658,0.15134817361831665,0.17201712727546692,0.16541394795367523,0.08014844585168646
0,0.28259847584524583,0.04629944637417793,0.004841191224166634,0.029801976712257535,0.10431025177240372,0.06160254031419754,0.03335893526673317,0.10075207054615021,0.18262632198541054,0.08392944337157655
0,0.13551662672021092,0.016774917021393776,0.005076681356507439,0.01992163721656614,0.017875783145427704,0.01845555752515793,0.013879504054784775,0.04759974032640457,0.13488594534686502,0.0348186408476161
0,0.13551662672021092,0.016774917021393776,0.005076681356507439,0.01992163721656614,0.017875783145427704,0.01845555752515793,0.013879504054784775,0.04759974032640457,0.13488594534686502,0.0348186408476161
0,0.3355890652057791,0.07042048871517181,0.22945057923216533,0.0863404890158694,0.0579088032245636,0.13147981464862823,0.12554802000522614,0.12568920850753784,0.22753355881829382,0.14504049670248895
0,0.4657192269140149,0.11212484538555145,0.08940519053800886,0.11111852841217593,0.21233148872852325,0.43658196926116943,0.12057797610759735,0.22865177690982819,0.2810270205386742,0.22214663143819782
0,0.5018906993848227,0.580079197883606,0.11456659790135065,0.4738395720736827,0.3773939311504364,0.35413244366645813,0.4772908389568329,0.5759764313697815,0.5556061537244842,0.4345801714149852
0,0.47448188223829263,0.1502513736486435,0.06661331235268697,0.19628552023343707,0.2157457172870636,0.10749164968729019,0.2990107834339142,0.25504904985427856,0.3136387528341195,0.222225882984304
0,0.40485079404203544,0.13787323236465454,0.025437794616658953,0.12636160943542873,0.29006168246269226,0.26077818870544434,0.2461109161376953,0.25145724415779114,0.27334691024844643,0.21893271838763265
0,0.37534901535886706,0.13288018107414246,0.022435234571807783,0.1267642759160487,0.3054680824279785,0.2660997807979584,0.08967960625886917,0.231702983379364,0.24785562905498346,0.19490201917873196
0,0.23670720219904173,0.054363932460546494,0.014946762865313977,0.040594470320943515,0.20623193681240082,0.10777212679386139,0.04560070484876633,0.11408422887325287,0.17294332724701794,0.10334671992058593
0,0.17053145514731696,0.016858603805303574,0.036109394775273355,0.0282398711235305,0.03709971532225609,0.03140223026275635,0.024613358080387115,0.06330586224794388,0.14555854815094021,0.05138514911379294
0,0.13551662672021092,0.016774917021393776,0.005076681356507439,0.01992163721656614,0.017875783145427704,0.01845555752515793,0.013879504054784775,0.04759974032640457,0.13488594534686502,0.0348186408476161
0,0.17053145514731696,0.016858603805303574,0.036109394775273355,0.0282398711235305,0.03709971532225609,0.03140223026275635,0.024613358080387115,0.06330586224794388,0.14555854815094021,0.05138514911379294
0,0.18390972988558812,0.04464377090334892,0.014745907048115584,0.05304461979270388,0.11238701641559601,0.08021929115056992,0.11254434287548065,0.3149256408214569,0.17108639995264147,0.1151591862277972
0,0.18390972988558812,0.04464377090334892,0.014745907048115584,0.05304461979270388,0.11238701641559601,0.08021929115056992,0.11254434287548065,0.3149256408214569,0.17108639995264147,0.1151591862277972
0,0.18390972988558812,0.04464377090334892,0.014745907048115584,0.05304461979270388,0.11238701641559601,0.08021929115056992,0.11254434287548065,0.3149256408214569,0.17108639995264147,0.1151591862277972
0,0.18390972988558812,0.04464377090334892,0.014745907048115584,0.05304461979270388,0.11238701641559601,0.08021929115056992,0.11254434287548065,0.3149256408214569,0.17108639995264147,0.1151591862277972
0,0.20305222341812462,0.050776612013578415,0.02479752294064222,0.060051994980600786,0.086431585252285,0.00858271773904562,0.17226247489452362,0.20585133135318756,0.17593659688866034,0.10226251165287745
0,0.1903831269387045,0.025766141712665558,0.055413477610780505,0.019629850900820527,0.089790940284729,0.0011352001456543803,0.11481212079524994,0.04476705193519592,0.1570386122702415,0.06819607571819299
0,0.1903831269387045,0.025766141712665558,0.055413477610780505,0.019629850900820527,0.089790940284729,0.0011352001456543803,0.11481213569641113,0.04476706311106682,0.15703861357186627,0.06819607896976508
0,0.38547987456926563,0.34666678309440613,0.21712544117488924,0.2957751637848498,0.24658767879009247,0.12657798826694489,0.33857589960098267,0.5726045966148376,0.40144371791786304,0.31774944298360536
0,0.18390972988558812,0.04464377090334892,0.014745907048115584,0.05304461979270388,0.11238701641559601,0.08021929115056992,0.11254434287548065,0.3149256408214569,0.17108639995264147,0.1151591862277972
0,0.16313597821627718,0.035323306918144226,0.00931545890024189,0.045301865336347356,0.041239943355321884,0.022477591410279274,0.01843494549393654,0.04194178804755211,0.14500142501748942,0.04774585317922739
0,0.21524778070286626,0.0542357973754406,0.024775231931068755,0.05717151542445006,0.09204728901386261,0.13324770331382751,0.14435265958309174,0.22133482992649078,0.17885788378216388,0.11817661757834909
0,0.18716171471880055,0.028317296877503395,0.04974754027016719,0.026636580177443213,0.05051013082265854,0.06416032463312149,0.06315878033638,0.1699228733778,0.160306290057096,0.080254432448648
0,0.18599889397938224,0.005656123161315918,0.03621784457358428,0.005490273343669782,0.013173146173357964,0.0442122183740139,0.01497836783528328,0.11593648791313171,0.14934091623843626,0.0530044308500816
0,0.3644252693962951,0.09159223735332489,0.012433057087181825,0.09784143470113976,0.2876181900501251,0.2938057482242584,0.277589350938797,0.3568677008152008,0.2514221276095327,0.22345216552560215
0,0.24534500083832136,0.06868062913417816,0.014278494442274945,0.05782269437975805,0.14762941002845764,0.14846453070640564,0.03743857517838478,0.10250554233789444,0.17764336054611332,0.10341975517918037
0,0.35284909626487587,0.06452249735593796,0.0028566909444775516,0.0772173962150628,0.24543511867523193,0.05188100039958954,0.09049110859632492,0.14567342400550842,0.21366031861202994,0.13041000170156083
0,0.18716171471880055,0.028317296877503395,0.04974754027016719,0.026636580177443213,0.05051014572381973,0.06416032463312149,0.06315878033638,0.1699228733778,0.16030628999591154,0.08025443433558924
0,0.17053145514731696,0.016858603805303574,0.036109394775273355,0.0282398711235305,0.03709971532225609,0.031402237713336945,0.024613361805677414,0.06330586224794388,0.14555854827101122,0.05138515047731834
0,0.2951906432678592,0.2877174913883209,0.814147446039402,0.7109790733255513,0.3276866376399994,0.43026039004325867,0.3669077754020691,0.054851312190294266,0.3311028602027801,0.40788057616640605
0,0.337433286837076,0.09415211528539658,0.05590444301164279,0.12522337652045384,0.335044801235199,0.2632283568382263,0.30085912346839905,0.19316796958446503,0.23494826366900776,0.21363629683070484
0,0.4082237106463959,0.164545938372612,0.2775166712827099,0.20475598494859168,0.3053222894668579,0.3103865087032318,0.27112817764282227,0.19496597349643707,0.3012983900587157,0.2668637360077709
0,0.4082237106463959,0.164545938372612,0.2775166712827099,0.20475598494859168,0.3053222894668579,0.3103865087032318,0.27112817764282227,0.19496597349643707,0.3012983900587157,0.2668637360077709
0,0.32634126083121023,0.1743846833705902,0.10648394920278215,0.23153231002143412,0.15762674808502197,0.4731590151786804,0.08113908767700195,0.06891089677810669,0.23488881642923784,0.2020640995403853
0,0.32634126083121023,0.1743846833705902,0.10648394920278215,0.23153231002143412,0.15762674808502197,0.4731590151786804,0.08113908767700195,0.06891089677810669,0.23488881642923784,0.2020640995403853
0,0.4082237106463959,0.164545938372612,0.2775166712827099,0.20475598494859168,0.3053222894668579,0.3103865087032318,0.27112817764282227,0.19496597349643707,0.3012983900587157,0.2668637360077709
0,0.32634126083121023,0.1743846833705902,0.10648394920278215,0.23153231002143412,0.15762674808502197,0.4731590151786804,0.08113908767700195,0.06891089677810669,0.23488881642923784,0.2020640995403853
0,0.32634126083121023,0.1743846833705902,0.10648394920278215,0.23153231002143412,0.15762674808502197,0.4731590151786804,0.08113908767700195,0.06891089677810669,0.23488881642923784,0.2020640995403853
0,0.4082237106463959,0.164545938372612,0.2775166712827099,0.20475598494859168,0.3053222894668579,0.3103865087032318,0.27112820744514465,0.19496597349643707,0.30129839231762273,0.2668637397063651
0,0.4082237106463959,0.164545938372612,0.2775166712827099,0.20475598494859168,0.3053222894668579,0.3103865087032318,0.27112817764282227,0.19496597349643707,0.3012983900587157,0.2668637360077709
0,0.20375558702577964,0.015122339129447937,0.006671650455229694,0.007391323094681779,0.045346491038799286,0.049848977476358414,0.004289666190743446,0.025158535689115524,0.14900078313889525,0.045231754356863704
0,0.5193485192306116,0.29713350534439087,0.0882540394142079,0.36208963261174076,0.8210153579711914,0.6476835608482361,0.6454331278800964,0.8794543743133545,0.47233336530903286,0.5336808925147296
0,0.4335451650500902,0.0244757030159235,0.033705661314049326,0.044434547259523643,0.08483067899942398,0.10413185507059097,0.005242426414042711,0.06529886275529861,0.22019532404400277,0.10047407903714892
0,0.1166913729232384,0.1301134079694748,0.011617369846663336,0.09239926668503289,0.06481233984231949,0.021630384027957916,0.0333644263446331,0.043850064277648926,0.1560482354561437,0.06521487705670326
0,0.39263396865510786,0.3902309834957123,0.05867380716612368,0.29329039786984706,0.36532777547836304,0.16589371860027313,0.24414996802806854,0.3623495101928711,0.37840133801093145,0.2866523552028183
0,0.14403601927065393,0.08120009303092957,0.02964871568337783,0.11178823865484046,0.11663985997438431,0.017172997817397118,0.10411892831325531,0.08070891350507736,0.15672952386900402,0.08641696092891743
0,0.16732488006331217,0.07251350581645966,0.030106195520261003,0.07035561236953433,0.0957542210817337,0.02470463328063488,0.07548326998949051,0.26810264587402344,0.17041143005425524,0.10135957064208509
0,0.27797271665913964,0.1961745023727417,0.37341244919897243,0.25366742964483996,0.31461578607559204,0.3644056022167206,0.2886720299720764,0.18705876171588898,0.2691988414328533,0.2808223817765717
0,0.13554401011597206,0.09283234179019928,0.02295504043577806,0.11079703802089921,0.1738453209400177,0.12726619839668274,0.03232574090361595,0.05924929305911064,0.15162601787519236,0.09486392802303852
0,0.13554401011597206,0.09283234179019928,0.02295504043577806,0.11079703802089921,0.1738453209400177,0.12726619839668274,0.03232574090361595,0.05924929305911064,0.15162601787519236,0.09486392802303852
0,0.13554401011597206,0.09283234179019928,0.02295504043577806,0.11079703802089921,0.1738453209400177,0.12726619839668274,0.03232574090361595,0.05924929305911064,0.15162601787519236,0.09486392802303852
0,0.17788464968089354,0.08631409704685211,0.07888818652207957,0.17189739912305677,0.2147960662841797,0.14452259242534637,0.12447229027748108,0.07303961366415024,0.16780963872076565,0.1342599477623093
0,0.39419479940501817,0.28495028614997864,0.08878971498464569,0.2660308978045231,0.32561609148979187,0.27597811818122864,0.28417882323265076,0.25369709730148315,0.3305746084296258,0.27305703565413053
0,0.1463117434292376,0.07301004976034164,0.03296355349714513,0.07297996508563648,0.1465660184621811,0.08408847451210022,0.0700514018535614,0.15876416862010956,0.15821206384999084,0.09862968636777408
1,0.17945266883545055,0.02153872884809971,0.008645642966086046,0.036684704905072425,0.10930678993463516,0.007931027561426163,0.06692187488079071,0.08012259006500244,0.14979260286974785,0.06455918611820097
0,0.40586454752584805,0.10893075168132782,0.19656307524800304,0.11434069869987372,0.09042049199342728,0.19358886778354645,0.08159837126731873,0.08959256112575531,0.2557320502807944,0.16022642427662914
0,0.10517846275267045,0.038192134350538254,0.029805778625711078,0.052817588960307006,0.06897667050361633,0.04714694619178772,0.06529736518859863,0.11942153424024582,0.13858990297739537,0.06613312503198626
0,0.08923589274351315,0.029758283868432045,0.005996649504617827,0.01870020530210316,0.0243549682199955,0.03438755124807358,0.007545101922005415,0.026321541517972946,0.12625498312269268,0.029821025143512155
0,0.15848183904076496,0.05515063926577568,0.006456809886863602,0.026211732859903046,0.16004982590675354,0.29539045691490173,0.031639162451028824,0.08098616451025009,0.14909626680327617,0.10157000497764443
0,0.07574863523196541,0.02080191671848297,0.0015321457718870982,0.017241402837365763,0.016462823376059532,0.01579727791249752,0.0028000506572425365,0.02219373546540737,0.1212121613514534,0.021862180704682037
0,0.07574863523196541,0.02080191671848297,0.0015321457718870982,0.017241402837365763,0.016462823376059532,0.01579727791249752,0.0028000506572425365,0.02219373546540737,0.1212121613514534,0.021862180704682037
0,0.08549052430412157,0.005603496450930834,0.0003260568334372888,0.005919766212523774,0.006962591782212257,0.025189202278852463,0.0005092186038382351,0.018287010490894318,0.12005388948015899,0.01873790659656519
1,0.12471803570253322,0.046914275735616684,0.0055933641633339306,0.053036744610443366,0.059148773550987244,0.06012177839875221,0.02668960578739643,0.08176768571138382,0.1402726993152805,0.057691778099771204
0,0.4598597834910899,0.17265425622463226,0.1782448371325381,0.31888431285566604,0.36630743741989136,0.38508614897727966,0.15092897415161133,0.3422507345676422,0.31492368245300345,0.2972371467410804
0,0.07305585129333392,0.023427695035934448,0.002392332309643466,0.040393687778966625,0.01566178910434246,0.009708022698760033,0.010741868987679482,0.022089947015047073,0.12117706691638781,0.02499843194073123
0,0.07305585129333392,0.023427695035934448,0.002392332309643466,0.040393687778966625,0.01566178910434246,0.009708022698760033,0.010741868987679482,0.022089947015047073,0.12117706691638781,0.02499843194073123
0,0.20071300905771594,0.03831049054861069,0.009621188565025753,0.14192868440275674,0.07987311482429504,0.02666093409061432,0.05014638602733612,0.10869413614273071,0.15782227708716784,0.0828073176355886
0,0.21138618828330988,0.0769062489271164,0.2032276496339237,0.1499411431061366,0.22517825663089752,0.1090344563126564,0.09886191040277481,0.3271827697753906,0.1972917521077848,0.17524144477577314
0,0.2717200994547834,0.1565217226743698,0.31318438226789713,0.19691682432947488,0.29150357842445374,0.3136864900588989,0.22361554205417633,0.15076787769794464,0.24295176203223823,0.23885611364185816
0,0.2717200994547834,0.1565217226743698,0.31318438226789713,0.19691682432947488,0.29150357842445374,0.3136864900588989,0.22361554205417633,0.15076787769794464,0.24295176203223823,0.23885611364185816
0,0.2717200994547834,0.1565217226743698,0.31318438226789713,0.19691682432947488,0.29150357842445374,0.3136864900588989,0.22361554205417633,0.15076787769794464,0.24295176203223823,0.23885611364185816
0,0.14709591043214396,0.06105777993798256,0.042775311214044875,0.058607378316569196,0.12822943925857544,0.0540071465075016,0.05048535019159317,0.05919252336025238,0.15050268482981002,0.07567782176923284
0,0.2717200994547834,0.1565217226743698,0.31318438226789713,0.19691682432947488,0.29150357842445374,0.3136864900588989,0.22361554205417633,0.15076787769794464,0.24295176203223823,0.23885611364185816
0,0.14709591043214396,0.06105777993798256,0.042775311214044875,0.058607378316569196,0.12822943925857544,0.0540071465075016,0.05048535019159317,0.05919252336025238,0.15050268482981002,0.07567782176923284
0,0.2717200994547834,0.1565217226743698,0.31318438226789713,0.19691682432947488,0.29150357842445374,0.3136864900588989,0.22361554205417633,0.15076787769794464,0.24295176203223823,0.23885611364185816
0,0.2855938813128765,0.1683349758386612,0.02030408504439715,0.12498448859289657,0.2858479917049408,0.4164784550666809,0.08808904141187668,0.09918868541717529,0.21790917764568096,0.18639665249714685
0,0.3057586098729934,0.19343073666095734,0.11149016749837215,0.22663900905131829,0.2929459512233734,0.6458420753479004,0.15837600827217102,0.1025398001074791,0.23981425764043676,0.25370699862029555
0,0.14709591043214396,0.06105777993798256,0.042775311214044875,0.058607378316569196,0.12822943925857544,0.0540071465075016,0.05048535019159317,0.05919252336025238,0.15050268482981002,0.07567782176923284
0,0.14709591043214396,0.06105777993798256,0.042775311214044875,0.058607378316569196,0.12822943925857544,0.0540071465075016,0.05048535019159317,0.05919252336025238,0.15050268482981002,0.07567782176923284
0,0.14709591043214396,0.06105777993798256,0.042775311214044875,0.058607378316569196,0.12822943925857544,0.0540071465075016,0.05048535019159317,0.05919252336025238,0.15050268482981002,0.07567782176923284
0,0.2855938813128765,0.1683349758386612,0.02030408504439715,0.12498448859289657,0.2858479917049408,0.4164784550666809,0.08808902651071548,0.09918868541717529,0.2179091767313309,0.18639665064784977
0,0.2717200994547834,0.1565217226743698,0.31318438226789713,0.19691682432947488,0.29150357842445374,0.3136864900588989,0.22361554205417633,0.15076787769794464,0.24295176203223823,0.23885611364185816
0,0.14344363909796326,0.02084122970700264,7.510394558715276e-05,0.011742377147249999,0.0510098822414875,0.12216819822788239,0.005961509421467781,0.03006131388247013,0.13556595249413514,0.048290346976709364
0,0.14344363909796326,0.02084122970700264,7.510394558715276e-05,0.011742377147249999,0.051009874790906906,0.12216818332672119,0.005961509421467781,0.03006131388247013,0.1355659526088601,0.048290344230836474
0,0.14344363909796326,0.02084122970700264,7.510394558715276e-05,0.011742377147249999,0.051009874790906906,0.12216818332672119,0.005961512215435505,0.03006131388247013,0.13556595272674646,0.04829034457757968
0,0.2717200994547834,0.1565217226743698,0.31318438226789713,0.19691682432947488,0.29150357842445374,0.3136864900588989,0.22361554205417633,0.15076784789562225,0.24295175984103942,0.2388561099024581
0,0.2039843101405408,0.09805227071046829,0.0695126195281277,0.08876288007544612,0.18872107565402985,0.372959166765213,0.12049419432878494,0.14904217422008514,0.1820976173293198,0.16093940621171107
0,0.2717200994547834,0.1565217226743698,0.31318438226789713,0.19691682432947488,0.29150357842445374,0.3136864900588989,0.22361554205417633,0.15076787769794464,0.24295176203223823,0.23885611364185816
0,0.14709591043214396,0.06105777993798256,0.042775311214044875,0.058607378316569196,0.12822943925857544,0.0540071465075016,0.05048535019159317,0.05919252336025238,0.15050268482981002,0.07567782176923284
0,0.2717200994547834,0.1565217226743698,0.31318438226789713,0.19691682432947488,0.29150357842445374,0.3136864900588989,0.22361554205417633,0.15076787769794464,0.24295176203223823,0.23885611364185816
0,0.14709591043214396,0.06105777993798256,0.042775311214044875,0.058607378316569196,0.12822943925857544,0.0540071465075016,0.05048535019159317,0.05919252336025238,0.15050268482981002,0.07567782176923284
0,0.14709591043214396,0.06105777993798256,0.042775311214044875,0.058607378316569196,0.12822943925857544,0.0540071465075016,0.05048535019159317,0.05919252336025238,0.15050268482981002,0.07567782176923284
0,0.2717200994547834,0.1565217226743698,0.31318438226789713,0.19691682432947488,0.29150357842445374,0.3136864900588989,0.22361554205417633,0.15076787769794464,0.24295176203223823,0.23885611364185816
0,0.2717200994547834,0.1565217226743698,0.31318438226789713,0.19691682432947488,0.29150357842445374,0.3136864900588989,0.22361554205417633,0.15076787769794464,0.24295176203223823,0.23885611364185816
0,0.14111756720524576,0.010752839967608452,0.0004338777012235759,0.00960581440480205,0.027272218838334084,0.10639195144176483,0.0020115163642913103,0.016352863982319832,0.13229913237243374,0.039338675888682506
0,0.2855938813128765,0.1683349758386612,0.02030408504439715,0.12498448859289657,0.2858479917049408,0.4164784550666809,0.08808902651071548,0.09918868541717529,0.2179091767313309,0.18639665064784977
0,0.3057586098729934,0.19343073666095734,0.11149016749837215,0.22663900905131829,0.2929459512233734,0.6458420753479004,0.15837600827217102,0.1025398001074791,0.23981425764043676,0.25370699862029555
0,0.1554429501942532,0.04976905137300491,0.001718379489247062,0.0374254613583612,0.1472969800233841,0.0774477869272232,0.01957389898598194,0.027692100033164024,0.14484526228705602,0.06516139759639142
0,0.1520881359819528,0.06758923083543777,0.1904240645997239,0.0992333626950604,0.12538966536521912,0.2169826179742813,0.13243883848190308,0.20709913969039917,0.172103464767248,0.14806838864699134
0,0.1520881359819528,0.06758923083543777,0.1904240645997239,0.0992333626950604,0.12538966536521912,0.2169826179742813,0.13243883848190308,0.20709913969039917,0.172103464767248,0.14806838864699134
0,0.1520881359819528,0.06758923083543777,0.1904240645997239,0.0992333626950604,0.12538966536521912,0.2169826179742813,0.13243883848190308,0.20709913969039917,0.172103464767248,0.14806838864699134
0,0.058191565312842926,0.02814101241528988,0.004859906891754154,0.026464479827851092,0.055952463299036026,0.010014454834163189,0.05652043968439102,0.02490735426545143,0.12115126741067989,0.033428163729671424
0,0.07305585129333392,0.023427695035934448,0.002392332309643466,0.040393687778966625,0.01566178910434246,0.009708022698760033,0.010741868987679482,0.022089947015047073,0.12117706691638781,0.02499843194073123
0,0.07305585129333392,0.023427695035934448,0.002392332309643466,0.040393687778966625,0.01566178910434246,0.009708022698760033,0.010741868987679482,0.022089947015047073,0.12117706691638781,0.02499843194073123
0,0.05667653094234115,0.0247702244669199,0.0005365608289257827,0.010884615365867803,0.03519533947110176,0.02493465319275856,0.003684672527015209,0.025766795501112938,0.1182571982467461,0.0230521889893922
1,0.5644032022214863,0.6982153058052063,0.6789480180287737,0.6452428295068788,0.7952326536178589,0.6299704313278198,0.7062202095985413,0.8832129240036011,0.7231121909415159,0.7003625522971219
0,0.10517846275267045,0.038192134350538254,0.029805778625711078,0.052817588960307006,0.06897667050361633,0.04714694619178772,0.06529736518859863,0.11942150443792343,0.13858990155513298,0.0661331212925862
0,0.07305585129333392,0.023427695035934448,0.002392332309643466,0.040393687778966625,0.01566178910434246,0.009708022698760033,0.010741868987679482,0.022089947015047073,0.12117706691638781,0.02499843194073123
0,0.058191565312842926,0.02814101241528988,0.004859906891754154,0.026464479827851092,0.055952463299036026,0.010014454834163189,0.05652043968439102,0.02490735426545143,0.12115126741067989,0.033428163729671424
0,0.058191565312842926,0.02814101241528988,0.004859906891754154,0.026464479827851092,0.055952463299036026,0.010014454834163189,0.05652043968439102,0.02490735426545143,0.12115126741067989,0.033428163729671424
0,0.08216921673642506,0.03474343568086624,0.0034936601970565577,0.038078674281991284,0.0637037456035614,0.023496653884649277,0.05652599781751633,0.12623734772205353,0.1317090108227124,0.053971581993187204
0,0.08216921673642506,0.03474343568086624,0.0034936601970565577,0.038078674281991284,0.0637037456035614,0.023496653884649277,0.05652599781751633,0.12623734772205353,0.1317090108227124,0.053971581993187204
0,0.08216921673642506,0.03474343568086624,0.0034936601970565577,0.038078674281991284,0.0637037456035614,0.023496653884649277,0.05652599781751633,0.12623734772205353,0.1317090108227124,0.053971581993187204
0,0.08449051519656418,0.0176582969725132,0.00047779065369884496,0.012178834589124663,0.05556819215416908,0.04138318821787834,0.044552385807037354,0.049882568418979645,0.12497941807939143,0.038515983944676715
0,0.08216921673642506,0.03474343568086624,0.0034936601970565577,0.038078674281991284,0.0637037456035614,0.023496653884649277,0.05652599781751633,0.12623734772205353,0.1317090108227124,0.053971581993187204
0,0.08216921673642506,0.03474343568086624,0.0034936601970565577,0.038078674281991284,0.0637037456035614,0.023496653884649277,0.05652599781751633,0.12623734772205353,0.1317090108227124,0.053971581993187204
0,0.08216921673642506,0.03474343568086624,0.0034936601970565577,0.038078674281991284,0.0637037456035614,0.023496653884649277,0.05652599781751633,0.12623734772205353,0.1317090108227124,0.053971581993187204
0,0.08216921673642506,0.03474343568086624,0.0034936601970565577,0.038078674281991284,0.0637037456035614,0.023496653884649277,0.05652599781751633,0.12623734772205353,0.1317090108227124,0.053971581993187204
0,0.08216921673642506,0.03474343568086624,0.0034936601970565577,0.038078674281991284,0.0637037456035614,0.023496653884649277,0.05652599781751633,0.12623734772205353,0.1317090108227124,0.053971581993187204
0,0.08535996147161054,0.038183167576789856,0.0015332799446715658,0.02055345737928584,0.02119811624288559,0.009478758089244366,0.03356879949569702,0.04269902780652046,0.1288467154836322,0.03198264837019198
0,0.08535996147161054,0.038183167576789856,0.0015332799446715658,0.02055345737928584,0.02119811624288559,0.009478758089244366,0.03356879949569702,0.04269902780652046,0.1288467154836322,0.03198264837019198
0,0.08216921673642506,0.03474343568086624,0.0034936601970565577,0.038078674281991284,0.0637037456035614,0.023496653884649277,0.05652599781751633,0.12623734772205353,0.1317090108227124,0.053971581993187204
0,0.07537647242800097,0.00675838440656662,0.0015332799446715658,0.005324867449694277,0.01162865199148655,0.006221100687980652,0.045771628618240356,0.062039926648139954,0.12195869521064959,0.027066304596668964
0,0.5381504741450643,0.515984058380127,0.4520079692526548,0.4143144793837784,0.5589277148246765,0.35983991622924805,0.3252430260181427,0.3700447976589203,0.5463453170354587,0.44295743132493454
0,0.1166913729232384,0.1301134079694748,0.011617369846663336,0.09239926668503289,0.06481233984231949,0.021630384027957916,0.0333644263446331,0.043850064277648926,0.1560482354561437,0.06521487705670326
0,0.1166913729232384,0.1301134079694748,0.011617369846663336,0.09239926668503289,0.06481233984231949,0.021630384027957916,0.0333644263446331,0.043850064277648926,0.1560482354561437,0.06521487705670326
0,0.21138618828330988,0.0769062489271164,0.2032276496339237,0.1499411431061366,0.2251782864332199,0.1090344563126564,0.09886191040277481,0.3271827697753906,0.1972917519638166,0.17524144854965562
0,0.10145208895666626,0.029445355758070946,0.020076583242872127,0.05174545569338296,0.02226279489696026,0.020615365356206894,0.017353281378746033,0.03130123019218445,0.1296248016844685,0.03709082774619597
0,0.07305585129333392,0.023427695035934448,0.002392332309643466,0.040393687778966625,0.01566178910434246,0.009708022698760033,0.010741868987679482,0.022089947015047073,0.12117706691638781,0.02499843194073123
0,0.07305585129333392,0.023427695035934448,0.002392332309643466,0.040393687778966625,0.01566178910434246,0.009708022698760033,0.010741868987679482,0.022089947015047073,0.12117706691638781,0.02499843194073123
0,0.07305585129333392,0.023427695035934448,0.002392332309643466,0.040393687778966625,0.01566178910434246,0.009708022698760033,0.010741868987679482,0.022089947015047073,0.12117706691638781,0.02499843194073123
0,0.07305585129333392,0.023427695035934448,0.002392332309643466,0.040393687778966625,0.01566178910434246,0.009708022698760033,0.010741868987679482,0.022089947015047073,0.12117706691638781,0.02499843194073123
0,0.07305585129333392,0.023427695035934448,0.002392332309643466,0.040393687778966625,0.01566178910434246,0.009708022698760033,0.010741868987679482,0.022089947015047073,0.12117706691638781,0.02499843194073123
0,0.083980642604676,0.03475065901875496,0.02669910731257334,0.04229632969127851,0.05514523759484291,0.0014931124169379473,0.06333647668361664,0.04187304899096489,0.1297751554635719,0.04403430068644111
0,0.058191565312842926,0.02814101241528988,0.004859906891754154,0.026464479827851092,0.055952463299036026,0.010014454834163189,0.05652043968439102,0.02490735426545143,0.12115126741067989,0.033428163729671424
0,0.6078888447170863,0.4750047028064728,0.8315190233599732,0.6145059078611977,0.7690332531929016,0.8874066472053528,0.9416959881782532,0.6537324786186218,0.6636067749160738,0.7197823084626138
0,0.3833652321492225,0.11975599080324173,0.026029748595655364,0.17346163869546036,0.08357399702072144,0.06420061737298965,0.02202390693128109,0.06207997724413872,0.23148445352827812,0.11831995565467573
0,0.5178404643889264,0.24859173595905304,0.6335530619606268,0.4150189328599538,0.30257102847099304,0.20331262052059174,0.14405550062656403,0.29171422123908997,0.4124965598264847,0.3439570528935566
0,0.10269846576818606,0.027420906350016594,0.0002908640913758025,0.01576810214806957,0.02306719310581684,0.023930778726935387,0.002765499986708164,0.023692790418863297,0.1281784904093672,0.027838653717856966
0,0.07305585129333392,0.023427695035934448,0.002392332309643466,0.040393687778966625,0.01566178910434246,0.009708022698760033,0.010741868987679482,0.022089947015047073,0.12117706691638781,0.02499843194073123
0,0.4816016374462339,0.2820790410041809,0.48453846163243863,0.4135275785728191,0.14593227207660675,0.2895873188972473,0.2936188578605652,0.21180583536624908,0.40062141361709286,0.3247027767423738
0,0.21138618828330988,0.0769062489271164,0.2032276496339237,0.1499411431061366,0.2251782864332199,0.1090344563126564,0.09886191040277481,0.3271827697753906,0.1972917519638166,0.17524144854965562
0,0.21138618828330988,0.0769062489271164,0.2032276496339237,0.1499411431061366,0.2251782864332199,0.1090344563126564,0.09886191040277481,0.3271827697753906,0.1972917519638166,0.17524144854965562
0,0.21370007502244084,0.012753663584589958,0.06782325944044229,0.017916942977369774,0.05453520640730858,0.057760968804359436,0.08622495830059052,0.20251494646072388,0.16753564108545915,0.08940423228034955
0,0.09812626360464066,0.006912307348102331,0.0012491777361637762,0.01145630748755514,0.013351742178201675,0.0037072175182402134,0.05102644860744476,0.051784079521894455,0.12640144465532147,0.030013178599072966
0,0.10269627511849821,0.02608461119234562,0.00118564052194319,0.01784481881696975,0.036190297454595566,0.021698951721191406,0.06461194902658463,0.06330901384353638,0.1321856678983136,0.04207147667551499
0,0.21708223384146647,0.05409768596291542,0.06782325944044229,0.0437284734196284,0.1111685037612915,0.08117347955703735,0.11885781586170197,0.19147367775440216,0.179576338203131,0.11108858505690647
0,0.12471803570253322,0.046914275735616684,0.0055933641633339306,0.053036744610443366,0.059148773550987244,0.06012177839875221,0.02668960578739643,0.08176768571138382,0.1402726993152805,0.057691778099771204
0,0.0938064238716347,0.04777660593390465,0.008271714982846996,0.02658787560117563,0.0652480199933052,0.00926561001688242,0.03346002846956253,0.05582636967301369,0.1334012916328708,0.04305646264616473
0,0.11520647322018958,0.08173487335443497,0.002007893527651901,0.05565235545678303,0.028409060090780258,0.007192470598965883,0.00550412992015481,0.01648757979273796,0.14202960904275685,0.03975939436047507
0,0.11520647322018958,0.08173487335443497,0.002007893527651901,0.05565235545678303,0.028409060090780258,0.007192470598965883,0.00550412992015481,0.01648757979273796,0.14202960904275685,0.03975939436047507
0,0.3821375675970868,0.09672307968139648,0.0181878782969775,0.15893135407239767,0.17806223034858704,0.09364563971757889,0.02879263274371624,0.1984756588935852,0.2325843776035201,0.14590114182548242
1,0.2095643377108464,0.14643771946430206,0.10352447046200597,0.13504858517454504,0.405575156211853,0.04703659564256668,0.381399542093277,0.7237242460250854,0.25726062070675587,0.27032401463887923
0,0.15756775246661217,0.09986580163240433,0.0007649801006427215,0.07105712566333879,0.043422698974609375,0.05741240456700325,0.008558100089430809,0.01786484569311142,0.1561028317829383,0.057837729449078994
0,0.11520647322018958,0.08173487335443497,0.002007893527651901,0.05565235545678303,0.028409060090780258,0.007192470598965883,0.00550412992015481,0.01648757979273796,0.14202960904275685,0.03975939436047507
0,0.0938064238716347,0.04777660593390465,0.008271714982846996,0.02658787560117563,0.0652480199933052,0.00926561001688242,0.03346002846956253,0.05582636967301369,0.1334012916328708,0.04305646264616473
0,0.0938064238716347,0.04777660593390465,0.008271714982846996,0.02658787560117563,0.0652480199933052,0.00926561001688242,0.03346002846956253,0.05582636967301369,0.1334012916328708,0.04305646264616473
0,0.2856164830647929,0.14465661346912384,0.19365392972787437,0.17675152334125407,0.15386447310447693,0.20762208104133606,0.23344825208187103,0.32479143142700195,0.2501397825358797,0.21501617900205328
0,0.2996002447960031,0.04941558092832565,0.02748894568300869,0.10698029980485688,0.16642048954963684,0.05092765763401985,0.1905105859041214,0.1709384173154831,0.20117971773215765,0.13379124000587195
0,0.4580445517111989,0.3805559277534485,0.10539333867572619,0.38864101174959115,0.18252386152744293,0.4001818001270294,0.43903064727783203,0.3784310221672058,0.42247153698339757,0.342737467957865
0,0.11838627499008572,0.049419376999139786,0.00601136833875271,0.07882308641850899,0.0990673080086708,0.01709551364183426,0.07884874194860458,0.04609725996851921,0.13957138874046074,0.06233719340106741
0,0.37889765430452504,0.40998515486717224,0.02028953335733788,0.3278998633740319,0.17710496485233307,0.46887704730033875,0.15137863159179688,0.13485746085643768,0.3448445965854549,0.25993523646866973
0,0.4631377002858257,0.4574073851108551,0.13283613562238583,0.4371805743132578,0.4045863151550293,0.25460946559906006,0.0974813774228096,0.2965904474258423,0.4230156401576537,0.32056553469589266
0,0.16126802191430975,0.03743938356637955,0.28441214311280577,0.037640161713605895,0.05678599327802658,0.0049882796593010426,0.030428653582930565,0.11102771013975143,0.16499596241107203,0.08986239298606918
0,0.18348525298814644,0.09989693760871887,0.5192093161055045,0.18012403811687186,0.259308397769928,0.14814457297325134,0.07996471971273422,0.19153068959712982,0.20649310618627403,0.2060563586019206
0,0.18419564631515117,0.10718154162168503,0.5131843827044003,0.25288961781408,0.06679245084524155,0.01802949234843254,0.005253558047115803,0.06676454842090607,0.1963290638010314,0.15044793510640372
0,0.2471513182474065,0.14050427079200745,0.2938811513018163,0.17705433015118885,0.16024646162986755,0.16971345245838165,0.010845639742910862,0.16633492708206177,0.21787807278133556,0.17034226523039414
0,0.5155254245023041,0.5621004104614258,0.8235400208901771,0.6143371914249961,0.5855411887168884,0.8900293707847595,0.8826557993888855,0.5114107131958008,0.642869810045037,0.6701371060028403
0,0.5155254245023041,0.5621004104614258,0.8235400208901771,0.6143371914249961,0.5855411887168884,0.8900293707847595,0.8826557993888855,0.5114107131958008,0.642869810045037,0.6701371060028403
0,0.37149995586234136,0.3017544448375702,0.07690158391968531,0.29214765373813223,0.367997944355011,0.2249559909105301,0.22869999706745148,0.5883813500404358,0.35160086789578354,0.30847640129899234
0,0.24326745220961424,0.2564353942871094,0.24825946676446592,0.2351243488506402,0.1457200050354004,0.1437593698501587,0.1848597377538681,0.19168083369731903,0.26430168017629935,0.20643835286474427
0,0.2884201294705156,0.18369632959365845,0.4385761307207888,0.24429605291171883,0.18409499526023865,0.30528783798217773,0.18919198215007782,0.3184802234172821,0.2791804235503644,0.26766116075949764
0,0.2884201294705156,0.18369632959365845,0.4385761307207888,0.24429605291171883,0.18409499526023865,0.30528783798217773,0.18919198215007782,0.3184802234172821,0.2791804235503644,0.26766116075949764
0,0.19063413987946987,0.12089930474758148,0.2677574693711095,0.12478557085374752,0.08989416807889938,0.03285976126790047,0.06343784183263779,0.06726431101560593,0.1918249327718892,0.11951311153556145
0,0.1882696094978962,0.13238413631916046,0.022197057883746648,0.08208396468122321,0.09555131942033768,0.006835657171905041,0.10693153738975525,0.07623507082462311,0.1823370002554524,0.0899459494520845
0,0.2884201294705156,0.18369632959365845,0.4385761307207888,0.24429605291171883,0.18409499526023865,0.30528783798217773,0.18919198215007782,0.3184802234172821,0.2791804235503644,0.26766116075949764
0,0.3994281936065237,0.44296813011169434,0.18679186827379235,0.42272714892109037,0.3009621202945709,0.2333022952079773,0.18991854786872864,0.40494054555892944,0.4125392094425155,0.32457538449062484
0,0.3994281936065237,0.44296813011169434,0.18679186827379235,0.42272714892109037,0.3009621202945709,0.2333022952079773,0.18991854786872864,0.40494054555892944,0.4125392094425155,0.32457538449062484
0,0.3994281936065237,0.44296813011169434,0.18679186827379235,0.42272714892109037,0.3009621202945709,0.2333022952079773,0.18991854786872864,0.40494054555892944,0.4125392094425155,0.32457538449062484
0,0.3994281936065237,0.44296813011169434,0.18679186827379235,0.42272714892109037,0.3009621202945709,0.2333022952079773,0.18991854786872864,0.40494054555892944,0.4125392094425155,0.32457538449062484
0,0.37671665094145385,0.41903156042099,0.12792438441709075,0.3323503848102954,0.5909887552261353,0.16506735980510712,0.1986047923564911,0.40410900115966797,0.38795376693334194,0.3296157009917994
0,0.3994281936065237,0.44296813011169434,0.18679186827379235,0.42272714892109037,0.3009621202945709,0.2333022952079773,0.18991854786872864,0.40494054555892944,0.4125392094425155,0.32457538449062484
0,0.3994281936065237,0.44296813011169434,0.18679186827379235,0.42272714892109037,0.3009621202945709,0.2333022952079773,0.18991854786872864,0.40494054555892944,0.4125392094425155,0.32457538449062484
0,0.3994281936065237,0.44296813011169434,0.18679186827379235,0.42272714892109037,0.3009621202945709,0.2333022952079773,0.18991854786872864,0.40494054555892944,0.4125392094425155,0.32457538449062484
0,0.4456119944175103,0.6322149634361267,0.20021098015769404,0.3636470137033641,0.8977175951004028,0.44252800941467285,0.5735084414482117,0.8966848850250244,0.6007754511026382,0.5593434661393195
1,0.43390010274042223,0.19692018628120422,0.20021098015769404,0.09317929197993195,0.17173153162002563,0.40996861457824707,0.11577733606100082,0.4110944867134094,0.32779480157643026,0.2540291490929824
0,0.3994281936065237,0.44296813011169434,0.18679186827379235,0.42272714892109037,0.3009621202945709,0.2333022952079773,0.18991854786872864,0.40494054555892944,0.4125392094425155,0.32457538449062484
0,0.3994281936065237,0.44296813011169434,0.18679186827379235,0.42272714892109037,0.3009621202945709,0.2333022952079773,0.18991854786872864,0.40494054555892944,0.4125392094425155,0.32457538449062484
0,0.3994281936065237,0.44296813011169434,0.18679186827379235,0.42272714892109037,0.3009621202945709,0.2333022952079773,0.18991854786872864,0.40494054555892944,0.4125392094425155,0.32457538449062484
0,0.3994281936065237,0.44296813011169434,0.18679186827379235,0.42272714892109037,0.3009621202945709,0.2333022952079773,0.18991854786872864,0.40494054555892944,0.4125392094425155,0.32457538449062484
0,0.3994281936065237,0.44296813011169434,0.18679186827379235,0.42272714892109037,0.3009621202945709,0.2333022952079773,0.18991854786872864,0.40494054555892944,0.4125392094425155,0.32457538449062484
0,0.3994281936065237,0.44296813011169434,0.18679186827379235,0.42272714892109037,0.3009621202945709,0.2333022952079773,0.18991854786872864,0.40494054555892944,0.4125392094425155,0.32457538449062484
0,0.3994281936065237,0.44296813011169434,0.18679186827379235,0.42272714892109037,0.3009621202945709,0.2333022952079773,0.18991854786872864,0.40494054555892944,0.4125392094425155,0.32457538449062484
0,0.4310293156066768,0.1921086311340332,0.20021098015769404,0.1266447055297267,0.2770098149776459,0.3445550501346588,0.06753741204738617,0.43285027146339417,0.3216078493169633,0.25939853069861496
0,0.43478215845949286,0.5152599215507507,0.2808194279601198,0.4668752041657597,0.49313101172447205,0.571351170539856,0.3064020872116089,0.5179897546768188,0.4868232445235428,0.44914206004894675
0,0.43478215845949286,0.5152599215507507,0.2808194279601198,0.4668752041657597,0.49313101172447205,0.571351170539856,0.3064020872116089,0.5179897546768188,0.4868232445235428,0.44914206004894675
1,0.4517614819737423,0.5357886552810669,0.5417769096351677,0.5137458085788694,0.7018488049507141,0.5242835283279419,0.3698510229587555,0.6242263913154602,0.5461557368396457,0.5331248014711794
0,0.4517614819737423,0.5357886552810669,0.5417769096351677,0.5137458085788694,0.7018488049507141,0.5242835283279419,0.3698510229587555,0.6242263913154602,0.5461557368396457,0.5331248014711794
0,0.4517614819737423,0.5357886552810669,0.5417769096351677,0.5137458085788694,0.7018488049507141,0.5242835283279419,0.3698510229587555,0.6242263913154602,0.5461557368396457,0.5331248014711794
0,0.4517614819737423,0.5357886552810669,0.5417769096351677,0.5137458085788694,0.7018488049507141,0.5242835283279419,0.3698510229587555,0.6242263913154602,0.5461557368396457,0.5331248014711794
1,0.6790573544056593,0.7074888348579407,0.9130176736524154,0.8475983465113222,0.7920153737068176,0.9239820837974548,0.9757619500160217,0.5749682784080505,0.7732911050732354,0.7996554194045006
0,0.48873084045637244,0.16641855239868164,0.11626749827700587,0.19491946631369864,0.3092743456363678,0.29689353704452515,0.22921690344810486,0.18201173841953278,0.31633093433603005,0.24885900345088058
0,0.29735915208603375,0.03916901350021362,0.054230842059435895,0.09144514720854671,0.045663222670555115,0.15089334547519684,0.09983496367931366,0.1329425871372223,0.19192103270629546,0.11422141215399158
0,0.12712025754710637,0.038843873888254166,0.014390269429857662,0.040616095758889435,0.021260110661387444,0.00448228046298027,0.0051408689469099045,0.023013349622488022,0.13646031895421,0.034880086227423085
0,0.21014482530181616,0.05290063098073006,0.0263480431242174,0.06736879941062493,0.054190900176763535,0.06270007789134979,0.1649860143661499,0.09613257646560669,0.1714757599157069,0.09234244853192455
0,0.21014482530181616,0.05290063098073006,0.0263480431242174,0.06736879941062493,0.054190900176763535,0.06270007789134979,0.1649860143661499,0.09613257646560669,0.1714757599157069,0.09234244853192455
0,0.21014482530181616,0.05290063098073006,0.0263480431242174,0.06736879941062493,0.054190900176763535,0.06270007789134979,0.1649860143661499,0.09613257646560669,0.1714757599157069,0.09234244853192455
0,0.26250886364144205,0.07825162261724472,0.04057708122982784,0.07675431450615813,0.13012607395648956,0.18519830703735352,0.2241458147764206,0.2611314654350281,0.20689031782036618,0.1576883005309813
0,0.20063426737745746,0.04356279596686363,0.01711546634298056,0.05403935255265316,0.03664345666766167,0.17436742782592773,0.18808940052986145,0.08995825052261353,0.1662994555507426,0.10051443228940826
0,0.21014482530181616,0.05290063098073006,0.0263480431242174,0.06736879941062493,0.054190900176763535,0.06270007789134979,0.1649860143661499,0.09613257646560669,0.1714757599157069,0.09234244853192455
0,0.21014482530181616,0.05290063098073006,0.0263480431242174,0.06736879941062493,0.054190900176763535,0.06270007789134979,0.1649860143661499,0.09613257646560669,0.1714757599157069,0.09234244853192455
0,0.21014482530181616,0.05290063098073006,0.0263480431242174,0.06736879941062493,0.054190900176763535,0.06270007789134979,0.1649860143661499,0.09613257646560669,0.1714757599157069,0.09234244853192455
0,0.21014482530181616,0.05290063098073006,0.0263480431242174,0.06736879941062493,0.054190900176763535,0.06270007789134979,0.1649860143661499,0.09613257646560669,0.1714757599157069,0.09234244853192455
0,0.21014482530181616,0.05290063098073006,0.0263480431242174,0.06736879941062493,0.054190900176763535,0.06270007789134979,0.1649860143661499,0.09613257646560669,0.1714757599157069,0.09234244853192455
0,0.21014482530181616,0.05290063098073006,0.0263480431242174,0.06736879941062493,0.054190900176763535,0.06270007789134979,0.1649860143661499,0.09613257646560669,0.1714757599157069,0.09234244853192455
0,0.21014482530181616,0.05290063098073006,0.0263480431242174,0.06736879941062493,0.054190900176763535,0.06270007789134979,0.1649860143661499,0.09613257646560669,0.1714757599157069,0.09234244853192455
0,0.26250886364144205,0.07825162261724472,0.04057708122982784,0.07675431450615813,0.13012607395648956,0.18519830703735352,0.2241458147764206,0.2611314654350281,0.20689031782036618,0.1576883005309813
0,0.21014482530181616,0.05290063098073006,0.0263480431242174,0.06736879941062493,0.054190900176763535,0.06270007789134979,0.1649860143661499,0.09613257646560669,0.1714757599157069,0.09234244853192455
0,0.21014482530181616,0.05290063098073006,0.0263480431242174,0.06736879941062493,0.054190900176763535,0.06270007789134979,0.1649860143661499,0.09613257646560669,0.1714757599157069,0.09234244853192455
0,0.21014482530181616,0.05290063098073006,0.0263480431242174,0.06736879941062493,0.054190900176763535,0.06270007789134979,0.1649860143661499,0.09613257646560669,0.1714757599157069,0.09234244853192455
0,0.21014482530181616,0.05290063098073006,0.0263480431242174,0.06736879941062493,0.054190900176763535,0.06270007789134979,0.1649860143661499,0.09613257646560669,0.1714757599157069,0.09234244853192455
0,0.21014482530181616,0.05290063098073006,0.0263480431242174,0.06736879941062493,0.054190900176763535,0.06270007789134979,0.1649860143661499,0.09613257646560669,0.1714757599157069,0.09234244853192455
0,0.21014482530181616,0.05290063098073006,0.0263480431242174,0.06736879941062493,0.054190900176763535,0.06270007789134979,0.1649860143661499,0.09613257646560669,0.1714757599157069,0.09234244853192455
0,0.21014482530181616,0.05290063098073006,0.0263480431242174,0.06736879941062493,0.054190900176763535,0.06270007789134979,0.1649860143661499,0.09613257646560669,0.1714757599157069,0.09234244853192455
0,0.21014482530181616,0.05290063098073006,0.0263480431242174,0.06736879941062493,0.054190900176763535,0.06270007789134979,0.1649860143661499,0.09613257646560669,0.1714757599157069,0.09234244853192455
0,0.21014482530181616,0.05290063098073006,0.0263480431242174,0.06736879941062493,0.054190900176763535,0.06270007789134979,0.1649860143661499,0.09613257646560669,0.1714757599157069,0.09234244853192455
0,0.17054944584807008,0.012888547964394093,0.0009971979916147643,0.00739580442132292,0.008966637775301933,0.08339372277259827,0.007018093019723892,0.022078661248087883,0.14018086385257347,0.039413482535307125
0,0.1575146024915252,0.03863745555281639,0.011844153092605635,0.04442036035242392,0.036825958639383316,0.021176893264055252,0.008215674199163914,0.02133963070809841,0.14313610766724325,0.04307823987469321
0,0.14343924476828035,0.005622205790132284,0.0011183864075199879,0.006081686286185996,0.008747968822717667,0.01900273561477661,0.0006995644653216004,0.003973041661083698,0.13176054697496647,0.02398044477642827
0,0.23389684935113117,0.07654321938753128,0.006563607449960654,0.07135832803404103,0.08015434443950653,0.0911327376961708,0.015066725201904774,0.07256627827882767,0.17360846706340752,0.08172979437280213
0,0.23389684935113117,0.07654321938753128,0.006563607449960654,0.07135832803404103,0.08015434443950653,0.0911327376961708,0.015066725201904774,0.07256627827882767,0.17360846706340752,0.08172979437280213
0,0.23389684935113117,0.07654321938753128,0.006563607449960654,0.07135832803404103,0.08015434443950653,0.0911327376961708,0.015066725201904774,0.07256627827882767,0.17360846706340752,0.08172979437280213
0,0.23389684935113117,0.07654321938753128,0.006563607449960654,0.07135832803404103,0.08015434443950653,0.0911327376961708,0.015066725201904774,0.07256627827882767,0.17360846706340752,0.08172979437280213
0,0.1575146024915252,0.03863745555281639,0.011844153092605635,0.04442036035242392,0.036825958639383316,0.021176893264055252,0.008215674199163914,0.02133963070809841,0.14313610766724325,0.04307823987469321
0,0.1575146024915252,0.03863745555281639,0.011844153092605635,0.04442036035242392,0.036825958639383316,0.021176893264055252,0.008215674199163914,0.02133963070809841,0.14313610766724325,0.04307823987469321
0,0.1575146024915252,0.03863745555281639,0.011844153092605635,0.04442036035242392,0.036825958639383316,0.021176893264055252,0.008215674199163914,0.02133963070809841,0.14313610766724325,0.04307823987469321
0,0.2411035958175167,0.05420015752315521,0.006192244550025166,0.06648738948322712,0.0876300185918808,0.33835336565971375,0.01966109685599804,0.04458727687597275,0.16663567847880062,0.1070170649443989
0,0.2411035958175167,0.05420015752315521,0.006192244550025166,0.06648738948322712,0.0876300185918808,0.33835336565971375,0.01966109685599804,0.04458727687597275,0.16663567847880062,0.1070170649443989
0,0.2879208343612034,0.0981878861784935,0.04394240543137729,0.13174922702668654,0.12071768194437027,0.47135716676712036,0.04481657221913338,0.04523782059550285,0.19313386837013188,0.15489810825747247
0,0.14335893934822738,0.04825572296977043,0.0333602006218246,0.03909244506770926,0.04133813455700874,0.07393594831228256,0.043745603412389755,0.030751992017030716,0.14493161250340839,0.05696842967473084
0,0.16030432839063288,0.04808443784713745,0.008790061661040663,0.03901660211966096,0.016440292820334435,0.06371951848268509,0.025245070457458496,0.02739233896136284,0.1467925569800952,0.04904988630284916
0,0.2124260806775062,0.05928558111190796,0.020070275883793946,0.04340554578968332,0.013161788694560528,0.07141629606485367,0.07458557188510895,0.06649177521467209,0.16776699968474088,0.07062164910873586
0,0.2124260806775062,0.05928558111190796,0.020070275883793946,0.04340554578968332,0.013161788694560528,0.07141629606485367,0.07458557188510895,0.06649177521467209,0.16776699968474088,0.07062164910873586
0,0.16030432839063288,0.04808443784713745,0.008790061661040663,0.03901660211966096,0.016440292820334435,0.06371951848268509,0.025245070457458496,0.02739233896136284,0.1467925569800952,0.04904988630284916
0,0.28302175235346444,0.09696759283542633,0.05325722059622626,0.06803327765861418,0.05515917390584946,0.10758445411920547,0.08563841879367828,0.04153755307197571,0.19875842956307596,0.09954012076667493
0,0.1594349671652903,0.0190671905875206,0.010657397505106185,0.021570785790329627,0.009708467870950699,0.051923952996730804,0.008196968585252762,0.02268633060157299,0.13950199453995826,0.03823712770623794
0,0.17235811780146282,0.01259666308760643,0.0009971979916147643,0.005386730401489709,0.006518356967717409,0.14181484282016754,0.014432244934141636,0.027258384972810745,0.14079820572751275,0.047681816510872554
0,0.16030432839063288,0.04808443784713745,0.008790061661040663,0.03901660211966096,0.016440292820334435,0.06371951848268509,0.025245070457458496,0.02739233896136284,0.1467925569800952,0.04904988630284916
0,0.14335893934822738,0.04825572296977043,0.0333602006218246,0.03909244506770926,0.04133813455700874,0.07393594831228256,0.043745603412389755,0.030751992017030716,0.14493161250340839,0.05696842967473084
0,0.14335893934822738,0.04825572296977043,0.0333602006218246,0.03909244506770926,0.04133813455700874,0.07393594831228256,0.043745603412389755,0.030751992017030716,0.14493161250340839,0.05696842967473084
0,0.16030432839063288,0.04808443784713745,0.008790061661040663,0.03901660211966096,0.016440292820334435,0.06371951848268509,0.025245070457458496,0.02739233896136284,0.1467925569800952,0.04904988630284916
0,0.14335893934822738,0.04825572296977043,0.0333602006218246,0.03909244506770926,0.04133813455700874,0.07393594831228256,0.043745603412389755,0.030751992017030716,0.14493161250340839,0.05696842967473084
0,0.2250728679029102,0.08348448574542999,0.029460766624079662,0.06430157301321285,0.032624490559101105,0.10256363451480865,0.09983247518539429,0.08960007131099701,0.18018091096410263,0.09138307578293747
0,0.09680523168558768,0.0305531807243824,0.0185105734981918,0.03564366048122305,0.061141230165958405,0.009119878523051739,0.07905612885951996,0.00992799736559391,0.1305288870448681,0.04294029434977986
0,0.21014482530181616,0.05290063098073006,0.0263480431242174,0.06736879941062493,0.054190900176763535,0.06270007789134979,0.1649860143661499,0.09613257646560669,0.1714757599157069,0.09234244853192455
0,0.45283686338337015,0.13338632881641388,0.0608006078725319,0.14713077157523446,0.23228603601455688,0.33700573444366455,0.4723799526691437,0.4853092432022095,0.3298674852118172,0.29067447419703263
0,0.4093209852511058,0.12702426314353943,0.06859762055818408,0.10752692003478438,0.3297894597053528,0.04226471856236458,0.2952777147293091,0.30855050683021545,0.28548462063747987,0.2127880238199702
0,0.10667554336197721,0.02681482397019863,0.004422874837863678,0.03441282325301092,0.012412657029926777,0.019145600497722626,0.020109597593545914,0.022614872083067894,0.1295052972968936,0.03119312589755557
0,0.32741402029154976,0.34991759061813354,0.18688006151184666,0.24000618485546926,0.15210534632205963,0.16963574290275574,0.36310720443725586,0.22032244503498077,0.34504575931455506,0.2521958767050312
0,0.2444012534395122,0.20324181020259857,0.08907776569757446,0.21012195384041074,0.3232543170452118,0.1816549152135849,0.17612387239933014,0.3157539665699005,0.24112900287269828,0.21900386314264297
0,0.21807035218143703,0.20219247043132782,0.1261535487981388,0.19044435085161165,0.13986924290657043,0.09381330758333206,0.1194496676325798,0.11215133965015411,0.21894606422000412,0.1510536935382334
0,0.1988459632421344,0.1962188333272934,0.15147702736707228,0.1913232391440399,0.17931291460990906,0.1426822692155838,0.09568638354539871,0.10998442769050598,0.21045185286834428,0.1586556873629742
0,0.1988459632421344,0.1962188333272934,0.15147702736707228,0.1913232391440399,0.17931291460990906,0.1426822692155838,0.09568638354539871,0.10998442769050598,0.21045185286834428,0.1586556873629742
0,0.1988459632421344,0.1962188333272934,0.15147702736707228,0.1913232391440399,0.17931291460990906,0.1426822692155838,0.09568638354539871,0.10998442769050598,0.21045185286834428,0.1586556873629742
0,0.5177251034492685,0.4039866328239441,0.33407123074634165,0.4622986312435262,0.5436660051345825,0.40173816680908203,0.4563383162021637,0.45275336503982544,0.48955999713073106,0.44749821428285047
0,0.1988459632421344,0.1962188333272934,0.15147702736707228,0.1913232391440399,0.17931291460990906,0.1426822692155838,0.09568638354539871,0.10998442769050598,0.21045185286834428,0.1586556873629742
0,0.20092707045644675,0.1667885035276413,0.0641657696613241,0.1829549688484619,0.05215592682361603,0.052754729986190796,0.0409928597509861,0.09588232636451721,0.19365928179965056,0.10804633528734206
0,0.33393057708541385,0.1682484894990921,0.010931327737479825,0.1542019966200289,0.12087612599134445,0.1766621321439743,0.08220051974058151,0.1607915759086609,0.23976364074669818,0.15221362508727493
0,0.35026152231538094,0.2903803586959839,0.46195921018748787,0.33055311381458896,0.41984590888023376,0.4043880105018616,0.3332185745239258,0.41962215304374695,0.3649598610548809,0.3754050415037188
0,0.25163423828281906,0.18221890926361084,0.15784188659133971,0.25177823136592636,0.17776086926460266,0.09891119599342346,0.1767820119857788,0.21694190800189972,0.23522037389287406,0.18994356952427766
1,0.2860709187420137,0.17369647324085236,0.015657755234986203,0.13557840540097146,0.13731908798217773,0.24309633672237396,0.050742849707603455,0.24692118167877197,0.2293932684636301,0.1620433124483748
0,0.3723024111709673,0.36869698762893677,0.5994145489256132,0.41149955575649577,0.6011518239974976,0.6254096627235413,0.4012502431869507,0.45717912912368774,0.4265847845380701,0.47785972001927635
0,0.3043552439985602,0.30486568808555603,0.35903405058597915,0.3104788702630904,0.2488984316587448,0.3151068091392517,0.2108595371246338,0.2804415225982666,0.3215557198327255,0.2914291119744632
0,0.2995634080110055,0.2042040228843689,0.01048704452449471,0.2570872594469252,0.36079150438308716,0.36116093397140503,0.3475010097026825,0.4323256313800812,0.2725552955088898,0.28500499587901895
0,0.35026152231538094,0.2903803586959839,0.46195921018748787,0.33055311381458896,0.41984590888023376,0.4043880105018616,0.3332185745239258,0.41962215304374695,0.3649598610548809,0.3754050415037188
0,0.35026152231538094,0.2903803586959839,0.46195921018748787,0.33055311381458896,0.41984590888023376,0.4043880105018616,0.3332185745239258,0.41962215304374695,0.3649598610548809,0.3754050415037188
0,0.35026152231538094,0.2903803586959839,0.46195921018748787,0.33055311381458896,0.41984590888023376,0.4043880105018616,0.3332185745239258,0.41962215304374695,0.3649598610548809,0.3754050415037188
0,0.21630835741661195,0.0832536444067955,0.018272051519589775,0.09729383308688866,0.06394236534833908,0.05528627708554268,0.022508755326271057,0.10404887050390244,0.17322198959379864,0.08348918210792357
0,0.21630835741661195,0.0832536444067955,0.018272051519589775,0.09729383308688866,0.06394236534833908,0.05528627708554268,0.022508755326271057,0.10404887050390244,0.17322198959379864,0.08348918210792357
0,0.21630835741661195,0.0832536444067955,0.018272051519589775,0.09729383308688866,0.06394236534833908,0.05528627708554268,0.022508755326271057,0.10404887050390244,0.17322198959379864,0.08348918210792357
0,0.21630835741661195,0.0832536444067955,0.018272051519589775,0.09729383308688866,0.06394236534833908,0.05528627708554268,0.022508755326271057,0.10404887050390244,0.17322198959379864,0.08348918210792357
1,0.33658179153221923,0.21486565470695496,0.06002080502655623,0.20175288613646647,0.16848112642765045,0.599602222442627,0.09144631773233414,0.16604170203208923,0.25626208118542215,0.22943134942315135
0,0.33658179153221923,0.21486565470695496,0.06002080502655623,0.20175288613646647,0.16848112642765045,0.599602222442627,0.09144631773233414,0.16604170203208923,0.25626208118542215,0.22943134942315135
0,0.33658179153221923,0.21486565470695496,0.06002080502655623,0.20175288613646647,0.16848112642765045,0.599602222442627,0.09144631773233414,0.16604170203208923,0.25626208118542215,0.22943134942315135
0,0.4671982560598593,0.4786672294139862,0.1066730593216466,0.4807951923355714,0.2892744243144989,0.40457016229629517,0.3657900094985962,0.4139125645160675,0.4646683768365321,0.37771865629281487
0,0.36433492916404125,0.30257663130760193,0.439143894575501,0.28549448900436714,0.49574393033981323,0.2534888684749603,0.5120841860771179,0.5433462858200073,0.4042258840851611,0.3994743177942287
0,0.5177251034492685,0.4039866328239441,0.33407123074634165,0.4622986312435262,0.5436660051345825,0.40173816680908203,0.4563383162021637,0.45275336503982544,0.48955999713073106,0.44749821428285047
1,0.3267327047105511,0.34105610847473145,0.09105279611626763,0.21423848425917125,0.4109952449798584,0.18026137351989746,0.33702728152275085,0.48601266741752625,0.3525619099351983,0.30039353218190723
0,0.2097759500472138,0.17838552594184875,0.05449997530329666,0.1695660278661697,0.23333479464054108,0.06983214616775513,0.2629257142543793,0.2030019313097,0.21864809312291567,0.17383104164780358
0,0.26038147239882764,0.28524813055992126,0.22040913503299875,0.26720910188826497,0.11448098719120026,0.16066120564937592,0.08696457743644714,0.16612742841243744,0.2690441267396011,0.19576809747957405
0,0.2414371398460892,0.29529479146003723,0.2908889449959702,0.2755347439091629,0.32335376739501953,0.372475802898407,0.21416230499744415,0.1891181319952011,0.27886902764233906,0.27488960018195924
0,0.2414371398460892,0.29529479146003723,0.2908889449959702,0.2755347439091629,0.32335376739501953,0.372475802898407,0.21416230499744415,0.1891181319952011,0.27886902764233906,0.27488960018195924
0,0.6864432496772701,0.8327618837356567,0.9057512260589953,0.8392742532835568,0.8264600038528442,0.8839634656906128,0.9837391376495361,0.6765597462654114,0.8201157256017428,0.8281423967534346
0,0.25677300763685496,0.26399171352386475,0.24929531545483932,0.26197181712562506,0.24996867775917053,0.1540820151567459,0.16861875355243683,0.24666151404380798,0.27390017882888484,0.2319686905885549
0,0.25677300763685496,0.26399171352386475,0.24929531545483932,0.26197181712562506,0.24996867775917053,0.1540820151567459,0.16861875355243683,0.24666151404380798,0.27390017882888484,0.2319686905885549
0,0.45554055724569886,0.6856423020362854,0.6604201944130602,0.6706233845384281,0.7285097241401672,0.8300426602363586,0.6592450141906738,0.4003634452819824,0.6217999492372851,0.6350934346990088
1,0.5111589281556053,0.2148938775062561,0.26094350548872264,0.16994420836419996,0.5450748801231384,0.27789658308029175,0.6285961270332336,0.4479735791683197,0.4189818480364027,0.38273669768636287
0,0.3214131805860783,0.29574310779571533,0.3300526451474662,0.27950793451900663,0.39414289593696594,0.41567182540893555,0.30017372965812683,0.4430289566516876,0.3427802192109011,0.3471103905785671
0,0.23398605739171097,0.07872553169727325,0.008795028669150957,0.07055612276906935,0.09102562814950943,0.0439082495868206,0.029469041153788567,0.1394547075033188,0.17931928008547607,0.08803536259887154
0,0.23398605739171097,0.07872553169727325,0.008795028669150957,0.07055612276906935,0.09102562814950943,0.0439082495868206,0.029469041153788567,0.1394547075033188,0.17931928008547607,0.08803536259887154
0,0.23398605739171097,0.07872553169727325,0.008795028669150957,0.07055612276906935,0.09102562814950943,0.0439082495868206,0.029469041153788567,0.1394547075033188,0.17931928008547607,0.08803536259887154
0,0.23398605739171097,0.07872553169727325,0.008795028669150957,0.07055612276906935,0.09102562814950943,0.0439082495868206,0.029469041153788567,0.1394547075033188,0.17931928008547607,0.08803536259887154
1,0.21863901193348959,0.1924498826265335,0.04015814686865606,0.1741444262092333,0.13221438229084015,0.2220495641231537,0.14247597754001617,0.2275567352771759,0.2183399461143582,0.1693760883448451
0,0.6152061301249472,0.6706814169883728,0.7553589530810058,0.6955516229774531,0.5621402263641357,0.7997868657112122,0.8292721509933472,0.4795549809932709,0.7136528110152234,0.6744377556622853
0,0.6152061301249472,0.6706814169883728,0.7553589530810058,0.6955516229774531,0.5621402263641357,0.7997868657112122,0.8292721509933472,0.4795549809932709,0.7136528110152234,0.6744377556622853
1,0.5151423738048571,0.5455892086029053,0.3072672476207792,0.5614621100678312,0.6632276177406311,0.6199697852134705,0.6092626452445984,0.530208945274353,0.5650163767724357,0.5449304333522396
0,0.8233922226578675,0.93121737241745,0.84103976525363,0.8158326726721152,0.9761041402816772,0.8809922933578491,0.8869670629501343,0.9465765953063965,0.8816645847462572,0.8881579589551576
0,0.4192415513536673,0.5413711667060852,0.7257463415481028,0.5798422174559459,0.7526829242706299,0.6652125120162964,0.7051068544387817,0.6122912168502808,0.5768013734168158,0.623655531934521
0,0.35315119791911775,0.39435887336730957,0.22260275595587778,0.3491389070237517,0.4392240345478058,0.35184332728385925,0.4456529915332794,0.43646886944770813,0.3984902537302767,0.37497611512311757
0,0.3718010992141087,0.16848373413085938,0.3021318982581005,0.07569044593831573,0.36130857467651367,0.04522142559289932,0.3044274151325226,0.22503161430358887,0.3020235578674969,0.23240011199484611
0,0.3419909639780409,0.4669705629348755,0.39370462628449227,0.4142259408145744,0.5280256867408752,0.31422629952430725,0.532441258430481,0.4449959397315979,0.4501293296289381,0.43018072384804207
1,0.5943003107725654,0.5983606576919556,0.6402553130105229,0.6008174882842388,0.5837848782539368,0.6338825821876526,0.6766532063484192,0.6945312023162842,0.6773789938771928,0.6274136929434596
1,0.5943003107725654,0.5983606576919556,0.6402553130105229,0.6008174882842388,0.5837848782539368,0.6338825821876526,0.6766532063484192,0.6945312023162842,0.6773789938771928,0.6274136929434596
0,0.5943003107725654,0.5983606576919556,0.6402553130105229,0.6008174882842388,0.5837848782539368,0.6338825821876526,0.6766532063484192,0.6945312023162842,0.6773789938771928,0.6274136929434596
0,0.5943003107725654,0.5983606576919556,0.6402553130105229,0.6008174882842388,0.5837848782539368,0.6338825821876526,0.6766532063484192,0.6945312023162842,0.6773789938771928,0.6274136929434596
0,0.5260686445264111,0.5988109111785889,0.41840823549753153,0.4494454989894093,0.5377716422080994,0.49108707904815674,0.7098552584648132,0.5860165357589722,0.6261779454015216,0.5405195238780874
0,0.5297729760694256,0.591049313545227,0.2649790549909684,0.4843198638825892,0.5387400388717651,0.237260639667511,0.6073608994483948,0.6054035425186157,0.6035855994324781,0.485073466863985
0,0.5297729760694256,0.591049313545227,0.2649790549909684,0.4843198638825892,0.5387400388717651,0.237260639667511,0.6073608994483948,0.6054035425186157,0.6035855994324781,0.485073466863985
0,0.5297729760694256,0.591049313545227,0.2649790549909684,0.4843198638825892,0.5387400388717651,0.237260639667511,0.6073608994483948,0.6054035425186157,0.6035855994324781,0.485073466863985
1,0.6824094128948603,0.8708181977272034,0.8280407469659212,0.7881826391831985,0.9155232310295105,0.7236043214797974,0.8531489372253418,0.8912309408187866,0.8318337927385827,0.8194187000823365
0,0.5297729760694256,0.591049313545227,0.2649790549909684,0.4843198638825892,0.5387400388717651,0.237260639667511,0.6073608994483948,0.6054035425186157,0.6035855994324781,0.485073466863985
1,0.5297729760694256,0.591049313545227,0.2649790549909684,0.4843198638825892,0.5387400388717651,0.237260639667511,0.6073608994483948,0.6054035425186157,0.6035855994324781,0.485073466863985
0,0.5297729760694256,0.591049313545227,0.2649790549909684,0.4843198638825892,0.5387400388717651,0.237260639667511,0.6073608994483948,0.6054035425186157,0.6035855994324781,0.485073466863985
0,0.5297729760694256,0.591049313545227,0.2649790549909684,0.4843198638825892,0.5387400388717651,0.237260639667511,0.6073608994483948,0.6054035425186157,0.6035855994324781,0.485073466863985
0,0.5297729760694256,0.591049313545227,0.2649790549909684,0.4843198638825892,0.5387400388717651,0.237260639667511,0.6073608994483948,0.6054035425186157,0.6035855994324781,0.485073466863985
0,0.5297729760694256,0.591049313545227,0.2649790549909684,0.4843198638825892,0.5387400388717651,0.237260639667511,0.6073608994483948,0.6054035425186157,0.6035855994324781,0.485073466863985
0,0.5297729760694256,0.591049313545227,0.2649790549909684,0.4843198638825892,0.5387400388717651,0.237260639667511,0.6073608994483948,0.6054035425186157,0.6035855994324781,0.485073466863985
1,0.6824094128948603,0.8708181977272034,0.8280407469659212,0.7881826391831985,0.9155232310295105,0.7236043214797974,0.8531489372253418,0.8912309408187866,0.8318337927385827,0.8194187000823365
1,0.5297729760694256,0.591049313545227,0.2649790549909684,0.4843198638825892,0.5387400388717651,0.237260639667511,0.6073608994483948,0.6054035425186157,0.6035855994324781,0.485073466863985
0,0.5297729760694256,0.591049313545227,0.2649790549909684,0.4843198638825892,0.5387400388717651,0.237260639667511,0.6073608994483948,0.6054035425186157,0.6035855994324781,0.485073466863985
0,0.6031123085627261,0.6693525910377502,0.847063010502175,0.7541487367890995,0.6860018968582153,0.7053089141845703,0.5813549757003784,0.6990705728530884,0.7145471553359422,0.6921105237695546
0,0.34233618633883084,0.3538954257965088,0.27200658802105276,0.33946108619466014,0.3582504689693451,0.1871330738067627,0.2808951139450073,0.41036441922187805,0.36724390735302664,0.3191783479874901
0,0.3419909639780409,0.4669705629348755,0.39370462628449227,0.4142259408145744,0.5280256867408752,0.31422629952430725,0.532441258430481,0.4449959397315979,0.4501293296289381,0.43018072384804207
1,0.5711561198635811,0.5711542963981628,0.6342929867507153,0.5647271268748802,0.6034815907478333,0.6399681568145752,0.5808175802230835,0.5108374953269958,0.6319705242089226,0.5839782598702428
0,0.25677300763685496,0.26399171352386475,0.24929531545483932,0.26197181712562506,0.24996867775917053,0.1540820151567459,0.16861875355243683,0.24666151404380798,0.27390017882888484,0.2319686905885549
0,0.21863901193348959,0.1924498826265335,0.04015814686865606,0.1741444262092333,0.13221438229084015,0.2220495641231537,0.14247597754001617,0.2275567352771759,0.2183399461143582,0.1693760883448451
0,0.52696887531745,0.8739879727363586,0.8190503660817201,0.8116399611585652,0.8337600231170654,0.7530379891395569,0.8330342173576355,0.8291749358177185,0.7802306007443374,0.78471331528073
0,0.2862220520282264,0.1858665645122528,0.13759721992311566,0.26293704470608537,0.18198521435260773,0.26361775398254395,0.185128852725029,0.1460178941488266,0.24049154973820344,0.20640629202930624
0,0.2862220520282264,0.1858665645122528,0.13759721992311566,0.26293704470608537,0.18198521435260773,0.26361775398254395,0.185128852725029,0.1460178941488266,0.24049154973820344,0.20640629202930624
0,0.2768446961049679,0.24316322803497314,0.281375396161361,0.2829137934115893,0.2792433500289917,0.1377662569284439,0.21226292848587036,0.21832561492919922,0.276850566461313,0.24191811950159173
0,0.2768446961049679,0.24316322803497314,0.281375396161361,0.2829137934115893,0.2792433500289917,0.1377662569284439,0.21226292848587036,0.21832561492919922,0.276850566461313,0.24191811950159173
0,0.2768446961049679,0.24316322803497314,0.281375396161361,0.2829137934115893,0.2792433500289917,0.1377662569284439,0.21226292848587036,0.21832561492919922,0.276850566461313,0.24191811950159173
0,0.5322506374154979,0.19322216510772705,0.5711804297983307,0.14063375270538125,0.33365100622177124,0.34337761998176575,0.2577790319919586,0.2934936583042145,0.4060814943939819,0.3319557873044722
0,0.2097759500472138,0.17838552594184875,0.05449997530329666,0.1695660278661697,0.23333479464054108,0.06983214616775513,0.2629257142543793,0.2030019313097,0.21864809312291567,0.17383104164780358
0,0.28819004752949806,0.26623857021331787,0.1826328088422643,0.2628617171030852,0.33049607276916504,0.32786309719085693,0.3263531029224396,0.2958464026451111,0.2944155452826726,0.2853527641889648
1,0.3322063866779796,0.39950042963027954,0.3090853452313673,0.25516201065643984,0.5800462365150452,0.327379047870636,0.47053733468055725,0.5397869944572449,0.414979287292755,0.40248340181240105
0,0.5667201114715497,0.6207179427146912,0.41763459873920566,0.5919707670199201,0.5459883213043213,0.5048068165779114,0.6292107701301575,0.634621262550354,0.6461267447051934,0.5651287459221928
0,0.28819004752949806,0.26623857021331787,0.1826328088422643,0.2628617171030852,0.33049607276916504,0.32786309719085693,0.3263531029224396,0.2958464026451111,0.2944155452826726,0.2853527641889648
1,0.2097759500472138,0.17838552594184875,0.05449997530329666,0.1695660278661697,0.23333479464054108,0.06983214616775513,0.2629257142543793,0.2030019313097,0.21864809312291567,0.17383104164780358
0,0.2414371398460892,0.29529479146003723,0.2908889449959702,0.2755347439091629,0.32335376739501953,0.372475802898407,0.21416230499744415,0.1891181319952011,0.27886902764233906,0.27488960018195924
1,0.6253556987924047,0.6710096597671509,0.9282504037130568,0.7690126528666763,0.7313950061798096,0.7878809571266174,0.8431270122528076,0.5770890712738037,0.7381186637353357,0.7397029424294997
0,0.6253556987924047,0.6710096597671509,0.9282504037130568,0.7690126528666763,0.7313950061798096,0.7878809571266174,0.8431270122528076,0.5770890712738037,0.7381186637353357,0.7397029424294997
0,0.5977293042540897,0.702473521232605,0.760411477514721,0.6953754924889184,0.719237744808197,0.8061390519142151,0.8801506161689758,0.7233661413192749,0.741095475295116,0.7344636746432347
0,0.3628954644408339,0.15848754346370697,0.4612881698433067,0.1058671463022078,0.3549236059188843,0.4928642809391022,0.11087103188037872,0.3311256766319275,0.2975669574195364,0.29549071030072677
1,0.3430094009379583,0.34375056624412537,0.14023683174575524,0.16785426934265135,0.36980384588241577,0.3710338771343231,0.2995275557041168,0.3474443554878235,0.3497085902294298,0.2987333775839005
0,0.3430094009379583,0.34375056624412537,0.14023683174575524,0.16785426934265135,0.36980384588241577,0.3710338771343231,0.2995275557041168,0.3474443554878235,0.3497085902294298,0.2987333775839005
0,0.34233618633883084,0.3538954257965088,0.27200658802105276,0.33946108619466014,0.3582504689693451,0.1871330738067627,0.2808951139450073,0.41036441922187805,0.36724390735302664,0.3191783479874901
0,0.2414371398460892,0.29529479146003723,0.2908889449959702,0.2755347439091629,0.32335376739501953,0.372475802898407,0.21416230499744415,0.1891181319952011,0.27886902764233906,0.27488960018195924
0,0.27954866287103974,0.37150853872299194,0.08337871881967142,0.3702613353242489,0.21553374826908112,0.26741823554039,0.12369564175605774,0.18921974301338196,0.2967016344144934,0.23901182124274709
0,0.31637342545975555,0.2807111144065857,0.3494884003481798,0.31909410841971075,0.4062429368495941,0.45304057002067566,0.3353698253631592,0.36439141631126404,0.33018992841129347,0.35237294984732354
0,0.31637342545975555,0.2807111144065857,0.3494884003481798,0.31909410841971075,0.4062429368495941,0.45304057002067566,0.3353698253631592,0.36439141631126404,0.33018992841129347,0.35237294984732354
0,0.31637342545975555,0.2807111144065857,0.3494884003481798,0.31909410841971075,0.4062429368495941,0.45304057002067566,0.3353698253631592,0.36439141631126404,0.33018992841129347,0.35237294984732354
0,0.31637342545975555,0.2807111144065857,0.3494884003481798,0.31909410841971075,0.4062429368495941,0.45304057002067566,0.3353698253631592,0.36439141631126404,0.33018992841129347,0.35237294984732354
0,0.31637342545975555,0.2807111144065857,0.3494884003481798,0.31909410841971075,0.4062429368495941,0.45304057002067566,0.3353698253631592,0.36439141631126404,0.33018992841129347,0.35237294984732354
0,0.35315119791911775,0.39435887336730957,0.22260275595587778,0.3491389070237517,0.4392240345478058,0.35184332728385925,0.4456529915332794,0.43646886944770813,0.3984902537302767,0.37497611512311757
0,0.27699614011031337,0.274673193693161,0.2664951377629985,0.27915798884848814,0.34774526953697205,0.2817564010620117,0.3123726546764374,0.3789634108543396,0.3065910567885713,0.30242528265250807
0,0.5943003107725654,0.5983606576919556,0.6402553130105229,0.6008174882842388,0.5837848782539368,0.6338825821876526,0.6766532063484192,0.6945312023162842,0.6773789938771928,0.6274136929434596
0,0.576727710235644,0.5606842041015625,0.42734149687857464,0.4303238872208316,0.48702284693717957,0.672360897064209,0.5193961262702942,0.5600137710571289,0.6136151425785491,0.5293503765372727
0,0.2920496751154559,0.11885226517915726,0.004720146693653932,0.12751924579001597,0.1552385538816452,0.008527704514563084,0.02259538695216179,0.09128997474908829,0.2031134474362335,0.10426817242710751
1,0.43367409712073673,0.3959747552871704,0.2534650389132524,0.3837940314265972,0.3212645351886749,0.09499328583478928,0.47037798166275024,0.5041281580924988,0.45182005499090916,0.35909937349703247
0,0.43367409712073673,0.3959747552871704,0.2534650389132524,0.3837940314265972,0.3212645351886749,0.09499328583478928,0.47037798166275024,0.5041281580924988,0.45182005499090916,0.35909937349703247
1,0.43367409712073673,0.3959747552871704,0.2534650389132524,0.3837940314265972,0.3212645351886749,0.09499328583478928,0.47037798166275024,0.5041281580924988,0.45182005499090916,0.35909937349703247
0,0.43367409712073673,0.3959747552871704,0.2534650389132524,0.3837940314265972,0.3212645351886749,0.09499328583478928,0.47037798166275024,0.5041281580924988,0.45182005499090916,0.35909937349703247
1,0.6371232576580029,0.8046510815620422,0.8260993348621911,0.811385015040061,0.7189321517944336,0.5517757534980774,0.8636400103569031,0.9268105030059814,0.8047994640407894,0.7678289569558852
1,0.43367409712073673,0.3959747552871704,0.2534650389132524,0.3837940314265972,0.3212645351886749,0.09499328583478928,0.47037798166275024,0.5041281580924988,0.45182005499090916,0.35909937349703247
0,0.41419485120885713,0.42298221588134766,0.14922994062008532,0.21420094412693452,0.10858990997076035,0.30889469385147095,0.2481359839439392,0.24048176407814026,0.40391242699150215,0.2645927255807025
0,0.43367409712073673,0.3959747552871704,0.2534650389132524,0.3837940314265972,0.3212645351886749,0.09499328583478928,0.47037798166275024,0.5041281580924988,0.45182005499090916,0.35909937349703247
0,0.22152530199445272,0.15888920426368713,0.06097473486886454,0.10309693936125557,0.10905938595533371,0.25837573409080505,0.14343439042568207,0.2324112504720688,0.21228019460889166,0.16118503319779204
0,0.24065810407913635,0.13125108182430267,0.10552267447276137,0.0934313129993207,0.22274161875247955,0.16007302701473236,0.05906224623322487,0.09355554729700089,0.19947953307687624,0.13880923339001994
0,0.43367409712073673,0.3959747552871704,0.2534650389132524,0.3837940314265972,0.3212645351886749,0.09499331563711166,0.47037792205810547,0.5041281580924988,0.4518200493032338,0.35909936970464873
1,0.6371232576580029,0.8046510815620422,0.8260993348621911,0.811385015040061,0.7189321517944336,0.5517757534980774,0.8636400103569031,0.9268105030059814,0.8047994640407894,0.7678289569558852
0,0.5981889462207292,0.6246522068977356,0.6033816360760136,0.4364739713068334,0.6362704634666443,0.3924218714237213,0.4816419184207916,0.9120643734931946,0.6973831353099537,0.5868059901643073
0,0.28094609919073776,0.2530868947505951,0.08174694948776277,0.12613962251988942,0.2626805007457733,0.21018125116825104,0.16855940222740173,0.2614987790584564,0.2694129587681144,0.206749453530764
0,0.3461303440600498,0.17728790640830994,0.23496853729965422,0.12276145796575612,0.3872204124927521,0.5143333077430725,0.30060896277427673,0.5314843654632568,0.30783090315386424,0.3260918543999677
0,0.30604121608778434,0.26547497510910034,0.28236405625101707,0.26733038576682133,0.33555591106414795,0.47052842378616333,0.2545098066329956,0.3904915452003479,0.3112985758289683,0.3209319365763022
0,0.28050636430011655,0.1755504459142685,0.03783347066512384,0.12277622423986094,0.3614956736564636,0.3358581066131592,0.17740924656391144,0.2917967736721039,0.2395032076899004,0.22358619875014546
0,0.32601656598692214,0.17573769390583038,0.09223578653117812,0.1517333812557982,0.19629916548728943,0.06989996135234833,0.1840154081583023,0.24908579885959625,0.26024982987963546,0.18197350880319074
0,0.26412272142731225,0.22082965075969696,0.22547045985194533,0.25362981968208925,0.259911447763443,0.34064117074012756,0.18669207394123077,0.2982441484928131,0.26254372559794126,0.2559611687032456
0,0.25349584783995033,0.2502451539039612,0.24228190784936685,0.21526437466461895,0.19877676665782928,0.13089361786842346,0.09966859966516495,0.1573280692100525,0.25721646307927637,0.1940184524351753
0,0.25159711049527345,0.21002894639968872,0.017894428840502352,0.18761981784661114,0.1625615507364273,0.07671789079904556,0.15312659740447998,0.259450227022171,0.23722953869742475,0.16647314130857732
0,0.25159711049527345,0.21002894639968872,0.017894428840502352,0.18761981784661114,0.1625615507364273,0.07671789079904556,0.15312659740447998,0.259450227022171,0.23722953869742475,0.16647314130857732
0,0.26445019943057096,0.24723930656909943,0.041566500637096264,0.127654872160118,0.2866259217262268,0.23347091674804688,0.2333247810602188,0.40414902567863464,0.27301040202386967,0.23103229392364802
0,0.3618475022538303,0.3857421278953552,0.08488859750073573,0.17145303734866177,0.42557230591773987,0.4759032726287842,0.30225670337677,0.5143304467201233,0.38469941633181887,0.341405785577553
0,0.30604121608778434,0.26547497510910034,0.28236405625101707,0.26733038576682133,0.33555591106414795,0.47052842378616333,0.2545098066329956,0.3904915452003479,0.3112985758289683,0.3209319365763022
0,0.30604121608778434,0.26547497510910034,0.28236405625101707,0.26733038576682133,0.33555591106414795,0.47052842378616333,0.2545098066329956,0.3904915452003479,0.3112985758289683,0.3209319365763022
0,0.44233738460993166,0.492080420255661,0.9236415577979057,0.6407473881569637,0.6461488008499146,0.4742315113544464,0.5269569754600525,0.697081983089447,0.5795985261678384,0.6035783052272832
0,0.22381010061081447,0.12469326704740524,0.09456042733875851,0.07168294213538784,0.11900071799755096,0.04602844640612602,0.08277425915002823,0.26471900939941406,0.20592018428683573,0.12924828470086286
0,0.30604121608778434,0.26547497510910034,0.28236405625101707,0.26733038576682133,0.33555591106414795,0.47052842378616333,0.2545098066329956,0.3904915452003479,0.3112985758289683,0.3209319365763022
0,0.26950805137026157,0.3465137481689453,0.34616191947013897,0.28018779908283253,0.23119200766086578,0.4299846291542053,0.22007529437541962,0.2995339334011078,0.3249084141415918,0.3022011785983975
0,0.5984723461071698,0.6110295653343201,0.22392122901810796,0.3908267571121818,0.5810142159461975,0.807386040687561,0.5276738405227661,0.6472989320755005,0.6328449759570416,0.5494789172828178
1,0.5452303216992306,0.44995632767677307,0.25439440915280814,0.376986613073429,0.41943225264549255,0.5446791052818298,0.6302925944328308,0.5398727059364319,0.5422685079753978,0.4707754032133929
0,0.5872817762763305,0.556506335735321,0.41686703710162953,0.464578453045165,0.4199022054672241,0.5857825875282288,0.5664694905281067,0.5259933471679688,0.6165713239358743,0.515801098575388
0,0.25600182071268734,0.21063148975372314,0.1255617309482865,0.15945230886550962,0.1547260731458664,0.2019488513469696,0.17609630525112152,0.32105231285095215,0.25338874250412136,0.20124630976031824
0,0.25600182071268734,0.21063148975372314,0.1255617309482865,0.15945230886550962,0.1547260731458664,0.20194880664348602,0.17609630525112152,0.32105231285095215,0.25338874293075586,0.20124630435311142
0,0.2098848789118805,0.08354304730892181,0.0027393658679886732,0.06322324532620416,0.07509709149599075,0.07308048009872437,0.02883104421198368,0.1429622620344162,0.17369504382423107,0.08579832129529444
0,0.2098848789118805,0.08354304730892181,0.0027393658679886732,0.06322324532620416,0.07509711384773254,0.07308050245046616,0.02883104421198368,0.1429622769355774,0.1736950444194806,0.08579832869900975
1,0.2098848789118805,0.08354304730892181,0.0027393658679886732,0.06322324532620416,0.07509709149599075,0.07308050245046616,0.02883104421198368,0.1429622620344162,0.17369504366239627,0.08579832399889784
0,0.3447774664200223,0.3685069978237152,0.17485090961611424,0.23869565597836725,0.45826125144958496,0.4995931088924408,0.3235030472278595,0.40197989344596863,0.3669125966963984,0.3517715650929267
0,0.25600182071268734,0.21063148975372314,0.1255617309482865,0.15945230886550962,0.1547260731458664,0.2019488513469696,0.17609630525112152,0.32105231285095215,0.25338874250412136,0.20124630976031824
0,0.26950805137026157,0.3465137481689453,0.34616191947013897,0.28018779908283253,0.23119200766086578,0.4299846291542053,0.22007529437541962,0.2995339334011078,0.3249084141415918,0.3022011785983975
0,0.25600182071268734,0.21063148975372314,0.1255617309482865,0.15945230886550962,0.1547260731458664,0.2019488513469696,0.17609630525112152,0.32105231285095215,0.25338874250412136,0.20124630976031824
0,0.26950805137026157,0.3465137481689453,0.34616191947013897,0.28018779908283253,0.23119200766086578,0.4299846291542053,0.22007529437541962,0.2995339334011078,0.3249084141415918,0.3022011785983975
0,0.25600182071268734,0.21063148975372314,0.1255617309482865,0.15945230886550962,0.1547260731458664,0.2019488513469696,0.17609630525112152,0.32105231285095215,0.25338874250412136,0.20124630976031824
0,0.26950805137026157,0.3465137481689453,0.34616191947013897,0.28018779908283253,0.23119200766086578,0.4299846291542053,0.22007529437541962,0.2995339334011078,0.3249084141415918,0.3022011785983975
0,0.25600182071268734,0.21063148975372314,0.1255617309482865,0.15945230886550962,0.1547260731458664,0.2019488513469696,0.17609630525112152,0.32105231285095215,0.25338874250412136,0.20124630976031824
0,0.25600182071268734,0.21063148975372314,0.1255617309482865,0.15945230886550962,0.1547260731458664,0.2019488513469696,0.17609630525112152,0.32105231285095215,0.25338874250412136,0.20124630976031824
0,0.25600182071268734,0.21063148975372314,0.1255617309482865,0.15945230886550962,0.1547260731458664,0.2019488513469696,0.17609630525112152,0.32105231285095215,0.25338874250412136,0.20124630976031824
0,0.4315875503690368,0.5352435111999512,0.6360714450213243,0.6139241041237943,0.5733175277709961,0.7524344325065613,0.5570513010025024,0.7319900989532471,0.5679722809980765,0.6024318592140543
0,0.26950805137026157,0.3465137481689453,0.34616191947013897,0.28018779908283253,0.23119200766086578,0.4299846291542053,0.22007529437541962,0.2995339334011078,0.3249084141415918,0.3022011785983975
0,0.26950805137026157,0.3465137481689453,0.34616191947013897,0.28018779908283253,0.23119200766086578,0.4299846291542053,0.22007529437541962,0.2995339334011078,0.3249084141415918,0.3022011785983975
0,0.25600182071268734,0.21063148975372314,0.1255617309482865,0.15945230886550962,0.1547260731458664,0.2019488513469696,0.17609630525112152,0.32105231285095215,0.25338874250412136,0.20124630976031824
0,0.26950805137026157,0.3465137481689453,0.34616191947013897,0.28018779908283253,0.23119200766086578,0.4299846291542053,0.22007529437541962,0.2995339334011078,0.3249084141415918,0.3022011785983975
0,0.3447774664200223,0.3685069978237152,0.17485090961611424,0.23869565597836725,0.45826125144958496,0.4995931088924408,0.3235030472278595,0.40197989344596863,0.3669125966963984,0.3517715650929267
0,0.2973395119665087,0.07715041935443878,0.016234014033881725,0.05605692441635596,0.022558273747563362,0.04301590099930763,0.09989265352487564,0.27285608649253845,0.211525166360986,0.11171804078951951
0,0.2152109282268974,0.1920594424009323,0.035970871932270054,0.07000312255328202,0.13063502311706543,0.12591594457626343,0.1292792111635208,0.15279848873615265,0.21446521109305264,0.13247740692103585
0,0.26950805137026157,0.3465137481689453,0.34616191947013897,0.28018779908283253,0.23119200766086578,0.4299846291542053,0.22007529437541962,0.2995339334011078,0.3249084141415918,0.3022011785983975
0,0.6767416564854298,0.8220030665397644,0.8224627758819071,0.8539751590779757,0.7712171077728271,0.8239021301269531,0.9833849668502808,0.7144589424133301,0.8115149316201815,0.8078027304199418
0,0.6964119094344409,0.9131148457527161,0.820994726480112,0.8745281256807399,0.9202262163162231,0.8351981043815613,0.7984133958816528,0.899465799331665,0.8410263380360379,0.8449976095952167
0,0.5947026406997616,0.49115273356437683,0.3209323282676019,0.526104253583226,0.5948587656021118,0.13988876342773438,0.4345114529132843,0.6360466480255127,0.581820056395165,0.470149507257067
0,0.5683528311817163,0.5012186765670776,0.18305915341151396,0.531504290021775,0.6795806884765625,0.7797325849533081,0.7466147541999817,0.633637547492981,0.5779582509802191,0.5787524867560945
0,0.31136504069754145,0.24254028499126434,0.007666764377177222,0.16118552158529711,0.26083433628082275,0.3666996359825134,0.168281689286232,0.37964779138565063,0.2775060742661232,0.2382683666592652
1,0.6702501638170844,0.827893853187561,0.8424340423304268,0.7944031345764736,0.8927088975906372,0.7704795598983765,0.9522811770439148,0.7880126237869263,0.8165824984161335,0.8169521076444216
0,0.4904187817028631,0.45620429515838623,0.3226008061652243,0.44055769387849025,0.4684444069862366,0.7695400714874268,0.35308846831321716,0.5018094778060913,0.49188234670159614,0.4749551480892993
0,0.25935738935620695,0.14345575869083405,0.06417612247248589,0.06979052244943848,0.17874561250209808,0.009770396165549755,0.2642662823200226,0.3253967761993408,0.23692701550981057,0.16565716272532402
1,0.25935738935620695,0.14345575869083405,0.06417612247248589,0.06979052244943848,0.17874561250209808,0.009770396165549755,0.2642662823200226,0.3253967761993408,0.23692701550981057,0.16565716272532402
0,0.5329640104621589,0.30366426706314087,0.2869117637212671,0.4512274334943627,0.34684836864471436,0.7240480184555054,0.16283467411994934,0.3096544146537781,0.40344164400507815,0.38910735682931696
0,0.3723927644834223,0.2004649043083191,0.019057331269322592,0.22722264007483356,0.25327837467193604,0.5730183124542236,0.15800638496875763,0.37607187032699585,0.2812289502986133,0.27256548527149216
1,0.589341686069871,0.6161850094795227,0.5984267842669427,0.6331236216033215,0.6216307282447815,0.7488543391227722,0.4933611750602722,0.5931691527366638,0.6522371375535188,0.6113462062413079
0,0.21550760047548725,0.07130308449268341,0.07815566404353166,0.07765100108002267,0.12489461898803711,0.10588256269693375,0.29011303186416626,0.36719295382499695,0.20412443415710044,0.16663532341651285
0,0.21550760047548725,0.07130308449268341,0.07815566404353166,0.07765100108002267,0.12489461898803711,0.10588256269693375,0.29011303186416626,0.36719295382499695,0.20412443415710044,0.16663532341651285
0,0.21550760047548725,0.07130308449268341,0.07815566404353166,0.07765100108002267,0.12489461898803711,0.10588256269693375,0.29011303186416626,0.36719295382499695,0.20412443415710044,0.16663532341651285
0,0.21550760047548725,0.07130308449268341,0.07815566404353166,0.07765100108002267,0.12489461898803711,0.10588256269693375,0.29011303186416626,0.36719295382499695,0.20412443415710044,0.16663532341651285
0,0.21550760047548725,0.07130308449268341,0.07815566404353166,0.07765100108002267,0.12489461898803711,0.10588256269693375,0.29011303186416626,0.36719295382499695,0.20412443415710044,0.16663532341651285
0,0.2211339843418214,0.032921671867370605,0.009384797746235176,0.02529524941913341,0.1167348325252533,0.05984480306506157,0.25867950916290283,0.19945135712623596,0.17962807217156979,0.11601857444941796
0,0.21550760047548725,0.07130308449268341,0.07815566404353166,0.07765100108002267,0.12489461898803711,0.10588256269693375,0.29011303186416626,0.36719295382499695,0.20412443415710044,0.16663532341651285
0,0.21550760047548725,0.07130308449268341,0.07815566404353166,0.07765100108002267,0.12489461898803711,0.10588256269693375,0.29011303186416626,0.36719295382499695,0.20412443415710044,0.16663532341651285
0,0.21550760047548725,0.07130308449268341,0.07815566404353166,0.07765100108002267,0.12489461898803711,0.10588256269693375,0.29011303186416626,0.36719295382499695,0.20412443415710044,0.16663532341651285
0,0.21550760047548725,0.07130308449268341,0.07815566404353166,0.07765100108002267,0.12489461898803711,0.10588256269693375,0.29011303186416626,0.36719295382499695,0.20412443415710044,0.16663532341651285
0,0.26207042902872085,0.10414374619722366,0.020579926408715487,0.16771117471629496,0.14730259776115417,0.1877381056547165,0.30206045508384705,0.351233571767807,0.22173073959793796,0.19344343649054968
0,0.21550760047548725,0.07130308449268341,0.07815566404353166,0.07765100108002267,0.12489461898803711,0.10588256269693375,0.29011303186416626,0.36719295382499695,0.20412443415710044,0.16663532341651285
0,0.21550760047548725,0.07130308449268341,0.07815566404353166,0.07765100108002267,0.12489461898803711,0.10588256269693375,0.29011303186416626,0.36719295382499695,0.20412443415710044,0.16663532341651285
0,0.21550760047548725,0.07130308449268341,0.07815566404353166,0.07765100108002267,0.12489461898803711,0.10588256269693375,0.29011303186416626,0.36719295382499695,0.20412443415710044,0.16663532341651285
0,0.2211339843418214,0.032921671867370605,0.009384797746235176,0.02529524941913341,0.1167348325252533,0.05984480306506157,0.25867950916290283,0.19945135712623596,0.17962807217156979,0.11601857444941796
0,0.5556400632809098,0.16413255035877228,0.5477827470074497,0.13656313803607026,0.2518949508666992,0.5048797130584717,0.4300152361392975,0.467258095741272,0.4321592306761163,0.3802287402720533
0,0.22059992870000034,0.18200884759426117,0.004142914536104893,0.15220734210869497,0.12305225431919098,0.2025764435529709,0.194632425904274,0.1558387279510498,0.21217376237213925,0.15515971726965747
0,0.26546181389294854,0.19515401124954224,0.14458098930080318,0.2296879298997983,0.11032841354608536,0.21400868892669678,0.19919978082180023,0.13918817043304443,0.23912805784394098,0.18743289985828324
0,0.26546181389294854,0.19515401124954224,0.14458098930080318,0.2296879298997983,0.11032841354608536,0.21400868892669678,0.19919978082180023,0.13918817043304443,0.23912805784394098,0.18743289985828324
0,0.26546181389294854,0.19515401124954224,0.14458098930080318,0.2296879298997983,0.11032841354608536,0.21400868892669678,0.19919978082180023,0.13918817043304443,0.23912805784394098,0.18743289985828324
0,0.26546181389294854,0.19515401124954224,0.14458098930080318,0.2296879298997983,0.11032841354608536,0.21400868892669678,0.19919978082180023,0.13918817043304443,0.23912805784394098,0.18743289985828324
0,0.26546181389294854,0.19515401124954224,0.14458098930080318,0.2296879298997983,0.11032841354608536,0.21400868892669678,0.19919978082180023,0.13918817043304443,0.23912805784394098,0.18743289985828324
0,0.26546181389294854,0.19515401124954224,0.14458098930080318,0.2296879298997983,0.11032841354608536,0.21400868892669678,0.19919978082180023,0.13918817043304443,0.23912805784394098,0.18743289985828324
0,0.26546181389294854,0.19515401124954224,0.14458098930080318,0.2296879298997983,0.11032841354608536,0.21400868892669678,0.19919978082180023,0.13918817043304443,0.23912805784394098,0.18743289985828324
0,0.25434453469740914,0.2440401315689087,0.2135854206125612,0.23245383016968105,0.13344471156597137,0.0591120570898056,0.09155528992414474,0.19426758587360382,0.255782227129386,0.17870717851650525
0,0.5044434618915798,0.5855973958969116,0.2934433887830443,0.4362492510704875,0.535733699798584,0.5296382904052734,0.3509998917579651,0.5812674164772034,0.5657766143375669,0.47865534299163087
0,0.5044434618915798,0.5855973958969116,0.2934433887830443,0.4362492510704875,0.535733699798584,0.5296382904052734,0.3509998917579651,0.5812674164772034,0.5657766143375669,0.47865534299163087
0,0.21661789997925912,0.17208854854106903,0.1997354433438577,0.19144559038208894,0.25739070773124695,0.14584259688854218,0.1987990438938141,0.19439393281936646,0.22377819674916422,0.19727791884795554
0,0.23587662976400078,0.14670218527317047,0.1598588803035054,0.18097486252816278,0.25061553716659546,0.15020321309566498,0.1615324765443802,0.35848701000213623,0.22837859824017737,0.20599330768999835
0,0.22739653669908716,0.09862637519836426,0.0027505738063276913,0.09499423849290192,0.07267509400844574,0.107963427901268,0.1431012749671936,0.19532006978988647,0.1911779701246646,0.11864022511885042
0,0.2937801455940776,0.30298829078674316,0.24430880702382385,0.2882612925173209,0.4896085262298584,0.35463747382164,0.37328392267227173,0.407796174287796,0.3281385356244159,0.3446700908901231
0,0.22904900081998356,0.20776911079883575,0.22984385996685264,0.2199567217935593,0.09486530721187592,0.21160469949245453,0.12866367399692535,0.2245565503835678,0.23933554066214907,0.19312869336224686
0,0.22904900081998356,0.20776911079883575,0.22984385996685264,0.2199567217935593,0.09486530721187592,0.21160469949245453,0.12866367399692535,0.2245565503835678,0.23933554066214907,0.19312869336224686
0,0.22904900081998356,0.20776911079883575,0.22984385996685264,0.2199567217935593,0.09486530721187592,0.21160469949245453,0.12866367399692535,0.2245565503835678,0.23933554066214907,0.19312869336224686
0,0.22904900081998356,0.20776911079883575,0.22984385996685264,0.2199567217935593,0.09486530721187592,0.21160469949245453,0.12866367399692535,0.2245565503835678,0.23933554066214907,0.19312869336224686
0,0.2519915514677951,0.17147913575172424,0.028222083283226517,0.2427435245215962,0.1232258677482605,0.2763326168060303,0.12871547043323517,0.35708263516426086,0.2276513574298077,0.19807634369236315
0,0.22904900081998356,0.20776911079883575,0.22984385996685264,0.2199567217935593,0.09486530721187592,0.21160469949245453,0.12866367399692535,0.2245565503835678,0.23933554066214907,0.19312869336224686
0,0.22904900081998356,0.20776911079883575,0.22984385996685264,0.2199567217935593,0.09486530721187592,0.21160469949245453,0.12866367399692535,0.2245565503835678,0.23933554066214907,0.19312869336224686
0,0.20722512227758622,0.14296522736549377,0.049089844806280515,0.16456911457420303,0.17411750555038452,0.16628636419773102,0.04872696474194527,0.13728323578834534,0.1896218017992642,0.13698699826759958
0,0.25434453469740914,0.2440401315689087,0.2135854206125612,0.23245383016968105,0.13344471156597137,0.0591120570898056,0.09155528992414474,0.19426758587360382,0.255782227129386,0.17870717851650525
0,0.2940159585137859,0.34101977944374084,0.2115791157226443,0.3799462908808315,0.15310217440128326,0.07192695140838623,0.0800742357969284,0.22946904599666595,0.30451054147938056,0.2216148295937659
0,0.34680732278826937,0.3706223964691162,0.2923584772666836,0.31227160304921364,0.4069163501262665,0.2731027603149414,0.2282126098871231,0.39749231934547424,0.3725597563951071,0.3293557673751688
0,0.34680732278826937,0.3706223964691162,0.2923584772666836,0.31227160304921364,0.4069162905216217,0.2731027603149414,0.2282126098871231,0.39749234914779663,0.3725597596049962,0.3293557635668039
0,0.23587662976400078,0.14670218527317047,0.1598588803035054,0.18097486252816278,0.25061553716659546,0.15020321309566498,0.1615324765443802,0.35848701000213623,0.22837859824017737,0.20599330768999835
0,0.23587662976400078,0.14670218527317047,0.1598588803035054,0.18097486252816278,0.25061553716659546,0.15020321309566498,0.1615324765443802,0.35848701000213623,0.22837859824017737,0.20599330768999835
0,0.23587662976400078,0.14670218527317047,0.1598588803035054,0.18097486252816278,0.25061553716659546,0.15020321309566498,0.1615324765443802,0.35848701000213623,0.22837859824017737,0.20599330768999835
1,0.23587662976400078,0.14670218527317047,0.1598588803035054,0.18097486252816278,0.25061553716659546,0.15020321309566498,0.1615324765443802,0.35848701000213623,0.22837859824017737,0.20599330768999835
1,0.23587662976400078,0.14670218527317047,0.1598588803035054,0.18097486252816278,0.25061553716659546,0.15020321309566498,0.1615324765443802,0.35848701000213623,0.22837859824017737,0.20599330768999835
0,0.23587662976400078,0.14670218527317047,0.1598588803035054,0.18097486252816278,0.25061553716659546,0.15020321309566498,0.1615324765443802,0.35848701000213623,0.22837859824017737,0.20599330768999835
0,0.23587662976400078,0.14670218527317047,0.1598588803035054,0.18097486252816278,0.25061553716659546,0.15020321309566498,0.1615324765443802,0.35848701000213623,0.22837859824017737,0.20599330768999835
0,0.23587662976400078,0.14670218527317047,0.1598588803035054,0.18097486252816278,0.25061553716659546,0.15020321309566498,0.1615324765443802,0.35848701000213623,0.22837859824017737,0.20599330768999835
0,0.23587662976400078,0.14670218527317047,0.1598588803035054,0.18097486252816278,0.25061553716659546,0.15020321309566498,0.1615324765443802,0.35848701000213623,0.22837859824017737,0.20599330768999835
0,0.23587662976400078,0.14670218527317047,0.1598588803035054,0.18097486252816278,0.25061553716659546,0.15020321309566498,0.1615324765443802,0.35848701000213623,0.22837859824017737,0.20599330768999835
0,0.21163906931741205,0.15638363361358643,0.04918861446213989,0.09500031213230793,0.10818030685186386,0.0627523735165596,0.11375173181295395,0.301886647939682,0.21218709610366943,0.13842482829744562
0,0.21163906931741205,0.15638363361358643,0.04918861446213989,0.09500031213230793,0.10818030685186386,0.0627523735165596,0.11375173181295395,0.301886647939682,0.21218709610366943,0.13842482829744562
0,0.21163906931741205,0.15638363361358643,0.04918861446213989,0.09500031213230793,0.10818030685186386,0.0627523735165596,0.11375173181295395,0.301886647939682,0.21218709610366943,0.13842482829744562
0,0.24209549939802752,0.13531281054019928,0.08693491097004656,0.16691157588800107,0.20839788019657135,0.25591596961021423,0.17561545968055725,0.3410782516002655,0.22062158922943917,0.20180060188758459
0,0.23587662976400078,0.14670218527317047,0.1598588803035054,0.18097486252816278,0.25061553716659546,0.15020321309566498,0.1615324765443802,0.35848701000213623,0.22837859824017737,0.20599330768999835
0,0.23587662976400078,0.14670218527317047,0.1598588803035054,0.18097486252816278,0.25061553716659546,0.15020321309566498,0.1615324765443802,0.35848701000213623,0.22837859824017737,0.20599330768999835
0,0.23587662976400078,0.14670218527317047,0.1598588803035054,0.18097486252816278,0.25061553716659546,0.15020321309566498,0.1615324765443802,0.35848701000213623,0.22837859824017737,0.20599330768999835
0,0.23587662976400078,0.14670218527317047,0.1598588803035054,0.18097486252816278,0.25061553716659546,0.15020321309566498,0.1615324765443802,0.35848701000213623,0.22837859824017737,0.20599330768999835
0,0.23587662976400078,0.14670218527317047,0.1598588803035054,0.18097486252816278,0.25061553716659546,0.15020321309566498,0.1615324765443802,0.35848701000213623,0.22837859824017737,0.20599330768999835
0,0.24209549939802752,0.13531281054019928,0.08693491097004656,0.16691157588800107,0.20839788019657135,0.25591596961021423,0.17561545968055725,0.3410782516002655,0.22062158922943917,0.20180060188758459
0,0.21864554853332216,0.019834527745842934,0.03770507990386249,0.02376016770540603,0.027931520715355873,0.039044544100761414,0.08702654391527176,0.2525075078010559,0.17187651351307004,0.08880886032592497
0,0.23587662976400078,0.14670218527317047,0.1598588803035054,0.18097486252816278,0.25061553716659546,0.15020321309566498,0.1615324765443802,0.35848701000213623,0.22837859824017737,0.20599330768999835
0,0.24209549939802752,0.13531281054019928,0.08693491097004656,0.16691157588800107,0.20839788019657135,0.25591596961021423,0.17561545968055725,0.3410782516002655,0.22062158922943917,0.20180060188758459
0,0.23587662976400078,0.14670218527317047,0.1598588803035054,0.18097486252816278,0.25061553716659546,0.15020321309566498,0.1615324765443802,0.35848701000213623,0.22837859824017737,0.20599330768999835
0,0.23587662976400078,0.14670218527317047,0.1598588803035054,0.18097486252816278,0.25061553716659546,0.15020321309566498,0.1615324765443802,0.35848701000213623,0.22837859824017737,0.20599330768999835
0,0.23587662976400078,0.14670218527317047,0.1598588803035054,0.18097486252816278,0.25061553716659546,0.15020321309566498,0.1615324765443802,0.35848701000213623,0.22837859824017737,0.20599330768999835
0,0.24209549939802752,0.13531281054019928,0.08693491097004656,0.16691157588800107,0.20839788019657135,0.25591596961021423,0.17561545968055725,0.3410782516002655,0.22062158922943917,0.20180060188758459
0,0.23587662976400078,0.14670218527317047,0.1598588803035054,0.18097486252816278,0.25061553716659546,0.15020321309566498,0.1615324765443802,0.35848701000213623,0.22837859824017737,0.20599330768999835
0,0.24209549939802752,0.13531281054019928,0.08693491097004656,0.16691157588800107,0.20839788019657135,0.25591596961021423,0.17561545968055725,0.3410782516002655,0.22062158922943917,0.20180060188758459
0,0.23587662976400078,0.14670218527317047,0.1598588803035054,0.18097486252816278,0.25061553716659546,0.15020321309566498,0.1615324765443802,0.35848701000213623,0.22837859824017737,0.20599330768999835
0,0.1790123446297627,0.050625480711460114,0.003549871441564997,0.03338995418795181,0.02207799069583416,0.010995371267199516,0.06662653386592865,0.21389417350292206,0.164006042680353,0.07331201249342578
1,0.18667801832954928,0.056422583758831024,0.04818150110608222,0.03637354876969123,0.036380551755428314,0.017406687140464783,0.057327013462781906,0.22825396060943604,0.17041377981887312,0.08401082879168259
0,0.23587662976400078,0.14670218527317047,0.1598588803035054,0.18097486252816278,0.25061553716659546,0.15020321309566498,0.1615324765443802,0.35848701000213623,0.22837859824017737,0.20599330768999835
0,0.19991713119785082,0.06749730557203293,0.007189426042908657,0.05923551889080713,0.14586593210697174,0.03923347219824791,0.1338169127702713,0.19351314008235931,0.17528385039954983,0.1067208715571206
0,0.19991713119785082,0.06749730557203293,0.007189426042908657,0.05923551889080713,0.14586593210697174,0.03923347219824791,0.1338169127702713,0.19351314008235931,0.17528385039954983,0.1067208715571206
0,0.24209549939802752,0.13531281054019928,0.08693491097004656,0.16691157588800107,0.20839788019657135,0.25591596961021423,0.17561545968055725,0.3410782516002655,0.22062158922943917,0.20180060188758459
0,0.24209549939802752,0.13531281054019928,0.08693491097004656,0.16691157588800107,0.20839788019657135,0.25591596961021423,0.17561545968055725,0.3410782516002655,0.22062158922943917,0.20180060188758459
0,0.23587662976400078,0.14670218527317047,0.1598588803035054,0.18097486252816278,0.25061553716659546,0.15020321309566498,0.1615324765443802,0.35848701000213623,0.22837859824017737,0.20599330768999835
0,0.25434453469740914,0.2440401315689087,0.2135854206125612,0.23245383016968105,0.13344471156597137,0.0591120570898056,0.09155528992414474,0.19426758587360382,0.255782227129386,0.17870717851650525
0,0.26546181389294854,0.19515401124954224,0.14458098930080318,0.2296879298997983,0.11032841354608536,0.21400868892669678,0.19919978082180023,0.13918817043304443,0.23912805784394098,0.18743289985828324
0,0.25434453469740914,0.2440401315689087,0.2135854206125612,0.23245383016968105,0.13344471156597137,0.0591120570898056,0.09155528992414474,0.19426758587360382,0.255782227129386,0.17870717851650525
0,0.25434453469740914,0.2440401315689087,0.2135854206125612,0.23245383016968105,0.13344471156597137,0.0591120570898056,0.09155528992414474,0.19426758587360382,0.255782227129386,0.17870717851650525
0,0.24114658923977422,0.2421835958957672,0.09778586225251,0.1910888442516349,0.16600631177425385,0.11442527174949646,0.14180830121040344,0.2255650758743286,0.24717228400242977,0.17866224827341137
0,0.25434453469740914,0.2440401315689087,0.2135854206125612,0.23245383016968105,0.13344471156597137,0.0591120570898056,0.09155528992414474,0.19426758587360382,0.255782227129386,0.17870717851650525
0,0.25434453469740914,0.2440401315689087,0.2135854206125612,0.23245383016968105,0.13344471156597137,0.0591120570898056,0.09155528992414474,0.19426758587360382,0.255782227129386,0.17870717851650525
0,0.25434453469740914,0.2440401315689087,0.2135854206125612,0.23245383016968105,0.13344471156597137,0.0591120570898056,0.09155528992414474,0.19426758587360382,0.255782227129386,0.17870717851650525
0,0.25434453469740914,0.2440401315689087,0.2135854206125612,0.23245383016968105,0.13344471156597137,0.0591120570898056,0.09155528992414474,0.19426758587360382,0.255782227129386,0.17870717851650525
0,0.25434453469740914,0.2440401315689087,0.2135854206125612,0.23245383016968105,0.13344471156597137,0.0591120570898056,0.09155528992414474,0.19426758587360382,0.255782227129386,0.17870717851650525
0,0.25434453469740914,0.2440401315689087,0.2135854206125612,0.23245383016968105,0.13344471156597137,0.0591120570898056,0.09155528992414474,0.19426758587360382,0.255782227129386,0.17870717851650525
0,0.26966443631527853,0.2770683765411377,0.40185711509432326,0.164884896676413,0.15822751820087433,0.08248242735862732,0.3238350450992584,0.23057124018669128,0.31238595738149444,0.23841999484764267
0,0.25434453469740914,0.2440401315689087,0.2135854206125612,0.23245383016968105,0.13344471156597137,0.0591120570898056,0.09155528992414474,0.19426758587360382,0.255782227129386,0.17870717851650525
0,0.25434453469740914,0.2440401315689087,0.2135854206125612,0.23245383016968105,0.13344471156597137,0.0591120570898056,0.09155528992414474,0.19426758587360382,0.255782227129386,0.17870717851650525
0,0.25434453469740914,0.2440401315689087,0.2135854206125612,0.23245383016968105,0.13344471156597137,0.0591120570898056,0.09155528992414474,0.19426758587360382,0.255782227129386,0.17870717851650525
0,0.25434453469740914,0.2440401315689087,0.2135854206125612,0.23245383016968105,0.13344471156597137,0.0591120570898056,0.09155528992414474,0.19426758587360382,0.255782227129386,0.17870717851650525
0,0.45451998839327934,0.574156641960144,0.8312944666986416,0.5439906603551306,0.6303573846817017,0.3442593812942505,0.6872121691703796,0.5912872552871704,0.6212456624537881,0.5814216953109761
0,0.25434453469740914,0.2440401315689087,0.2135854206125612,0.23245383016968105,0.13344471156597137,0.0591120570898056,0.09155528992414474,0.19426758587360382,0.255782227129386,0.17870717851650525
0,0.25434453469740914,0.2440401315689087,0.2135854206125612,0.23245383016968105,0.13344471156597137,0.0591120570898056,0.09155528992414474,0.19426758587360382,0.255782227129386,0.17870717851650525
0,0.2662192669372359,0.27582135796546936,0.4071819801498731,0.1985884567157784,0.14495062828063965,0.2974638044834137,0.10075026005506516,0.18468983471393585,0.2870155584618783,0.23356346585477886
0,0.2662192669372359,0.27582135796546936,0.4071819801498731,0.1985884567157784,0.14495062828063965,0.2974638044834137,0.10075026005506516,0.18468983471393585,0.2870155584618783,0.23356346585477886
0,0.2662192669372359,0.27582135796546936,0.4071819801498731,0.1985884567157784,0.14495062828063965,0.2974638044834137,0.10075026005506516,0.18468983471393585,0.2870155584618783,0.23356346585477886
0,0.2662192669372359,0.27582135796546936,0.4071819801498731,0.1985884567157784,0.14495062828063965,0.2974638044834137,0.10075026005506516,0.18468983471393585,0.2870155584618783,0.23356346585477886
1,0.25434453469740914,0.2440401315689087,0.2135854206125612,0.23245383016968105,0.13344471156597137,0.0591120570898056,0.09155528992414474,0.19426758587360382,0.255782227129386,0.17870717851650525
0,0.20686513531022446,0.17327967286109924,0.22058414056360592,0.18597955903724223,0.3292884826660156,0.5113808512687683,0.14026346802711487,0.15270765125751495,0.21268062464780388,0.23882512418143031
0,0.20686513531022446,0.17327967286109924,0.22058414056360592,0.18597955903724223,0.3292884826660156,0.5113808512687683,0.14026346802711487,0.15270765125751495,0.21268062464780388,0.23882512418143031
0,0.3430506800821255,0.18218882381916046,0.13572484039274146,0.1393100074144596,0.34730264544487,0.09251730889081955,0.3830736577510834,0.4255613684654236,0.3009673616998944,0.2573569987954618
0,0.3430506800821255,0.18218882381916046,0.13572484039274146,0.1393100074144596,0.34730264544487,0.09251730889081955,0.3830736577510834,0.4255613684654236,0.3009673616998944,0.2573569987954618
0,0.3430506800821255,0.18218882381916046,0.13572484039274146,0.1393100074144596,0.34730264544487,0.09251730889081955,0.3830736577510834,0.4255613684654236,0.3009673616998944,0.2573569987954618
1,0.46438450953931126,0.6122056245803833,0.539909430071113,0.6551817535566571,0.7146374583244324,0.8693516850471497,0.5276345610618591,0.5900261998176575,0.5877204548647131,0.6207844628750201
0,0.46438450953931126,0.6122056245803833,0.539909430071113,0.6551817535566571,0.7146374583244324,0.8693516850471497,0.5276345610618591,0.5900261998176575,0.5877204548647131,0.6207844628750201
0,0.23587662976400078,0.14670218527317047,0.1598588803035054,0.18097486252816278,0.25061553716659546,0.15020321309566498,0.1615324765443802,0.35848701000213623,0.22837859824017737,0.20599330768999835
0,0.29472922597298246,0.2698211967945099,0.08240127346563916,0.2659249538743434,0.32529377937316895,0.07213012129068375,0.31294259428977966,0.4077424705028534,0.30034878939186377,0.2557860862694189
0,0.29472922597298246,0.2698211967945099,0.08240127346563916,0.2659249538743434,0.32529377937316895,0.07213012129068375,0.31294259428977966,0.4077424705028534,0.30034878939186377,0.2557860862694189
0,0.21661789997925912,0.17208854854106903,0.1997354433438577,0.19144559038208894,0.25739070773124695,0.14584259688854218,0.1987990438938141,0.19439393281936646,0.22377819674916422,0.19727791884795554
0,0.21661789997925912,0.17208854854106903,0.1997354433438577,0.19144559038208894,0.25739070773124695,0.14584259688854218,0.1987990438938141,0.19439393281936646,0.22377819674916422,0.19727791884795554
1,0.21661789997925912,0.17208854854106903,0.1997354433438577,0.19144559038208894,0.25739070773124695,0.14584259688854218,0.1987990438938141,0.19439393281936646,0.22377819674916422,0.19727791884795554
0,0.21661789997925912,0.17208854854106903,0.1997354433438577,0.19144559038208894,0.25739070773124695,0.14584259688854218,0.1987990438938141,0.19439393281936646,0.22377819674916422,0.19727791884795554
0,0.21661789997925912,0.17208854854106903,0.1997354433438577,0.19144559038208894,0.25739070773124695,0.14584259688854218,0.1987990438938141,0.19439393281936646,0.22377819674916422,0.19727791884795554
0,0.3063419140948636,0.28192079067230225,0.05058780823988557,0.2943030823705916,0.24582220613956451,0.2945917844772339,0.1928412914276123,0.3381079137325287,0.28930538188554084,0.25177883645387494
0,0.21661789997925912,0.17208854854106903,0.1997354433438577,0.19144559038208894,0.25739070773124695,0.14584259688854218,0.1987990438938141,0.19439393281936646,0.22377819674916422,0.19727791884795554
0,0.21661789997925912,0.17208854854106903,0.1997354433438577,0.19144559038208894,0.25739070773124695,0.14584259688854218,0.1987990438938141,0.19439393281936646,0.22377819674916422,0.19727791884795554
0,0.34680732278826937,0.3706223964691162,0.2923584772666836,0.31227160304921364,0.4069162905216217,0.2731027603149414,0.2282126098871231,0.39749234914779663,0.3725597596049962,0.3293557635668039
0,0.34680732278826937,0.3706223964691162,0.2923584772666836,0.31227160304921364,0.4069162905216217,0.2731027603149414,0.2282126098871231,0.39749234914779663,0.3725597596049962,0.3293557635668039
0,0.3483588700821463,0.3286849558353424,0.2560841953391746,0.26237106072673916,0.6123977899551392,0.24833504855632782,0.5403187274932861,0.6107774972915649,0.39848583463986154,0.4020371963499847
0,0.34008958512235976,0.3576187491416931,0.24665009186230882,0.3310660543996065,0.46351882815361023,0.2810118496417999,0.3900254964828491,0.4265115261077881,0.37441559566253907,0.3555296881039484
0,0.3303509839275638,0.26396647095680237,0.22802832944467327,0.2648450480380686,0.3561384081840515,0.2826062738895416,0.23837578296661377,0.48280012607574463,0.32447742247780864,0.3064689321950004
0,0.3303509839275638,0.26396647095680237,0.22802832944467327,0.2648450480380686,0.3561384081840515,0.2826062738895416,0.23837578296661377,0.48280012607574463,0.32447742247780864,0.3064689321950004
0,0.22453560112527607,0.17671655118465424,0.2713357913374203,0.19173922497734178,0.26308131217956543,0.09462203085422516,0.16708087921142578,0.19291512668132782,0.231722315559716,0.1979277032418687
0,0.34680732278826937,0.3706223964691162,0.2923584772666836,0.31227160304921364,0.4069162905216217,0.2731027603149414,0.2282126098871231,0.39749234914779663,0.3725597596049962,0.3293557635668039
0,0.24114658923977422,0.2421835958957672,0.09778586225251,0.1910888442516349,0.16600631177425385,0.11442527174949646,0.14180830121040344,0.2255650758743286,0.24717228400242977,0.17866224827341137
0,0.21661789997925912,0.17208854854106903,0.1997354433438577,0.19144559038208894,0.25739070773124695,0.14584259688854218,0.1987990438938141,0.19439393281936646,0.22377819674916422,0.19727791884795554
0,0.21661789997925912,0.17208854854106903,0.1997354433438577,0.19144559038208894,0.25739070773124695,0.14584259688854218,0.1987990438938141,0.19439393281936646,0.22377819674916422,0.19727791884795554
0,0.30413692857219293,0.14045684039592743,0.004215307708072284,0.08545822761511143,0.14809778332710266,0.4344603717327118,0.1807134449481964,0.23521436750888824,0.23076356280162943,0.19157113692016814
0,0.21661789997925912,0.17208854854106903,0.1997354433438577,0.19144559038208894,0.25739070773124695,0.14584259688854218,0.1987990438938141,0.19439393281936646,0.22377819674916422,0.19727791884795554
0,0.21661789997925912,0.17208854854106903,0.1997354433438577,0.19144559038208894,0.25739070773124695,0.14584259688854218,0.1987990438938141,0.19439393281936646,0.22377819674916422,0.19727791884795554
0,0.21661789997925912,0.17208854854106903,0.1997354433438577,0.19144559038208894,0.25739070773124695,0.14584259688854218,0.1987990438938141,0.19439393281936646,0.22377819674916422,0.19727791884795554
0,0.3580024897369816,0.3500971496105194,0.018783822505125943,0.2116413565955282,0.4001058042049408,0.026042470708489418,0.3057002127170563,0.368150532245636,0.35161758427509865,0.2578534206723854
0,0.25434453469740914,0.2440401315689087,0.2135854206125612,0.23245383016968105,0.13344471156597137,0.0591120570898056,0.09155528992414474,0.19426758587360382,0.255782227129386,0.17870717851650525
0,0.23924231914620603,0.22195157408714294,0.06265540631756973,0.18275128217291836,0.21347087621688843,0.011547161266207695,0.22594724595546722,0.2727709710597992,0.24673470944895273,0.18046986045991606
0,0.7187833333360989,0.9442586898803711,0.9449228481510732,0.9080654357233071,0.9108228087425232,0.7592037916183472,0.8296253085136414,0.8731629848480225,0.8605917159314627,0.8611665254407499
0,0.7187833333360989,0.9442586898803711,0.9449228481510732,0.9080654357233071,0.9108228087425232,0.7592037916183472,0.8296253085136414,0.8731629848480225,0.8605917159314627,0.8611665254407499
0,0.20686513531022446,0.17327967286109924,0.22058414056360592,0.18597955903724223,0.3292884826660156,0.5113808512687683,0.14026346802711487,0.15270765125751495,0.21268062464780388,0.23882512418143031
0,0.23587662976400078,0.14670218527317047,0.1598588803035054,0.18097486252816278,0.25061553716659546,0.15020321309566498,0.1615324765443802,0.35848701000213623,0.22837859824017737,0.20599330768999835
0,0.20722512227758622,0.14296522736549377,0.049089844806280515,0.16456911457420303,0.17411750555038452,0.16628636419773102,0.04872696474194527,0.13728323578834534,0.1896218017992642,0.13698699826759958
0,0.34465417101535095,0.3008059859275818,0.2886707032836153,0.26372901760775824,0.5059590339660645,0.5639639496803284,0.21872307360172272,0.19558772444725037,0.3205187998502942,0.33473344873915417
0,0.20722512227758622,0.14296522736549377,0.049089844806280515,0.16456911457420303,0.17411750555038452,0.16628636419773102,0.04872696474194527,0.13728323578834534,0.1896218017992642,0.13698699826759958
0,0.34465417101535095,0.3008059859275818,0.2886707032836153,0.26372901760775824,0.5059590339660645,0.5639639496803284,0.21872307360172272,0.19558772444725037,0.3205187998502942,0.33473344873915417
0,0.43001013909944996,0.3783402442932129,0.16616936351279868,0.33431565501132926,0.24781520664691925,0.3704606890678406,0.32021138072013855,0.3967413902282715,0.40805596333124283,0.33157083932535447
0,0.43001013909944996,0.3783402442932129,0.16616936351279868,0.33431565501132926,0.24781520664691925,0.3704606890678406,0.32021138072013855,0.3967413902282715,0.40805596333124283,0.33157083932535447
1,0.4525459431854951,0.34609827399253845,0.15591793860614303,0.326432697307776,0.43445125222206116,0.3878035843372345,0.5232425928115845,0.4144231677055359,0.42108290255577535,0.3812144076323411
0,0.18561145931699752,0.1261962205171585,0.008450902490045892,0.03793642992759136,0.11930529028177261,0.03781777247786522,0.04640183970332146,0.21857407689094543,0.18488911283343204,0.09872149544000333
0,0.18561145931699752,0.1261962205171585,0.008450902490045892,0.03793642992759136,0.11930529028177261,0.03781777247786522,0.04640183970332146,0.21857407689094543,0.18488911283343204,0.09872149544000333
0,0.18561145931699752,0.1261962205171585,0.008450902490045892,0.03793642992759136,0.11930529028177261,0.03781777247786522,0.04640183970332146,0.21857407689094543,0.18488911283343204,0.09872149544000333
0,0.18561145931699752,0.1261962205171585,0.008450902490045892,0.03793642992759136,0.11930529028177261,0.03781777247786522,0.04640183970332146,0.21857407689094543,0.18488911283343204,0.09872149544000333
0,0.21661789997925912,0.17208854854106903,0.1997354433438577,0.19144559038208894,0.25739070773124695,0.14584259688854218,0.1987990438938141,0.19439393281936646,0.22377819674916422,0.19727791884795554
0,0.44801505380200973,0.3707950711250305,0.23649253831578465,0.3990975477151694,0.4343433082103729,0.5885012745857239,0.4655381441116333,0.6747580170631409,0.45407849440858566,0.45238202674901506
0,0.44801505380200973,0.3707950711250305,0.23649253831578465,0.3990975477151694,0.4343433082103729,0.5885012745857239,0.4655381441116333,0.6747580170631409,0.45407849440858566,0.45238202674901506
0,0.44801505380200973,0.3707950711250305,0.23649253831578465,0.3990975477151694,0.4343433082103729,0.5885012745857239,0.4655381441116333,0.6747580170631409,0.45407849440858566,0.45238202674901506
0,0.328576536688896,0.2612498104572296,0.2680954877719973,0.31338121422452353,0.14655546844005585,0.16415221989154816,0.14722439646720886,0.26346445083618164,0.30153203658144045,0.2370880512222298
0,0.328576536688896,0.2612498104572296,0.2680954877719973,0.31338121422452353,0.14655546844005585,0.16415221989154816,0.14722439646720886,0.26346445083618164,0.30153203658144045,0.2370880512222298
1,0.22723838846167474,0.13542024791240692,0.051259723737669224,0.1139253360999043,0.05521485209465027,0.04052362218499184,0.019369928166270256,0.10274568200111389,0.19252321349172508,0.09423742931602709
0,0.3663500831545752,0.2992209792137146,0.3543824584536962,0.5083365392714,0.18564686179161072,0.2474370300769806,0.340789258480072,0.3137011229991913,0.35322114536794624,0.32699482932224855
0,0.22723838846167474,0.13542024791240692,0.051259723737669224,0.1139253360999043,0.05521485209465027,0.04052362218499184,0.019369928166270256,0.10274568200111389,0.19252321349172508,0.09423742931602709
0,0.22723838846167474,0.13542024791240692,0.051259723737669224,0.1139253360999043,0.05521485209465027,0.04052362218499184,0.019369928166270256,0.10274568200111389,0.19252321349172508,0.09423742931602709
0,0.328576536688896,0.2612498104572296,0.2680954877719973,0.31338121422452353,0.14655546844005585,0.16415221989154816,0.14722439646720886,0.26346445083618164,0.30153203658144045,0.2370880512222298
0,0.39831524065351315,0.529884397983551,0.5399881492351819,0.5047471708357887,0.45145994424819946,0.36385244131088257,0.4744844436645508,0.4361881911754608,0.5125420596870482,0.46245464818288773
0,0.3110473840681166,0.04497212544083595,0.24932785190285464,0.030639023692564413,0.29987430572509766,0.031072530895471573,0.2590564489364624,0.16765016317367554,0.2249213729256841,0.17433793267701383
0,0.34691352301028877,0.3572760820388794,0.5100477515432982,0.43851689940682775,0.42730119824409485,0.44706225395202637,0.3250829875469208,0.41916972398757935,0.3924469152483655,0.407980570282941
0,0.35924967678594655,0.42986106872558594,0.37401694849103645,0.39040421188421276,0.4182248115539551,0.3793872892856598,0.28718599677085876,0.4804069697856903,0.42189363973508703,0.3902235299225946
0,0.3426800812276279,0.4068240523338318,0.45659434653182185,0.41777513846172243,0.4975418448448181,0.577856183052063,0.36425819993019104,0.39267921447753906,0.40659932335076565,0.43107904406789344
0,0.3426800812276279,0.4068240523338318,0.45659434653182185,0.41777513846172243,0.4975418448448181,0.577856183052063,0.36425819993019104,0.39267921447753906,0.40659932335076565,0.43107904406789344
0,0.39831524065351315,0.529884397983551,0.5399881492351819,0.5047471708357887,0.45145994424819946,0.36385244131088257,0.4744844436645508,0.4361881911754608,0.5125420596870482,0.46245464818288773
0,0.3513178180584252,0.4269520044326782,0.45909922383390445,0.4148696593766751,0.49026599526405334,0.4951081871986389,0.34852084517478943,0.4854004979133606,0.42883483436257946,0.4334748576765299
0,0.3743529789987374,0.4373658001422882,0.49928902802295344,0.43918858187400106,0.4688315689563751,0.3974362015724182,0.3611549437046051,0.38593700528144836,0.440561203376188,0.42020603403976753
0,0.3743529789987374,0.4373658001422882,0.49928902802295344,0.43918858187400106,0.4688315689563751,0.3974362015724182,0.3611549437046051,0.38593700528144836,0.440561203376188,0.42020603403976753
0,0.3743529789987374,0.4373658001422882,0.49928902802295344,0.43918858187400106,0.4688315689563751,0.3974362015724182,0.3611549437046051,0.38593700528144836,0.440561203376188,0.42020603403976753
0,0.3743529789987374,0.4373658001422882,0.49928902802295344,0.43918858187400106,0.4688315689563751,0.3974362015724182,0.3611549437046051,0.38593700528144836,0.440561203376188,0.42020603403976753
0,0.3743529789987374,0.4373658001422882,0.49928902802295344,0.43918858187400106,0.4688315689563751,0.3974362015724182,0.3611549437046051,0.38593700528144836,0.440561203376188,0.42020603403976753
0,0.38110172819907867,0.405317485332489,0.5033437105682229,0.4338290604804673,0.4697072505950928,0.43174439668655396,0.3550269305706024,0.5003289580345154,0.43997706532803077,0.43459386861156013
0,0.3743529789987374,0.4373658001422882,0.49928902802295344,0.43918858187400106,0.4688315689563751,0.3974362015724182,0.3611549437046051,0.38593700528144836,0.440561203376188,0.42020603403976753
0,0.3743529789987374,0.4373658001422882,0.49928902802295344,0.43918858187400106,0.4688315689563751,0.3974362015724182,0.3611549437046051,0.38593700528144836,0.440561203376188,0.42020603403976753
0,0.3743529789987374,0.4373658001422882,0.49928902802295344,0.43918858187400106,0.4688315689563751,0.3974362015724182,0.3611549437046051,0.38593700528144836,0.440561203376188,0.42020603403976753
0,0.3743529789987374,0.4373658001422882,0.49928902802295344,0.43918858187400106,0.4688315689563751,0.3974362015724182,0.3611549437046051,0.38593700528144836,0.440561203376188,0.42020603403976753
0,0.3743529789987374,0.4373658001422882,0.49928902802295344,0.43918858187400106,0.4688315689563751,0.3974362015724182,0.3611549437046051,0.38593700528144836,0.440561203376188,0.42020603403976753
0,0.3743529789987374,0.4373658001422882,0.49928902802295344,0.43918858187400106,0.4688315689563751,0.3974362015724182,0.3611549437046051,0.38593700528144836,0.440561203376188,0.42020603403976753
0,0.3743529789987374,0.4373658001422882,0.49928902802295344,0.43918858187400106,0.4688315689563751,0.3974362015724182,0.3611549437046051,0.38593700528144836,0.440561203376188,0.42020603403976753
0,0.563314988420284,0.7067105770111084,0.5042216342935006,0.7015475595192202,0.6943314075469971,0.8335675597190857,0.6024421453475952,0.6017612814903259,0.6753292931339158,0.6510577228545912
1,0.6158498545627663,0.7524512410163879,0.5724344482762388,0.7853270781759465,0.8021945953369141,0.9292507767677307,0.7556044459342957,0.7489867806434631,0.7390717540120632,0.7451098043516724
0,0.5841051629256158,0.7065077424049377,0.8602569750976993,0.7233940026063562,0.7349324226379395,0.7580146193504333,0.578407347202301,0.6275981068611145,0.7164394393635374,0.695446513726906
0,0.563314988420284,0.7067105770111084,0.5042216342935006,0.7015475595192202,0.6943314075469971,0.8335675597190857,0.6024421453475952,0.6017612814903259,0.6753292931339158,0.6510577228545912
0,0.4023869150629173,0.5405126214027405,0.0933178716064693,0.6766971340470758,0.5222799777984619,0.6444143652915955,0.4053840935230255,0.49778056144714355,0.4604861553100323,0.4743363667752272
0,0.563314988420284,0.7067105770111084,0.5042216342935006,0.7015475595192202,0.6943314075469971,0.8335675597190857,0.6024421453475952,0.6017612814903259,0.6753292931339158,0.6510577228545912
0,0.563314988420284,0.7067105770111084,0.5042216342935006,0.7015475595192202,0.6943314075469971,0.8335675597190857,0.6024421453475952,0.6017612814903259,0.6753292931339158,0.6510577228545912
0,0.38307968957242866,0.5055552124977112,0.07379221734731216,0.5386102870178157,0.5163471102714539,0.5731959342956543,0.5146013498306274,0.5241231322288513,0.4515976936659578,0.45517565267693566
1,0.7297731302042315,0.9288550615310669,0.9237081253065758,0.737709617039155,0.9269659519195557,0.9081071615219116,0.8913841843605042,0.8588958382606506,0.862738581617908,0.8625992450354895
0,0.563314988420284,0.7067105770111084,0.5042216342935006,0.7015475595192202,0.6943314075469971,0.8335675597190857,0.6024421453475952,0.6017612814903259,0.6753292931339158,0.6510577228545912
0,0.563314988420284,0.7067105770111084,0.5042216342935006,0.7015475595192202,0.6943314075469971,0.8335675597190857,0.6024421453475952,0.6017612814903259,0.6753292931339158,0.6510577228545912
0,0.563314988420284,0.7067105770111084,0.5042216342935006,0.7015475595192202,0.6943314075469971,0.8335675597190857,0.6024421453475952,0.6017612814903259,0.6753292931339158,0.6510577228545912
0,0.4935316749769943,0.5023463368415833,0.8089707693156851,0.6424194392137527,0.5574926137924194,0.4905083477497101,0.5058019757270813,0.6030046343803406,0.585537017175859,0.5742132664187836
0,0.3513178180584252,0.4269520044326782,0.45909922383390445,0.4148696593766751,0.49026599526405334,0.4951081871986389,0.34852084517478943,0.4854004979133606,0.42883483436257946,0.4334748576765299
0,0.40978446881659936,0.5663366913795471,0.5218064130335145,0.4944854392336258,0.5412716269493103,0.6698336005210876,0.3908258080482483,0.5188155174255371,0.5296132946624192,0.5135353803729235
0,0.3906576848859327,0.5288505554199219,0.49517287009742667,0.5205291833835793,0.5221472978591919,0.5152131915092468,0.5451509356498718,0.4373224377632141,0.5069538538611967,0.4941101622393916
1,0.5116811583135277,0.6641644239425659,0.4394340751324728,0.5588766080601206,0.5237874388694763,0.39540234208106995,0.6640699505805969,0.6658808588981628,0.6508691764873676,0.5543713460951102
0,0.46520542624460226,0.540850043296814,0.17104645320970083,0.27324191188247504,0.45192965865135193,0.37028977274894714,0.4212656021118164,0.5124862194061279,0.5215731397491733,0.40290866796579855
0,0.3548562764523395,0.4365108907222748,0.5615729784113541,0.44420172641845,0.45400339365005493,0.5673320293426514,0.3654426336288452,0.4742889404296875,0.44446104582395607,0.45599723500305805
0,0.39343027814965176,0.48456302285194397,0.20176207053767134,0.4714709657065036,0.4937210977077484,0.5731604099273682,0.4449157118797302,0.6338753700256348,0.4679788497076541,0.46298578075361974
0,0.5122756552154571,0.47189226746559143,0.3537953737081213,0.5229495447717322,0.4752762019634247,0.2743237316608429,0.26145991683006287,0.47834914922714233,0.5055040503694571,0.4205108390408983
0,0.6300896827193037,0.7301768660545349,0.5328306713584592,0.5801606358859652,0.8068624138832092,0.8960347175598145,0.8065745830535889,0.6167947053909302,0.7327323823062969,0.6998792420267311
0,0.3548562764523395,0.4365108907222748,0.5615729784113541,0.44420172641845,0.45400339365005493,0.5673320293426514,0.3654426336288452,0.4742889404296875,0.44446104582395607,0.45599723500305805
0,0.371636180750516,0.44863730669021606,0.08566910108601195,0.4041644639010284,0.2995834946632385,0.1966799795627594,0.13161133229732513,0.34896397590637207,0.38254925544976504,0.28841565581104317
0,0.1970848131209555,0.14912626147270203,0.08321515220055352,0.1050546420568638,0.1207212284207344,0.09985092282295227,0.05679600313305855,0.11480601131916046,0.19190370840827245,0.11650297794940354
0,0.1970848131209555,0.14912626147270203,0.08321515220055352,0.1050546420568638,0.1207212284207344,0.09985092282295227,0.05679600313305855,0.11480601131916046,0.19190370840827245,0.11650297794940354
0,0.38394665608566536,0.4129018485546112,0.39242211304308644,0.4127466327331886,0.5159533619880676,0.4365842640399933,0.2826319634914398,0.4032798111438751,0.41753581674067947,0.40525571059675947
0,0.38394665608566536,0.4129018485546112,0.39242211304308644,0.4127466327331886,0.5159533619880676,0.4365842640399933,0.2826319634914398,0.4032798111438751,0.41753581674067947,0.40525571059675947
0,0.38394665608566536,0.4129018485546112,0.39242211304308644,0.4127466327331886,0.5159533619880676,0.4365842640399933,0.2826319634914398,0.4032798111438751,0.41753581674067947,0.40525571059675947
0,0.1970848131209555,0.14912626147270203,0.08321515220055352,0.1050546420568638,0.1207212284207344,0.09985092282295227,0.05679600313305855,0.11480601131916046,0.19190370840827245,0.11650297794940354
0,0.1970848131209555,0.14912626147270203,0.08321515220055352,0.1050546420568638,0.1207212284207344,0.09985092282295227,0.05679600313305855,0.11480601131916046,0.19190370840827245,0.11650297794940354
0,0.1970848131209555,0.14912626147270203,0.08321515220055352,0.1050546420568638,0.1207212284207344,0.09985092282295227,0.05679600313305855,0.11480601131916046,0.19190370840827245,0.11650297794940354
1,0.1970848131209555,0.14912626147270203,0.08321515220055352,0.1050546420568638,0.1207212284207344,0.09985092282295227,0.05679600313305855,0.11480601131916046,0.19190370840827245,0.11650297794940354
1,0.1970848131209555,0.14912626147270203,0.08321515220055352,0.1050546420568638,0.1207212284207344,0.09985092282295227,0.05679600313305855,0.11480601131916046,0.19190370840827245,0.11650297794940354
1,0.1970848131209555,0.14912626147270203,0.08321515220055352,0.1050546420568638,0.1207212284207344,0.09985092282295227,0.05679600313305855,0.11480601131916046,0.19190370840827245,0.11650297794940354
1,0.1970848131209555,0.14912626147270203,0.08321515220055352,0.1050546420568638,0.1207212284207344,0.09985092282295227,0.05679600313305855,0.11480601131916046,0.19190370840827245,0.11650297794940354
1,0.1970848131209555,0.14912626147270203,0.08321515220055352,0.1050546420568638,0.1207212284207344,0.09985092282295227,0.05679600313305855,0.11480601131916046,0.19190370840827245,0.11650297794940354
0,0.22965457607967807,0.18925517797470093,0.1180703606188587,0.13520902283859576,0.12274497747421265,0.03302620351314545,0.06659578531980515,0.11262387037277222,0.21689018443078562,0.12694493684116523
0,0.22965457607967807,0.18925517797470093,0.1180703606188587,0.13520902283859576,0.12274497747421265,0.03302620351314545,0.06659578531980515,0.11262387037277222,0.21689018443078562,0.12694493684116523
0,0.22965457607967807,0.18925517797470093,0.1180703606188587,0.13520902283859576,0.12274497747421265,0.03302620351314545,0.06659578531980515,0.11262387037277222,0.21689018443078562,0.12694493684116523
0,0.22965457607967807,0.18925517797470093,0.1180703606188587,0.13520902283859576,0.12274497747421265,0.03302620351314545,0.06659578531980515,0.11262387037277222,0.21689018443078562,0.12694493684116523
0,0.22965457607967807,0.18925517797470093,0.1180703606188587,0.13520902283859576,0.12274497747421265,0.03302620351314545,0.06659578531980515,0.11262387037277222,0.21689018443078562,0.12694493684116523
0,0.22965457607967807,0.18925517797470093,0.1180703606188587,0.13520902283859576,0.12274497747421265,0.03302620351314545,0.06659578531980515,0.11262387037277222,0.21689018443078562,0.12694493684116523
0,0.22965457607967807,0.18925517797470093,0.1180703606188587,0.13520902283859576,0.12274497747421265,0.03302620351314545,0.06659578531980515,0.11262387037277222,0.21689018443078562,0.12694493684116523
0,0.22965457607967807,0.18925517797470093,0.1180703606188587,0.13520902283859576,0.12274497747421265,0.03302620351314545,0.06659578531980515,0.11262387037277222,0.21689018443078562,0.12694493684116523
0,0.22965457607967807,0.18925517797470093,0.1180703606188587,0.13520902283859576,0.12274497747421265,0.03302620351314545,0.06659578531980515,0.11262387037277222,0.21689018443078562,0.12694493684116523
0,0.22723838846167474,0.13542024791240692,0.051259723737669224,0.1139253360999043,0.05521485209465027,0.04052364453673363,0.019369928166270256,0.10274568200111389,0.19252321331643502,0.0942374320196305
0,0.1970848131209555,0.14912626147270203,0.08321515220055352,0.1050546420568638,0.1207212433218956,0.09985092282295227,0.05679600313305855,0.11480601131916046,0.19190370833778425,0.11650297983634478
1,0.1970848131209555,0.14912626147270203,0.08321515220055352,0.1050546420568638,0.12072121351957321,0.09985092282295227,0.05679600313305855,0.11480606347322464,0.19190371171188725,0.11650298260641241
1,0.1970848131209555,0.14912626147270203,0.08321515220055352,0.1050546420568638,0.1207212284207344,0.09985092282295227,0.05679600313305855,0.11480601131916046,0.19190370840827245,0.11650297794940354
1,0.1970848131209555,0.14912626147270203,0.08321515220055352,0.1050546420568638,0.1207212284207344,0.09985092282295227,0.05679600313305855,0.11480601131916046,0.19190370840827245,0.11650297794940354
0,0.1970848131209555,0.14912626147270203,0.08321515220055352,0.1050546420568638,0.1207212284207344,0.09985092282295227,0.05679600313305855,0.11480601131916046,0.19190370840827245,0.11650297794940354
0,0.1970848131209555,0.14912626147270203,0.08321515220055352,0.1050546420568638,0.1207212284207344,0.09985092282295227,0.05679600313305855,0.11480601131916046,0.19190370840827245,0.11650297794940354
0,0.1970848131209555,0.14912626147270203,0.08321515220055352,0.1050546420568638,0.1207212284207344,0.09985092282295227,0.05679600313305855,0.11480601131916046,0.19190370840827245,0.11650297794940354
0,0.1970848131209555,0.14912626147270203,0.08321515220055352,0.1050546420568638,0.1207212284207344,0.09985092282295227,0.05679600313305855,0.11480601131916046,0.19190370840827245,0.11650297794940354
0,0.1970848131209555,0.14912626147270203,0.08321515220055352,0.1050546420568638,0.1207212284207344,0.09985092282295227,0.05679600313305855,0.11480601131916046,0.19190370840827245,0.11650297794940354
0,0.1970848131209555,0.14912626147270203,0.08321515220055352,0.1050546420568638,0.1207212284207344,0.09985092282295227,0.05679600313305855,0.11480601131916046,0.19190370840827245,0.11650297794940354
0,0.1970848131209555,0.14912626147270203,0.08321515220055352,0.1050546420568638,0.1207212284207344,0.09985092282295227,0.05679600313305855,0.11480601131916046,0.19190370840827245,0.11650297794940354
0,0.1970848131209555,0.14912626147270203,0.08321515220055352,0.1050546420568638,0.1207212284207344,0.09985092282295227,0.05679600313305855,0.11480601131916046,0.19190370840827245,0.11650297794940354
1,0.1970848131209555,0.14912626147270203,0.08321515220055352,0.1050546420568638,0.1207212284207344,0.09985092282295227,0.05679600313305855,0.11480601131916046,0.19190370840827245,0.11650297794940354
0,0.1970848131209555,0.14912626147270203,0.08321515220055352,0.1050546420568638,0.1207212284207344,0.09985092282295227,0.05679600313305855,0.11480601131916046,0.19190370840827245,0.11650297794940354
0,0.1970848131209555,0.14912626147270203,0.08321515220055352,0.1050546420568638,0.1207212284207344,0.09985092282295227,0.05679600313305855,0.11480601131916046,0.19190370840827245,0.11650297794940354
0,0.27107599802580973,0.1642032265663147,0.07941206186025598,0.10615560610015898,0.06367643177509308,0.09221120178699493,0.08636844903230667,0.2158793807029724,0.228659394737335,0.13581168572632923
0,0.1970848131209555,0.14912626147270203,0.08321515220055352,0.1050546420568638,0.1207212284207344,0.09985092282295227,0.05679600313305855,0.11480601131916046,0.19190370840827245,0.11650297794940354
0,0.1970848131209555,0.14912626147270203,0.08321515220055352,0.1050546420568638,0.1207212284207344,0.09985092282295227,0.05679600313305855,0.11480601131916046,0.19190370840827245,0.11650297794940354
0,0.1970848131209555,0.14912626147270203,0.08321515220055352,0.1050546420568638,0.1207212284207344,0.09985092282295227,0.05679600313305855,0.11480601131916046,0.19190370840827245,0.11650297794940354
0,0.1970848131209555,0.14912626147270203,0.08321515220055352,0.1050546420568638,0.1207212284207344,0.09985092282295227,0.05679600313305855,0.11480601131916046,0.19190370840827245,0.11650297794940354
0,0.1970848131209555,0.14912626147270203,0.08321515220055352,0.1050546420568638,0.1207212284207344,0.09985092282295227,0.05679600313305855,0.11480601131916046,0.19190370840827245,0.11650297794940354
0,0.1970848131209555,0.14912626147270203,0.08321515220055352,0.1050546420568638,0.1207212284207344,0.09985092282295227,0.05679600313305855,0.11480601131916046,0.19190370840827245,0.11650297794940354
0,0.1970848131209555,0.14912626147270203,0.08321515220055352,0.1050546420568638,0.1207212284207344,0.09985092282295227,0.05679600313305855,0.11480601131916046,0.19190370840827245,0.11650297794940354
0,0.1970848131209555,0.14912626147270203,0.08321515220055352,0.1050546420568638,0.1207212284207344,0.09985092282295227,0.05679600313305855,0.11480601131916046,0.19190370840827245,0.11650297794940354
0,0.22723838846167474,0.13542024791240692,0.051259723737669224,0.1139253360999043,0.05521485209465027,0.04052362218499184,0.019369928166270256,0.10274568200111389,0.19252321349172508,0.09423742931602709
0,0.1970848131209555,0.14912626147270203,0.08321515220055352,0.1050546420568638,0.1207212284207344,0.09985092282295227,0.05679600313305855,0.11480601131916046,0.19190370840827245,0.11650297794940354
1,0.3549014963696915,0.2718667984008789,0.2814696921353706,0.20663355348149234,0.2108154445886612,0.1903330385684967,0.09314924478530884,0.1494503766298294,0.3066740453297025,0.22033732427546626
1,0.3549014963696915,0.2718667984008789,0.2814696921353706,0.20663355348149234,0.2108154445886612,0.1903330385684967,0.09314924478530884,0.1494503766298294,0.3066740453297025,0.22033732427546626
0,0.1970848131209555,0.14912626147270203,0.08321515220055352,0.1050546420568638,0.1207212284207344,0.09985092282295227,0.05679600313305855,0.11480601131916046,0.19190370840827245,0.11650297794940354
0,0.1970848131209555,0.14912626147270203,0.08321515220055352,0.1050546420568638,0.1207212284207344,0.09985092282295227,0.05679600313305855,0.11480601131916046,0.19190370840827245,0.11650297794940354
0,0.1970848131209555,0.14912626147270203,0.08321515220055352,0.1050546420568638,0.1207212284207344,0.09985092282295227,0.05679600313305855,0.11480601131916046,0.19190370840827245,0.11650297794940354
0,0.22723838846167474,0.13542024791240692,0.051259723737669224,0.1139253360999043,0.05521485209465027,0.04052362218499184,0.019369928166270256,0.10274568200111389,0.19252321349172508,0.09423742931602709
1,0.23375424527471936,0.056601110845804214,0.08920939529050334,0.027926317637466225,0.06302772462368011,0.0401306189596653,0.01596515066921711,0.08853297680616379,0.17574270132886222,0.07738682557125717
0,0.22798155252000663,0.03857944533228874,0.08920939529050334,0.015025780520128266,0.025938207283616066,0.15641887485980988,0.020257089287042618,0.11348821967840195,0.17060221775096512,0.08573250923826001
0,0.286272504727872,0.043045345693826675,0.06940444357908959,0.015113329460995579,0.012421714141964912,0.2798696458339691,0.04007582738995552,0.2002558410167694,0.19255715606596216,0.11797324844449292
0,0.286272504727872,0.043045345693826675,0.06940444357908959,0.015113329460995579,0.012421714141964912,0.2798696458339691,0.04007582738995552,0.2002558410167694,0.19255715606596216,0.11797324844449292
0,0.22798155252000663,0.03857944533228874,0.08920939529050334,0.015025780520128266,0.025938207283616066,0.15641887485980988,0.020257089287042618,0.11348821967840195,0.17060221775096512,0.08573250923826001
0,0.22798155252000663,0.03857944533228874,0.08920939529050334,0.015025780520128266,0.025938207283616066,0.15641887485980988,0.020257089287042618,0.11348821967840195,0.17060221775096512,0.08573250923826001
0,0.286272504727872,0.043045345693826675,0.06940444357908959,0.015113329460995579,0.012421714141964912,0.2798696458339691,0.04007582738995552,0.2002558410167694,0.19255715606596216,0.11797324844449292
0,0.1970848131209555,0.14912626147270203,0.08321515220055352,0.1050546420568638,0.1207212284207344,0.09985092282295227,0.05679600313305855,0.11480601131916046,0.19190370840827245,0.11650297794940354
1,0.27107599802580973,0.1642032265663147,0.07941206186025598,0.10615560610015898,0.06367643177509308,0.09221120178699493,0.08636844903230667,0.2158793807029724,0.228659394737335,0.13581168572632923
0,0.27107599802580973,0.1642032265663147,0.07941206186025598,0.10615560610015898,0.06367643177509308,0.09221120178699493,0.08636844903230667,0.2158793807029724,0.228659394737335,0.13581168572632923
0,0.1970848131209555,0.14912626147270203,0.08321515220055352,0.1050546420568638,0.1207212284207344,0.09985092282295227,0.05679600313305855,0.11480601131916046,0.19190370840827245,0.11650297794940354
0,0.1970848131209555,0.14912626147270203,0.08321515220055352,0.1050546420568638,0.1207212284207344,0.09985092282295227,0.05679600313305855,0.11480601131916046,0.19190370840827245,0.11650297794940354
0,0.1970848131209555,0.14912626147270203,0.08321515220055352,0.1050546420568638,0.1207212284207344,0.09985092282295227,0.05679600313305855,0.11480601131916046,0.19190370840827245,0.11650297794940354
0,0.1970848131209555,0.14912626147270203,0.08321515220055352,0.1050546420568638,0.1207212284207344,0.09985092282295227,0.05679600313305855,0.11480601131916046,0.19190370840827245,0.11650297794940354
0,0.1970848131209555,0.14912626147270203,0.08321515220055352,0.1050546420568638,0.1207212284207344,0.09985092282295227,0.05679600313305855,0.11480601131916046,0.19190370840827245,0.11650297794940354
0,0.1970848131209555,0.14912626147270203,0.08321515220055352,0.1050546420568638,0.1207212284207344,0.09985092282295227,0.05679600313305855,0.11480601131916046,0.19190370840827245,0.11650297794940354
0,0.1970848131209555,0.14912626147270203,0.08321515220055352,0.1050546420568638,0.1207212284207344,0.09985092282295227,0.05679600313305855,0.11480601131916046,0.19190370840827245,0.11650297794940354
0,0.27107599802580973,0.1642032265663147,0.07941206186025598,0.10615560610015898,0.06367643177509308,0.09221120178699493,0.08636844903230667,0.2158793807029724,0.228659394737335,0.13581168572632923
0,0.1970848131209555,0.14912626147270203,0.08321515220055352,0.1050546420568638,0.1207212284207344,0.09985092282295227,0.05679600313305855,0.11480601131916046,0.19190370840827245,0.11650297794940354
1,0.328576536688896,0.2612498104572296,0.2680954877719973,0.31338121422452353,0.14655546844005585,0.16415221989154816,0.14722439646720886,0.26346445083618164,0.30153203658144045,0.2370880512222298
0,0.1970848131209555,0.14912626147270203,0.08321515220055352,0.1050546420568638,0.1207212284207344,0.09985092282295227,0.05679600313305855,0.11480601131916046,0.19190370840827245,0.11650297794940354
0,0.1970848131209555,0.14912626147270203,0.08321515220055352,0.1050546420568638,0.1207212284207344,0.09985092282295227,0.05679600313305855,0.11480601131916046,0.19190370840827245,0.11650297794940354
1,0.1970848131209555,0.14912626147270203,0.08321515220055352,0.1050546420568638,0.1207212284207344,0.09985092282295227,0.05679600313305855,0.11480601131916046,0.19190370840827245,0.11650297794940354
0,0.1970848131209555,0.14912626147270203,0.08321515220055352,0.1050546420568638,0.1207212284207344,0.09985092282295227,0.05679600313305855,0.11480601131916046,0.19190370840827245,0.11650297794940354
0,0.1970848131209555,0.14912626147270203,0.08321515220055352,0.1050546420568638,0.1207212284207344,0.09985092282295227,0.05679600313305855,0.11480601131916046,0.19190370840827245,0.11650297794940354
0,0.1970848131209555,0.14912626147270203,0.08321515220055352,0.1050546420568638,0.1207212284207344,0.09985092282295227,0.05679600313305855,0.11480601131916046,0.19190370840827245,0.11650297794940354
0,0.2228631800448715,0.1281047761440277,0.09082023829439682,0.07254396780641177,0.11099732667207718,0.0742567703127861,0.13393451273441315,0.12615707516670227,0.20019720471725846,0.12059138104406932
0,0.1970848131209555,0.14912626147270203,0.08321515220055352,0.1050546420568638,0.1207212284207344,0.09985092282295227,0.05679600313305855,0.11480601131916046,0.19190370840827245,0.11650297794940354
0,0.1970848131209555,0.14912626147270203,0.08321515220055352,0.1050546420568638,0.1207212284207344,0.09985092282295227,0.05679600313305855,0.11480601131916046,0.19190370840827245,0.11650297794940354
1,0.1970848131209555,0.14912626147270203,0.08321515220055352,0.1050546420568638,0.1207212284207344,0.09985092282295227,0.05679600313305855,0.11480601131916046,0.19190370840827245,0.11650297794940354
1,0.22723838846167474,0.13542024791240692,0.051259723737669224,0.1139253360999043,0.05521485209465027,0.04052362218499184,0.019369928166270256,0.10274568200111389,0.19252321349172508,0.09423742931602709
0,0.1970848131209555,0.14912626147270203,0.08321515220055352,0.1050546420568638,0.1207212284207344,0.09985092282295227,0.05679600313305855,0.11480601131916046,0.19190370840827245,0.11650297794940354
1,0.1970848131209555,0.14912626147270203,0.08321515220055352,0.1050546420568638,0.1207212284207344,0.09985092282295227,0.05679600313305855,0.11480601131916046,0.19190370840827245,0.11650297794940354
0,0.1970848131209555,0.14912626147270203,0.08321515220055352,0.1050546420568638,0.1207212284207344,0.09985092282295227,0.05679599195718765,0.11480601131916046,0.19190370778426816,0.11650297656243072
0,0.1970848131209555,0.14912626147270203,0.08321515220055352,0.1050546420568638,0.1207212433218956,0.09985092282295227,0.05679600313305855,0.11480601131916046,0.19190370833778425,0.11650297983634478
0,0.1970848131209555,0.14912626147270203,0.08321515220055352,0.1050546420568638,0.1207212433218956,0.09985092282295227,0.05679600313305855,0.11480601131916046,0.19190370833778425,0.11650297983634478
0,0.1970848131209555,0.14912626147270203,0.08321515220055352,0.1050546420568638,0.12072121351957321,0.09985092282295227,0.05679600313305855,0.11480606347322464,0.19190371171188725,0.11650298260641241
0,0.1970848131209555,0.14912626147270203,0.08321515220055352,0.1050546420568638,0.1207212284207344,0.09985092282295227,0.05679600313305855,0.11480601131916046,0.19190370840827245,0.11650297794940354
0,0.1970848131209555,0.14912626147270203,0.08321515220055352,0.1050546420568638,0.1207212284207344,0.09985092282295227,0.05679600313305855,0.11480601131916046,0.19190370840827245,0.11650297794940354
0,0.2584182439767853,0.20687860250473022,0.011082683235103679,0.1254747063938746,0.04809742420911789,0.07049383223056793,0.027395058423280716,0.10917438566684723,0.22173283376392175,0.1086205097186826
0,0.22965457607967807,0.18925517797470093,0.1180703606188587,0.13520902283859576,0.12274497747421265,0.03302620351314545,0.06659578531980515,0.11262387037277222,0.21689018443078562,0.12694493684116523
0,0.1970848131209555,0.14912626147270203,0.08321515220055352,0.1050546420568638,0.1207212284207344,0.09985092282295227,0.05679600313305855,0.11480601131916046,0.19190370840827245,0.11650297794940354
0,0.1970848131209555,0.14912626147270203,0.08321515220055352,0.1050546420568638,0.1207212284207344,0.09985092282295227,0.05679600313305855,0.11480601131916046,0.19190370840827245,0.11650297794940354
0,0.1970848131209555,0.14912626147270203,0.08321515220055352,0.1050546420568638,0.1207212284207344,0.09985092282295227,0.05679600313305855,0.11480601131916046,0.19190370840827245,0.11650297794940354
0,0.1970848131209555,0.14912626147270203,0.08321515220055352,0.1050546420568638,0.1207212284207344,0.09985092282295227,0.05679600313305855,0.11480601131916046,0.19190370840827245,0.11650297794940354
0,0.1970848131209555,0.14912626147270203,0.08321515220055352,0.1050546420568638,0.1207212284207344,0.09985092282295227,0.05679600313305855,0.11480601131916046,0.19190370840827245,0.11650297794940354
0,0.3844967476246559,0.474232941865921,0.3098348275857338,0.3232644129872283,0.43432819843292236,0.4348861575126648,0.28631922602653503,0.42238616943359375,0.4432436047500365,0.3844314959820482
0,0.3844967476246559,0.474232941865921,0.3098348275857338,0.3232644129872283,0.43432819843292236,0.4348861575126648,0.28631922602653503,0.42238616943359375,0.4432436047500365,0.3844314959820482
0,0.3844967476246559,0.474232941865921,0.3098348275857338,0.3232644129872283,0.43432819843292236,0.4348861575126648,0.28631922602653503,0.42238616943359375,0.4432436047500365,0.3844314959820482
0,0.5122756552154571,0.47189226746559143,0.3537953737081213,0.5229495447717322,0.4752762019634247,0.2743237316608429,0.26145991683006287,0.47834914922714233,0.5055040503694571,0.4205108390408983
0,0.5620473335412168,0.24777039885520935,0.564333664232554,0.20478465576423635,0.3432881832122803,0.257213830947876,0.05703370273113251,0.46114954352378845,0.44144649960534377,0.3369689334913718
0,0.5248861659351267,0.6998462080955505,0.5103993659091244,0.5771854460272653,0.6185356974601746,0.7063252925872803,0.768662691116333,0.7646865248680115,0.6902277157643473,0.646477889012591
0,0.3293980382308892,0.08749201148748398,0.2452949989685064,0.08610294718555908,0.09574286639690399,0.2721082270145416,0.031509120017290115,0.19722327589988708,0.22987369223435192,0.16743416323977423
0,0.5076249539131231,0.42184504866600037,0.6763232104447504,0.4513906265570745,0.1985197812318802,0.42099979519844055,0.32526206970214844,0.45763710141181946,0.5215052520786795,0.4312125771763362
1,0.35924967678594655,0.42986106872558594,0.37401694849103645,0.39040421188421276,0.4182248115539551,0.3793872892856598,0.28718599677085876,0.4804069697856903,0.42189363973508703,0.3902235299225946
0,0.3743529789987374,0.4373658001422882,0.49928902802295344,0.43918858187400106,0.4688315689563751,0.3974362015724182,0.3611549437046051,0.38593700528144836,0.440561203376188,0.42020603403976753
0,0.631255750225246,0.548772931098938,0.5766699910519901,0.5898579293719848,0.8141641020774841,0.8913440108299255,0.5554471611976624,0.7404748797416687,0.6568705436272212,0.6677605352877551
1,0.5248628705208844,0.43327367305755615,0.30546096364422026,0.48904699688985603,0.6273685097694397,0.7446556091308594,0.7578054070472717,0.6901131272315979,0.5482505990657467,0.5713917093566651
0,0.2478287930990781,0.12923094630241394,0.007752890241054381,0.04934326754054487,0.06365244090557098,0.24641971290111542,0.058244720101356506,0.12870225310325623,0.19769460635537695,0.11680424134198336
0,0.22641916531367096,0.17458221316337585,0.12788451162992712,0.2080152640923618,0.17370937764644623,0.15627959370613098,0.08867859095335007,0.24312818050384521,0.21890727567026444,0.17541988325559804
0,0.22641916531367096,0.17458221316337585,0.12788451162992712,0.2080152640923618,0.17370937764644623,0.15627959370613098,0.08867859095335007,0.24312818050384521,0.21890727567026444,0.17541988325559804
0,0.21157311490843525,0.13242444396018982,0.03106707262710627,0.1164061480886082,0.09610030800104141,0.11118599772453308,0.08838438987731934,0.21379916369915009,0.19558837374403804,0.1259545330196618
0,0.21157311490843525,0.13242444396018982,0.03106707262710627,0.1164061480886082,0.09610030800104141,0.11118599772453308,0.08838438987731934,0.21379916369915009,0.19558837374403804,0.1259545330196618
0,0.21157311490843525,0.13242444396018982,0.03106707262710627,0.1164061480886082,0.09610030800104141,0.11118599772453308,0.08838438987731934,0.21379916369915009,0.19558837374403804,0.1259545330196618
1,0.21157311490843525,0.13242444396018982,0.03106707262710627,0.1164061480886082,0.09610030800104141,0.11118599772453308,0.08838438987731934,0.21379916369915009,0.19558837374403804,0.1259545330196618
0,0.3839655547572359,0.4233705401420593,0.5603922095016585,0.4121405673726825,0.5389490127563477,0.5794932246208191,0.36621060967445374,0.4197789430618286,0.44723492088601574,0.4593457433842492
0,0.3839655547572359,0.4233705401420593,0.5603922095016585,0.4121405673726825,0.5389490127563477,0.5794932246208191,0.36621060967445374,0.4197789430618286,0.44723492088601574,0.4593457433842492
0,0.4526633078603417,0.30739206075668335,0.316654671777684,0.33273872652509096,0.4153437614440918,0.4792998433113098,0.24994568526744843,0.40727490186691284,0.39485533252400357,0.3701491660525099
0,0.5225421416868188,0.5213569402694702,0.4876210507596037,0.5118613567652595,0.6700472831726074,0.5673655867576599,0.5384405255317688,0.5541527271270752,0.5751245379465291,0.5468958680480209
0,0.21466945355347478,0.19224312901496887,0.13301820499023093,0.21625921932997297,0.24095499515533447,0.08185967057943344,0.2089986652135849,0.3585030138492584,0.23691715644365996,0.20677210638406407
1,0.4526633078603417,0.30739206075668335,0.316654671777684,0.33273872652509096,0.4153437614440918,0.4792998433113098,0.24994568526744843,0.40727490186691284,0.39485533252400357,0.3701491660525099
0,0.21157311490843525,0.13242444396018982,0.03106707262710627,0.1164061480886082,0.09610030800104141,0.11118599772453308,0.08838438987731934,0.21379916369915009,0.19558837374403804,0.1259545330196618
0,0.21157311490843525,0.13242444396018982,0.03106707262710627,0.1164061480886082,0.09610030800104141,0.11118599772453308,0.08838438987731934,0.21379916369915009,0.19558837374403804,0.1259545330196618
0,0.21157311490843525,0.13242444396018982,0.03106707262710627,0.1164061480886082,0.09610030800104141,0.11118599772453308,0.08838438987731934,0.21379916369915009,0.19558837374403804,0.1259545330196618
0,0.21157311490843525,0.13242444396018982,0.03106707262710627,0.1164061480886082,0.09610030800104141,0.11118599772453308,0.08838440477848053,0.21379916369915009,0.1955883745881522,0.12595453486895888
1,0.6615855574031912,0.8659346103668213,0.9108046854886832,0.8666941790727829,0.7912592887878418,0.7706922292709351,0.7965913414955139,0.7477742433547974,0.8171179282345956,0.8008463411984043
1,0.516477406661042,0.3075757324695587,0.10756394323892077,0.32889337681693054,0.4411577880382538,0.5631402134895325,0.6501386165618896,0.5288271903991699,0.44867843992442347,0.43108101987609704
0,0.5149489989123919,0.6131924986839294,0.5782913323543266,0.6074080670160068,0.4540137052536011,0.6643588542938232,0.48745301365852356,0.48626095056533813,0.6082485965951062,0.5501986346301723
0,0.2366752385528069,0.1189451813697815,0.07763123843848486,0.13996975477340298,0.07793020457029343,0.1091926246881485,0.028638891875743866,0.12560604512691498,0.1930186214640081,0.11494922184562381
0,0.4526633078603417,0.30739206075668335,0.316654671777684,0.33273872652509096,0.4153437614440918,0.4792998433113098,0.24994568526744843,0.40727490186691284,0.39485533252400357,0.3701491660525099
0,0.24335608254442992,0.12272101640701294,0.13148018493052727,0.22790600467292849,0.13957512378692627,0.06991710513830185,0.13224156200885773,0.3587375283241272,0.21921086599880762,0.17895189611648754
0,0.36103238201095555,0.3585941791534424,0.5282639988023969,0.4421413202447268,0.41978588700294495,0.4121738374233246,0.38712558150291443,0.36595451831817627,0.4020222679502753,0.4084515654488441
0,0.22641916531367096,0.17458221316337585,0.12788451162992712,0.2080152640923618,0.17370937764644623,0.15627959370613098,0.08867859095335007,0.24312818050384521,0.21890727567026444,0.17541988325559804
0,0.5468057852796994,0.5960164666175842,0.37077018630502184,0.5525599164296975,0.4929339587688446,0.5458564758300781,0.401794970035553,0.5965177416801453,0.6001200178756778,0.5140576176247622
0,0.5468057852796994,0.5960164666175842,0.37077018630502184,0.5525599164296975,0.4929339587688446,0.5458564758300781,0.401794970035553,0.5965177416801453,0.6001200178756778,0.5140576176247622
1,0.5468057852796994,0.5960164666175842,0.37077018630502184,0.5525599164296975,0.4929339587688446,0.5458564758300781,0.401794970035553,0.5965177416801453,0.6001200178756778,0.5140576176247622
0,0.3383661118925291,0.31349289417266846,0.20449485413095184,0.29980240866927704,0.3648374080657959,0.07763756066560745,0.3161602020263672,0.4105105698108673,0.34706372924931495,0.2923498847593232
0,0.3839655547572359,0.4233705401420593,0.5603922095016585,0.4121405673726825,0.5389490127563477,0.5794932246208191,0.36621060967445374,0.4197789430618286,0.44723492088601574,0.4593457433842492
0,0.3846597335073808,0.15406551957130432,0.05171552955656836,0.17784991513695628,0.08998817205429077,0.09870856255292892,0.06817420572042465,0.3765852451324463,0.2723537165777128,0.17673273979401788
0,0.5020849534440233,0.698998212814331,0.8010283873682749,0.744284270987364,0.6149420738220215,0.7233082056045532,0.36135074496269226,0.4344841539859772,0.640221189058862,0.6089213487051439
0,0.3290680527024755,0.29154813289642334,0.31072619817072933,0.3078746031238798,0.429519921541214,0.36865177750587463,0.3059982359409332,0.3070168197154999,0.3301030062819882,0.331234155101679
0,0.5245184996234526,0.5449232459068298,0.5084026147206733,0.48019546837053395,0.364883691072464,0.494440495967865,0.44293341040611267,0.5817099809646606,0.587578591124272,0.49286153685347345
0,0.22242954082925168,0.05780831351876259,0.056749744273418716,0.03421143947319398,0.1741543412208557,0.002251293510198593,0.1312798112630844,0.158819779753685,0.18066223343308704,0.10560397462491505
0,0.20646430249509767,0.1311507374048233,0.13724907379632947,0.16579916714140852,0.18196041882038116,0.19388467073440552,0.059858351945877075,0.13993127644062042,0.19238791807511849,0.15214706581850004
0,0.34545395028696296,0.36144331097602844,0.012382887187951672,0.2176585529473228,0.13322846591472626,0.3484818935394287,0.05026618391275406,0.3398993909358978,0.3251894650819418,0.2276613871701117
0,0.21466945355347478,0.19224312901496887,0.13301820499023093,0.21625921932997297,0.24095499515533447,0.08185967057943344,0.2089986652135849,0.3585030138492584,0.23691715644365996,0.20677210638406407
0,0.20646430249509767,0.1311507374048233,0.13724907379632947,0.16579916714140852,0.18196041882038116,0.19388467073440552,0.059858351945877075,0.13993127644062042,0.19238791807511849,0.15214706581850004
0,0.5020849534440233,0.698998212814331,0.8010283873682749,0.744284270987364,0.6149420738220215,0.7233082056045532,0.36135074496269226,0.4344841539859772,0.640221189058862,0.6089213487051439
0,0.5149489989123919,0.6131924986839294,0.5782913323543266,0.6074080670160068,0.4540137052536011,0.6643588542938232,0.48745301365852356,0.48626095056533813,0.6082485965951062,0.5501986346301723
0,0.22641916531367096,0.17458221316337585,0.12788451162992712,0.2080152640923618,0.17370937764644623,0.15627959370613098,0.08867859095335007,0.24312818050384521,0.21890727567026444,0.17541988325559804
0,0.49063963801469845,0.18131496012210846,0.17393660195534413,0.13487935195793685,0.3060334324836731,0.39170655608177185,0.40633276104927063,0.6141954064369202,0.3838501697452884,0.337691062966962
0,0.49063963801469845,0.18131496012210846,0.17393660195534413,0.13487935195793685,0.3060334324836731,0.39170655608177185,0.40633276104927063,0.6141954064369202,0.3838501697452884,0.337691062966962
0,0.22250305580330465,0.20711396634578705,0.16249937506158577,0.23020985061382326,0.15171512961387634,0.05723525583744049,0.061725348234176636,0.13479088246822357,0.22187510952956047,0.15436149326368964
0,0.20646430249509767,0.1311507374048233,0.13724907379632947,0.16579916714140852,0.18196041882038116,0.19388467073440552,0.059858351945877075,0.13993127644062042,0.19238791807511849,0.15214706581850004
0,0.20646430249509767,0.1311507374048233,0.13724907379632947,0.16579916714140852,0.18196041882038116,0.19388467073440552,0.059858351945877075,0.13993127644062042,0.19238791807511849,0.15214706581850004
0,0.20646430249509767,0.1311507374048233,0.13724907379632947,0.16579916714140852,0.18196041882038116,0.19388467073440552,0.059858351945877075,0.13993127644062042,0.19238791807511849,0.15214706581850004
1,0.3582609354307012,0.24994124472141266,0.31537750305497114,0.22942682863069291,0.39225342869758606,0.4180489182472229,0.14421232044696808,0.18032316863536835,0.3046545529862779,0.28559255320945526
0,0.24335608254442992,0.12272101640701294,0.13148018493052727,0.22790600467292849,0.13957512378692627,0.06991710513830185,0.13224156200885773,0.3587375283241272,0.21921086599880762,0.17895189611648754
0,0.20646430249509767,0.1311507374048233,0.13724907379632947,0.16579916714140852,0.18196041882038116,0.19388467073440552,0.059858351945877075,0.13993127644062042,0.19238791807511849,0.15214706581850004
0,0.3691038582640242,0.3458886742591858,0.46793164610940813,0.3259148587301415,0.4603067934513092,0.6212130784988403,0.19321148097515106,0.4683845341205597,0.3883983655436195,0.40522397840951374
0,0.3267431760108688,0.06527594476938248,0.07036536853407183,0.07113160795344364,0.12051151692867279,0.11323932558298111,0.1570376306772232,0.323665052652359,0.22690653702321803,0.15670259372432635
0,0.35155415969375275,0.2606750726699829,0.3093911677708477,0.280680274723049,0.15856698155403137,0.22105887532234192,0.16504321992397308,0.4012141525745392,0.32833051027744453,0.26871281636320155
0,0.41722796546315616,0.3071158826351166,0.4534986484332754,0.3924511336805599,0.4100899398326874,0.14825226366519928,0.36938467621803284,0.5986901521682739,0.42329633544483,0.38762960157009696
0,0.3736178264645267,0.09151562303304672,0.09983408150096902,0.14806786262536478,0.3788529634475708,0.05683383718132973,0.24621647596359253,0.267091304063797,0.25323344737393355,0.20914462887397606
0,0.21466945355347478,0.19224312901496887,0.13301820499023093,0.21625921932997297,0.24095499515533447,0.08185967057943344,0.2089986652135849,0.3585030138492584,0.23691715644365996,0.20677210638406407
0,0.5286537008417507,0.33840814232826233,0.27071597686015575,0.336402670826119,0.4534551799297333,0.61491858959198,0.3191598057746887,0.47483667731285095,0.45029201192788665,0.4171295888372941
0,0.5286537008417507,0.33840814232826233,0.27071597686015575,0.336402670826119,0.4534551799297333,0.61491858959198,0.3191598057746887,0.47483667731285095,0.45029201192788665,0.4171295888372941
0,0.5286537008417507,0.33840814232826233,0.27071597686015575,0.336402670826119,0.4534551799297333,0.61491858959198,0.3191598057746887,0.47483667731285095,0.45029201192788665,0.4171295888372941
0,0.5286537008417507,0.33840814232826233,0.27071597686015575,0.336402670826119,0.4534551799297333,0.61491858959198,0.3191598057746887,0.47483667731285095,0.45029201192788665,0.4171295888372941
0,0.5286537008417507,0.33840814232826233,0.27071597686015575,0.336402670826119,0.4534551799297333,0.61491858959198,0.3191598057746887,0.47483667731285095,0.45029201192788665,0.4171295888372941
0,0.35466862729404164,0.29695582389831543,0.20871523287394622,0.20478476929085124,0.2746098041534424,0.22238798439502716,0.3406543731689453,0.41820839047431946,0.35260163856490817,0.29097787358698335
0,0.5220498264280339,0.4603009819984436,0.31377704126396,0.48041384449193775,0.5021546483039856,0.5988787412643433,0.4310058057308197,0.42269930243492126,0.5075175801912032,0.46684324677818023
0,0.21466945355347478,0.19224312901496887,0.13301820499023093,0.21625921932997297,0.24095499515533447,0.08185967057943344,0.2089986652135849,0.3585030138492584,0.23691715644365996,0.20677210638406407
0,0.24335608254442992,0.12272101640701294,0.13148018493052727,0.22790600467292849,0.13957512378692627,0.06991710513830185,0.13224156200885773,0.3587375283241272,0.21921086599880762,0.17895189611648754
0,0.24335608254442992,0.12272101640701294,0.13148018493052727,0.22790600467292849,0.13957512378692627,0.06991710513830185,0.13224156200885773,0.3587375283241272,0.21921086599880762,0.17895189611648754
0,0.21956088455186853,0.0893760547041893,0.06289909476922374,0.15518344282527127,0.0325428806245327,0.023127654567360878,0.09087014198303223,0.25412777066230774,0.1903528129395662,0.1167649345136454
0,0.3145689603471659,0.2748284637928009,0.09939174243146569,0.2722660171994952,0.11413273215293884,0.02500072307884693,0.1565038561820984,0.36301112174987793,0.29793335968510454,0.20434175730762658
0,0.3691038582640242,0.3458886742591858,0.46793164610940813,0.3259148587301415,0.4603067934513092,0.6212130784988403,0.19321148097515106,0.4683845341205597,0.3883983655436195,0.40522397840951374
0,0.2366752385528069,0.1189451813697815,0.07763123843848486,0.13996975477340298,0.07793020457029343,0.1091926246881485,0.028638891875743866,0.12560604512691498,0.1930186214640081,0.11494922184562381
0,0.284130126812364,0.18415218591690063,0.27409602821295165,0.23455048404858142,0.15441089868545532,0.22075149416923523,0.14543461799621582,0.3413231074810028,0.2636620462596695,0.22964983933196215
0,0.20646430249509767,0.1311507374048233,0.13724907379632947,0.16579916714140852,0.18196041882038116,0.19388467073440552,0.059858351945877075,0.13993127644062042,0.19238791807511849,0.15214706581850004
0,0.21610931085228166,0.05113177001476288,0.0092002445888679,0.08680319593082042,0.01566588319838047,0.07994916290044785,0.003955899737775326,0.08596457540988922,0.16257826717822552,0.0692032135524544
0,0.20646430249509767,0.1311507374048233,0.13724907379632947,0.16579916714140852,0.18196041882038116,0.19388467073440552,0.059858351945877075,0.13993127644062042,0.19238791807511849,0.15214706581850004
1,0.3691038582640242,0.3458886742591858,0.46793164610940813,0.3259148587301415,0.4603067934513092,0.6212130784988403,0.19321148097515106,0.4683845341205597,0.3883983655436195,0.40522397840951374
0,0.3691038582640242,0.3458886742591858,0.46793164610940813,0.3259148587301415,0.4603067934513092,0.6212130784988403,0.19321148097515106,0.4683845341205597,0.3883983655436195,0.40522397840951374
0,0.39349785191052966,0.42937883734703064,0.3356667670050183,0.3613116349110519,0.4277667701244354,0.4077567756175995,0.2790810465812683,0.34723418951034546,0.42067525954569096,0.37321679663132473
0,0.2098849263689257,0.1928890496492386,0.0628937172975187,0.11739469465410811,0.10854911804199219,0.061362721025943756,0.013700246810913086,0.11615965515375137,0.20507117408840428,0.11153308662022715
0,0.47943278638235376,0.4169108271598816,0.2623078689525901,0.27021201180737997,0.7656223773956299,0.08837861567735672,0.8322051763534546,0.8921225666999817,0.5565471950866301,0.5035390670087876
0,0.508310923480805,0.7427734732627869,0.5986055278384461,0.7022996566802421,0.5597409605979919,0.9404858350753784,0.5396549701690674,0.7879086136817932,0.686749411165302,0.6715602442442715
0,0.2649547709276349,0.332849383354187,0.03289525972390166,0.14324916881744007,0.15185406804084778,0.12400098145008087,0.16222763061523438,0.14561502635478973,0.2800064458498442,0.1715119675316501
0,0.37269345520932745,0.36447712779045105,0.5164595557030595,0.38302934231072255,0.5209575295448303,0.5668913125991821,0.3969031274318695,0.3689291775226593,0.40954483082395915,0.434986825622369
0,0.3290680527024755,0.29154813289642334,0.31072619817072933,0.3078746031238798,0.429519921541214,0.36865177750587463,0.3059982359409332,0.3070168197154999,0.3301030062819882,0.331234155101679
0,0.3290680527024755,0.29154813289642334,0.31072619817072933,0.3078746031238798,0.429519921541214,0.36865177750587463,0.3059982359409332,0.3070168197154999,0.3301030062819882,0.331234155101679
1,0.3290680527024755,0.29154813289642334,0.31072619817072933,0.3078746031238798,0.429519921541214,0.36865177750587463,0.3059982359409332,0.3070168197154999,0.3301030062819882,0.331234155101679
1,0.3290680527024755,0.29154813289642334,0.31072619817072933,0.3078746031238798,0.429519921541214,0.36865177750587463,0.3059982359409332,0.3070168197154999,0.3301030062819882,0.331234155101679
0,0.20646430249509767,0.1311507374048233,0.13724907379632947,0.16579916714140852,0.18196041882038116,0.19388467073440552,0.059858351945877075,0.13993127644062042,0.19238791807511849,0.15214706581850004
1,0.6064451269811242,0.43940597772598267,0.4276129253748986,0.3472762820147972,0.6488608717918396,0.2250523418188095,0.584830641746521,0.5856404304504395,0.5885868824488699,0.4848142597375453
1,0.4954394744979971,0.41710296273231506,0.31809627461336526,0.4406217706906814,0.17418769001960754,0.34665176272392273,0.5022647976875305,0.42441001534461975,0.48887014321450556,0.3903973369141899
0,0.4740322076624647,0.7078219652175903,0.7473668768261115,0.705305631920749,0.4913932681083679,0.9043405652046204,0.43602198362350464,0.6785348653793335,0.6549031532603584,0.6412798650819687
0,0.28066238320797793,0.2472979873418808,0.43578005512566526,0.2793490467444241,0.26716354489326477,0.20784394443035126,0.20604747533798218,0.28464818000793457,0.2980375529278564,0.27553210250121885
0,0.2785396671243168,0.2533929944038391,0.09678368208423936,0.18616595712100292,0.17469629645347595,0.13417792320251465,0.07154188305139542,0.35579147934913635,0.26990330553390074,0.1952708031798409
0,0.21567785210018278,0.19695627689361572,0.03530755384904251,0.13611752080538406,0.19877198338508606,0.07188435643911362,0.15613675117492676,0.24638688564300537,0.22253985362092518,0.15855096272562397
0,0.28066238320797793,0.2472979873418808,0.43578005512566526,0.2793490467444241,0.26716354489326477,0.20784394443035126,0.20604747533798218,0.28464818000793457,0.2980375529278564,0.27553210250121885
0,0.20337674306137093,0.1780552864074707,0.038854661972846705,0.18264357479926469,0.1009209081530571,0.10865625739097595,0.09030147641897202,0.2516022324562073,0.208183404388315,0.14533352985068032
0,0.17017799617151852,0.0530373677611351,0.0008151033736015664,0.04067244503535616,0.035182178020477295,0.026550905779004097,0.0064887432381510735,0.08974163234233856,0.1523882796029809,0.05357749024379238
0,0.20337674306137093,0.1780552864074707,0.038854661972846705,0.18264357479926469,0.1009209081530571,0.10865625739097595,0.09030147641897202,0.2516022324562073,0.208183404388315,0.14533352985068032
0,0.2377448918828325,0.2227429449558258,0.04421576382503466,0.16540943813956718,0.21071508526802063,0.09958378225564957,0.18438725173473358,0.4251093566417694,0.25327131038480144,0.20024777675758512
0,0.38491067202509,0.20539367198944092,0.23456669730601062,0.42084815023527106,0.41954895853996277,0.3976726830005646,0.3656664192676544,0.39014607667922974,0.3191828696751014,0.35234918072568744
1,0.20655851836865363,0.17868374288082123,0.033264037955492896,0.17689774829688298,0.09499994665384293,0.15407735109329224,0.0737547054886818,0.23383572697639465,0.20663605910551008,0.14489175237985952
0,0.34443522651197134,0.33981093764305115,0.3773149382527579,0.31484070059135777,0.3980965316295624,0.515480637550354,0.2812131345272064,0.40256908535957336,0.3687212034324214,0.37100631081692786
0,0.34443522651197134,0.33981093764305115,0.3773149382527579,0.31484070059135777,0.3980965316295624,0.515480637550354,0.28121310472488403,0.40256908535957336,0.3687212009347856,0.3710063071183337
0,0.35587262201727765,0.3723640441894531,0.41118863297262254,0.3552292389170282,0.36330297589302063,0.37406545877456665,0.3000612258911133,0.40910372138023376,0.3943561807980793,0.3674608274929922
0,0.47957751838496726,0.13966628909111023,0.3706627434640708,0.11131104370418576,0.1475258469581604,0.28833451867103577,0.14959901571273804,0.190313920378685,0.32404872070044044,0.23393250595218518
0,0.3100613647131575,0.26979100704193115,0.5631120425553292,0.2823389611801283,0.2870113253593445,0.15676437318325043,0.285237193107605,0.3875751197338104,0.3470640646831801,0.31694669352466204
0,0.204903567968004,0.17288853228092194,0.057403496122824346,0.15142340736498397,0.29285603761672974,0.09671962261199951,0.23205602169036865,0.32668614387512207,0.22201334353593624,0.19304720093854355
0,0.204903567968004,0.17288853228092194,0.057403496122824346,0.15142340736498397,0.29285603761672974,0.09671962261199951,0.23205602169036865,0.32668614387512207,0.22201334353593624,0.19304720093854355
0,0.204903567968004,0.17288853228092194,0.057403496122824346,0.15142340736498397,0.29285603761672974,0.09671962261199951,0.23205602169036865,0.32668614387512207,0.22201334353593624,0.19304720093854355
0,0.3100613647131575,0.26979100704193115,0.5631120425553292,0.2823389611801283,0.2870113253593445,0.15676437318325043,0.285237193107605,0.3875751197338104,0.3470640646831801,0.31694669352466204
0,0.204903567968004,0.17288853228092194,0.057403496122824346,0.15142340736498397,0.29285603761672974,0.09671962261199951,0.23205602169036865,0.32668614387512207,0.22201334353593624,0.19304720093854355
0,0.21728352262524808,0.18257908523082733,0.04470915634100604,0.0946256093455136,0.30728116631507874,0.16139060258865356,0.23366017639636993,0.2473704218864441,0.22379461465744546,0.1871341139090089
0,0.21091472434314096,0.15417949855327606,0.027534097921339772,0.11933476683929536,0.26729637384414673,0.16144859790802002,0.22317521274089813,0.15455462038516998,0.20428409929340843,0.16567928325526643
0,0.3100613647131575,0.26979100704193115,0.5631120425553292,0.2823389611801283,0.2870113253593445,0.15676437318325043,0.285237193107605,0.3875751197338104,0.3470640646831801,0.31694669352466204
0,0.3100613647131575,0.26979100704193115,0.5631120425553292,0.2823389611801283,0.2870113253593445,0.15676437318325043,0.285237193107605,0.3875751197338104,0.3470640646831801,0.31694669352466204
0,0.3100613647131575,0.26979100704193115,0.5631120425553292,0.2823389611801283,0.2870113253593445,0.15676437318325043,0.285237193107605,0.3875751197338104,0.3470640646831801,0.31694669352466204
0,0.204903567968004,0.17288853228092194,0.057403496122824346,0.15142340736498397,0.29285603761672974,0.09671962261199951,0.23205602169036865,0.32668614387512207,0.22201334353593624,0.19304720093854355
0,0.204903567968004,0.17288853228092194,0.057403496122824346,0.15142340736498397,0.29285603761672974,0.0967196449637413,0.23205602169036865,0.32668614387512207,0.22201334334117823,0.19304720364214695
0,0.3100613647131575,0.26979100704193115,0.5631120425553292,0.2823389611801283,0.28701135516166687,0.15676434338092804,0.285237193107605,0.3875751197338104,0.34706406481786695,0.31694669369373996
0,0.204903567968004,0.17288853228092194,0.057403496122824346,0.15142340736498397,0.2928560674190521,0.09671962261199951,0.23205602169036865,0.3266861140727997,0.2220133413211828,0.19304720097302597
0,0.204903567968004,0.17288853228092194,0.057403496122824346,0.15142340736498397,0.29285603761672974,0.09671962261199951,0.23205602169036865,0.32668614387512207,0.22201334353593624,0.19304720093854355
0,0.204903567968004,0.17288853228092194,0.057403496122824346,0.15142340736498397,0.29285603761672974,0.09671962261199951,0.23205602169036865,0.32668614387512207,0.22201334353593624,0.19304720093854355
0,0.204903567968004,0.17288853228092194,0.057403496122824346,0.15142340736498397,0.29285603761672974,0.09671962261199951,0.23205602169036865,0.32668614387512207,0.22201334353593624,0.19304720093854355
0,0.3100613647131575,0.26979100704193115,0.5631120425553292,0.2823389611801283,0.2870113253593445,0.15676437318325043,0.285237193107605,0.3875751197338104,0.3470640646831801,0.31694669352466204
0,0.17774474745591554,0.19975546002388,0.046609014747987794,0.14754169116452312,0.189447820186615,0.1262178272008896,0.07424390316009521,0.16092881560325623,0.20074227494876895,0.14135138972782849
0,0.35587262201727765,0.3723640441894531,0.41118863297262254,0.3552292389170282,0.36330297589302063,0.37406545877456665,0.3000612258911133,0.40910372138023376,0.3943561807980793,0.3674608274929922
0,0.43460582355726374,0.09310204535722733,0.16168923053732712,0.06765687403718801,0.35453084111213684,0.3915417492389679,0.5028745532035828,0.3972682058811188,0.31136786866186905,0.3000926324993316
1,0.35813146168216164,0.4029604494571686,0.36538028651523197,0.36432705943099514,0.41989096999168396,0.28577595949172974,0.4273032546043396,0.4193105697631836,0.41671106576372907,0.38090548765850196
1,0.6198559196129342,0.6546979546546936,0.9217430836717688,0.6627655959108588,0.5036739706993103,0.6281400322914124,0.5714495778083801,0.5994052290916443,0.7180659826259898,0.6437090298893278
0,0.5517466334836517,0.6062470078468323,0.686031636663383,0.660991475494876,0.7543028593063354,0.9151575565338135,0.9155324101448059,0.6613757610321045,0.6766635060078523,0.7171292651224589
1,0.5033251336162264,0.5421394109725952,0.48966599766440577,0.520361943480369,0.5051829218864441,0.5323241949081421,0.592229962348938,0.5903047323226929,0.585337543878468,0.5345308187959192
0,0.22264467339629765,0.1325606405735016,0.024063969024657194,0.06980769050822966,0.20985761284828186,0.09411127865314484,0.1718849390745163,0.22782322764396667,0.20499806444984944,0.14516702272885978
0,0.20548425662903036,0.2928999364376068,0.091618187767768,0.2989964033211849,0.3328787684440613,0.4148835241794586,0.3084181249141693,0.08969772607088089,0.24569056972621506,0.25454986173546235
0,0.20548425662903036,0.2928999364376068,0.091618187767768,0.2989964033211849,0.3328787684440613,0.4148835241794586,0.3084181249141693,0.08969772607088089,0.24569056972621506,0.25454986173546235
0,0.20548425662903036,0.2928999364376068,0.091618187767768,0.2989964033211849,0.3328787684440613,0.4148835241794586,0.3084181249141693,0.08969772607088089,0.24569056972621506,0.25454986173546235
0,0.20548425662903036,0.2928999364376068,0.091618187767768,0.2989964033211849,0.3328787684440613,0.4148835241794586,0.3084181249141693,0.08969772607088089,0.24569056972621506,0.25454986173546235
0,0.20548425662903036,0.2928999364376068,0.091618187767768,0.2989964033211849,0.3328787684440613,0.4148835241794586,0.3084181249141693,0.08969772607088089,0.24569056972621506,0.25454986173546235
0,0.5905087965230065,0.40654850006103516,0.31594626335012654,0.5258052971552025,0.659572422504425,0.7828885912895203,0.7675788998603821,0.5392719507217407,0.5521355479681028,0.5731984119416796
0,0.20548425662903036,0.2928999364376068,0.091618187767768,0.2989964033211849,0.3328787684440613,0.4148835241794586,0.3084181249141693,0.08969772607088089,0.24569056972621506,0.25454986173546235
0,0.5433674453400668,0.3561994433403015,0.5477835370212919,0.19958306944870655,0.5236297845840454,0.5168088674545288,0.2875615656375885,0.16921643912792206,0.4680650832570531,0.392175347486021
0,0.576849266000022,0.2812342941761017,0.5861341571301163,0.21316857352281268,0.39808496832847595,0.2879296839237213,0.29061159491539,0.4585273861885071,0.4858745941949143,0.3861738297152609
1,0.20202673097901605,0.1759619563817978,0.03961699921886733,0.09243267806935121,0.07097582519054413,0.12429974228143692,0.03881419077515602,0.05574439465999603,0.1938934842866666,0.10080354513272022
0,0.28716244075920533,0.3136533796787262,0.08764724155180928,0.3214625579075959,0.24002322554588318,0.3911675214767456,0.2611340880393982,0.4783429205417633,0.3124375037092655,0.2983012203510167
0,0.5232940746280708,0.5169488191604614,0.5327393186543029,0.5380410273111982,0.5124582648277283,0.6404968500137329,0.5824108719825745,0.5927086472511292,0.5851309757854047,0.5543078387874112
0,0.537247475167581,0.5577523708343506,0.5544970049697997,0.5481862058996323,0.47071006894111633,0.6023560166358948,0.4919021427631378,0.46202921867370605,0.5921693226411556,0.5277264056691493
0,0.537247475167581,0.5577523708343506,0.5544970049697997,0.5481862058996323,0.47071006894111633,0.6023560166358948,0.4919021427631378,0.46202921867370605,0.5921693226411556,0.5277264056691493
0,0.44067921940108057,0.07960569858551025,0.4659780492657902,0.056784567845861805,0.32083624601364136,0.358460932970047,0.10118591785430908,0.1558702141046524,0.28651942375701017,0.24589119276575638
0,0.5752487294048569,0.6213021278381348,0.5847865235661454,0.6064587002137286,0.5881602168083191,0.7082192301750183,0.6155316233634949,0.5565004944801331,0.6551850320243566,0.6066290373442955
0,0.4797676511645029,0.5040671825408936,0.8047473887065683,0.5689281156775506,0.5965865254402161,0.6468537449836731,0.4356779158115387,0.38992515206336975,0.5528629674709281,0.5513728557753504
0,0.5752487294048569,0.6213021278381348,0.5847865235661454,0.6064587002137286,0.5881602168083191,0.7082192301750183,0.6155316233634949,0.5565004944801331,0.6551850320243566,0.6066290373442955
0,0.3868053142445219,0.46432700753211975,0.4787900540272042,0.494897208897235,0.5305038094520569,0.37813249230384827,0.46202340722084045,0.47836628556251526,0.4725812164454763,0.4594021140484843
0,0.520754932924255,0.551694929599762,0.5552535205000176,0.5427461006797554,0.593845009803772,0.7137219905853271,0.5208014249801636,0.6198703646659851,0.5975389241625165,0.5766946558593251
0,0.520754932924255,0.551694929599762,0.5552535205000176,0.5427461006797554,0.593845009803772,0.7137219905853271,0.5208014249801636,0.6198703646659851,0.5975389241625165,0.5766946558593251
1,0.45502261585174947,0.4019794166088104,0.3755925251077655,0.3791511670176808,0.34967049956321716,0.5114912390708923,0.31374892592430115,0.4372404217720032,0.4520122535135454,0.4028361325323564
0,0.5623216388909482,0.1879504919052124,0.3786212514132598,0.13023943558082576,0.37728556990623474,0.4498322606086731,0.2182353287935257,0.516266942024231,0.4144209095555535,0.3521450967126991
1,0.6052215957272762,0.75276118516922,0.7701881106801659,0.7242004808349659,0.7870811223983765,0.6857914328575134,0.790565013885498,0.7628635764122009,0.7589777820575191,0.7345868258978533
0,0.6052215957272762,0.75276118516922,0.7701881106801659,0.7242004808349659,0.7870811223983765,0.6857914328575134,0.790565013885498,0.7628635764122009,0.7589777820575191,0.7345868258978533
0,0.5293846615241309,0.5200350880622864,0.48928587538639945,0.5101169027507523,0.4898403584957123,0.5528731346130371,0.488900750875473,0.4691029489040375,0.5668162242481233,0.5061898880326422
0,0.6028168165285617,0.6205158233642578,0.5963731228429978,0.6094357719500562,0.6425751447677612,0.8710829615592957,0.5711147785186768,0.6270116567611694,0.6682658901349268,0.6417466826779161
1,0.5111121489567549,0.6140897870063782,0.39175388449131254,0.5857222704088495,0.5963656306266785,0.5778349041938782,0.5102205872535706,0.595869779586792,0.6008353431380747,0.5488438266893605
0,0.5111121489567549,0.6140897870063782,0.39175388449131254,0.5857222704088495,0.5963656306266785,0.5778349041938782,0.5102205872535706,0.595869779586792,0.6008353431380747,0.5488438266893605
0,0.46906070389251087,0.4050092399120331,0.22418062525071356,0.3653981439160343,0.4909374415874481,0.5752100348472595,0.48007380962371826,0.49064210057258606,0.4626820220952896,0.4380574029031096
0,0.5277793395799057,0.5127294063568115,0.5451087262685499,0.5333474611991781,0.5525830984115601,0.44582778215408325,0.5177595615386963,0.45713865756988525,0.5699968890669448,0.5117335976303677
0,0.5277793395799057,0.5127294063568115,0.5451087262685499,0.5333474611991781,0.5525830984115601,0.44582778215408325,0.5177595615386963,0.45713865756988525,0.5699968890669448,0.5117335976303677
0,0.48383730600116465,0.4510321617126465,0.5461447660419989,0.5182462492286144,0.45449259877204895,0.39591971039772034,0.33738070726394653,0.4966595768928528,0.5103771459010459,0.4604748893918134
0,0.7363072596360725,0.720295786857605,0.4333104595894635,0.7312873652008263,0.8259755969047546,0.7043176889419556,0.9894435405731201,0.8496560454368591,0.7851937893779952,0.7503470910943424
0,0.5277793395799057,0.5127294063568115,0.5451087262685499,0.5333474611991781,0.5525830984115601,0.44582778215408325,0.5177595615386963,0.45713865756988525,0.5699968890669448,0.5117335976303677
0,0.4771543044561679,0.31704387068748474,0.21308470167447327,0.26721742384541064,0.43681392073631287,0.4630471169948578,0.43086376786231995,0.44912445545196533,0.42200900303112227,0.38233599932744
0,0.43950953841504764,0.29318562150001526,0.17295987204645033,0.26965452033897214,0.36709728837013245,0.4584958553314209,0.249312624335289,0.5602213740348816,0.385155870214149,0.35194830749575723
0,0.5105518086195028,0.5131219625473022,0.20836150281237684,0.35050591896223254,0.7150118947029114,0.4329034388065338,0.5576170682907104,0.5219164490699768,0.5418681129547893,0.47829212649656827
0,0.7014763173755663,0.8660703897476196,0.8872139498377027,0.8660693403926911,0.8976519107818604,0.9161746501922607,0.8834688067436218,0.7955463528633118,0.8325241495144369,0.8509057997752509
0,0.5544241984921132,0.5585418343544006,0.5684553761845434,0.5533640209248156,0.4699289798736572,0.7583036422729492,0.5013114213943481,0.5992692708969116,0.6137497780087314,0.5695048900632005
0,0.43111387774159865,0.3333105444908142,0.2613375282645096,0.4038512426725995,0.43206319212913513,0.558081328868866,0.6990227699279785,0.3703441619873047,0.4224929554087838,0.4357626722352563
0,0.4279429691110511,0.3317873477935791,0.32396710945951246,0.4071682415063442,0.44089770317077637,0.45421677827835083,0.3755633533000946,0.2373293787240982,0.38708701151684094,0.3748191547985494
0,0.47992693604297365,0.22462157905101776,0.1369568502545809,0.32421918871087674,0.39768874645233154,0.6679865121841431,0.38398659229278564,0.32853230834007263,0.3549678251349242,0.3676325941988218
0,0.6222307863136672,0.6537028551101685,0.825017941414192,0.772310218957901,0.7079773545265198,0.6728515625,0.6803429126739502,0.5394750833511353,0.7079985346453412,0.6832817486614889
1,0.5240014632997818,0.5066693425178528,0.41075078531320813,0.523067982099587,0.46459218859672546,0.3024059236049652,0.3850853443145752,0.523726761341095,0.5487266496326123,0.4564431334601726
0,0.49402009812746717,0.4512671232223511,0.33245860754735046,0.2689697831783365,0.5200357437133789,0.653017520904541,0.3521808087825775,0.6369776725769043,0.5134790486151776,0.4637285924186278
0,0.49402009812746717,0.4512671232223511,0.33245860754735046,0.2689697831783365,0.5200357437133789,0.653017520904541,0.3521808087825775,0.6369776725769043,0.5134790486151776,0.4637285924186278
0,0.5232940746280708,0.5169488191604614,0.5327393186543029,0.5380410273111982,0.5124582648277283,0.6404968500137329,0.5824108719825745,0.5927086472511292,0.5851309757854047,0.5543078387874112
0,0.5237331444850638,0.5175430774688721,0.4950426305780172,0.5259766180434111,0.45550286769866943,0.6473016142845154,0.42980262637138367,0.549179196357727,0.5647407048557361,0.5176110483082271
0,0.5293846615241309,0.5200350880622864,0.48928587538639945,0.5101169027507523,0.4898403584957123,0.5528731346130371,0.488900750875473,0.4691029489040375,0.5668162242481233,0.5061898880326422
0,0.4025863427473461,0.13584044575691223,0.18577941086417044,0.1953357403027714,0.3492187261581421,0.44051119685173035,0.2715529799461365,0.4001874029636383,0.29538443668280606,0.29733368122532655
0,0.5544241984921132,0.5585418343544006,0.5684553761845434,0.5533640209248156,0.4699289798736572,0.7583036422729492,0.5013114213943481,0.5992692708969116,0.6137497780087314,0.5695048900632005
0,0.5752487294048569,0.6213021278381348,0.5847865235661454,0.6064587002137286,0.5881602168083191,0.7082192301750183,0.6155316233634949,0.5565004944801331,0.6551850320243566,0.6066290373442955
0,0.5544241984921132,0.5585418343544006,0.5684553761845434,0.5533640209248156,0.4699289798736572,0.7583036422729492,0.5013114213943481,0.5992692708969116,0.6137497780087314,0.5695048900632005
0,0.5613567944793167,0.5744490623474121,0.5761241960146535,0.5609217157877313,0.602714478969574,0.6126580834388733,0.5233199000358582,0.5853214263916016,0.625712849278295,0.5744972637288289
0,0.6222307863136672,0.6537028551101685,0.825017941414192,0.772310218957901,0.7079773545265198,0.6728515625,0.6803429126739502,0.5394750833511353,0.7079985346453412,0.6832817486614889
0,0.5052755367187562,0.4388473331928253,0.3562774720740498,0.42349506973236395,0.44154080748558044,0.7169394493103027,0.41958001255989075,0.5291633009910583,0.5048286836400394,0.47843156367745115
0,0.5052755367187562,0.4388473331928253,0.3562774720740498,0.42349506973236395,0.44154080748558044,0.7169394493103027,0.41958001255989075,0.5291633009910583,0.5048286836400394,0.47843156367745115
0,0.5052755367187562,0.4388473331928253,0.3562774720740498,0.42349506973236395,0.44154080748558044,0.7169394493103027,0.41958001255989075,0.5291633009910583,0.5048286836400394,0.47843156367745115
0,0.3813439926966358,0.32371237874031067,0.05030259980802034,0.15233233943877023,0.3348265588283539,0.3671730160713196,0.27569514513015747,0.4144751727581024,0.35413176194597745,0.28886121984544905
0,0.3813439926966358,0.32371237874031067,0.05030259980802034,0.15233233943877023,0.3348265588283539,0.3671730160713196,0.2756951153278351,0.4144751727581024,0.3541317594917286,0.2888612161468549
0,0.44786064312202895,0.3498864769935608,0.10176943727406651,0.17368338092342558,0.39864084124565125,0.6072857975959778,0.3624018132686615,0.5355120301246643,0.4158845995301049,0.37269158692274773
0,0.5052755367187562,0.4388473331928253,0.3562774720740498,0.42349506973236395,0.44154080748558044,0.7169394493103027,0.41958001255989075,0.5291633009910583,0.5048286836400394,0.47843156367745115
0,0.5052755367187562,0.4388473331928253,0.3562774720740498,0.42349506973236395,0.44154080748558044,0.7169394493103027,0.41958001255989075,0.5291633009910583,0.5048286836400394,0.47843156367745115
0,0.5052755367187562,0.4388473331928253,0.3562774720740498,0.42349506973236395,0.44154080748558044,0.7169394493103027,0.41958001255989075,0.5291633009910583,0.5048286836400394,0.47843156367745115
0,0.5052755367187562,0.4388473331928253,0.3562774720740498,0.42349506973236395,0.44154080748558044,0.7169394493103027,0.41958001255989075,0.5291633009910583,0.5048286836400394,0.47843156367745115
0,0.40481614802418414,0.10030490905046463,0.13880556874232663,0.07242965425719006,0.3537319004535675,0.4697076082229614,0.39964553713798523,0.3920859694480896,0.290818242982415,0.2909529491005093
0,0.5052755367187562,0.4388473331928253,0.3562774720740498,0.42349506973236395,0.44154080748558044,0.7169394493103027,0.41958001255989075,0.5291633009910583,0.5048286836400394,0.47843156367745115
0,0.42770071722368674,0.23909060657024384,0.46491574570389244,0.32383254219324836,0.3959885835647583,0.6003912687301636,0.23557811975479126,0.3800085783004761,0.3639413426606863,0.3817983049306488
0,0.42770071722368674,0.23909060657024384,0.46491574570389244,0.32383254219324836,0.3959885835647583,0.6003912687301636,0.23557811975479126,0.3800085783004761,0.3639413426606863,0.3817983049306488
0,0.42770071722368674,0.23909060657024384,0.46491574570389244,0.32383254219324836,0.3959885835647583,0.6003912687301636,0.23557811975479126,0.3800085783004761,0.3639413426606863,0.3817983049306488
0,0.5052755367187562,0.4388473331928253,0.3562774720740498,0.42349506973236395,0.44154080748558044,0.7169394493103027,0.41958001255989075,0.5291633009910583,0.5048286836400394,0.47843156367745115
0,0.5052755367187562,0.4388473331928253,0.3562774720740498,0.42349506973236395,0.44154080748558044,0.7169394493103027,0.41958001255989075,0.5291633009910583,0.5048286836400394,0.47843156367745115
0,0.32483966430887457,0.27276915311813354,0.11525546597607095,0.22951712591425513,0.3074384033679962,0.47015753388404846,0.32049503922462463,0.45942258834838867,0.31895752047135023,0.31270649158572017
0,0.5052755367187562,0.4388473331928253,0.3562774720740498,0.42349506973236395,0.44154080748558044,0.7169394493103027,0.41958001255989075,0.5291633009910583,0.5048286836400394,0.47843156367745115
0,0.4788023226090117,0.3992426097393036,0.23414657809996628,0.2686272836962009,0.4402087330818176,0.45886024832725525,0.39264753460884094,0.43131980299949646,0.45757019840836477,0.3888289738230737
0,0.520754932924255,0.551694929599762,0.5552535205000176,0.5427461006797554,0.593845009803772,0.7137219905853271,0.5208014249801636,0.6198703646659851,0.5975389241625165,0.5766946558593251
1,0.5293846615241309,0.5200350880622864,0.48928587538639945,0.5101169027507523,0.4898403584957123,0.5528731346130371,0.488900750875473,0.4691029489040375,0.5668162242481233,0.5061898880326422
0,0.5614869567812082,0.6871108412742615,0.49404069902724695,0.6852003084877514,0.7115556597709656,0.7586508989334106,0.7420233488082886,0.7720768451690674,0.6925502698028784,0.6768286296233446
0,0.6067420857567363,0.5793136954307556,0.5923505213281332,0.5030407562888143,0.696431040763855,0.8133032917976379,0.4981437921524048,0.6561626195907593,0.6530418595426282,0.6175276592420227
0,0.537247475167581,0.5577523708343506,0.5544970049697997,0.5481862058996323,0.47071006894111633,0.6023560166358948,0.4919021427631378,0.46202921867370605,0.5921693226411556,0.5277264056691493
0,0.5293846615241309,0.5200350880622864,0.48928587538639945,0.5101169027507523,0.4898403584957123,0.5528731346130371,0.488900750875473,0.4691029489040375,0.5668162242481233,0.5061898880326422
0,0.5293846615241309,0.5200350880622864,0.48928587538639945,0.5101169027507523,0.4898403584957123,0.5528731346130371,0.488900750875473,0.4691029489040375,0.5668162242481233,0.5061898880326422
0,0.537247475167581,0.5577523708343506,0.5544970049697997,0.5481862058996323,0.47071006894111633,0.6023560166358948,0.4919021427631378,0.46202921867370605,0.5921693226411556,0.5277264056691493
1,0.520754932924255,0.551694929599762,0.5552535205000176,0.5427461006797554,0.593845009803772,0.7137219905853271,0.5208014249801636,0.6198703646659851,0.5975389241625165,0.5766946558593251
1,0.520754932924255,0.551694929599762,0.5552535205000176,0.5427461006797554,0.593845009803772,0.7137219905853271,0.5208014249801636,0.6198703646659851,0.5975389241625165,0.5766946558593251
0,0.520754932924255,0.551694929599762,0.5552535205000176,0.5427461006797554,0.593845009803772,0.7137219905853271,0.5208014249801636,0.6198703646659851,0.5975389241625165,0.5766946558593251
1,0.520754932924255,0.551694929599762,0.5552535205000176,0.5427461006797554,0.593845009803772,0.7137219905853271,0.5208014249801636,0.6198703646659851,0.5975389241625165,0.5766946558593251
0,0.5152328352493708,0.6377629041671753,0.29269491011149124,0.7308503376976749,0.48806366324424744,0.4694942533969879,0.5723699927330017,0.5898268818855286,0.6045676959205187,0.5388745164559988
1,0.7018739962216867,0.8110259175300598,0.7536729433456847,0.8001898599288446,0.8760460019111633,0.7145532965660095,0.8547517657279968,0.7944316267967224,0.8106570349731249,0.7887141240302591
0,0.5752487294048569,0.6213021278381348,0.5847865235661454,0.6064587002137286,0.5881602168083191,0.7082192301750183,0.6155316233634949,0.5565004944801331,0.6551850320243566,0.6066290373442955
0,0.5752487294048569,0.6213021278381348,0.5847865235661454,0.6064587002137286,0.5881602168083191,0.7082192301750183,0.6155316233634949,0.5565004944801331,0.6551850320243566,0.6066290373442955
0,0.520754932924255,0.551694929599762,0.5552535205000176,0.5427461006797554,0.593845009803772,0.7137219905853271,0.5208014249801636,0.6198703646659851,0.5975389241625165,0.5766946558593251
1,0.5240014632997818,0.5066693425178528,0.41075078531320813,0.523067982099587,0.46459218859672546,0.3024059236049652,0.3850853443145752,0.523726761341095,0.5487266496326123,0.4564431334601726
1,0.5593339553767982,0.5367521643638611,0.2928257920387142,0.4942881548295306,0.5624802112579346,0.4034087359905243,0.4106484353542328,0.5441024899482727,0.5700931713338238,0.4774292514084721
0,0.6017776975900613,0.5899490118026733,0.7345093053534096,0.7042447737080811,0.6444491744041443,0.4643097519874573,0.5803670287132263,0.5968543291091919,0.6678130399964118,0.6145375290005819
1,0.3276508735804232,0.06952789425849915,0.05669337481697226,0.06117889495109342,0.09668315201997757,0.2004294991493225,0.24129968881607056,0.3949543535709381,0.2376852023024357,0.18140983786449671
0,0.45502261585174947,0.4019794166088104,0.3755925251077655,0.3791511670176808,0.34967049956321716,0.5114912390708923,0.31374892592430115,0.4372404217720032,0.4520122535135454,0.4028361325323564
0,0.45502261585174947,0.4019794166088104,0.3755925251077655,0.3791511670176808,0.34967049956321716,0.5114912390708923,0.31374892592430115,0.4372404217720032,0.4520122535135454,0.4028361325323564
0,0.45502261585174947,0.4019794166088104,0.3755925251077655,0.3791511670176808,0.34967049956321716,0.5114912390708923,0.31374892592430115,0.4372404217720032,0.4520122535135454,0.4028361325323564
0,0.39731610563876346,0.3419400751590729,0.41547856081510537,0.32110636585504426,0.3946176767349243,0.38809674978256226,0.41675007343292236,0.31890395283699036,0.4026150019845633,0.3738948788000577
0,0.2900950723249938,0.2538638114929199,0.6683672959120041,0.23794732030300647,0.32389941811561584,0.2963716685771942,0.3025786280632019,0.22143469750881195,0.3282659621500449,0.3222659028064007
0,0.5240014632997818,0.5066693425178528,0.41075078531320813,0.523067982099587,0.46459218859672546,0.3024059236049652,0.3850853443145752,0.523726761341095,0.5487266496326123,0.4564431334601726
0,0.5566022578591773,0.15905669331550598,0.5973280090592737,0.13243610185882512,0.22039534151554108,0.1508064568042755,0.12621448934078217,0.4952211081981659,0.41630249232893973,0.3041163839275293
0,0.5935470654703205,0.5625730752944946,0.5973280090592737,0.31113966504754836,0.7705444097518921,0.6245930194854736,0.4899081587791443,0.6998810768127441,0.6523339922203005,0.5812271731004609
0,0.5121317767372797,0.4501692056655884,0.2614673034430818,0.4029594839169852,0.40088391304016113,0.34421077370643616,0.43565863370895386,0.3541960120201111,0.49291055351098445,0.3966225878686598
1,0.5240014632997818,0.5066693425178528,0.41075078531320813,0.523067982099587,0.46459218859672546,0.3024059236049652,0.3850853443145752,0.523726761341095,0.5487266496326123,0.4564431334601726
0,0.44329057817377016,0.3719061613082886,0.2857230389595358,0.3469304451475856,0.3790788948535919,0.5719706416130066,0.2780250012874603,0.3637714684009552,0.41308677523102183,0.38000055749682143
1,0.28645598568792296,0.2026132345199585,0.10423483260136737,0.20345059236578342,0.3066031336784363,0.13981807231903076,0.12721306085586548,0.20945991575717926,0.24663002777060042,0.19871414998073722
0,0.44329057817377016,0.3719061613082886,0.2857230389595358,0.3469304451475856,0.3790788948535919,0.5719706416130066,0.2780250012874603,0.3637714684009552,0.41308677523102183,0.38000055749682143
0,0.4406510920096065,0.3863016366958618,0.23065703547055227,0.30656199127349276,0.40219730138778687,0.5052080750465393,0.2491684854030609,0.3310345709323883,0.40904842634897065,0.35701257949803167
0,0.44329057817377016,0.3719061613082886,0.2857230389595358,0.3469304451475856,0.3790788948535919,0.5719706416130066,0.2780250012874603,0.3637714684009552,0.41308677523102183,0.38000055749682143
1,0.5052755367187562,0.4388473331928253,0.3562774720740498,0.42349506973236395,0.44154080748558044,0.7169394493103027,0.41958001255989075,0.5291633009910583,0.5048286836400394,0.47843156367745115
0,0.5052755367187562,0.4388473331928253,0.3562774720740498,0.42349506973236395,0.44154080748558044,0.7169394493103027,0.41958001255989075,0.5291633009910583,0.5048286836400394,0.47843156367745115
1,0.624491842875009,0.6446494460105896,0.7539439158645969,0.7119069988959367,0.6926663517951965,0.9042198061943054,0.5357470512390137,0.5881127715110779,0.6916620797029156,0.6804954693888963
0,0.3277573180124552,0.14314985275268555,0.2720878388176551,0.14277939281802596,0.09749431908130646,0.2557242214679718,0.07241377234458923,0.17004647850990295,0.2495520199234611,0.184653023057134
0,0.3277573180124552,0.14314985275268555,0.2720878388176551,0.14277939281802596,0.09749431908130646,0.2557242214679718,0.07241377234458923,0.17004647850990295,0.2495520199234611,0.184653023057134
0,0.5613567944793167,0.5744490623474121,0.5761241960146535,0.5609217157877313,0.602714478969574,0.6126580834388733,0.5233199000358582,0.5853214263916016,0.625712849278295,0.5744972637288289
1,0.6222307863136672,0.6537028551101685,0.825017941414192,0.772310218957901,0.7079773545265198,0.6728515625,0.6803429126739502,0.5394750833511353,0.7079985346453412,0.6832817486614889
0,0.520754932924255,0.551694929599762,0.5552535205000176,0.5427461006797554,0.593845009803772,0.7137219905853271,0.5208014249801636,0.6198703646659851,0.5975389241625165,0.5766946558593251
0,0.5124348718120348,0.5176112055778503,0.5471271495797958,0.6415269202493272,0.6441023945808411,0.6367142200469971,0.684826135635376,0.6457850337028503,0.5911653150396945,0.6032915899343936
0,0.5752487294048569,0.6213021278381348,0.5847865235661454,0.6064587002137286,0.5881602168083191,0.7082192301750183,0.6155316233634949,0.5565004944801331,0.6551850320243566,0.6066290373442955
0,0.5613567944793167,0.5744490623474121,0.5761241960146535,0.5609217157877313,0.602714478969574,0.6126580834388733,0.5233199000358582,0.5853214263916016,0.625712849278295,0.5744972637288289
1,0.609093333041791,0.6425686478614807,0.7328881584094048,0.6871582076379693,0.7045267224311829,0.6519975066184998,0.7012956738471985,0.6099380850791931,0.700524132694913,0.6669003659431681
1,0.5168008926801569,0.4513637125492096,0.507259158362889,0.4774403474362851,0.3692461848258972,0.534936249256134,0.3372702896595001,0.4096406400203705,0.5139389059922292,0.45003933931816814
0,0.537247475167581,0.5577523708343506,0.5544970049697997,0.5481862058996323,0.47071006894111633,0.6023560166358948,0.4919021427631378,0.46202921867370605,0.5921693226411556,0.5277264056691493
1,0.5052755367187562,0.4388473331928253,0.3562774720740498,0.42349506973236395,0.44154080748558044,0.7169394493103027,0.41958001255989075,0.5291633009910583,0.5048286836400394,0.47843156367745115
0,0.422894267362987,0.37597763538360596,0.6873712745853113,0.31306052277061674,0.3153957724571228,0.36365270614624023,0.27333202958106995,0.5335434079170227,0.4687071402230141,0.4093545104803995
0,0.6234534338751868,0.7889026999473572,0.6800733741048931,0.752978731618363,0.783531129360199,0.8114293813705444,0.9093701839447021,0.6558887958526611,0.7685002094983624,0.750452082665352
0,0.5217134683027685,0.5264072418212891,0.8182857493783908,0.5011883945571802,0.4166911542415619,0.8372603058815002,0.38907840847969055,0.48137134313583374,0.5906101991985685,0.5587041421288932
1,0.520754932924255,0.551694929599762,0.5552535205000176,0.5427461006797554,0.593845009803772,0.7137219905853271,0.5208014249801636,0.6198703646659851,0.5975389241625165,0.5766946558593251
0,0.5293846615241309,0.5200350880622864,0.48928587538639945,0.5101169027507523,0.4898403584957123,0.5528731346130371,0.488900750875473,0.4691029489040375,0.5668162242481233,0.5061898880326422
0,0.6028168165285617,0.6205158233642578,0.5963731228429978,0.6094357719500562,0.6425751447677612,0.8710829615592957,0.5711147785186768,0.6270116567611694,0.6682658901349268,0.6417466826779161
0,0.6028168165285617,0.6205158233642578,0.5963731228429978,0.6094357719500562,0.6425751447677612,0.8710829615592957,0.5711147785186768,0.6270116567611694,0.6682658901349268,0.6417466826779161
0,0.6028168165285617,0.6205158233642578,0.5963731228429978,0.6094357719500562,0.6425751447677612,0.8710829615592957,0.5711147785186768,0.6270116567611694,0.6682658901349268,0.6417466826779161
0,0.528852094017771,0.5333524346351624,0.7364322297297468,0.6282629378635782,0.6288747191429138,0.5461346507072449,0.5231935381889343,0.6783670783042908,0.6162026983947441,0.599641223223739
0,0.5232940746280708,0.5169488191604614,0.5327393186543029,0.5380410273111982,0.5124582648277283,0.6404968500137329,0.5824108719825745,0.5927086472511292,0.5851309757854047,0.5543078387874112
0,0.3989211454549686,0.40041497349739075,0.5259369703838583,0.4195795057819418,0.510614275932312,0.6935855150222778,0.5587427616119385,0.41890856623649597,0.45566667851039205,0.4890847754937472
0,0.4696117787115101,0.10642874240875244,0.2747641036316344,0.10010372364093881,0.3063294291496277,0.33072739839553833,0.171068474650383,0.34083983302116394,0.31106622170639914,0.26222626812319755
0,0.49923422511229243,0.4473075866699219,0.3495100461770551,0.3032788032853478,0.4531473219394684,0.4502788186073303,0.40451186895370483,0.37863826751708984,0.4966299111047988,0.41132132980692926
0,0.44110939947124467,0.3764348328113556,0.46784447293509934,0.40425165056234547,0.3249875605106354,0.45193183422088623,0.17965897917747498,0.3528442978858948,0.4233306741140016,0.37441641508446133
0,0.3300216994068705,0.33488184213638306,0.2295854311771219,0.3081291245981707,0.3001411259174347,0.05724798142910004,0.2996436655521393,0.3797576427459717,0.35118113442960625,0.28153726523419736
0,0.5613567944793167,0.5744490623474121,0.5761241960146535,0.5609217157877313,0.602714478969574,0.6126580834388733,0.5233199000358582,0.5853214263916016,0.625712849278295,0.5744972637288289
0,0.4384227355856359,0.44486451148986816,0.12441479177160886,0.23204149947386307,0.3959144949913025,0.3239697217941284,0.3843521475791931,0.45120564103126526,0.45226083743956624,0.351334767552454
0,0.4384227355856359,0.44486451148986816,0.12441479177160886,0.23204149947386307,0.3959144949913025,0.3239697217941284,0.3843521475791931,0.45120564103126526,0.45226083743956624,0.351334767552454
0,0.5267318620913859,0.5574718713760376,0.35461838735400625,0.5342223427687193,0.48421451449394226,0.6755869388580322,0.48017439246177673,0.47609812021255493,0.5659117779406408,0.5114693837784309
0,0.4829080532996464,0.4181720018386841,0.4659780492657902,0.3643508614245183,0.3616407811641693,0.6673420667648315,0.35131171345710754,0.27067112922668457,0.46787952753169587,0.42162616603015723
0,0.4012094032848779,0.16132493317127228,0.04609258798292707,0.11000281705840192,0.3525973856449127,0.3753521144390106,0.3327089250087738,0.339626282453537,0.2950789270269646,0.2655152512725944
0,0.30464531458879396,0.20545609295368195,0.20929136118593408,0.17479812643856044,0.279392808675766,0.052411749958992004,0.134388729929924,0.22440357506275177,0.26644378358229487,0.19917962996997723
1,0.44329057817377016,0.3719061613082886,0.2857230389595358,0.3469304451475856,0.3790788948535919,0.5719706416130066,0.2780250012874603,0.3637714684009552,0.41308677523102183,0.38000055749682143
0,0.4790081567063701,0.1675821989774704,0.4659780492657902,0.14058976878553134,0.31704655289649963,0.7390718460083008,0.13762107491493225,0.315072625875473,0.34752034333133736,0.342740408871794
1,0.6292796709045918,0.7666364312171936,0.8594100269536539,0.7770759610535564,0.7351172566413879,0.8798046112060547,0.942245364189148,0.6424264311790466,0.7769410147155253,0.777405584777895
0,0.32047084145608123,0.2264653891324997,0.06318358356146456,0.06461999006563286,0.364094614982605,0.30204057693481445,0.14586171507835388,0.3078169524669647,0.27545874060773107,0.22537103265868574
0,0.520754932924255,0.551694929599762,0.5552535205000176,0.5427461006797554,0.593845009803772,0.7137219905853271,0.5208014249801636,0.6198703646659851,0.5975389241625165,0.5766946558593251
1,0.32047084145608123,0.2264653891324997,0.06318358356146456,0.06461999006563286,0.364094614982605,0.30204057693481445,0.14586171507835388,0.3078169524669647,0.27545874060773107,0.22537103265868574
1,0.44329057817377016,0.3719061613082886,0.2857230389595358,0.3469304451475856,0.3790788948535919,0.5719706416130066,0.2780250012874603,0.3637714684009552,0.41308677523102183,0.38000055749682143
0,0.20162792309243827,0.14037533104419708,0.025475300276046366,0.1164677016174366,0.13994380831718445,0.13329151272773743,0.01612783968448639,0.12649603188037872,0.18479134019524077,0.11334984443476806
0,0.5544241984921132,0.5585418343544006,0.5684553761845434,0.5533640209248156,0.4699289798736572,0.7583036422729492,0.5013114213943481,0.5992692708969116,0.6137497780087314,0.5695048900632005
0,0.5613567944793167,0.5744490623474121,0.5761241960146535,0.5609217157877313,0.602714478969574,0.6126580834388733,0.5233199000358582,0.5853214263916016,0.625712849278295,0.5744972637288289
0,0.5752487294048569,0.6213021278381348,0.5847865235661454,0.6064587002137286,0.5881602168083191,0.7082192301750183,0.6155316233634949,0.5565004944801331,0.6551850320243566,0.6066290373442955
0,0.6028168165285617,0.6205158233642578,0.5963731228429978,0.6094357719500562,0.6425751447677612,0.8710829615592957,0.5711147785186768,0.6270116567611694,0.6682658901349268,0.6417466826779161
0,0.6028168165285617,0.6205158233642578,0.5963731228429978,0.6094357719500562,0.6425751447677612,0.8710829615592957,0.5711147785186768,0.6270116567611694,0.6682658901349268,0.6417466826779161
1,0.6784386750013363,0.8181852698326111,0.880575613604912,0.8254257613623883,0.8882081508636475,0.7921878099441528,0.7907111644744873,0.8015503287315369,0.809849963618249,0.8089185025964563
1,0.46906070389251087,0.4050092399120331,0.22418062525071356,0.3653981439160343,0.4909374415874481,0.5752100348472595,0.48007380962371826,0.49064210057258606,0.4626820220952896,0.4380574029031096
0,0.5267318620913859,0.5574718713760376,0.35461838735400625,0.5342223427687193,0.48421451449394226,0.6755869388580322,0.48017439246177673,0.47609812021255493,0.5659117779406408,0.5114693837784309
0,0.6028168165285617,0.6205158233642578,0.5963731228429978,0.6094357719500562,0.6425751447677612,0.8710829615592957,0.5711147785186768,0.6270116567611694,0.6682658901349268,0.6417466826779161
0,0.5544241984921132,0.5585418343544006,0.5684553761845434,0.5533640209248156,0.4699289798736572,0.7583036422729492,0.5013114213943481,0.5992692708969116,0.6137497780087314,0.5695048900632005
0,0.4938006558185099,0.3845069408416748,0.4171551881832478,0.26428017296096074,0.45514607429504395,0.3043365180492401,0.467580109834671,0.3470240533351898,0.47794265797523194,0.39219704648731546
0,0.597164301777575,0.7265749573707581,0.5802579213312088,0.7208901728629228,0.7011275887489319,0.7297650575637817,0.8344352841377258,0.5359700918197632,0.7164001945989356,0.6783575022133255
0,0.537247475167581,0.5577523708343506,0.5544970049697997,0.5481862058996323,0.47071006894111633,0.6023560166358948,0.4919021427631378,0.46202921867370605,0.5921693226411556,0.5277264056691493
0,0.4271202740537877,0.25837284326553345,0.3137846320817573,0.2009083433769123,0.35890713334083557,0.3353767395019531,0.2644095718860626,0.366796612739563,0.365783766826554,0.3158232660259637
0,0.6028168165285617,0.6205158233642578,0.5963731228429978,0.6094357719500562,0.6425751447677612,0.8710829615592957,0.5711147785186768,0.6270116567611694,0.6682658901349268,0.6417466826779161
0,0.5181165429712212,0.5021557211875916,0.5792248420107086,0.553128824800986,0.5072117447853088,0.47221943736076355,0.48080959916114807,0.574064314365387,0.5716912038869206,0.5232387823270395
0,0.5293846615241309,0.5200350880622864,0.48928587538639945,0.5101169027507523,0.4898403584957123,0.5528731346130371,0.488900750875473,0.4691029489040375,0.5668162242481233,0.5061898880326422
0,0.5293846615241309,0.5200350880622864,0.48928587538639945,0.5101169027507523,0.4898403584957123,0.5528731346130371,0.488900750875473,0.4691029489040375,0.5668162242481233,0.5061898880326422
0,0.5293846615241309,0.5200350880622864,0.48928587538639945,0.5101169027507523,0.4898403584957123,0.5528731346130371,0.488900750875473,0.4691029489040375,0.5668162242481233,0.5061898880326422
0,0.4938006558185099,0.3845069408416748,0.4171551881832478,0.26428017296096074,0.45514607429504395,0.3043365180492401,0.467580109834671,0.3470240533351898,0.47794265797523194,0.39219704648731546
0,0.537247475167581,0.5577523708343506,0.5544970049697997,0.5481862058996323,0.47071006894111633,0.6023560166358948,0.4919021427631378,0.46202921867370605,0.5921693226411556,0.5277264056691493
0,0.537247475167581,0.5577523708343506,0.5544970049697997,0.5481862058996323,0.47071006894111633,0.6023560166358948,0.4919021427631378,0.46202921867370605,0.5921693226411556,0.5277264056691493
0,0.44853625932299906,0.2820253074169159,0.15655537771043493,0.3717344444572061,0.38817861676216125,0.42519816756248474,0.28204110264778137,0.3846549391746521,0.3655620494753889,0.3431677601796499
0,0.5956154672051986,0.22415858507156372,0.632119626061943,0.16697796124043984,0.4917132258415222,0.753606379032135,0.522465169429779,0.5236184597015381,0.49585391658801853,0.4860491243786076
1,0.520754932924255,0.551694929599762,0.5552535205000176,0.5427461006797554,0.593845009803772,0.7137219905853271,0.5208014249801636,0.6198703646659851,0.5975389241625165,0.5766946558593251
0,0.520754932924255,0.551694929599762,0.5552535205000176,0.5427461006797554,0.593845009803772,0.7137219905853271,0.5208014249801636,0.6198703646659851,0.5975389241625165,0.5766946558593251
0,0.520754932924255,0.551694929599762,0.5552535205000176,0.5427461006797554,0.593845009803772,0.7137219905853271,0.5208014249801636,0.6198703646659851,0.5975389241625165,0.5766946558593251
0,0.520754932924255,0.551694929599762,0.5552535205000176,0.5427461006797554,0.593845009803772,0.7137219905853271,0.5208014249801636,0.6198703646659851,0.5975389241625165,0.5766946558593251
0,0.520754932924255,0.551694929599762,0.5552535205000176,0.5427461006797554,0.593845009803772,0.7137219905853271,0.5208014249801636,0.6198703646659851,0.5975389241625165,0.5766946558593251
0,0.520754932924255,0.551694929599762,0.5552535205000176,0.5427461006797554,0.593845009803772,0.7137219905853271,0.5208014249801636,0.6198703646659851,0.5975389241625165,0.5766946558593251
0,0.5218343999070892,0.529567301273346,0.8662277631698988,0.4667044546770501,0.4579499363899231,0.6788594722747803,0.49553409218788147,0.648237943649292,0.6249030188511902,0.5807741666252262
0,0.433708303784673,0.3042939007282257,0.27391393656139285,0.21909319749161915,0.3789098560810089,0.6414520144462585,0.3307858407497406,0.4974539577960968,0.39840890060794465,0.38428456607101374
0,0.49068012874657396,0.16448929905891418,0.29269491011149124,0.13765950765930146,0.39023053646087646,0.42189374566078186,0.26611828804016113,0.4214729368686676,0.3577403631755688,0.32285980289722954
0,0.520754932924255,0.551694929599762,0.5552535205000176,0.5427461006797554,0.593845009803772,0.7137219905853271,0.5208014249801636,0.6198703646659851,0.5975389241625165,0.5766946558593251
0,0.520754932924255,0.551694929599762,0.5552535205000176,0.5427461006797554,0.593845009803772,0.7137219905853271,0.5208014249801636,0.6198703646659851,0.5975389241625165,0.5766946558593251
0,0.520754932924255,0.551694929599762,0.5552535205000176,0.5427461006797554,0.593845009803772,0.7137219905853271,0.5208014249801636,0.6198703646659851,0.5975389241625165,0.5766946558593251
0,0.520754932924255,0.551694929599762,0.5552535205000176,0.5427461006797554,0.593845009803772,0.7137219905853271,0.5208014249801636,0.6198703646659851,0.5975389241625165,0.5766946558593251
0,0.520754932924255,0.551694929599762,0.5552535205000176,0.5427461006797554,0.593845009803772,0.7137219905853271,0.5208014249801636,0.6198703646659851,0.5975389241625165,0.5766946558593251
0,0.520754932924255,0.551694929599762,0.5552535205000176,0.5427461006797554,0.593845009803772,0.7137219905853271,0.5208014249801636,0.6198703646659851,0.5975389241625165,0.5766946558593251
0,0.520754932924255,0.551694929599762,0.5552535205000176,0.5427461006797554,0.593845009803772,0.7137219905853271,0.5208014249801636,0.6198703646659851,0.5975389241625165,0.5766946558593251
0,0.520754932924255,0.551694929599762,0.5552535205000176,0.5427461006797554,0.593845009803772,0.7137219905853271,0.5208014249801636,0.6198703646659851,0.5975389241625165,0.5766946558593251
0,0.6784386750013363,0.8181852698326111,0.880575613604912,0.8254257613623883,0.8882081508636475,0.7921878099441528,0.7907111644744873,0.8015503287315369,0.809849963618249,0.8089185025964563
0,0.47958971725901106,0.5591272115707397,0.17167612531484122,0.5499679311786291,0.5169579982757568,0.2457837164402008,0.5071221590042114,0.5210705995559692,0.5360389492457905,0.4468009366402596
0,0.5277793395799057,0.5127294063568115,0.5451087262685499,0.5333474611991781,0.5525830984115601,0.44582778215408325,0.5177595615386963,0.45713865756988525,0.5699968890669448,0.5117335976303677
0,0.5277793395799057,0.5127294063568115,0.5451087262685499,0.5333474611991781,0.5525830984115601,0.44582778215408325,0.5177595615386963,0.45713865756988525,0.5699968890669448,0.5117335976303677
0,0.5277793395799057,0.5127294063568115,0.5451087262685499,0.5333474611991781,0.5525830984115601,0.44582778215408325,0.5177595615386963,0.45713865756988525,0.5699968890669448,0.5117335976303677
0,0.5277793395799057,0.5127294063568115,0.5451087262685499,0.5333474611991781,0.5525830984115601,0.44582778215408325,0.5177595615386963,0.45713865756988525,0.5699968890669448,0.5117335976303677
0,0.5105518086195028,0.5131219625473022,0.20836150281237684,0.35050591896223254,0.7150118947029114,0.4329034388065338,0.5576170682907104,0.5219164490699768,0.5418681129547893,0.47829212649656827
0,0.5105518086195028,0.5131219625473022,0.20836150281237684,0.35050591896223254,0.7150118947029114,0.4329034388065338,0.5576170682907104,0.5219164490699768,0.5418681129547893,0.47829212649656827
0,0.5105518086195028,0.5131219625473022,0.20836150281237684,0.35050591896223254,0.7150118947029114,0.4329034388065338,0.5576170682907104,0.5219164490699768,0.5418681129547893,0.47829212649656827
0,0.5105518086195028,0.5131219625473022,0.20836150281237684,0.35050591896223254,0.7150118947029114,0.4329034388065338,0.5576170682907104,0.5219164490699768,0.5418681129547893,0.47829212649656827
0,0.5105518086195028,0.5131219625473022,0.20836150281237684,0.35050591896223254,0.7150118947029114,0.4329034388065338,0.5576170682907104,0.5219164490699768,0.5418681129547893,0.47829212649656827
0,0.5277793395799057,0.5127294063568115,0.5451087262685499,0.5333474611991781,0.5525830984115601,0.44582778215408325,0.5177595615386963,0.45713865756988525,0.5699968890669448,0.5117335976303677
0,0.5277793395799057,0.5127294063568115,0.5451087262685499,0.5333474611991781,0.5525830984115601,0.44582778215408325,0.5177595615386963,0.45713865756988525,0.5699968890669448,0.5117335976303677
0,0.5277793395799057,0.5127294063568115,0.5451087262685499,0.5333474611991781,0.5525830984115601,0.44582778215408325,0.5177595615386963,0.45713865756988525,0.5699968890669448,0.5117335976303677
0,0.5277793395799057,0.5127294063568115,0.5451087262685499,0.5333474611991781,0.5525830984115601,0.44582778215408325,0.5177595615386963,0.45713865756988525,0.5699968890669448,0.5117335976303677
0,0.5277793395799057,0.5127294063568115,0.5451087262685499,0.5333474611991781,0.5525830984115601,0.44582778215408325,0.5177595615386963,0.45713865756988525,0.5699968890669448,0.5117335976303677
0,0.5277793395799057,0.5127294063568115,0.5451087262685499,0.5333474611991781,0.5525830984115601,0.44582778215408325,0.5177595615386963,0.45713865756988525,0.5699968890669448,0.5117335976303677
0,0.46041236929657997,0.3912051022052765,0.6263750566645372,0.42386622727893086,0.44572561979293823,0.08921661972999573,0.3400454819202423,0.3973248302936554,0.47781875277117514,0.3971955076685378
0,0.5047197059624902,0.37644410133361816,0.3843573550679873,0.28364672380467876,0.5673090219497681,0.33425527811050415,0.506354570388794,0.360507607460022,0.4787522003663449,0.41536894330750385
0,0.5047197059624902,0.37644410133361816,0.3843573550679873,0.28364672380467876,0.5673090219497681,0.33425527811050415,0.506354570388794,0.360507607460022,0.4787522003663449,0.41536894330750385
0,0.48331256505105763,0.07869529724121094,0.5383832011234876,0.06836297090423578,0.4275587499141693,0.0442851297557354,0.46084123849868774,0.32920390367507935,0.3563783643105995,0.3032741965346566
0,0.48331256505105763,0.07869529724121094,0.5383832011234876,0.06836297090423578,0.4275587499141693,0.0442851297557354,0.46084123849868774,0.32920390367507935,0.3563783643105995,0.3032741965346566
0,0.42957771414863954,0.3060215413570404,0.4330093292036224,0.3229998571131741,0.45722606778144836,0.38836273550987244,0.32066208124160767,0.28296518325805664,0.391022369364198,0.367249147270725
0,0.42957771414863954,0.3060215413570404,0.4330093292036224,0.3229998571131741,0.45722606778144836,0.38836273550987244,0.32066208124160767,0.28296518325805664,0.391022369364198,0.367249147270725
0,0.42957771414863954,0.3060215413570404,0.4330093292036224,0.3229998571131741,0.45722606778144836,0.38836273550987244,0.32066208124160767,0.28296518325805664,0.391022369364198,0.367249147270725
0,0.5277793395799057,0.5127294063568115,0.5451087262685499,0.5333474611991781,0.5525830984115601,0.44582778215408325,0.5177595615386963,0.45713865756988525,0.5699968890669448,0.5117335976303677
0,0.5277793395799057,0.5127294063568115,0.5451087262685499,0.5333474611991781,0.5525830984115601,0.44582778215408325,0.5177595615386963,0.45713865756988525,0.5699968890669448,0.5117335976303677
0,0.5277793395799057,0.5127294063568115,0.5451087262685499,0.5333474611991781,0.5525830984115601,0.44582778215408325,0.5177595615386963,0.45713865756988525,0.5699968890669448,0.5117335976303677
0,0.5277793395799057,0.5127294063568115,0.5451087262685499,0.5333474611991781,0.5525830984115601,0.44582778215408325,0.5177595615386963,0.45713865756988525,0.5699968890669448,0.5117335976303677
0,0.5277793395799057,0.5127294063568115,0.5451087262685499,0.5333474611991781,0.5525830984115601,0.44582778215408325,0.5177595615386963,0.45713865756988525,0.5699968890669448,0.5117335976303677
0,0.5277793395799057,0.5127294063568115,0.5451087262685499,0.5333474611991781,0.5525830984115601,0.44582778215408325,0.5177595615386963,0.45713865756988525,0.5699968890669448,0.5117335976303677
0,0.46041236929657997,0.3912051022052765,0.6263750566645372,0.42386622727893086,0.44572561979293823,0.08921661972999573,0.3400454819202423,0.3973248302936554,0.47781875277117514,0.3971955076685378
0,0.5277793395799057,0.5127294063568115,0.5451087262685499,0.5333474611991781,0.5525830984115601,0.44582778215408325,0.5177595615386963,0.45713865756988525,0.5699968890669448,0.5117335976303677
0,0.42957771414863954,0.3060215413570404,0.4330093292036224,0.3229998571131741,0.45722606778144836,0.38836273550987244,0.32066208124160767,0.28296518325805664,0.391022369364198,0.367249147270725
0,0.5277793395799057,0.5127294063568115,0.5451087262685499,0.5333474611991781,0.5525830984115601,0.44582778215408325,0.5177595615386963,0.45713865756988525,0.5699968890669448,0.5117335976303677
0,0.46041236929657997,0.3912051022052765,0.6263750566645372,0.42386622727893086,0.44572561979293823,0.08921661972999573,0.3400454819202423,0.3973248302936554,0.47781875277117514,0.3971955076685378
0,0.5277793395799057,0.5127294063568115,0.5451087262685499,0.5333474611991781,0.5525830984115601,0.44582778215408325,0.5177595615386963,0.45713865756988525,0.5699968890669448,0.5117335976303677
0,0.5277793395799057,0.5127294063568115,0.5451087262685499,0.5333474611991781,0.5525830984115601,0.44582778215408325,0.5177595615386963,0.45713865756988525,0.5699968890669448,0.5117335976303677
0,0.5277793395799057,0.5127294063568115,0.5451087262685499,0.5333474611991781,0.5525830984115601,0.44582778215408325,0.5177595615386963,0.45713865756988525,0.5699968890669448,0.5117335976303677
0,0.5277793395799057,0.5127294063568115,0.5451087262685499,0.5333474611991781,0.5525830984115601,0.44582781195640564,0.5177595615386963,0.45713865756988525,0.5699968886984538,0.5117336012351723
0,0.5461575559109277,0.2562771737575531,0.5383832011234876,0.224469209885564,0.5384563207626343,0.24648983776569366,0.41662558913230896,0.31208398938179016,0.45021576024837,0.38472738202962653
0,0.5461575559109277,0.2562771737575531,0.5383832011234876,0.224469209885564,0.5384563207626343,0.24648991227149963,0.41662558913230896,0.31208398938179016,0.4502157593180425,0.38472739104163794
0,0.4999435011184243,0.4452749490737915,0.20375256864257213,0.29701488325101744,0.5371830463409424,0.22640326619148254,0.4782155156135559,0.3841995298862457,0.48988044465210134,0.3862684207895809
0,0.4999435011184243,0.4452749490737915,0.20375256864257213,0.29701488325101744,0.5371830463409424,0.22640326619148254,0.4782155156135559,0.3841995298862457,0.48988044465210134,0.3862684207895809
0,0.4999435011184243,0.4452749490737915,0.20375256864257213,0.29701488325101744,0.5371830463409424,0.22640326619148254,0.4782155156135559,0.3841995298862457,0.48988044465210134,0.3862684207895809
0,0.4999435011184243,0.4452749490737915,0.20375256864257213,0.29701488325101744,0.5371830463409424,0.22640326619148254,0.4782155156135559,0.3841995298862457,0.48988044465210134,0.3862684207895809
0,0.5544241984921132,0.5585418343544006,0.5684553761845434,0.5533640209248156,0.4699289798736572,0.7583036422729492,0.5013114213943481,0.5992692708969116,0.6137497780087314,0.5695048900632005
0,0.5544241984921132,0.5585418343544006,0.5684553761845434,0.5533640209248156,0.4699289798736572,0.7583036422729492,0.5013114213943481,0.5992692708969116,0.6137497780087314,0.5695048900632005
0,0.5217134683027685,0.5264072418212891,0.8182857493783908,0.5011883945571802,0.4166911542415619,0.8372603058815002,0.38907840847969055,0.48137134313583374,0.5906101991985685,0.5587041421288932
0,0.5217134683027685,0.5264072418212891,0.8182857493783908,0.5011883945571802,0.4166911542415619,0.8372603058815002,0.38907840847969055,0.48137134313583374,0.5906101991985685,0.5587041421288932
1,0.5198986564289485,0.45647841691970825,0.6700890581798495,0.6038776221511121,0.3640191853046417,0.4343353509902954,0.4097273647785187,0.6096136569976807,0.5581078012330494,0.5077594241391468
0,0.5232940746280708,0.5169488191604614,0.5327393186543029,0.5380410273111982,0.5124582648277283,0.6404968500137329,0.5824108719825745,0.5927086472511292,0.5851309757854047,0.5543078387874112
0,0.520754932924255,0.551694929599762,0.5552535205000176,0.5427461006797554,0.593845009803772,0.7137219905853271,0.5208014249801636,0.6198703646659851,0.5975389241625165,0.5766946558593251
0,0.5456910923308296,0.7608684301376343,0.7761359682786445,0.749104753693593,0.7178094983100891,0.7465500831604004,0.7476347088813782,0.7948171496391296,0.7393832027687883,0.7291096704685182
1,0.520754932924255,0.551694929599762,0.5552535205000176,0.5427461006797554,0.593845009803772,0.7137219905853271,0.5208014249801636,0.6198703646659851,0.5975389241625165,0.5766946558593251
0,0.4788023226090117,0.3992426097393036,0.23414657809996628,0.2686272836962009,0.4402087330818176,0.45886024832725525,0.39264753460884094,0.43131980299949646,0.45757019840836477,0.3888289738230737
0,0.5293846615241309,0.5200350880622864,0.48928587538639945,0.5101169027507523,0.4898403584957123,0.5528731346130371,0.488900750875473,0.4691029489040375,0.5668162242481233,0.5061898880326422
0,0.46101443721792384,0.1486794650554657,0.42982352477195335,0.08948533156554313,0.3358798027038574,0.32386553287506104,0.21253855526447296,0.23050902783870697,0.33314028689416436,0.27809160941688316
1,0.5699270888385893,0.5705463290214539,0.46800667139796276,0.5477182152055613,0.6068854331970215,0.5819894075393677,0.5585658550262451,0.5454406142234802,0.6169276393314106,0.5566402936668607
0,0.5613567944793167,0.5744490623474121,0.5761241960146535,0.5609217157877313,0.602714478969574,0.6126580834388733,0.5233199000358582,0.5853214263916016,0.625712849278295,0.5744972637288289
1,0.5699270888385893,0.5705463290214539,0.46800667139796276,0.5477182152055613,0.6068854331970215,0.5819894075393677,0.5585658550262451,0.5454406142234802,0.6169276393314106,0.5566402936668607
0,0.6153065397709144,0.7158649563789368,0.6847332317682208,0.7592717868172477,0.8579832911491394,0.7385198473930359,0.8381667137145996,0.83682781457901,0.7497520293078817,0.7557883402062165
1,0.7018739962216867,0.8110259175300598,0.7536729433456847,0.8001898599288446,0.8760460019111633,0.7145532965660095,0.8547517657279968,0.7944316267967224,0.8106570349731249,0.7887141240302591
0,0.5515993293856439,0.5888364911079407,0.6519890103908657,0.5990401059897913,0.5464521646499634,0.4405241012573242,0.5983389616012573,0.49325335025787354,0.6340073343288215,0.5588113326419579
0,0.5232940746280708,0.5169488191604614,0.5327393186543029,0.5380410273111982,0.5124582648277283,0.6404968500137329,0.5824108719825745,0.5927086472511292,0.5851309757854047,0.5543078387874112
0,0.49627190830185397,0.2675321698188782,0.05653546891503168,0.25964453281850275,0.44786274433135986,0.3187853693962097,0.2895147204399109,0.40471234917640686,0.37795880847518876,0.3194684384138614
0,0.5544241984921132,0.5585418343544006,0.5684553761845434,0.5533640209248156,0.4699289798736572,0.7583036422729492,0.5013114213943481,0.5992692708969116,0.6137497780087314,0.5695048900632005
0,0.48954033013013,0.502789318561554,0.4991310291595888,0.5107747461472258,0.6040271520614624,0.5526944994926453,0.5776546597480774,0.5727483630180359,0.5582757608628759,0.5385805033615501
0,0.520754932924255,0.551694929599762,0.5552535205000176,0.5427461006797554,0.593845009803772,0.7137219905853271,0.5208014249801636,0.6198703646659851,0.5975389241625165,0.5766946558593251
1,0.5232940746280708,0.5169488191604614,0.5327393186543029,0.5380410273111982,0.5124582648277283,0.6404968500137329,0.5824108719825745,0.5927086472511292,0.5851309757854047,0.5543078387874112
0,0.4903472948750421,0.38581383228302,0.1833508192484983,0.22762840240107968,0.6050782203674316,0.6643683910369873,0.9629074335098267,0.268611341714859,0.48407776581106,0.4734206864193542
0,0.4789295574706983,0.43319910764694214,0.47708645342470496,0.4482154317340243,0.49008995294570923,0.31410691142082214,0.4113006293773651,0.25906848907470703,0.47862366549854385,0.4144397524172752
1,0.4928060145974888,0.5043162703514099,0.3137444050313006,0.42427006601793726,0.5033115744590759,0.4604635536670685,0.5446343421936035,0.4688194990158081,0.5326331353447497,0.4650387575279811
0,0.4903472948750421,0.38581383228302,0.1833508192484983,0.22762840240107968,0.6050782203674316,0.6643683910369873,0.9629074335098267,0.268611341714859,0.48407776581106,0.4734206864193542
0,0.4707302286844844,0.4324958324432373,0.5099537374028085,0.44462121285265493,0.29777592420578003,0.46039077639579773,0.21684905886650085,0.36586931347846985,0.47085660620372927,0.3994045606698648
0,0.5293846615241309,0.5200350880622864,0.48928587538639945,0.5101169027507523,0.4898403584957123,0.5528731346130371,0.488900750875473,0.4691029489040375,0.5668162242481233,0.5061898880326422
0,0.46122076514167526,0.31679490208625793,0.4026985036911686,0.25708591107588386,0.3853680193424225,0.3039599061012268,0.16915184259414673,0.2684212625026703,0.3967661514620153,0.3208511377690225
1,0.5415180397004122,0.6313397884368896,0.359298571003925,0.6034099076273177,0.7527316212654114,0.7325598001480103,0.6786147356033325,0.6851612329483032,0.6379702625586899,0.6239064234576622
0,0.5105518086195028,0.5131219625473022,0.20836150281237684,0.35050591896223254,0.7150118947029114,0.4329034388065338,0.5576170682907104,0.5219164490699768,0.5418681129547893,0.47829212649656827
0,0.5515754119256296,0.7794690132141113,0.5118563859928322,0.7346101997277872,0.6681838035583496,0.7397862672805786,0.5926026105880737,0.6357299089431763,0.7024748478662995,0.6524129984586052
0,0.4406510920096065,0.3863016366958618,0.23065703547055227,0.30656199127349276,0.40219730138778687,0.5052080750465393,0.2491684854030609,0.3310345709323883,0.40904842634897065,0.35701257949803167
0,0.5227708360903641,0.5671191811561584,0.334086519728352,0.5366123015965107,0.4942231774330139,0.45136988162994385,0.5122291445732117,0.4010176360607147,0.564347820801822,0.4787483617547441
1,0.41907045861186526,0.40943193435668945,0.3198381107351478,0.2705987707401376,0.3600030541419983,0.33204397559165955,0.18482756614685059,0.4693630337715149,0.4304344502900436,0.3465221223922335
0,0.37075164815145406,0.5097644329071045,0.48940064149781276,0.4301055043152871,0.6038873791694641,0.39270052313804626,0.4647115170955658,0.4413035213947296,0.4854294080195989,0.4631088319349829
1,0.6028168165285617,0.6205158233642578,0.5963731228429978,0.6094357719500562,0.6425751447677612,0.8710829615592957,0.5711147785186768,0.6270116567611694,0.6682658901349268,0.6417466826779161
0,0.3916808210306536,0.18112127482891083,0.07654275107025062,0.1530866780121236,0.40164852142333984,0.22101937234401703,0.2609253525733948,0.33779555559158325,0.296077535147565,0.25432017707331084
0,0.5267318620913859,0.5574718713760376,0.35461838735400625,0.5342223427687193,0.48421451449394226,0.6755869388580322,0.48017439246177673,0.47609812021255493,0.5659117779406408,0.5114693837784309
0,0.5445024772763716,0.6039048433303833,0.41293616439154285,0.5852428251194346,0.7106343507766724,0.7076147198677063,0.6709684133529663,0.8248938918113708,0.646306459358543,0.633138810693652
1,0.5293846615241309,0.5200350880622864,0.48928587538639945,0.5101169027507523,0.4898403584957123,0.5528731346130371,0.488900750875473,0.4691029489040375,0.5668162242481233,0.5061898880326422
1,0.5293846615241309,0.5200350880622864,0.48928587538639945,0.5101169027507523,0.4898403584957123,0.5528731346130371,0.488900750875473,0.4691029489040375,0.5668162242481233,0.5061898880326422
1,0.5293846615241309,0.5200350880622864,0.48928587538639945,0.5101169027507523,0.4898403584957123,0.5528731346130371,0.488900750875473,0.4691029489040375,0.5668162242481233,0.5061898880326422
0,0.6861571052324683,0.8041173219680786,0.8728346939080937,0.828313901644873,0.6787225604057312,0.9003380537033081,0.7028006911277771,0.7918316125869751,0.8020704604272962,0.7819450034482676
1,0.4384227355856359,0.44486451148986816,0.12441479177160886,0.23204149947386307,0.3959144949913025,0.3239697217941284,0.3843521475791931,0.45120564103126526,0.45226083743956624,0.351334767552454
0,0.5240014632997818,0.5066693425178528,0.41075078531320813,0.523067982099587,0.46459218859672546,0.3024059236049652,0.3850853443145752,0.523726761341095,0.5487266496326123,0.4564431334601726
0,0.5613567944793167,0.5744490623474121,0.5761241960146535,0.5609217157877313,0.602714478969574,0.6126580834388733,0.5233199000358582,0.5853214263916016,0.625712849278295,0.5744972637288289
0,0.6028168165285617,0.6205158233642578,0.5963731228429978,0.6094357719500562,0.6425751447677612,0.8710829615592957,0.5711147785186768,0.6270116567611694,0.6682658901349268,0.6417466826779161
1,0.5918036409328689,0.7074440717697144,0.7430899095140052,0.7174594960400698,0.6686999201774597,0.8254027962684631,0.687505304813385,0.6813182234764099,0.7217261770587168,0.7017838847988269
0,0.5232940746280708,0.5169488191604614,0.5327393186543029,0.5380410273111982,0.5124582648277283,0.6404968500137329,0.5824108719825745,0.5927086472511292,0.5851309757854047,0.5543078387874112
1,0.6017776975900613,0.5899490118026733,0.7345093053534096,0.7042447737080811,0.6444491744041443,0.4643097519874573,0.5803670287132263,0.5968543291091919,0.6678130399964118,0.6145375290005819
0,0.6028168165285617,0.6205158233642578,0.5963731228429978,0.6094357719500562,0.6425751447677612,0.8710829615592957,0.5711147785186768,0.6270116567611694,0.6682658901349268,0.6417466826779161
0,0.5240014632997818,0.5066693425178528,0.41075078531320813,0.523067982099587,0.46459218859672546,0.3024059236049652,0.3850853443145752,0.523726761341095,0.5487266496326123,0.4564431334601726
0,0.356074685237344,0.3640543818473816,0.3862592389309425,0.32318637380059656,0.43563181161880493,0.42408663034439087,0.37323153018951416,0.4142976999282837,0.39501318740056623,0.38434205492206786
0,0.6222307863136672,0.6537028551101685,0.825017941414192,0.772310218957901,0.7079773545265198,0.6728515625,0.6803429126739502,0.5394750833511353,0.7079985346453412,0.6832817486614889
0,0.5240014632997818,0.5066693425178528,0.41075078531320813,0.523067982099587,0.46459218859672546,0.3024059236049652,0.3850853443145752,0.523726761341095,0.5487266496326123,0.4564431334601726
0,0.4938006558185099,0.3845069408416748,0.4171551881832478,0.26428017296096074,0.45514607429504395,0.3043365180492401,0.467580109834671,0.3470240533351898,0.47794265797523194,0.39219704648731546
0,0.5828697037138729,0.35777631402015686,0.5515748351332486,0.4813232285872519,0.6440784931182861,0.6359514594078064,0.5604560375213623,0.6540771126747131,0.5477809476690721,0.5575935835879118
0,0.2586221775671207,0.04593513533473015,0.027958866119815278,0.021953537318728244,0.030929354950785637,0.13469035923480988,0.24833673238754272,0.45860549807548523,0.21160996155808404,0.1537332182669811
0,0.3742291925617489,0.061455219984054565,0.0032457629116921633,0.07839504096266638,0.38627883791923523,0.04209579527378082,0.2206977903842926,0.20945359766483307,0.23164914946756915,0.17375853784346743
0,0.5334221857390121,0.3080923855304718,0.39545237640796277,0.4273760201256123,0.48296502232551575,0.4888526499271393,0.5254600644111633,0.5879950523376465,0.47954535142120097,0.4684963138040469
0,0.45502261585174947,0.4019794166088104,0.3755925251077655,0.3791511670176808,0.34967049956321716,0.5114912390708923,0.31374892592430115,0.4372404217720032,0.4520122535135454,0.4028361325323564
0,0.6132341449291218,0.5894278287887573,0.7565910573632529,0.6380596551278422,0.6160738468170166,0.763542115688324,0.5929392576217651,0.6184500455856323,0.676567238363503,0.6471591519726096
0,0.6132341449291218,0.5894278287887573,0.7565910573632529,0.6380596551278422,0.6160738468170166,0.763542115688324,0.5929392576217651,0.6184500455856323,0.676567238363503,0.6471591519726096
0,0.15400754808217063,0.05716687813401222,0.01371949155677993,0.048844169794151786,0.020423907786607742,0.047472380101680756,0.03540108725428581,0.05316166579723358,0.14932534288095864,0.05427559636193856
0,0.14857472910898517,0.060964684933423996,0.0015520674951302893,0.036600827253254996,0.03923555836081505,0.040293674916028976,0.16223454475402832,0.21171897649765015,0.16276180555409403,0.08822376044944563
0,0.14857472910898517,0.060964684933423996,0.0015520674951302893,0.036600827253254996,0.03923555836081505,0.040293674916028976,0.16223454475402832,0.21171897649765015,0.16276180555409403,0.08822376044944563
0,0.14857472910898517,0.060964684933423996,0.0015520674951302893,0.036600827253254996,0.03923555836081505,0.040293674916028976,0.16223454475402832,0.21171897649765015,0.16276180555409403,0.08822376044944563
0,0.14857472910898517,0.060964684933423996,0.0015520674951302893,0.036600827253254996,0.03923555836081505,0.040293674916028976,0.16223454475402832,0.21171897649765015,0.16276180555409403,0.08822376044944563
0,0.16037323594507888,0.0676194503903389,0.0028181467373582284,0.047174260937031205,0.046069055795669556,0.0509219765663147,0.05086013674736023,0.1009645089507103,0.15591728671723934,0.0665050759964703
0,0.1988527141783487,0.08894404768943787,0.04134204112620677,0.10281928703595768,0.10090591013431549,0.12198853492736816,0.058403924107551575,0.14099957048892975,0.17456483918524476,0.1072931897477587
0,0.16037323594507888,0.0676194503903389,0.0028181467373582284,0.047174260937031205,0.046069055795669556,0.0509219765663147,0.05086013674736023,0.1009645089507103,0.15591728671723934,0.0665050759964703
0,0.1988527141783487,0.08894404768943787,0.04134204112620677,0.10281928703595768,0.10090591013431549,0.12198853492736816,0.058403924107551575,0.14099957048892975,0.17456483918524476,0.1072931897477587
0,0.1988527141783487,0.08894404768943787,0.04134204112620677,0.10281928703595768,0.10090591013431549,0.12198853492736816,0.058403924107551575,0.14099957048892975,0.17456483918524476,0.1072931897477587
0,0.1988527141783487,0.08894404768943787,0.04134204112620677,0.10281928703595768,0.10090591013431549,0.12198853492736816,0.058403924107551575,0.14099957048892975,0.17456483918524476,0.1072931897477587
0,0.16037323594507888,0.0676194503903389,0.0028181467373582284,0.047174260937031205,0.046069055795669556,0.0509219765663147,0.05086013674736023,0.1009645089507103,0.15591728671723934,0.0665050759964703
0,0.1988527141783487,0.08894404768943787,0.04134204112620677,0.10281928703595768,0.10090591013431549,0.12198853492736816,0.058403924107551575,0.14099957048892975,0.17456483918524476,0.1072931897477587
0,0.16037323594507888,0.0676194503903389,0.0028181467373582284,0.047174260937031205,0.046069055795669556,0.0509219765663147,0.05086013674736023,0.1009645089507103,0.15591728671723934,0.0665050759964703
0,0.1988527141783487,0.08894404768943787,0.04134204112620677,0.10281928703595768,0.10090591013431549,0.12198853492736816,0.058403924107551575,0.14099957048892975,0.17456483918524476,0.1072931897477587
0,0.1988527141783487,0.08894404768943787,0.04134204112620677,0.10281928703595768,0.10090591013431549,0.12198853492736816,0.058403924107551575,0.14099957048892975,0.17456483918524476,0.1072931897477587
0,0.1988527141783487,0.08894404768943787,0.04134204112620677,0.10281928703595768,0.10090591013431549,0.12198853492736816,0.058403924107551575,0.14099957048892975,0.17456483918524476,0.1072931897477587
0,0.1988527141783487,0.08894404768943787,0.04134204112620677,0.10281928703595768,0.10090591013431549,0.12198853492736816,0.058403924107551575,0.14099957048892975,0.17456483918524476,0.1072931897477587
0,0.1988527141783487,0.08894404768943787,0.04134204112620677,0.10281928703595768,0.10090591013431549,0.12198853492736816,0.058403924107551575,0.14099957048892975,0.17456483918524476,0.1072931897477587
0,0.1988527141783487,0.08894404768943787,0.04134204112620677,0.10281928703595768,0.10090591013431549,0.12198853492736816,0.058403924107551575,0.14099957048892975,0.17456483918524476,0.1072931897477587
0,0.1988527141783487,0.08894404768943787,0.04134204112620677,0.10281928703595768,0.10090591013431549,0.12198853492736816,0.058403924107551575,0.14099957048892975,0.17456483918524476,0.1072931897477587
0,0.1988527141783487,0.08894404768943787,0.04134204112620677,0.10281928703595768,0.10090591013431549,0.12198853492736816,0.058403924107551575,0.14099957048892975,0.17456483918524476,0.1072931897477587
0,0.1988527141783487,0.08894404768943787,0.04134204112620677,0.10281928703595768,0.10090591013431549,0.12198853492736816,0.058403924107551575,0.14099957048892975,0.17456483918524476,0.1072931897477587
0,0.1988527141783487,0.08894404768943787,0.04134204112620677,0.10281928703595768,0.10090591013431549,0.12198853492736816,0.058403924107551575,0.14099957048892975,0.17456483918524476,0.1072931897477587
0,0.1988527141783487,0.08894404768943787,0.04134204112620677,0.10281928703595768,0.10090591013431549,0.12198853492736816,0.058403924107551575,0.14099957048892975,0.17456483918524476,0.1072931897477587
0,0.1988527141783487,0.08894404768943787,0.04134204112620677,0.10281928703595768,0.10090591013431549,0.12198853492736816,0.058403924107551575,0.14099957048892975,0.17456483918524476,0.1072931897477587
0,0.1988527141783487,0.08894404768943787,0.04134204112620677,0.10281928703595768,0.10090591013431549,0.12198853492736816,0.058403924107551575,0.14099957048892975,0.17456483918524476,0.1072931897477587
0,0.1988527141783487,0.08894404768943787,0.04134204112620677,0.10281928703595768,0.10090591013431549,0.12198853492736816,0.058403924107551575,0.14099957048892975,0.17456483918524476,0.1072931897477587
0,0.1988527141783487,0.08894404768943787,0.04134204112620677,0.10281928703595768,0.10090591013431549,0.12198853492736816,0.058403924107551575,0.14099957048892975,0.17456483918524476,0.1072931897477587
0,0.1988527141783487,0.08894404768943787,0.04134204112620677,0.10281928703595768,0.10090591013431549,0.12198853492736816,0.058403924107551575,0.14099957048892975,0.17456483918524476,0.1072931897477587
0,0.1988527141783487,0.08894404768943787,0.04134204112620677,0.10281928703595768,0.10090591013431549,0.12198853492736816,0.058403924107551575,0.14099957048892975,0.17456483918524476,0.1072931897477587
0,0.1988527141783487,0.08894404768943787,0.04134204112620677,0.10281928703595768,0.10090591013431549,0.12198853492736816,0.058403924107551575,0.14099957048892975,0.17456483918524476,0.1072931897477587
0,0.1988527141783487,0.08894404768943787,0.04134204112620677,0.10281928703595768,0.10090591013431549,0.12198853492736816,0.058403924107551575,0.14099957048892975,0.17456483918524476,0.1072931897477587
0,0.16037323594507888,0.0676194503903389,0.0028181467373582284,0.047174260937031205,0.046069055795669556,0.0509219765663147,0.05086013674736023,0.1009645089507103,0.15591728671723934,0.0665050759964703
0,0.16037323594507888,0.0676194503903389,0.0028181467373582284,0.047174260937031205,0.046069055795669556,0.0509219765663147,0.05086013674736023,0.1009645089507103,0.15591728671723934,0.0665050759964703
0,0.5721485059724799,0.3905198276042938,0.16102983499543544,0.4312480104544529,0.7170959711074829,0.5142523050308228,0.543499231338501,0.7257235646247864,0.5243125120118923,0.5086907224538558
0,0.20443298206663932,0.11894930899143219,0.05180193962017254,0.09951881272661992,0.06506651639938354,0.008433296345174313,0.1615496277809143,0.07229004800319672,0.18763289477635345,0.09863574452401142
0,0.36411831472004735,0.24380841851234436,0.1457072147279059,0.2985404432271436,0.3474159836769104,0.2199983149766922,0.3105456531047821,0.14214235544204712,0.2987178581850528,0.2600620705179358
0,0.5721485059724799,0.3905198276042938,0.16102983499543544,0.4312480104544529,0.7170959711074829,0.5142523050308228,0.543499231338501,0.7257235646247864,0.5243125120118923,0.5086907224538558
0,0.5721485059724799,0.3905198276042938,0.16102983499543544,0.4312480104544529,0.7170959711074829,0.5142523050308228,0.543499231338501,0.7257235646247864,0.5243125120118923,0.5086907224538558
0,0.6050465404338357,0.2405240684747696,0.13668562364901488,0.4326320032193295,0.6752618551254272,0.3242034614086151,0.4675324857234955,0.4472695291042328,0.4360225948807311,0.41810489811528095
0,0.21283981575101343,0.16171978414058685,0.005897826135268761,0.05362831720024504,0.09479674696922302,0.005201762542128563,0.16793246567249298,0.02266804315149784,0.19770531099624764,0.09191545874934937
0,0.21283981575101343,0.16171978414058685,0.005897826135268761,0.05362831720024504,0.09479674696922302,0.005201762542128563,0.16793246567249298,0.02266804315149784,0.19770531099624764,0.09191545874934937
0,0.21283981575101343,0.16171978414058685,0.005897826135268761,0.05362831720024504,0.09479674696922302,0.005201762542128563,0.16793246567249298,0.02266804315149784,0.19770531099624764,0.09191545874934937
0,0.2892149740422514,0.19546228647232056,0.033914343674676675,0.14001859603349576,0.28140494227409363,0.06262554973363876,0.3099598288536072,0.3908449113368988,0.2684769526302288,0.2146544862796481
0,0.20443298206663932,0.11894930899143219,0.05180193962017254,0.09951881272661992,0.06506651639938354,0.008433296345174313,0.1615496277809143,0.07229004800319672,0.18763289477635345,0.09863574452401142
0,0.20443298206663932,0.11894930899143219,0.05180193962017254,0.09951881272661992,0.06506651639938354,0.008433296345174313,0.1615496277809143,0.07229004800319672,0.18763289477635345,0.09863574452401142
0,0.20003484179843142,0.013289747759699821,0.003674331236976584,0.006955101653289179,0.03765721619129181,0.002005688613280654,0.12167246639728546,0.01126261055469513,0.1525287594567517,0.05016722970818238
0,0.3482089862610479,0.12318599969148636,0.10444045748528649,0.13234213563934358,0.5286617279052734,0.15495137870311737,0.40465572476387024,0.6551334261894226,0.29644732935434137,0.3077581908995254
0,0.1369581405935424,0.07137934863567352,0.007764721871901568,0.05759401994872576,0.09418483823537827,0.010418313555419445,0.12999017536640167,0.03878193348646164,0.15158512935405719,0.06910595790165193
0,0.4637760980134384,0.3917537033557892,0.12840666263552925,0.3856429255705101,0.6271372437477112,0.3216207027435303,0.48077166080474854,0.5235098004341125,0.4484555714050761,0.41748955324488074
0,0.2892149740422514,0.19546228647232056,0.033914343674676675,0.14001859603349576,0.28140494227409363,0.06262554973363876,0.3099598288536072,0.3908449113368988,0.2684769526302288,0.2146544862796481
0,0.3482089862610479,0.12318599969148636,0.10444045748528649,0.13234213563934358,0.5286617279052734,0.15495137870311737,0.40465572476387024,0.6551334261894226,0.29644732935434137,0.3077581908995254
0,0.20443298206663932,0.11894930899143219,0.05180193962017254,0.09951881272661992,0.06506651639938354,0.008433296345174313,0.1615496277809143,0.07229004800319672,0.18763289477635345,0.09863574452401142
0,0.20443298206663932,0.11894930899143219,0.05180193962017254,0.09951881272661992,0.06506651639938354,0.008433296345174313,0.1615496277809143,0.07229004800319672,0.18763289477635345,0.09863574452401142
0,0.20443298206663932,0.11894930899143219,0.05180193962017254,0.09951881272661992,0.06506651639938354,0.008433296345174313,0.1615496277809143,0.07229004800319672,0.18763289477635345,0.09863574452401142
0,0.1369581405935424,0.07137934863567352,0.007764721871901568,0.05759401994872576,0.09418483823537827,0.010418313555419445,0.12999017536640167,0.03878193348646164,0.15158512935405719,0.06910595790165193
0,0.2892149740422514,0.19546228647232056,0.033914343674676675,0.14001859603349576,0.28140494227409363,0.06262554973363876,0.3099598288536072,0.3908449113368988,0.2684769526302288,0.2146544862796481
0,0.20443298206663932,0.11894930899143219,0.05180193962017254,0.09951881272661992,0.06506651639938354,0.008433296345174313,0.1615496277809143,0.07229004800319672,0.18763289477635345,0.09863574452401142
0,0.2892149740422514,0.19546228647232056,0.033914343674676675,0.14001859603349576,0.28140494227409363,0.06262554973363876,0.3099598288536072,0.3908449113368988,0.2684769526302288,0.2146544862796481
0,0.16246660508809885,0.08887585997581482,0.01872638296621933,0.06667894761153755,0.10259543359279633,0.003965866286307573,0.12028951942920685,0.022134901955723763,0.1614750050090555,0.07408191683910115
0,0.3294230095912117,0.19248910248279572,0.04223902437528076,0.18908988053341155,0.3124438226222992,0.028300322592258453,0.26272183656692505,0.2987211048603058,0.27139669273478506,0.20892868238326484
0,0.20443298206663932,0.11894930899143219,0.05180193962017254,0.09951881272661992,0.06506651639938354,0.008433296345174313,0.1615496277809143,0.07229004800319672,0.18763289477635345,0.09863574452401142
0,0.20443298206663932,0.11894930899143219,0.05180193962017254,0.09951881272661992,0.06506651639938354,0.008433296345174313,0.1615496277809143,0.07229004800319672,0.18763289477635345,0.09863574452401142
0,0.5828697037138729,0.35777631402015686,0.5515748351332486,0.4813232285872519,0.6440784931182861,0.6359514594078064,0.5604560375213623,0.6540771126747131,0.5477809476690721,0.5575935835879118
1,0.5828697037138729,0.35777631402015686,0.5515748351332486,0.4813232285872519,0.6440784931182861,0.6359514594078064,0.5604560375213623,0.6540771126747131,0.5477809476690721,0.5575935835879118
0,0.14316860767170714,0.05360190570354462,0.0016840077291328485,0.055533355053030795,0.022170547395944595,0.0508873425424099,0.008920797146856785,0.054104819893836975,0.14393168319833585,0.04928684280304321
0,0.14316860767170714,0.05360190570354462,0.0016840077291328485,0.055533355053030795,0.022170547395944595,0.0508873425424099,0.008920797146856785,0.054104819893836975,0.14393168319833585,0.04928684280304321
0,0.14316860767170714,0.05360190570354462,0.0016840077291328485,0.055533355053030795,0.022170547395944595,0.0508873425424099,0.008920797146856785,0.054104819893836975,0.14393168319833585,0.04928684280304321
0,0.14316860767170714,0.05360190570354462,0.0016840077291328485,0.055533355053030795,0.022170547395944595,0.0508873425424099,0.008920797146856785,0.054104819893836975,0.14393168319833585,0.04928684280304321
0,0.14316860767170714,0.05360190570354462,0.0016840077291328485,0.055533355053030795,0.022170547395944595,0.0508873425424099,0.008920797146856785,0.054104819893836975,0.14393168319833585,0.04928684280304321
0,0.14316860767170714,0.05360190570354462,0.0016840077291328485,0.055533355053030795,0.022170547395944595,0.0508873425424099,0.008920797146856785,0.054104819893836975,0.14393168319833585,0.04928684280304321
0,0.14316860767170714,0.05360190570354462,0.0016840077291328485,0.055533355053030795,0.022170547395944595,0.0508873425424099,0.008920797146856785,0.054104819893836975,0.14393168319833585,0.04928684280304321
0,0.14316860767170714,0.05360190570354462,0.0016840077291328485,0.055533355053030795,0.022170547395944595,0.0508873425424099,0.008920797146856785,0.054104819893836975,0.14393168319833585,0.04928684280304321
0,0.14316860767170714,0.05360190570354462,0.0016840077291328485,0.055533355053030795,0.022170547395944595,0.0508873425424099,0.008920797146856785,0.054104819893836975,0.14393168319833585,0.04928684280304321
0,0.14316860767170714,0.05360190570354462,0.0016840077291328485,0.055533355053030795,0.022170547395944595,0.0508873425424099,0.008920797146856785,0.054104819893836975,0.14393168319833585,0.04928684280304321
0,0.1411153304513115,0.03612349554896355,0.0012365111981559654,0.013625269316529172,0.018599972128868103,0.04907950013875961,0.005760339088737965,0.020138073712587357,0.13850285342106602,0.0361293036168448
0,0.16037323594507888,0.0676194503903389,0.0028181467373582284,0.047174260937031205,0.046069055795669556,0.0509219765663147,0.05086013674736023,0.1009645089507103,0.15591728671723934,0.0665050759964703
0,0.21763474991354273,0.20845645666122437,0.03727843379965534,0.21192101459652693,0.2815113365650177,0.25170812010765076,0.15488626062870026,0.20991411805152893,0.22042783578091227,0.19752865997642283
1,0.3974817561290848,0.3358061909675598,0.5317150130716344,0.4407346135671186,0.07764411717653275,0.19175468385219574,0.2555546462535858,0.2109132707118988,0.3880642952175272,0.30464048706883723
0,0.2167746456051525,0.08549347519874573,0.02567711554027345,0.05612955868242774,0.06750600785017014,0.03658805415034294,0.03540230169892311,0.1997383087873459,0.1817360786491495,0.09136144710242544
0,0.20565773314306732,0.18012985587120056,0.014347942259114505,0.13329161129772174,0.19143567979335785,0.08936061710119247,0.13448691368103027,0.3207109570503235,0.21603623004111808,0.16004473916651146
0,0.20565773314306732,0.18012985587120056,0.014347942259114505,0.13329161129772174,0.19143567979335785,0.08936061710119247,0.13448691368103027,0.3207109570503235,0.21603623004111808,0.16004473916651146
1,0.6861572422424993,0.6948273777961731,0.8628791767790609,0.7220814275698161,0.6492941975593567,0.8359277844429016,0.8988537192344666,0.5189613103866577,0.7637599850280442,0.7318697175804871
0,0.5550392615512324,0.5476610660552979,0.6970963014421909,0.41924164483546233,0.5738207101821899,0.6440003514289856,0.8137319684028625,0.40481066703796387,0.6359045606465092,0.5805063659357048
1,0.7215261855605479,0.8510600924491882,0.9081115540842056,0.8211620795738607,0.8066679835319519,0.9214479923248291,0.9367600083351135,0.6812161803245544,0.8328796230044513,0.8297940002562377
1,0.7215261855605479,0.8510600924491882,0.9081115540842056,0.8211620795738607,0.8066679835319519,0.9214479923248291,0.9367600083351135,0.6812161803245544,0.8328796230044513,0.8297940002562377
0,0.7234630765942717,0.8570905327796936,0.9173457543532905,0.8676028947736504,0.914021909236908,0.9408952593803406,0.979901909828186,0.8349535465240479,0.8443184022745555,0.8783454414776641
1,0.782145575165681,0.9080191850662231,0.9452167192428869,0.9284702910326468,0.9562984704971313,0.9739835858345032,0.9775364398956299,0.9049361348152161,0.8727315241227672,0.9212677637285421
1,0.782145575165681,0.9080191850662231,0.9452167192428869,0.9284702910326468,0.9562984704971313,0.9739835858345032,0.9775364398956299,0.9049361348152161,0.8727315241227672,0.9212677637285421
0,0.782145575165681,0.9080191850662231,0.9452167192428869,0.9284702910326468,0.9562984704971313,0.9739835858345032,0.9775364398956299,0.9049361348152161,0.8727315241227672,0.9212677637285421
0,0.782145575165681,0.9080191850662231,0.9452167192428869,0.9284702910326468,0.9562984704971313,0.9739835858345032,0.9775364398956299,0.9049361348152161,0.8727315241227672,0.9212677637285421
0,0.28548833091405135,0.20408208668231964,0.061478982904451904,0.06128324002133346,0.11030381917953491,0.38510194420814514,0.34268617630004883,0.3824750483036041,0.27447104248622073,0.229078098710909
0,0.23317969471921593,0.22468425333499908,0.036362729536562825,0.15145216695479632,0.23540234565734863,0.2771754562854767,0.1940680891275406,0.4829047620296478,0.25525499338932284,0.2302813213468379
0,0.3192180722731266,0.3329378664493561,0.21341633465294338,0.23597262583750592,0.29902082681655884,0.48178914189338684,0.3128317892551422,0.33821171522140503,0.3390813073192089,0.31654511510868855
0,0.417874225712379,0.48291850090026855,0.5977399061705031,0.4416832830383591,0.5506158471107483,0.6261249780654907,0.49114641547203064,0.4726963937282562,0.5098334464180257,0.5088397495200456
0,0.1884162740946826,0.16763947904109955,0.022076712650304902,0.13338491936196395,0.20068131387233734,0.054713521152734756,0.2128085494041443,0.3280683755874634,0.2125844215835632,0.16478502178926038
0,0.28986568531364465,0.26852473616600037,0.4677760720066838,0.30397321850190656,0.2470027655363083,0.16896264255046844,0.15881603956222534,0.1898665577173233,0.3011799765710708,0.26137534351653846
0,0.4574737160557759,0.5407093167304993,0.8029787857378144,0.5496017877987677,0.6951525807380676,0.5540055632591248,0.693099319934845,0.44902682304382324,0.588508755629322,0.591234347491388
1,0.7215261855605479,0.8510600924491882,0.9081115540842056,0.8211620795738607,0.8066679835319519,0.9214479923248291,0.9367600083351135,0.6812161803245544,0.8328796230044513,0.8297940002562377
1,0.782145575165681,0.9080191850662231,0.9452167192428869,0.9284702910326468,0.9562984704971313,0.9739835858345032,0.9775364398956299,0.9049361348152161,0.8727315241227672,0.9212677637285421
0,0.21763474991354273,0.20845645666122437,0.03727843379965534,0.21192101459652693,0.2815113365650177,0.25170812010765076,0.15488626062870026,0.20991411805152893,0.22042783578091227,0.19752865997642283
0,0.21763474991354273,0.20845645666122437,0.03727843379965534,0.21192101459652693,0.2815113365650177,0.25170812010765076,0.15488626062870026,0.20991411805152893,0.22042783578091227,0.19752865997642283
0,0.21763474991354273,0.20845645666122437,0.03727843379965534,0.21192101459652693,0.2815113365650177,0.25170812010765076,0.15488626062870026,0.20991411805152893,0.22042783578091227,0.19752865997642283
0,0.29104468376589887,0.2918994426727295,0.20014830061060263,0.25739309011617084,0.3392139971256256,0.39640873670578003,0.22931799292564392,0.47428926825523376,0.3143938617502488,0.31019636370070613
0,0.4651248521531197,0.5276111960411072,0.7583192927957039,0.5340735935637544,0.6728612780570984,0.6130344271659851,0.4590916037559509,0.4620749354362488,0.5621432486548946,0.5601232143299519
0,0.782145575165681,0.9080191850662231,0.9452167192428869,0.9284702910326468,0.9562984704971313,0.9739835858345032,0.9775364398956299,0.9049361348152161,0.8727315241227672,0.9212677637285421
0,0.25472199786678784,0.10205337405204773,0.19084498523746934,0.12962553309168312,0.025876300409436226,0.11071532964706421,0.03450425714254379,0.21358998119831085,0.2078535345273771,0.13273268332659072
0,0.25472199786678784,0.10205337405204773,0.19084498523746934,0.12962553309168312,0.025876300409436226,0.11071532964706421,0.03450425714254379,0.21358998119831085,0.2078535345273771,0.13273268332659072
0,0.25472199786678784,0.10205337405204773,0.19084498523746934,0.12962553309168312,0.025876300409436226,0.11071532964706421,0.03450425714254379,0.21358998119831085,0.2078535345273771,0.13273268332659072
0,0.5024503192245909,0.516528308391571,0.44424103249953784,0.3592631639322638,0.5568868517875671,0.7913967967033386,0.30880168080329895,0.617537260055542,0.5485133058969915,0.5115751159811349
0,0.5171437161052923,0.5640321969985962,0.27584638364896497,0.43827713958194464,0.3849802017211914,0.2587328255176544,0.5220389366149902,0.48109492659568787,0.5697385962318149,0.43243374902238996
0,0.27672719966462594,0.12430629134178162,0.018006814596413196,0.016855104987882782,0.279521644115448,0.31102192401885986,0.3244887590408325,0.13851524889469147,0.22184060093352018,0.18644721546672538
0,0.5595321217847351,0.5543323159217834,0.42294508837010314,0.4785269528762555,0.5827627182006836,0.7811371088027954,0.5157122611999512,0.594933271408081,0.6016942914735876,0.5610498392402496
0,0.5595321217847351,0.5543323159217834,0.42294508837010314,0.4785269528762555,0.5827627182006836,0.7811371088027954,0.5157122611999512,0.594933271408081,0.6016942914735876,0.5610498392402496
0,0.4429709045681339,0.5390641689300537,0.5474263906810872,0.42426996889092233,0.6469957828521729,0.5407759547233582,0.7390827536582947,0.47709810733795166,0.5659916616664907,0.544291327858671
0,0.4786880556166128,0.5870340466499329,0.7907732140397007,0.6068283242956128,0.7161840200424194,0.6274230480194092,0.8075112700462341,0.5307325720787048,0.6318898766534277,0.6416466482841187
0,0.44236559328724323,0.37013155221939087,0.29158771397675926,0.2864145905297983,0.4343557357788086,0.6019296050071716,0.2391037791967392,0.4672509729862213,0.42060178320056624,0.3915446160916357
0,0.5171437161052923,0.5640321969985962,0.27584638364896497,0.43827713958194464,0.3849802017211914,0.2587328255176544,0.5220389366149902,0.48109492659568787,0.5697385962318149,0.43243374902238996
0,0.6066038055753962,0.3236275017261505,0.07124120219626193,0.3402651761739273,0.41396188735961914,0.4401550590991974,0.3419373035430908,0.43312233686447144,0.459494930851964,0.37318314470022235
0,0.5289156144511378,0.24183723330497742,0.1364482127841813,0.33324418578998927,0.29181647300720215,0.2524733245372772,0.21228496730327606,0.34928733110427856,0.37709364209954443,0.2948310488216042
0,0.397286413691194,0.27879416942596436,0.2114430682716441,0.3435299890829932,0.31721386313438416,0.2429443746805191,0.39803770184516907,0.41262099146842957,0.36272921161237554,0.32611537969124127
0,0.397286413691194,0.27879416942596436,0.2114430682716441,0.3435299890829932,0.31721386313438416,0.2429443746805191,0.39803770184516907,0.41262099146842957,0.36272921161237554,0.32611537969124127
0,0.23025551272172148,0.10342853516340256,0.003192211693633716,0.04521084437777112,0.07988792657852173,0.07372044026851654,0.1331598162651062,0.27517834305763245,0.19937132580410638,0.11899462833798188
1,0.23025551272172148,0.10342853516340256,0.003192211693633716,0.04521084437777112,0.07988792657852173,0.07372044026851654,0.1331598162651062,0.27517834305763245,0.19937132580410638,0.11899462833798188
0,0.3721889063633508,0.1211869865655899,0.259592742668478,0.1371736129957162,0.33388781547546387,0.6441607475280762,0.32148247957229614,0.5596736073493958,0.3010394519019816,0.34201531203350954
0,0.3804022519403659,0.31332919001579285,0.43045980796232275,0.259375571202126,0.23208345472812653,0.38142308592796326,0.220097154378891,0.35683104395866394,0.3740722146545397,0.321051110139438
0,0.2076809027821745,0.09683111310005188,0.04745275400522828,0.09087918644840572,0.16159383952617645,0.03190186619758606,0.1326267570257187,0.21351173520088196,0.18861170486806106,0.12377775503986932
0,0.3294685870617874,0.1602693498134613,0.06759590687588367,0.1339616822986802,0.282377690076828,0.41304105520248413,0.2624260485172272,0.4683085083961487,0.2731231167115649,0.264871000985907
0,0.23018332374753858,0.11062944680452347,0.033661432316129045,0.15317526247204144,0.10029254108667374,0.11908023059368134,0.09063789248466492,0.21514326333999634,0.19425343028198636,0.13237566429963996
0,0.33141102945527023,0.37781137228012085,0.10847737334248025,0.18418780415137403,0.22918030619621277,0.049702681601047516,0.381724089384079,0.3199174404144287,0.36439334259754125,0.24996028367078482
0,0.7041017330461918,0.6650087237358093,0.4597354834864286,0.6718063258121889,0.8131558895111084,0.6807101368904114,0.7653903961181641,0.6708703637123108,0.731309344966783,0.6800701384326606
0,0.714524471839121,0.6589884757995605,0.5894205168792903,0.5590356992452961,0.8102594614028931,0.91414475440979,0.7202112078666687,0.7221015095710754,0.7457498465873222,0.710745626345069
0,0.714524471839121,0.6589884757995605,0.5894205168792903,0.5590356992452961,0.8102594614028931,0.91414475440979,0.7202112078666687,0.7221015095710754,0.7457498465873222,0.710745626345069
1,0.669945061004864,0.5049526691436768,0.3625689054681024,0.27765229552108334,0.7293059825897217,0.871127724647522,0.6798954010009766,0.7302609086036682,0.6551954482026094,0.603156672557541
0,0.23018332374753858,0.11062944680452347,0.033661432316129045,0.15317526247204144,0.10029254108667374,0.11908023059368134,0.09063789248466492,0.21514326333999634,0.19425343028198636,0.13237566429963996
0,0.2330597945585966,0.0829305350780487,0.032335383898033664,0.11121864310240515,0.06956902146339417,0.19350332021713257,0.1413506120443344,0.18953634798526764,0.18883776326026425,0.13193316667018928
0,0.23018332374753858,0.11062944680452347,0.033661432316129045,0.15317526247204144,0.10029254108667374,0.11908023059368134,0.09063789248466492,0.21514326333999634,0.19425343028198636,0.13237566429963996
0,0.23018332374753858,0.11062944680452347,0.033661432316129045,0.15317526247204144,0.10029254108667374,0.11908023059368134,0.09063789248466492,0.21514326333999634,0.19425343028198636,0.13237566429963996
0,0.29820388064409403,0.06332803517580032,0.06855913963174254,0.06348053312496857,0.11845822632312775,0.007896238006651402,0.1545381247997284,0.22347809374332428,0.2108896815278892,0.12573732929540438
0,0.20094589474609525,0.045597802847623825,0.015698850760059536,0.03385218888306026,0.010738196782767773,0.017798513174057007,0.0016344875330105424,0.049082595854997635,0.15709742517744976,0.04762850385344745
0,0.37835948073337866,0.4335344135761261,0.3528415759435031,0.4967265547847274,0.38973134756088257,0.26851919293403625,0.4177267551422119,0.38926854729652405,0.43048258874325546,0.3916833287453932
0,0.38779882402969,0.2851155996322632,0.21756629775010947,0.3552377702343107,0.2292294055223465,0.1591230034828186,0.26300048828125,0.4018268585205078,0.3508759994811737,0.2885282886216363
0,0.3787285487936345,0.21810458600521088,0.09916608321076466,0.1360427270732661,0.14142504334449768,0.1269071102142334,0.10808458179235458,0.18522405624389648,0.2863852723143317,0.1755757484109282
0,0.45701061186555786,0.2979060113430023,0.48061620399576616,0.5216525435481313,0.3002185821533203,0.5512048006057739,0.3689001500606537,0.4483315944671631,0.4169559551022353,0.42689239936077034
0,0.24079896277658805,0.13153107464313507,0.04953361855046489,0.10556880418559181,0.2629605233669281,0.23856745660305023,0.16125988960266113,0.399347722530365,0.22080370253820122,0.19930200097752998
0,0.24079896277658805,0.13153107464313507,0.04953361855046489,0.10556880418559181,0.2629605233669281,0.23856745660305023,0.16125988960266113,0.399347722530365,0.22080370253820122,0.19930200097752998
0,0.2328853664179647,0.11646672338247299,0.07633502739209742,0.13351234791003644,0.1700160801410675,0.0851399153470993,0.1649966537952423,0.19711196422576904,0.2032823420815212,0.14782422000937176
0,0.29646379503158676,0.15645860135555267,0.09117949575757396,0.12412022557692415,0.18975263833999634,0.02558101713657379,0.16430874168872833,0.27080264687538147,0.2442307658250926,0.16619643554985333
0,0.35463321153621835,0.133368119597435,0.04493771512147955,0.1449843778343361,0.3342922627925873,0.30242908000946045,0.06653128564357758,0.3286955952644348,0.24705688313309068,0.2146413773779567
0,0.35463321153621835,0.133368119597435,0.04493771512147955,0.1449843778343361,0.3342922627925873,0.30242908000946045,0.06653128564357758,0.3286955952644348,0.24705688313309068,0.2146413773779567
1,0.35463321153621835,0.133368119597435,0.04493771512147955,0.1449843778343361,0.3342922627925873,0.30242908000946045,0.06653128564357758,0.3286955952644348,0.24705688313309068,0.2146413773779567
0,0.4296694244799719,0.3354956805706024,0.1673650524060222,0.3202986737266052,0.5509390234947205,0.4132446348667145,0.6681944727897644,0.43798744678497314,0.42081662870656894,0.41629369195683325
1,0.6264551323625487,0.33440107107162476,0.562092401374458,0.4070635320981988,0.44673284888267517,0.28244179487228394,0.82488614320755,0.4693860709667206,0.5727843892692569,0.4939946442854397
0,0.2763046152241987,0.12649528682231903,0.03666582659483497,0.13398271198740724,0.1934395134449005,0.10057508945465088,0.11422025412321091,0.2500351369380951,0.21762829043945459,0.15514772769407467
0,0.3303500906061481,0.1762840896844864,0.06383792677587205,0.10919994981371599,0.20652423799037933,0.1779055893421173,0.10154887288808823,0.33560967445373535,0.26078004522729614,0.18883574863402613
0,0.20103508428309677,0.22717471420764923,0.11579050789401324,0.43621129128674696,0.02139960788190365,0.008195553906261921,0.004382492508739233,0.07116850465536118,0.20583332165605,0.13690025195831318
0,0.21699798758175118,0.06316213309764862,0.012876417139894895,0.05362158538128168,0.03974428400397301,0.034250956028699875,0.006372154224663973,0.15646962821483612,0.17111717333904328,0.07382067794857024
0,0.20103508428309677,0.22717471420764923,0.11579050789401324,0.43621129128674696,0.02139960788190365,0.008195553906261921,0.004382492508739233,0.07116850465536118,0.20583332165605,0.13690025195831318
0,0.29646379503158676,0.15645860135555267,0.09117949575757396,0.12412022557692415,0.18975263833999634,0.02558101713657379,0.16430871188640594,0.27080264687538147,0.24423076384448072,0.16619643185125918
0,0.3536524489985419,0.10748250782489777,0.13226746610914433,0.08315705678735694,0.38924065232276917,0.5941928625106812,0.1706656515598297,0.3155148923397064,0.24948398192372814,0.2674196538402802
0,0.3718102072933201,0.2573986053466797,0.22263687557133222,0.3170913494293863,0.350394606590271,0.1734251230955124,0.3533092141151428,0.39825642108917236,0.3401005851561855,0.3065547549737852
0,0.3718102072933201,0.2573986053466797,0.22263687557133222,0.3170913494293863,0.350394606590271,0.1734251230955124,0.3533092141151428,0.39825642108917236,0.3401005851561855,0.3065547549737852
0,0.49824178046596723,0.29998481273651123,0.1527218562948499,0.33646940482519533,0.44800251722335815,0.6118975877761841,0.2165575474500656,0.5450392961502075,0.40391795883012954,0.3891264736451332
0,0.5185287956433785,0.4625082314014435,0.17363436133285412,0.5806840514029078,0.6160264611244202,0.6963732838630676,0.5690486431121826,0.5504052639007568,0.5109328294781011,0.5217926510781967
0,0.29715721327310196,0.07142846286296844,0.008437018618022665,0.09125447499523183,0.12077457457780838,0.01367956679314375,0.0289788655936718,0.07518787682056427,0.19129488321426746,0.08971862506571457
0,0.44680263287965927,0.06304430961608887,0.020448987152482265,0.1166502653594905,0.13710668683052063,0.1131177619099617,0.022020025178790092,0.18280786275863647,0.24359718785746498,0.13915684400796663
0,0.2503912778759438,0.1887543499469757,0.5333611788931658,0.44854816746966214,0.11395733058452606,0.03707989677786827,0.051799528300762177,0.09988690912723541,0.24529230623076193,0.2146415010885443
0,0.5223229337455324,0.08592837303876877,0.0351329793734258,0.16722472216445955,0.16301093995571136,0.12210267037153244,0.1309705227613449,0.32753345370292664,0.2992780578753916,0.19593840224756331
0,0.7425901864717254,0.6840697526931763,0.8180598654631125,0.8094042314944256,0.7263092994689941,0.8782180547714233,0.8058820366859436,0.8121283054351807,0.7872374468178656,0.7833875736314336
0,0.7269879033763693,0.6967169046401978,0.8334000735270745,0.7806719819576723,0.6657297015190125,0.8966497778892517,0.739710807800293,0.8810853958129883,0.7887835026257839,0.7762624807540133
0,0.3352431117502776,0.09388678520917892,0.015189808796998536,0.04013837538120604,0.01784760132431984,0.09488557279109955,0.09609486162662506,0.14658959209918976,0.22028936129263194,0.1059764895154357
1,0.703442260884552,0.8017768859863281,0.8125143541406137,0.9001693102357164,0.8311172127723694,0.6724917888641357,0.89286208152771,0.8460296988487244,0.8157749932949896,0.807749793973059
0,0.46794933016211393,0.20739710330963135,0.04333745150304341,0.22358979362135406,0.30775269865989685,0.13081075251102448,0.11034926027059555,0.29849010705947876,0.3190598072596509,0.22591713186017653
0,0.2955922637636535,0.08904016017913818,0.1958287309713182,0.05638566892662137,0.09555387496948242,0.28444892168045044,0.10418452322483063,0.18190120160579681,0.21950169695676114,0.16220506021880376
0,0.46475808112284783,0.027531076222658157,0.0025185131968059387,0.042639389752802466,0.14715313911437988,1.1446138159953989e-05,0.4188399314880371,0.0888025239109993,0.25915994738256676,0.1504715279882102
0,0.2860039478689345,0.2512490153312683,0.061297960780660125,0.21855977125317197,0.21793639659881592,0.023334110155701637,0.24842827022075653,0.2490713894367218,0.2729358546702873,0.19638071614249816
1,0.41944230688089845,0.49098652601242065,0.43142191654840784,0.4702379071040335,0.4635630249977112,0.5018987059593201,0.4531760513782501,0.5636900067329407,0.5031723295368594,0.47434928692625355
0,0.25933097122129267,0.1934773027896881,0.013386101891816238,0.1598352157107823,0.08871403336524963,0.06569505482912064,0.10178512334823608,0.17288194596767426,0.22585975542611997,0.13337875710805902
1,0.5884694016355632,0.6187282204627991,0.27054821143329627,0.5116476743939258,0.5855228900909424,0.7557657361030579,0.6026473045349121,0.7647368907928467,0.6496547702221984,0.5883118744227402
0,0.46941006776433214,0.6004528999328613,0.38916839416995347,0.590185597460736,0.8126022815704346,0.6137692332267761,0.7484316825866699,0.844505786895752,0.6173381039429804,0.6344793656708112
0,0.46941006776433214,0.6004528999328613,0.38916839416995347,0.590185597460736,0.8126022815704346,0.6137692332267761,0.7484316825866699,0.844505786895752,0.6173381039429804,0.6344793656708112
0,0.37764777349015866,0.34501713514328003,0.22331650300024694,0.38593660091815457,0.563305675983429,0.2584477365016937,0.503125011920929,0.5887410640716553,0.40627076337056045,0.40708671319882317
0,0.35372727542791776,0.39467689394950867,0.5888063473874758,0.36182890428728787,0.443524569272995,0.2906672954559326,0.370986670255661,0.4252416789531708,0.4299496969070182,0.4031249712795851
0,0.35372727542791776,0.39467689394950867,0.5888063473874758,0.36182890428728787,0.4435245096683502,0.2906672954559326,0.3709867000579834,0.4252416789531708,0.4299496999825425,0.40312496743041426
0,0.35372727542791776,0.39467689394950867,0.5888063473874758,0.36182890428728787,0.443524569272995,0.2906672954559326,0.3709867000579834,0.4252416789531708,0.4299496995369265,0.40312497497817923
0,0.35372727542791776,0.39467689394950867,0.5888063473874758,0.36182890428728787,0.443524569272995,0.2906672954559326,0.3709867000579834,0.4252416789531708,0.4299496995369265,0.40312497497817923
0,0.2860039478689345,0.2512490153312683,0.061297960780660125,0.21855977125317197,0.21793639659881592,0.023334110155701637,0.24842827022075653,0.2490713894367218,0.2729358546702873,0.19638071614249816
0,0.2860039478689345,0.2512490153312683,0.061297960780660125,0.21855977125317197,0.21793639659881592,0.023334110155701637,0.24842827022075653,0.2490713894367218,0.2729358546702873,0.19638071614249816
0,0.31486467688969966,0.325789213180542,0.036000853382659216,0.16865177763695605,0.32170507311820984,0.018434034660458565,0.3751697242259979,0.2088453620672226,0.3182038448010437,0.22364771164608793
0,0.28242821657962724,0.15212416648864746,0.03527852106899564,0.13627942267593166,0.18421265482902527,0.024747073650360107,0.19898349046707153,0.16796176135540009,0.2280845122068818,0.1492484743260411
0,0.28242821657962724,0.15212416648864746,0.03527852106899564,0.13627942267593166,0.18421265482902527,0.024747073650360107,0.19898349046707153,0.16796176135540009,0.2280845122068818,0.1492484743260411
0,0.28242821657962724,0.15212416648864746,0.03527852106899564,0.13627942267593166,0.18421265482902527,0.024747073650360107,0.19898349046707153,0.16796176135540009,0.2280845122068818,0.1492484743260411
0,0.45103296552154987,0.5164287686347961,0.7132185484478438,0.5988305895171506,0.4933604598045349,0.7266033887863159,0.45415765047073364,0.3461093008518219,0.5309781221051093,0.5354224140549779
0,0.26644185430181283,0.040107712149620056,0.04388115342756909,0.04565114372808568,0.09612959623336792,0.0007793152472004294,0.1394038200378418,0.1679779291152954,0.18870423981463147,0.10093843069364408
0,0.41944230688089845,0.49098652601242065,0.43142191654840784,0.4702379071040335,0.4635630249977112,0.5018987059593201,0.4531760513782501,0.5636900067329407,0.5031723295368594,0.47434928692625355
0,0.2860039478689345,0.2512490153312683,0.061297960780660125,0.21855977125317197,0.21793639659881592,0.023334110155701637,0.24842827022075653,0.2490713894367218,0.2729358546702873,0.19638071614249816
0,0.2860039478689345,0.2512490153312683,0.061297960780660125,0.21855977125317197,0.21793639659881592,0.023334110155701637,0.24842827022075653,0.2490713894367218,0.2729358546702873,0.19638071614249816
0,0.45103296552154987,0.5164287686347961,0.7132185484478438,0.5988305895171506,0.4933604598045349,0.7266033887863159,0.45415765047073364,0.3461093008518219,0.5309781221051093,0.5354224140549779
0,0.2860039478689345,0.2512490153312683,0.061297960780660125,0.21855977125317197,0.21793639659881592,0.023334110155701637,0.24842827022075653,0.2490713894367218,0.2729358546702873,0.19638071614249816
0,0.2860039478689345,0.2512490153312683,0.061297960780660125,0.21855977125317197,0.21793639659881592,0.023334110155701637,0.24842827022075653,0.2490713894367218,0.2729358546702873,0.19638071614249816
0,0.2860039478689345,0.2512490153312683,0.061297960780660125,0.21855977125317197,0.21793639659881592,0.023334110155701637,0.24842827022075653,0.2490713894367218,0.2729358546702873,0.19638071614249816
0,0.2860039478689345,0.2512490153312683,0.061297960780660125,0.21855977125317197,0.21793639659881592,0.023334110155701637,0.24842827022075653,0.2490713894367218,0.2729358546702873,0.19638071614249816
1,0.41944230688089845,0.49098652601242065,0.43142191654840784,0.4702379071040335,0.4635630249977112,0.5018987059593201,0.4531760513782501,0.5636900067329407,0.5031723295368594,0.47434928692625355
0,0.2860039478689345,0.2512490153312683,0.061297960780660125,0.21855977125317197,0.21793639659881592,0.023334110155701637,0.24842827022075653,0.2490713894367218,0.2729358546702873,0.19638071614249816
0,0.43626834825269944,0.47328829765319824,0.5332030060461767,0.4812771593156125,0.6030134558677673,0.7282822132110596,0.364646315574646,0.5880144238471985,0.5041466023311475,0.5249275054426092
0,0.3150113628382505,0.35482457280158997,0.5028810710321898,0.3548194950797324,0.37066832184791565,0.3004554510116577,0.2569220960140228,0.19136208295822144,0.3544156414764754,0.33027444794410893
0,0.41944230688089845,0.49098652601242065,0.43142191654840784,0.4702379071040335,0.4635630249977112,0.5018987059593201,0.4531760513782501,0.5636900067329407,0.5031723295368594,0.47434928692625355
0,0.37764777349015866,0.34501713514328003,0.22331650300024694,0.38593660091815457,0.563305675983429,0.2584477365016937,0.5031249523162842,0.5887410640716553,0.4062707581939702,0.40708670580163486
0,0.2645424145433522,0.25657105445861816,0.39727084626705683,0.23886899079279875,0.27268901467323303,0.22905440628528595,0.2001490741968155,0.20038552582263947,0.28539166617131617,0.25692714213789264
0,0.2645424145433522,0.25657105445861816,0.39727084626705683,0.23886899079279875,0.27268901467323303,0.22905440628528595,0.2001490741968155,0.20038552582263947,0.28539166617131617,0.25692714213789264
0,0.2645424145433522,0.25657105445861816,0.39727084626705683,0.23886899079279875,0.27268901467323303,0.22905440628528595,0.2001490741968155,0.20038552582263947,0.28539166617131617,0.25692714213789264
0,0.3150113628382505,0.35482457280158997,0.5028810710321898,0.3548194950797324,0.37066832184791565,0.3004554510116577,0.2569220960140228,0.19136208295822144,0.3544156414764754,0.33027444794410893
1,0.22921316667569488,0.184928759932518,0.17138605316777245,0.19582683890227323,0.15273305773735046,0.06333452463150024,0.11103660613298416,0.1630539894104004,0.2235076524084011,0.15963946546356658
1,0.22921316667569488,0.184928759932518,0.17138605316777245,0.19582683890227323,0.15273305773735046,0.06333452463150024,0.11103660613298416,0.1630539894104004,0.2235076524084011,0.15963946546356658
0,0.3150113628382505,0.35482457280158997,0.5028810710321898,0.3548194950797324,0.37066832184791565,0.3004554510116577,0.2569220960140228,0.19136208295822144,0.3544156414764754,0.33027444794410893
0,0.3870714374579672,0.512182891368866,0.4180737149353926,0.4308481164582468,0.6984739303588867,0.692787766456604,0.5514633059501648,0.383681058883667,0.48420967806045107,0.5088508351156098
0,0.6600391183216047,0.7525762319564819,0.5935695986434444,0.7074459824790712,0.6823128461837769,0.7300496101379395,0.7227628231048584,0.8103571534156799,0.7638545011691358,0.7079033601310274
0,0.666782067682245,0.4771765470504761,0.7483740717260288,0.2489825219261439,0.5760862231254578,0.6693750619888306,0.6082679033279419,0.2432703822851181,0.634084434947534,0.5280914016672873
0,0.24799468593716906,0.1631370484828949,0.012306511815224406,0.09107318703280422,0.15450651943683624,0.13291709125041962,0.16085878014564514,0.2136344015598297,0.21961890003213438,0.1481577187043694
0,0.24799468593716906,0.1631370484828949,0.012306511815224406,0.09107318703280422,0.15450651943683624,0.13291709125041962,0.16085878014564514,0.2136344015598297,0.21961890003213438,0.1481577187043694
0,0.24799468593716906,0.1631370484828949,0.012306511815224406,0.09107318703280422,0.15450651943683624,0.13291709125041962,0.16085878014564514,0.2136344015598297,0.21961890003213438,0.1481577187043694
0,0.24799468593716906,0.1631370484828949,0.012306511815224406,0.09107318703280422,0.15450651943683624,0.13291709125041962,0.16085878014564514,0.2136344015598297,0.21961890003213438,0.1481577187043694
0,0.24799468593716906,0.1631370484828949,0.012306511815224406,0.09107318703280422,0.15450651943683624,0.13291709125041962,0.16085878014564514,0.2136344015598297,0.21961890003213438,0.1481577187043694
1,0.7540892993444885,0.8551415801048279,0.8982336674435191,0.8617214108479111,0.9131919741630554,0.778275191783905,0.9271868467330933,0.8097339272499084,0.8478468239114333,0.849500303924924
1,0.7044824440117189,0.8131077885627747,0.6702260153361447,0.8371872927381825,0.8751937747001648,0.7635544538497925,0.92526775598526,0.9378588199615479,0.817824829974507,0.8165038808314157
0,0.6778245439838111,0.7641475796699524,0.7646779641886786,0.7842999258782815,0.7342057228088379,0.8011608123779297,0.8336446285247803,0.7575922012329102,0.786764914381464,0.764174310242571
0,0.6488684332643646,0.7689549922943115,0.5834778078051548,0.6585403193465286,0.6997901201248169,0.7455950379371643,0.7609513401985168,0.6685419678688049,0.7580188488163271,0.6922848472768816
0,0.40123318806248354,0.22341372072696686,0.20987846829781717,0.10244554275290485,0.3600287139415741,0.013664107769727707,0.28870704770088196,0.14656683802604675,0.319048188237542,0.2197740737471432
0,0.5365560775646808,0.3411140739917755,0.34370313062905966,0.36277340152214455,0.2794896066188812,0.2721761465072632,0.5205713510513306,0.4386429488658905,0.4822339512667668,0.3875307182549614
0,0.6558943727165232,0.778940737247467,0.6805889699728206,0.7352839552515135,0.7416912913322449,0.7859034538269043,0.8979839086532593,0.8141915202140808,0.7872464202373061,0.7612240821929455
0,0.29146657018148914,0.30982109904289246,0.4927751950988394,0.3780803480986812,0.30102699995040894,0.23852843046188354,0.24195143580436707,0.1718018501996994,0.32197323856864496,0.3025226200093808
0,0.29146657018148914,0.30982109904289246,0.4927751950988394,0.3780803480986812,0.30102699995040894,0.23852843046188354,0.24195143580436707,0.1718018501996994,0.32197323856864496,0.3025226200093808
0,0.29146657018148914,0.30982109904289246,0.4927751950988394,0.3780803480986812,0.30102699995040894,0.23852843046188354,0.24195143580436707,0.1718018501996994,0.32197323856864496,0.3025226200093808
0,0.4768090578879425,0.5027633309364319,0.09062444777197058,0.34173553366484793,0.6227405667304993,0.4258177578449249,0.3593309223651886,0.3880534768104553,0.47810299124711103,0.40344918604300073
0,0.725285983306512,0.7900438904762268,0.25310669924562923,0.6844859474444306,0.8670695424079895,0.7106878161430359,0.8815459609031677,0.7806193828582764,0.7800842354041445,0.714369077945868
0,0.3184362636638872,0.349591463804245,0.12475854093738989,0.2293272922456134,0.4453423321247101,0.38053107261657715,0.42350929975509644,0.35323822498321533,0.34780693763676,0.329021227553203
0,0.2645424145433522,0.25657105445861816,0.39727084626705683,0.23886899079279875,0.27268901467323303,0.22905440628528595,0.2001490741968155,0.20038552582263947,0.28539166617131617,0.25692714213789264
0,0.38734794233523223,0.4027128219604492,0.24382397529609767,0.3532882153907801,0.4448712468147278,0.11584234982728958,0.3925947844982147,0.4473472833633423,0.4194836143370018,0.350452533746067
0,0.2860039478689345,0.2512490153312683,0.061297960780660125,0.21855977125317197,0.21793639659881592,0.023334110155701637,0.24842827022075653,0.2490713894367218,0.2729358546702873,0.19638071614249816
0,0.2645424145433522,0.25657105445861816,0.39727084626705683,0.23886899079279875,0.27268901467323303,0.22905440628528595,0.2001490741968155,0.20038552582263947,0.28539166617131617,0.25692714213789264
0,0.29146657018148914,0.30982109904289246,0.4927751950988394,0.3780803480986812,0.30102699995040894,0.23852843046188354,0.24195143580436707,0.1718018501996994,0.32197323856864496,0.3025226200093808
0,0.23959471412688885,0.19748269021511078,0.06256773776971551,0.10754485706629686,0.21022160351276398,0.036740295588970184,0.20671726763248444,0.0750546082854271,0.2250275571093516,0.14334970023088073
0,0.23959471412688885,0.19748269021511078,0.06256773776971551,0.10754485706629686,0.21022160351276398,0.036740295588970184,0.20671726763248444,0.0750546082854271,0.2250275571093516,0.14334970023088073
0,0.29146657018148914,0.30982109904289246,0.4927751950988394,0.3780803480986812,0.30102699995040894,0.23852843046188354,0.24195143580436707,0.1718018501996994,0.32197323856864496,0.3025226200093808
1,0.7044824440117189,0.8131077885627747,0.6702260153361447,0.8371872927381825,0.8751937747001648,0.7635544538497925,0.92526775598526,0.9378588199615479,0.817824829974507,0.8165038808314157
1,0.7044824440117189,0.8131077885627747,0.6702260153361447,0.8371872927381825,0.8751937747001648,0.7635544538497925,0.92526775598526,0.9378588199615479,0.817824829974507,0.8165038808314157
0,0.7122685116913875,0.8290725946426392,0.8293365534743224,0.8222007340910426,0.8367955088615417,0.7901420593261719,0.9567666053771973,0.8557195067405701,0.8314372078180395,0.8287477052026887
1,0.43626834825269944,0.47328829765319824,0.5332030060461767,0.4812771593156125,0.6030134558677673,0.7282822132110596,0.364646315574646,0.5880144238471985,0.5041466023311475,0.5249275054426092
0,0.5884694016355632,0.6187282204627991,0.27054821143329627,0.5116476743939258,0.5855228900909424,0.7557657361030579,0.6026473045349121,0.7647368907928467,0.6496547702221984,0.5883118744227402
0,0.2273664641172063,0.20137004554271698,0.01360688679755932,0.12864034814586758,0.1930454969406128,0.10382489860057831,0.12630106508731842,0.15582957863807678,0.2180899968257888,0.14514778004004442
0,0.44331332797556505,0.5186945199966431,0.6055735221114247,0.5459905473637469,0.627421498298645,0.7060929536819458,0.6295300722122192,0.47851014137268066,0.5468698326820481,0.5680471666887618
0,0.2273664641172063,0.20137004554271698,0.01360688679755932,0.12864034814586758,0.1930454969406128,0.10382489860057831,0.12630106508731842,0.15582957863807678,0.2180899968257888,0.14514778004004442
0,0.46698219442276334,0.5336849093437195,0.5995639397774887,0.5565914979215921,0.5954264998435974,0.5771427154541016,0.5997503399848938,0.474500447511673,0.5627706557834246,0.5497759732582279
0,0.3150113628382505,0.35482457280158997,0.5028810710321898,0.3548194950797324,0.37066832184791565,0.3004554510116577,0.2569220960140228,0.19136208295822144,0.3544156414764754,0.33027444794410893
0,0.3150113628382505,0.35482457280158997,0.5028810710321898,0.3548194950797324,0.37066832184791565,0.3004554510116577,0.2569220960140228,0.19136208295822144,0.3544156414764754,0.33027444794410893
0,0.25933097122129267,0.1934773027896881,0.013386101891816238,0.1598352157107823,0.08871403336524963,0.06569505482912064,0.10178515315055847,0.17288194596767426,0.22585975730227315,0.13337876080665317
0,0.25933097122129267,0.1934773027896881,0.013386101891816238,0.1598352157107823,0.08871403336524963,0.06569505482912064,0.10178512334823608,0.17288194596767426,0.22585975542611997,0.13337875710805902
0,0.3150113628382505,0.35482457280158997,0.5028810710321898,0.3548194950797324,0.37066832184791565,0.3004554510116577,0.2569220960140228,0.19136208295822144,0.3544156414764754,0.33027444794410893
0,0.32532742617637456,0.3224167823791504,0.32384202211198176,0.3289352028338892,0.4847530126571655,0.2114274650812149,0.3334045112133026,0.28413063287734985,0.3434360710959564,0.32746955042680764
0,0.39591320117729806,0.4570404887199402,0.19862181178803245,0.23801054632902216,0.29299402236938477,0.310139536857605,0.33159297704696655,0.48817354440689087,0.4452585867425878,0.34051100395713524
0,0.6488684332643646,0.7689549922943115,0.5834778078051548,0.6585403193465286,0.6997901201248169,0.7455950379371643,0.7609513401985168,0.6685419678688049,0.7580188488163271,0.6922848472768816
0,0.2273664641172063,0.20137004554271698,0.01360688679755932,0.12864034814586758,0.1930454969406128,0.10382489860057831,0.12630106508731842,0.15582957863807678,0.2180899968257888,0.14514778004004442
0,0.38235116603803326,0.3195067048072815,0.07699682231068883,0.23276470141855624,0.5259594917297363,0.4787825345993042,0.32689401507377625,0.39467811584472656,0.3523803988879877,0.3433120318544106
0,0.395468499552096,0.13288722932338715,0.2628676903197627,0.08908602356885766,0.18221384286880493,0.18852180242538452,0.3341231942176819,0.370950311422348,0.30783967230104153,0.24444102849526522
1,0.6778245439838111,0.7641475796699524,0.7646779641886786,0.7842999258782815,0.7342057228088379,0.8011608123779297,0.8336446285247803,0.7575922012329102,0.786764914381464,0.764174310242571
1,0.6778245439838111,0.7641475796699524,0.7646779641886786,0.7842999258782815,0.7342057228088379,0.8011608123779297,0.8336446285247803,0.7575922012329102,0.786764914381464,0.764174310242571
0,0.41944230688089845,0.49098652601242065,0.43142191654840784,0.4702379071040335,0.4635630249977112,0.5018987059593201,0.4531760513782501,0.5636900067329407,0.5031723295368594,0.47434928692625355
0,0.6558943727165232,0.778940737247467,0.6805889699728206,0.7352839552515135,0.7416912913322449,0.7859034538269043,0.8979839086532593,0.8141915202140808,0.7872464202373061,0.7612240821929455
0,0.6697780867394779,0.7209959626197815,0.518801676130571,0.7245219773789153,0.7859207391738892,0.8253656625747681,0.7225064039230347,0.7861940264701843,0.7467132329441107,0.7198155010137366
1,0.41253680979621954,0.48779296875,0.4193222063751816,0.2782736692800506,0.6864302754402161,0.7426505088806152,0.4506276547908783,0.7666620016098022,0.5197476419902071,0.5300185782395358
0,0.2819480610194813,0.31998008489608765,0.014746572757474437,0.09044187620567469,0.10227793455123901,0.2428368330001831,0.23893384635448456,0.22827640175819397,0.2933321278757932,0.19120916366440963
0,0.5225124280522099,0.6193532347679138,0.5494945212143567,0.6113176485737044,0.5383657813072205,0.30746981501579285,0.5671073198318481,0.6505009531974792,0.6370752296025137,0.5470025801296043
1,0.5017646778698375,0.4891256093978882,0.07261435910906466,0.33045506629915106,0.49260708689689636,0.22941383719444275,0.3172427713871002,0.5373436808586121,0.49682798772517833,0.37457676195403145
0,0.19601610959678323,0.10412226617336273,0.023859188457715536,0.1231114603989456,0.1267884373664856,0.015599008649587631,0.14891189336776733,0.09990990906953812,0.17935218410995504,0.105824048524578
0,0.19601610959678323,0.10412226617336273,0.023859188457715536,0.1231114603989456,0.1267884373664856,0.015599008649587631,0.14891189336776733,0.09990990906953812,0.17935218410995504,0.105824048524578
0,0.2788567079081112,0.19585581123828888,0.052944569871742016,0.2613746283477918,0.14398497343063354,0.20537444949150085,0.14541120827198029,0.1590130776166916,0.23380909105003433,0.18123872922871154
0,0.6923892874839579,0.6659231781959534,0.6114533251348898,0.7000024203481734,0.7533290386199951,0.6255096197128296,0.9488927721977234,0.781456708908081,0.7607158740828026,0.722839065245367
0,0.6955929032126711,0.718302845954895,0.8670052470070285,0.7012349171535487,0.6182718873023987,0.8511280417442322,0.6200776696205139,0.5996904969215393,0.7635703929348767,0.7074368468710426
0,0.3995831657558714,0.5074698328971863,0.372553629379098,0.47437294282617326,0.6395736932754517,0.5061717629432678,0.5904254913330078,0.5336028933525085,0.5027243150267654,0.5034513199797569
0,0.38902911837697524,0.4422444701194763,0.2969422117462297,0.42919871446781516,0.5725088715553284,0.522287130355835,0.4473136067390442,0.6440352201461792,0.4593896433724745,0.46847328241025854
0,0.4323469072978481,0.6284533739089966,0.7807180885648541,0.6386074312609592,0.8530318737030029,0.7874144315719604,0.7902177572250366,0.3786095380783081,0.6082143984142979,0.6592952912091846
0,0.3995831657558714,0.5074698328971863,0.372553629379098,0.47437294282617326,0.6395736932754517,0.5061717629432678,0.5904254913330078,0.5336028933525085,0.5027243150267654,0.5034513199797569
0,0.42539619784067234,0.12626458704471588,0.21686636018699135,0.08732320079740936,0.28364619612693787,0.5749090909957886,0.2471265196800232,0.4141603708267212,0.30549666591718894,0.29587733622700874
0,0.3729987875391202,0.26898446679115295,0.31628001688739815,0.36710245260454183,0.41284608840942383,0.3691425025463104,0.4523395597934723,0.3793090581893921,0.35666437373597004,0.3672158926773783
0,0.35583028374281284,0.312037855386734,0.23992650021563683,0.31052138034863497,0.37140583992004395,0.1577925682067871,0.4145364761352539,0.521066427230835,0.37471569932987786,0.33660433675650936
0,0.35583028374281284,0.312037855386734,0.23992650021563683,0.31052138034863497,0.37140583992004395,0.1577925682067871,0.4145364761352539,0.521066427230835,0.37471569932987786,0.33660433675650936
0,0.4296405850383768,0.5283718109130859,0.21686636018699135,0.5538198643155536,0.793717622756958,0.6391040682792664,0.5980275273323059,0.5592561960220337,0.5074214829319051,0.5410322798211786
0,0.368830095018583,0.31205371022224426,0.03268873659731641,0.2134712141299114,0.5790404081344604,0.3274838924407959,0.41773805022239685,0.5521731376647949,0.36285351886631456,0.3523336882638889
0,0.38902911837697524,0.4422444701194763,0.2969422117462297,0.42919871446781516,0.5725088715553284,0.522287130355835,0.4473136067390442,0.6440352201461792,0.4593896433724745,0.46847328241025854
0,0.38902911837697524,0.4422444701194763,0.2969422117462297,0.42919871446781516,0.5725088715553284,0.522287130355835,0.4473136067390442,0.6440352201461792,0.4593896433724745,0.46847328241025854
1,0.19601610959678323,0.10412226617336273,0.023859188457715536,0.1231114603989456,0.1267884373664856,0.015599008649587631,0.14891189336776733,0.09990990906953812,0.17935218410995504,0.105824048524578
1,0.19601610959678323,0.10412226617336273,0.023859188457715536,0.1231114603989456,0.1267884373664856,0.015599008649587631,0.14891189336776733,0.09990990906953812,0.17935218410995504,0.105824048524578
0,0.29049697438393746,0.05571834370493889,0.11045299844763272,0.05058367798431482,0.14660367369651794,0.0013528410345315933,0.12851989269256592,0.03333474323153496,0.19554473168787945,0.1028653340147588
0,0.29049697438393746,0.05571834370493889,0.11045299844763272,0.05058367798431482,0.14660367369651794,0.0013528410345315933,0.12851989269256592,0.03333474323153496,0.19554473168787945,0.1028653340147588
0,0.29049697438393746,0.05571834370493889,0.11045299844763272,0.05058367798431482,0.14660367369651794,0.0013528410345315933,0.12851989269256592,0.03333474323153496,0.19554473168787945,0.1028653340147588
0,0.30993439185341815,0.2919952869415283,0.14094319625269902,0.2899343121867209,0.390147864818573,0.382066935300827,0.2556689977645874,0.18574997782707214,0.2930877270649506,0.2813803819290569
1,0.657909190703676,0.6846842169761658,0.5900051086968094,0.6783731900455497,0.7499915957450867,0.8137115836143494,0.6989204287528992,0.8417773246765137,0.7396195148822708,0.7144503534715781
0,0.6874713369396587,0.7208023071289062,0.7515841514296298,0.7140058975552169,0.8010075092315674,0.9194068908691406,0.7140259742736816,0.7800741195678711,0.7696651141809538,0.7601538709198296
1,0.5965125799230812,0.6904071569442749,0.3896156160991191,0.5970464891445977,0.45036837458610535,0.45873579382896423,0.7069894671440125,0.6563497185707092,0.6938569965213854,0.5699250353208805
1,0.8249721502935986,0.9679581522941589,0.9108176658945659,0.9485189671889763,0.9635742902755737,0.9152947068214417,0.9526956677436829,0.9765000343322754,0.8931957755781542,0.9326047013419883
0,0.3995831657558714,0.5074698328971863,0.372553629379098,0.47437294282617326,0.6395736932754517,0.5061717629432678,0.5904254913330078,0.5336028933525085,0.5027243150267654,0.5034513199797569
0,0.28730851387673767,0.27735888957977295,0.47267324120547355,0.297026229810694,0.4706018567085266,0.5754464864730835,0.22744540870189667,0.19050610065460205,0.303788086113119,0.3479861695351646
0,0.28730851387673767,0.27735888957977295,0.47267324120547355,0.297026229810694,0.4706018567085266,0.5754464864730835,0.22744540870189667,0.19050610065460205,0.303788086113119,0.3479861695351646
0,0.28730851387673767,0.27735888957977295,0.47267324120547355,0.297026229810694,0.4706018567085266,0.5754464864730835,0.22744540870189667,0.19050610065460205,0.303788086113119,0.3479861695351646
0,0.2627677808770337,0.2385888397693634,0.04848254702822858,0.24774924772476747,0.29688870906829834,0.26057279109954834,0.16206884384155273,0.17097879946231842,0.24327976568765664,0.2120678278444329
1,0.764735952409388,0.8566296696662903,0.8981772609998393,0.8271741554626529,0.911124050617218,0.9205599427223206,0.9701735973358154,0.8431406617164612,0.8542179012189792,0.8731914510045212
0,0.3771180987558798,0.5557794570922852,0.6805564963567412,0.6350718770105865,0.8035751581192017,0.5600698590278625,0.7920229434967041,0.5685281753540039,0.5609378335332847,0.6206480369014657
0,0.28730851387673767,0.27735888957977295,0.47267324120547355,0.297026229810694,0.4706018567085266,0.5754464864730835,0.22744540870189667,0.19050610065460205,0.303788086113119,0.3479861695351646
1,0.7036882477707345,0.7836737036705017,0.7948795644785519,0.7936659161477724,0.8539685010910034,0.9180276393890381,0.7457895278930664,0.8245082497596741,0.8004087937350287,0.8016063184192208
1,0.7036882477707345,0.7836737036705017,0.7948795644785519,0.7936659161477724,0.8539685010910034,0.9180276393890381,0.7457895278930664,0.8245082497596741,0.8004087937350287,0.8016063184192208
1,0.7036882477707345,0.7836737036705017,0.7948795644785519,0.7936659161477724,0.8539685010910034,0.9180276393890381,0.7457895278930664,0.8245082497596741,0.8004087937350287,0.8016063184192208
0,0.39898254028402264,0.44846218824386597,0.3335988560942933,0.47593242616217335,0.4258221983909607,0.384907990694046,0.5419650077819824,0.4378443956375122,0.4599988059615609,0.4314974122393107
0,0.25917346411229525,0.18537387251853943,0.0171307082085289,0.14141823692002645,0.2037108689546585,0.05339309945702553,0.1500662863254547,0.20548750460147858,0.22877291907844605,0.15360777084464902
0,0.3025548540805504,0.26363757252693176,0.4147730656048233,0.3054375766783141,0.39147326350212097,0.6421213746070862,0.24383094906806946,0.1762424260377884,0.29887989426325345,0.34055472594171704
0,0.657909190703676,0.6846842169761658,0.5900051086968094,0.6783731900455497,0.7499915957450867,0.8137115836143494,0.6989204287528992,0.8417773246765137,0.7396195148822708,0.7144503534715781
0,0.4375906604698578,0.542275071144104,0.5240240660777734,0.5353027932941091,0.7502407431602478,0.6901340484619141,0.8054543137550354,0.5609712600708008,0.5697142596493718,0.6050331199618159
0,0.717409316214433,0.7371541857719421,0.8853325238375022,0.7893873246838403,0.8480818271636963,0.8757852911949158,0.9181854128837585,0.9457013010978699,0.814753911112053,0.8384188006809974
1,0.657640474918471,0.7549110054969788,0.5378261819388711,0.705040319475469,0.800574779510498,0.8648063540458679,0.7941172122955322,0.843810498714447,0.7646932772547604,0.7452312097312915
0,0.2820214032704001,0.03615103289484978,0.01580704121982164,0.04766856448496712,0.02822919934988022,0.059150103479623795,0.023473847657442093,0.1607317477464676,0.18335030026824112,0.08246890255567355
0,0.32457809421969375,0.2346484512090683,0.5060038803605187,0.22071174917638717,0.3906388580799103,0.12486469745635986,0.3633607029914856,0.3280842900276184,0.3358320600964238,0.3111695747473291
0,0.38804064737453464,0.395581990480423,0.033501604582668675,0.14921727055676687,0.3455808758735657,0.38390982151031494,0.2003282606601715,0.43713948130607605,0.3822031314737306,0.29348096405090995
0,0.3025548540805504,0.26363757252693176,0.4147730656048233,0.3054375766783141,0.39147326350212097,0.6421213746070862,0.24383094906806946,0.1762424260377884,0.29887989426325345,0.34055472594171704
1,0.3124032745327006,0.1732652187347412,0.04414327561293213,0.13678217965007955,0.497073233127594,0.46515199542045593,0.5705381631851196,0.6688073873519897,0.3065863265026589,0.35878973356086785
0,0.26883927185099243,0.22625747323036194,0.05082263104511034,0.16432919329902498,0.2917400300502777,0.3955787420272827,0.2425817847251892,0.40354928374290466,0.2656276567532883,0.2559210991433608
0,0.28210818734492876,0.2652500867843628,0.43568809183279894,0.3021981680148876,0.4445660710334778,0.4480911195278168,0.2576228380203247,0.41625282168388367,0.31640399488600934,0.35533096213043247
0,0.28210818734492876,0.2652500867843628,0.43568809183279894,0.3021981680148876,0.4445660710334778,0.4480911195278168,0.2576228380203247,0.41625282168388367,0.31640399488600934,0.35533096213043247
0,0.7780977699171204,0.8839113116264343,0.9125046907965824,0.880707556947793,0.8927008509635925,0.8721916079521179,0.9030944108963013,0.8001723885536194,0.8586631206350225,0.8649645623788701
0,0.6533137341088998,0.7327786087989807,0.7297158409905669,0.7354780460192922,0.7121330499649048,0.7535257935523987,0.8272377848625183,0.7937681674957275,0.7698689241821157,0.7418458559734618
0,0.26883927185099243,0.22625747323036194,0.05082263104511034,0.16432919329902498,0.2917400300502777,0.3955787420272827,0.2425817847251892,0.40354928374290466,0.2656276567532883,0.2559210991433608
0,0.26883927185099243,0.22625747323036194,0.05082263104511034,0.16432919329902498,0.2917400300502777,0.3955787420272827,0.2425817847251892,0.40354928374290466,0.2656276567532883,0.2559210991433608
0,0.19601610959678323,0.10412226617336273,0.023859188457715536,0.1231114603989456,0.1267884373664856,0.015599008649587631,0.14891189336776733,0.09990990906953812,0.17935218410995504,0.105824048524578
0,0.521260800691711,0.5091784000396729,0.35096185563247734,0.46659980201714424,0.5857380032539368,0.708495557308197,0.337262362241745,0.6997141242027283,0.5514941349936386,0.5227625705813972
0,0.3995831657558714,0.5074698328971863,0.372553629379098,0.47437294282617326,0.6395736932754517,0.5061717629432678,0.5904254913330078,0.5336028933525085,0.5027243150267654,0.5034513199797569
0,0.5282230636928592,0.520131528377533,0.3017877369455488,0.45064280924911854,0.4609394669532776,0.6267117261886597,0.5724960565567017,0.7456563711166382,0.5824131300067644,0.526426864016529
0,0.4901387389916721,0.09081703424453735,0.03577065985251568,0.1402399430881009,0.21881437301635742,0.14934319257736206,0.0387314110994339,0.3731210231781006,0.28553197531374086,0.19377646384538383
0,0.4901387389916721,0.09081703424453735,0.03577065985251568,0.1402399430881009,0.21881437301635742,0.14934319257736206,0.0387314110994339,0.3731210231781006,0.28553197531374086,0.19377646384538383
1,0.4366461716030459,0.5432047843933105,0.3327671703377521,0.5790860318631809,0.4030206501483917,0.5863821506500244,0.5740431547164917,0.551411509513855,0.5299234599723845,0.5011209458257699
1,0.42580785756069844,0.4269399344921112,0.44147966851726056,0.4857558666508091,0.47980108857154846,0.6975427865982056,0.37746748328208923,0.6324867606163025,0.47439170359608684,0.4949931833523159
0,0.16599975857839167,0.09561515599489212,0.005083341130553925,0.05457507773629809,0.07249318063259125,0.031983960419893265,0.16558890044689178,0.3697402775287628,0.18584889303098628,0.12106379369901694
1,0.42580785756069844,0.4269399344921112,0.44147966851726056,0.4857558666508091,0.47980108857154846,0.6975427865982056,0.37746748328208923,0.6324867606163025,0.47439170359608684,0.4949931833523159
0,0.2505441830810986,0.21727582812309265,0.0292541763962711,0.15575247788076066,0.06868176907300949,0.17337864637374878,0.05751452222466469,0.1266985386610031,0.2251076006303578,0.1359240753466298
1,0.4309230137723816,0.5288284420967102,0.5423329245765014,0.4894874898709599,0.6540282368659973,0.5080711841583252,0.5155393481254578,0.6592305302619934,0.5510199874991092,0.5410373412761189
0,0.23619732945423028,0.04463570937514305,0.018630416722003648,0.017279454965528414,0.09867068380117416,0.06048097088932991,0.02217220701277256,0.10208383947610855,0.1698914381904785,0.0757877557443492
0,0.24079735779429298,0.2091749906539917,0.026366741054666618,0.06035283035657491,0.19791285693645477,0.15157991647720337,0.04949827492237091,0.17152456939220428,0.22367658406336494,0.13967521681445205
0,0.45929318115460005,0.554264485836029,0.6572130594696136,0.6211943311770031,0.4786423444747925,0.4990297257900238,0.48225051164627075,0.568610668182373,0.5729179702957271,0.5394663878119226
0,0.16599975857839167,0.09561515599489212,0.005083341130553925,0.05457507773629809,0.07249318063259125,0.031983960419893265,0.16558890044689178,0.3697402775287628,0.18584889303098628,0.12106379369901694
1,0.8494498654910685,0.8843789100646973,0.9538044048139269,0.9062260750049701,0.9392762780189514,0.9409801959991455,0.9473757743835449,0.8597733378410339,0.8798681123075115,0.9095120253540037
1,0.8203301648244026,0.8556792736053467,0.9482507907682256,0.8900787954825767,0.9075013995170593,0.9365721344947815,0.938999354839325,0.8596198558807373,0.8675995804841234,0.8937649280779951
0,0.8410137409991765,0.9210450053215027,0.8843696618417384,0.9452407729916106,0.9684237837791443,0.9514544010162354,0.9872437119483948,0.9732028841972351,0.8875044510395677,0.933866796484017
1,0.8410137409991765,0.9210450053215027,0.8843696618417384,0.9452407729916106,0.9684237837791443,0.9514544010162354,0.9872437119483948,0.9732028841972351,0.8875044510395677,0.933866796484017
1,0.825555770402444,0.8815327882766724,0.9664964294458409,0.9151195306507982,0.9429813027381897,0.9436874985694885,0.9724420309066772,0.8970553874969482,0.8773652069769377,0.9173095103637103
0,0.8165919692534688,0.8198249340057373,0.8548133651948456,0.8800225180190702,0.8859638571739197,0.9225108623504639,0.9505937695503235,0.8566911220550537,0.8546355317797524,0.8728122797763067
1,0.8203301648244026,0.8556792736053467,0.9482507907682256,0.8900787954825767,0.9075013995170593,0.9365721344947815,0.938999354839325,0.8596198558807373,0.8675995804841234,0.8937649280779951
0,0.4912950281677204,0.4983922243118286,0.23420368633829328,0.12353208790513259,0.4953245222568512,0.7497636675834656,0.3084191083908081,0.38533785939216614,0.4989679360155794,0.41100374676005447
1,0.8203301648244026,0.8556792736053467,0.9482507907682256,0.8900787954825767,0.9075013995170593,0.9365721344947815,0.938999354839325,0.8596198558807373,0.8675995804841234,0.8937649280779951
1,0.8203301648244026,0.8556792736053467,0.9482507907682256,0.8900787954825767,0.9075013995170593,0.9365721344947815,0.938999354839325,0.8596198558807373,0.8675995804841234,0.8937649280779951
1,0.8203301648244026,0.8556792736053467,0.9482507907682256,0.8900787954825767,0.9075013995170593,0.9365721344947815,0.938999354839325,0.8596198558807373,0.8675995804841234,0.8937649280779951
1,0.8203301648244026,0.8556792736053467,0.9482507907682256,0.8900787954825767,0.9075013995170593,0.9365721344947815,0.938999354839325,0.8596198558807373,0.8675995804841234,0.8937649280779951
1,0.8203301648244026,0.8556792736053467,0.9482507907682256,0.8900787954825767,0.9075013995170593,0.9365721344947815,0.938999354839325,0.8596198558807373,0.8675995804841234,0.8937649280779951
1,0.8203301648244026,0.8556792736053467,0.9482507907682256,0.8900787954825767,0.9075013995170593,0.9365721344947815,0.938999354839325,0.8596198558807373,0.8675995804841234,0.8937649280779951
1,0.8203301648244026,0.8556792736053467,0.9482507907682256,0.8900787954825767,0.9075013995170593,0.9365721344947815,0.938999354839325,0.8596198558807373,0.8675995804841234,0.8937649280779951
1,0.8203301648244026,0.8556792736053467,0.9482507907682256,0.8900787954825767,0.9075013995170593,0.9365721344947815,0.938999354839325,0.8596198558807373,0.8675995804841234,0.8937649280779951
1,0.8203301648244026,0.8556792736053467,0.9482507907682256,0.8900787954825767,0.9075013995170593,0.9365721344947815,0.938999354839325,0.8596198558807373,0.8675995804841234,0.8937649280779951
1,0.8203301648244026,0.8556792736053467,0.9482507907682256,0.8900787954825767,0.9075013995170593,0.9365721344947815,0.938999354839325,0.8596198558807373,0.8675995804841234,0.8937649280779951
0,0.8203301648244026,0.8556792736053467,0.9482507907682256,0.8900787954825767,0.9075013995170593,0.9365721344947815,0.938999354839325,0.8596198558807373,0.8675995804841234,0.8937649280779951
0,0.8203301648244026,0.8556792736053467,0.9482507907682256,0.8900787954825767,0.9075013995170593,0.9365721344947815,0.938999354839325,0.8596198558807373,0.8675995804841234,0.8937649280779951
0,0.18912241079141004,0.1694822460412979,0.016489617715546787,0.05354810282678725,0.09047358483076096,0.10967448353767395,0.074201799929142,0.13581636548042297,0.19451600029630448,0.10579846244534791
0,0.18912241079141004,0.1694822460412979,0.016489617715546787,0.05354810282678725,0.09047358483076096,0.10967448353767395,0.074201799929142,0.13581636548042297,0.19451600029630448,0.10579846244534791
0,0.18912241079141004,0.1694822460412979,0.016489617715546787,0.05354810282678725,0.09047358483076096,0.10967448353767395,0.074201799929142,0.13581636548042297,0.19451600029630448,0.10579846244534791
0,0.18912241079141004,0.1694822460412979,0.016489617715546787,0.05354810282678725,0.09047358483076096,0.10967448353767395,0.074201799929142,0.13581636548042297,0.19451600029630448,0.10579846244534791
0,0.5146242435658813,0.5366212129592896,0.7033057412444602,0.6271412366052149,0.6398562788963318,0.6105928421020508,0.6445262432098389,0.5141510963439941,0.6016820334179109,0.5977643282745861
0,0.18912241079141004,0.1694822460412979,0.016489617715546787,0.05354810282678725,0.09047358483076096,0.10967448353767395,0.074201799929142,0.13581636548042297,0.19451600029630448,0.10579846244534791
0,0.3745211040364556,0.33812636137008667,0.11253945442668212,0.23940288089825099,0.5652304887771606,0.6743186116218567,0.20847676694393158,0.3901265859603882,0.34747865545162593,0.36317490322439616
0,0.39932336908717303,0.31786462664604187,0.3214441768141338,0.41284391516786956,0.8883212804794312,0.7577062249183655,0.7496356964111328,0.8692777156829834,0.45408398913254233,0.5888467557693583
0,0.21152962321227256,0.18077829480171204,0.008025168750751648,0.05388788640529128,0.08072929084300995,0.2507666051387787,0.07245631515979767,0.18337002396583557,0.20604486175275757,0.13073654326981204
0,0.35403905481614273,0.312956303358078,0.2258111449842188,0.236284997453666,0.14307451248168945,0.4292081892490387,0.3096266984939575,0.4205605387687683,0.35591587966639604,0.30377414772185707
0,0.35403905481614273,0.312956303358078,0.2258111449842188,0.236284997453666,0.14307451248168945,0.4292081892490387,0.3096266984939575,0.4205605387687683,0.35591587966639604,0.30377414772185707
0,0.30381069972442293,0.2681095600128174,0.02948658999982968,0.08037657279355366,0.4693111777305603,0.5097669959068298,0.15756072103977203,0.37015748023986816,0.28431970220534375,0.2742765959067534
0,0.3810879980548186,0.4055638611316681,0.2430149756992441,0.19071196134154245,0.9201409220695496,0.8559845089912415,0.5885617136955261,0.879237949848175,0.471133377516452,0.5577539615930066
0,0.2505441830810986,0.21727582812309265,0.0292541763962711,0.15575247788076066,0.06868176907300949,0.17337864637374878,0.05751452222466469,0.1266985386610031,0.2251076006303578,0.1359240753466298
0,0.5104149841324715,0.5536508560180664,0.2668998589373089,0.6202778661766553,0.7118378281593323,0.5695664882659912,0.6558976173400879,0.63096684217453,0.5742203026347923,0.5663855486279612
0,0.3519773919477652,0.18149158358573914,0.023734111479896135,0.1782716102139543,0.16361528635025024,0.3975682854652405,0.3229093551635742,0.5567885637283325,0.29728983602994424,0.272484991786096
0,0.45929318115460005,0.554264485836029,0.6572130594696136,0.6211943311770031,0.4786423444747925,0.4990297257900238,0.48225051164627075,0.568610668182373,0.5729179702957271,0.5394663878119226
0,0.4276786840509479,0.17607572674751282,0.13478197062026429,0.19182800988883256,0.16367608308792114,0.31867820024490356,0.2869603931903839,0.37780898809432983,0.3188060864675426,0.2600580512539311
0,0.42580785756069844,0.4269399344921112,0.44147966851726056,0.4857558666508091,0.47980108857154846,0.6975427865982056,0.37746748328208923,0.6324867606163025,0.47439170359608684,0.4949931833523159
0,0.14597307316473032,0.09181873500347137,0.0036670968565113457,0.04603436250838409,0.09822554141283035,0.005989390425384045,0.16876620054244995,0.09561844915151596,0.16382771996347825,0.08288122447907229
0,0.14597307316473032,0.09181873500347137,0.0036670968565113457,0.04603436250838409,0.09822554141283035,0.005989390425384045,0.16876620054244995,0.09561844915151596,0.16382771996347825,0.08288122447907229
0,0.3532877484528861,0.384687215089798,0.1643630974473793,0.10060919944307609,0.2959898114204407,0.22179298102855682,0.43984100222587585,0.24411730468273163,0.38118507389978973,0.2768565751627744
0,0.5146242435658813,0.5366212129592896,0.7033057412444602,0.6271412366052149,0.6398562788963318,0.6105928421020508,0.6445262432098389,0.5141510963439941,0.6016820334179109,0.5977643282745861
0,0.18912241079141004,0.1694822460412979,0.016489617715546787,0.05354810282678725,0.09047358483076096,0.10967448353767395,0.074201799929142,0.13581636548042297,0.19451600029630448,0.10579846244534791
0,0.16599975857839167,0.09561515599489212,0.005083341130553925,0.05457507773629809,0.07249318063259125,0.031983960419893265,0.16558890044689178,0.3697402775287628,0.18584889303098628,0.12106379369901694
0,0.16599975857839167,0.09561515599489212,0.005083341130553925,0.05457507773629809,0.07249318063259125,0.031983960419893265,0.16558890044689178,0.3697402775287628,0.18584889303098628,0.12106379369901694
0,0.7216048679349092,0.8182498812675476,0.8009706708656129,0.768880559486306,0.7793089747428894,0.6418137550354004,0.8195146918296814,0.8682565689086914,0.8255505411440613,0.7777690827195477
0,0.4398833199861666,0.37675249576568604,0.019361389826527242,0.270543907183263,0.48170265555381775,0.20824052393436432,0.24454176425933838,0.4920429587364197,0.40185321545644576,0.3195660904662635
0,0.19658620571883262,0.14735457301139832,0.01901488733126742,0.05377932847948245,0.07583247870206833,0.05672656372189522,0.03833134099841118,0.12239407747983932,0.18817790317944746,0.0898306131905187
0,0.19658620571883262,0.14735457301139832,0.01901488733126742,0.05377932847948245,0.07583247870206833,0.05672656372189522,0.03833134099841118,0.12239407747983932,0.18817790317944746,0.0898306131905187
0,0.18912241079141004,0.1694822460412979,0.016489617715546787,0.05354810282678725,0.09047358483076096,0.10967448353767395,0.074201799929142,0.13581636548042297,0.19451600029630448,0.10579846244534791
0,0.14597307316473032,0.09181873500347137,0.0036670968565113457,0.04603436250838409,0.09822554141283035,0.005989390425384045,0.16876620054244995,0.09561844915151596,0.16382771996347825,0.08288122447907229
0,0.17062825892798592,0.10664274543523788,0.012871117349555908,0.06260228282518877,0.03959006443619728,0.027347803115844727,0.01999248005449772,0.10938262939453125,0.16785647339462076,0.06955983423314047
0,0.23521862454554265,0.0978984460234642,0.012889514261599714,0.04405484033485371,0.09849900007247925,0.13852058351039886,0.04752243310213089,0.1286148577928543,0.1854473190174894,0.10111138029359543
0,0.2378119408237919,0.1658431589603424,0.015298581716517842,0.098879844310502,0.07567887008190155,0.0319979265332222,0.027155062183737755,0.1011519655585289,0.20295069345458003,0.09564662838104747
0,0.17062825892798592,0.10664274543523788,0.012871117349555908,0.06260228282518877,0.03959006443619728,0.027347803115844727,0.01999248005449772,0.10938262939453125,0.16785647339462076,0.06955983423314047
0,0.18912241079141004,0.1694822460412979,0.016489617715546787,0.05354810282678725,0.09047358483076096,0.10967448353767395,0.074201799929142,0.13581636548042297,0.19451600029630448,0.10579846244534791
0,0.17062825892798592,0.10664274543523788,0.012871117349555908,0.06260228282518877,0.03959006443619728,0.027347803115844727,0.01999248005449772,0.10938262939453125,0.16785647339462076,0.06955983423314047
0,0.17062825892798592,0.10664274543523788,0.012871117349555908,0.06260228282518877,0.03959006443619728,0.027347803115844727,0.01999248005449772,0.10938262939453125,0.16785647339462076,0.06955983423314047
1,0.8131118040054156,0.902804434299469,0.9098014465522622,0.9342030750439462,0.9647027254104614,0.9851664900779724,0.9365640878677368,0.8773446679115295,0.873513558543973,0.9148945238005635
1,0.826127376150435,0.8751509189605713,0.9641655589770058,0.9083348302444335,0.9395723342895508,0.9776361584663391,0.8044476509094238,0.8478940725326538,0.8670603978649156,0.8920840676864827
1,0.826127376150435,0.8751509189605713,0.9641655589770058,0.9083348302444335,0.9395723342895508,0.9776361584663391,0.8044476509094238,0.8478940725326538,0.8670603978649156,0.8920840676864827
0,0.826127376150435,0.8751509189605713,0.9641655589770058,0.9083348302444335,0.9395723342895508,0.9776361584663391,0.8044476509094238,0.8478940725326538,0.8670603978649156,0.8920840676864827
1,0.8040162853462562,0.8754041194915771,0.9623017632939032,0.8953789946738246,0.9330897331237793,0.9764811992645264,0.770072340965271,0.8431529402732849,0.8606044065875333,0.8816156740130928
1,0.8040162853462562,0.8754041194915771,0.9623017632939032,0.8953789946738246,0.9330897331237793,0.9764811992645264,0.770072340965271,0.8431529402732849,0.8606044065875333,0.8816156740130928
1,0.7910747648458227,0.8243576884269714,0.8541180122058486,0.8522764990179681,0.8317905068397522,0.9602007865905762,0.801720142364502,0.8506447672843933,0.8427037085883459,0.8450326177995665
1,0.826127376150435,0.8751509189605713,0.9641655589770058,0.9083348302444335,0.9395723342895508,0.9776361584663391,0.8044476509094238,0.8478940725326538,0.8670603978649156,0.8920840676864827
0,0.826127376150435,0.8751509189605713,0.9641655589770058,0.9083348302444335,0.9395723342895508,0.9776361584663391,0.8044476509094238,0.8478940725326538,0.8670603978649156,0.8920840676864827
1,0.826127376150435,0.8751509189605713,0.9641655589770058,0.9083348302444335,0.9395723342895508,0.9776361584663391,0.8044476509094238,0.8478940725326538,0.8670603978649156,0.8920840676864827
0,0.6226285994925381,0.5129605531692505,0.4206763449094842,0.579665312916354,0.6114238500595093,0.9265243411064148,0.538836658000946,0.7186627984046936,0.6200805920393225,0.6157993222005329
0,0.8272783842072626,0.9265598654747009,0.9498657031357751,0.9318125027936189,0.9575061798095703,0.9842676520347595,0.9159128665924072,0.9305809140205383,0.8844942859397372,0.9273880226289934
0,0.8272783842072626,0.9265598654747009,0.9498657031357751,0.9318125027936189,0.9575061798095703,0.9842676520347595,0.9159128665924072,0.9305809140205383,0.8844942859397372,0.9273880226289934
1,0.826127376150435,0.8751509189605713,0.9641655589770058,0.9083348302444335,0.9395723342895508,0.9776361584663391,0.8044476509094238,0.8478940725326538,0.8670603978649156,0.8920840676864827
1,0.826127376150435,0.8751509189605713,0.9641655589770058,0.9083348302444335,0.9395723342895508,0.9776361584663391,0.8044476509094238,0.8478940725326538,0.8670603978649156,0.8920840676864827
1,0.826127376150435,0.8751509189605713,0.9641655589770058,0.9083348302444335,0.9395723342895508,0.9776361584663391,0.8044476509094238,0.8478940725326538,0.8670603978649156,0.8920840676864827
0,0.826127376150435,0.8751509189605713,0.9641655589770058,0.9083348302444335,0.9395723342895508,0.9776361584663391,0.8044476509094238,0.8478940725326538,0.8670603978649156,0.8920840676864827
1,0.826127376150435,0.8751509189605713,0.9641655589770058,0.9083348302444335,0.9395723342895508,0.9776361584663391,0.8044476509094238,0.8478940725326538,0.8670603978649156,0.8920840676864827
1,0.8420181532158189,0.9160007238388062,0.9101364859677995,0.9384773442226286,0.9813296794891357,0.9812089204788208,0.9586557745933533,0.9571909308433533,0.8861123766373564,0.9352652391087987
1,0.8103538641174182,0.8971178531646729,0.9722629989290918,0.91758265907213,0.9219980239868164,0.9709771871566772,0.8255854845046997,0.786596417427063,0.8666715299588014,0.8869384642940159
1,0.826127376150435,0.8751509189605713,0.9641655589770058,0.9083348302444335,0.9395723342895508,0.9776361584663391,0.8044476509094238,0.8478940725326538,0.8670603978649156,0.8920840676864827
0,0.19658620571883262,0.14735457301139832,0.01901488733126742,0.05377932847948245,0.07583247870206833,0.05672656372189522,0.03833134099841118,0.12239407747983932,0.18817790317944746,0.0898306131905187
0,0.19658620571883262,0.14735457301139832,0.01901488733126742,0.05377932847948245,0.07583247870206833,0.05672656372189522,0.03833134099841118,0.12239407747983932,0.18817790317944746,0.0898306131905187
0,0.2027786924272992,0.16015847027301788,0.0035631176872606366,0.07166561531152223,0.08859333395957947,0.1189948245882988,0.11263945698738098,0.09877318143844604,0.1943822019447365,0.10807277273113355
0,0.19719844708959333,0.09614729136228561,0.003683484727947589,0.027864163757652945,0.05632858723402023,0.10320724546909332,0.06174382567405701,0.13060098886489868,0.17526227152882393,0.08528388651692359
0,0.305246872764021,0.2201196849346161,0.01847894951761809,0.03885437535132691,0.0845506489276886,0.17829670011997223,0.09498423337936401,0.22655966877937317,0.2573840350105674,0.14712574099588926
0,0.19719844708959333,0.09614729136228561,0.003683484727947589,0.027864163757652945,0.05632858723402023,0.10320724546909332,0.06174382567405701,0.13060098886489868,0.17526227152882393,0.08528388651692359
0,0.19719844708959333,0.09614729136228561,0.003683484727947589,0.027864163757652945,0.05632858723402023,0.10320724546909332,0.06174382567405701,0.13060098886489868,0.17526227152882393,0.08528388651692359
0,0.19658620571883262,0.14735457301139832,0.01901488733126742,0.05377932847948245,0.07583247870206833,0.05672656372189522,0.03833134099841118,0.12239407747983932,0.18817790317944746,0.0898306131905187
0,0.19658620571883262,0.14735457301139832,0.01901488733126742,0.05377932847948245,0.07583247870206833,0.05672656372189522,0.03833134099841118,0.12239407747983932,0.18817790317944746,0.0898306131905187
0,0.19658620571883262,0.14735457301139832,0.01901488733126742,0.05377932847948245,0.07583247870206833,0.05672656372189522,0.03833134099841118,0.12239407747983932,0.18817790317944746,0.0898306131905187
0,0.19658620571883262,0.14735457301139832,0.01901488733126742,0.05377932847948245,0.07583247870206833,0.05672656372189522,0.03833134099841118,0.12239407747983932,0.18817790317944746,0.0898306131905187
0,0.19658620571883262,0.14735457301139832,0.01901488733126742,0.05377932847948245,0.07583247870206833,0.05672656372189522,0.03833134099841118,0.12239407747983932,0.18817790317944746,0.0898306131905187
0,0.19658620571883262,0.14735457301139832,0.01901488733126742,0.05377932847948245,0.07583247870206833,0.05672656372189522,0.03833134099841118,0.12239407747983932,0.18817790317944746,0.0898306131905187
0,0.19658620571883262,0.14735457301139832,0.01901488733126742,0.05377932847948245,0.07583247870206833,0.05672656372189522,0.03833134099841118,0.12239407747983932,0.18817790317944746,0.0898306131905187
0,0.19658620571883262,0.14735457301139832,0.01901488733126742,0.05377932847948245,0.07583247870206833,0.05672656372189522,0.03833134099841118,0.12239407747983932,0.18817790317944746,0.0898306131905187
0,0.19658620571883262,0.14735457301139832,0.01901488733126742,0.05377932847948245,0.07583247870206833,0.05672656372189522,0.03833134099841118,0.12239407747983932,0.18817790317944746,0.0898306131905187
0,0.19658620571883262,0.14735457301139832,0.01901488733126742,0.05377932847948245,0.07583247870206833,0.05672656372189522,0.03833134099841118,0.12239407747983932,0.18817790317944746,0.0898306131905187
0,0.19658620571883262,0.14735457301139832,0.01901488733126742,0.05377932847948245,0.07583247870206833,0.05672656372189522,0.03833134099841118,0.12239407747983932,0.18817790317944746,0.0898306131905187
0,0.19658620571883262,0.14735457301139832,0.01901488733126742,0.05377932847948245,0.07583247870206833,0.05672656372189522,0.03833134099841118,0.12239407747983932,0.18817790317944746,0.0898306131905187
0,0.19658620571883262,0.14735457301139832,0.01901488733126742,0.05377932847948245,0.07583247870206833,0.05672656372189522,0.03833134099841118,0.12239407747983932,0.18817790317944746,0.0898306131905187
0,0.19658620571883262,0.14735457301139832,0.01901488733126742,0.05377932847948245,0.07583247870206833,0.05672656372189522,0.038331348448991776,0.12239407747983932,0.18817790358925446,0.08983061411516724
0,0.18918010094609677,0.04673536494374275,0.0038936275494035623,0.02289534263364624,0.016357673332095146,0.026322059333324432,0.0088965417817235,0.06324618309736252,0.15495619481666373,0.04789854500753389
0,0.19658620571883262,0.14735457301139832,0.01901488733126742,0.05377932847948245,0.07583247870206833,0.05672656372189522,0.03833134099841118,0.12239407747983932,0.18817790317944746,0.0898306131905187
0,0.19658620571883262,0.14735457301139832,0.01901488733126742,0.05377932847948245,0.07583247870206833,0.05672656372189522,0.03833134099841118,0.12239407747983932,0.18817790317944746,0.0898306131905187
0,0.19658620571883262,0.14735457301139832,0.01901488733126742,0.05377932847948245,0.07583247870206833,0.05672656372189522,0.03833134099841118,0.12239407747983932,0.18817790317944746,0.0898306131905187
0,0.19658620571883262,0.14735457301139832,0.01901488733126742,0.05377932847948245,0.07583247870206833,0.05672656372189522,0.03833134099841118,0.12239407747983932,0.18817790317944746,0.0898306131905187
0,0.19658620571883262,0.14735457301139832,0.01901488733126742,0.05377932847948245,0.07583247870206833,0.05672656372189522,0.03833134099841118,0.12239407747983932,0.18817790317944746,0.0898306131905187
0,0.19658620571883262,0.14735457301139832,0.01901488733126742,0.05377932847948245,0.07583247870206833,0.05672656372189522,0.03833134099841118,0.12239407747983932,0.18817790317944746,0.0898306131905187
0,0.19658620571883262,0.14735457301139832,0.01901488733126742,0.05377932847948245,0.07583247870206833,0.05672656372189522,0.03833134099841118,0.12239407747983932,0.18817790317944746,0.0898306131905187
0,0.19658620571883262,0.14735457301139832,0.01901488733126742,0.05377932847948245,0.07583247870206833,0.05672656372189522,0.03833136707544327,0.12239407747983932,0.18817790461377176,0.08983061642678858
0,0.19658620571883262,0.14735457301139832,0.01901488733126742,0.05377932847948245,0.07583247870206833,0.05672656372189522,0.03833134099841118,0.12239407747983932,0.18817790317944746,0.0898306131905187
0,0.19658620571883262,0.14735457301139832,0.01901488733126742,0.05377932847948245,0.07583247870206833,0.05672653764486313,0.03833134099841118,0.12239407747983932,0.18817790338041251,0.08983061003631472
0,0.19658620571883262,0.14735457301139832,0.01901488733126742,0.05377932847948245,0.07583247870206833,0.05672653764486313,0.03833134099841118,0.12239407747983932,0.18817790338041251,0.08983061003631472
0,0.19658620571883262,0.14735457301139832,0.01901488733126742,0.05377932847948245,0.07583247870206833,0.05672656372189522,0.03833134099841118,0.12239410728216171,0.18817790499943193,0.08983061692991877
0,0.19658620571883262,0.14735457301139832,0.01901488733126742,0.05377932847948245,0.07583247870206833,0.05672656372189522,0.03833134099841118,0.12239407747983932,0.18817790317944746,0.0898306131905187
0,0.19658620571883262,0.14735457301139832,0.01901488733126742,0.05377932847948245,0.07583247870206833,0.05672656372189522,0.03833134099841118,0.12239407747983932,0.18817790317944746,0.0898306131905187
0,0.19658620571883262,0.14735457301139832,0.01901488733126742,0.05377932847948245,0.07583247870206833,0.05672656372189522,0.03833134099841118,0.12239407747983932,0.18817790317944746,0.0898306131905187
0,0.2505441830810986,0.21727582812309265,0.0292541763962711,0.15575247788076066,0.06868176907300949,0.17337864637374878,0.05751452222466469,0.1266985386610031,0.2251076006303578,0.1359240753466298
1,0.7068574912876082,0.8326870203018188,0.8941919384909516,0.8613456797112578,0.7976050972938538,0.9423704147338867,0.7611837983131409,0.7401303052902222,0.8162412783682657,0.8158935764791508
0,0.6992891010381925,0.790835440158844,0.6363719082764542,0.7796686907221752,0.8540489673614502,0.7879776358604431,0.7922689914703369,0.8947429656982422,0.7987823416127516,0.7800412233612211
0,0.19658620571883262,0.14735457301139832,0.01901488733126742,0.05377932847948245,0.07583247870206833,0.05672656372189522,0.03833134099841118,0.12239407747983932,0.18817790317944746,0.0898306131905187
0,0.7598115374093788,0.8656224608421326,0.6327060243909421,0.881938389600184,0.9478347897529602,0.9546349048614502,0.9480236172676086,0.9486368894577026,0.8433642683840384,0.8679732355345446
0,0.7598115374093788,0.8656224608421326,0.6327060243909421,0.881938389600184,0.9478347897529602,0.9546349048614502,0.9480236172676086,0.9486368894577026,0.8433642683840384,0.8679732355345446
0,0.7598115374093788,0.8656224608421326,0.6327060243909421,0.881938389600184,0.9478347897529602,0.9546349048614502,0.9480236172676086,0.9486368894577026,0.8433642683840384,0.8679732355345446
1,0.6723134595434377,0.8117974400520325,0.2645446394709346,0.8183494063788799,0.8116093277931213,0.929058849811554,0.750531792640686,0.8419921398162842,0.7608163095878352,0.7393932014256702
0,0.6723134595434377,0.8117974400520325,0.2645446394709346,0.8183494063788799,0.8116093277931213,0.929058849811554,0.750531792640686,0.8419921398162842,0.7608163095878352,0.7393932014256702
0,0.6723134595434377,0.8117974400520325,0.2645446394709346,0.8183494063788799,0.8116093277931213,0.929058849811554,0.750531792640686,0.8419921398162842,0.7608163095878352,0.7393932014256702
0,0.6851905917419633,0.8182113766670227,0.6403887969856994,0.7967021923286833,0.7860716581344604,0.7257232666015625,0.9210962653160095,0.7485994696617126,0.8013678288898115,0.7659075609738256
0,0.41352894935844636,0.22088971734046936,0.10450480358095235,0.25429492780704405,0.28831103444099426,0.08971014618873596,0.15617355704307556,0.24608492851257324,0.3062496143394257,0.22356816204803162
0,0.2378119408237919,0.1658431589603424,0.015298581716517842,0.098879844310502,0.07567887008190155,0.0319979265332222,0.027155062183737755,0.1011519655585289,0.20295069345458003,0.09564662838104747
0,0.2378119408237919,0.1658431589603424,0.015298581716517842,0.098879844310502,0.07567887008190155,0.0319979265332222,0.027155062183737755,0.1011519655585289,0.20295069345458003,0.09564662838104747
0,0.17062825892798592,0.10664274543523788,0.012871117349555908,0.06260228282518877,0.03959006443619728,0.027347803115844727,0.01999247632920742,0.10938262939453125,0.16785647320726968,0.0695598337708162
1,0.826127376150435,0.8751509189605713,0.9641655589770058,0.9083348302444335,0.9395723342895508,0.9776361584663391,0.804447591304779,0.8478940725326538,0.8670603953912357,0.8920840602892945
1,0.8420181532158189,0.9160007238388062,0.9101364859677995,0.9384773442226286,0.9813296794891357,0.9812089204788208,0.9586557745933533,0.9571909308433533,0.8861123766373564,0.9352652391087987
0,0.19658620571883262,0.14735457301139832,0.01901488733126742,0.05377932847948245,0.07583247870206833,0.05672656372189522,0.03833134099841118,0.12239407747983932,0.18817790317944746,0.0898306131905187
0,0.17062825892798592,0.10664274543523788,0.012871117349555908,0.06260228282518877,0.03959006443619728,0.027347803115844727,0.01999248005449772,0.10938262939453125,0.16785647339462076,0.06955983423314047
0,0.17062825892798592,0.10664274543523788,0.012871117349555908,0.06260228282518877,0.03959006443619728,0.027347803115844727,0.01999248005449772,0.10938262939453125,0.16785647339462076,0.06955983423314047
0,0.31957113239711915,0.20989571511745453,0.10971941433313841,0.1476427091016196,0.18234151601791382,0.30164408683776855,0.10870049148797989,0.4806203246116638,0.2827056235355132,0.23311995859272072
0,0.2378119408237919,0.1658431589603424,0.015298581716517842,0.098879844310502,0.07567887008190155,0.0319979265332222,0.027155062183737755,0.1011519655585289,0.20295069345458003,0.09564662838104747
0,0.17062825892798592,0.10664274543523788,0.012871117349555908,0.06260228282518877,0.03959006443619728,0.027347803115844727,0.01999248005449772,0.10938262939453125,0.16785647339462076,0.06955983423314047
0,0.4414254167534182,0.26417776942253113,0.0792927463578732,0.3867900181068076,0.08824959397315979,0.16147223114967346,0.11943278461694717,0.15833649039268494,0.3185329759064273,0.21410302406401266
0,0.4788195325131326,0.4924499988555908,0.10838675119043678,0.2545673977026054,0.20958073437213898,0.5077352523803711,0.40046238899230957,0.4120103418827057,0.4877426766586146,0.3592743283270051
0,0.4788195325131326,0.4924499988555908,0.10838675119043678,0.2545673977026054,0.20958073437213898,0.5077352523803711,0.40046238899230957,0.4120103418827057,0.4877426766586146,0.3592743283270051
1,0.46405841487396393,0.577351987361908,0.6707483480187286,0.5657791857709178,0.6603828072547913,0.5101129412651062,0.6551055312156677,0.5427453517913818,0.6001549123125356,0.5802987312330203
0,0.1870867904438914,0.05969792976975441,0.0036226114277495983,0.0252433404659175,0.11388694494962692,0.012487724423408508,0.09995102137327194,0.09184390306472778,0.16319195425313168,0.07513401750791511
0,0.24390865541551,0.22592110931873322,0.1479085520849775,0.24894372276743126,0.2532866597175598,0.12253738194704056,0.11661861091852188,0.17823652923107147,0.23921037739728548,0.1931561099012226
0,0.4171234146108732,0.23509831726551056,0.0412644419251182,0.26715902217032717,0.5813614130020142,0.09749316424131393,0.3329826891422272,0.37783902883529663,0.3303367694099295,0.29641023907067865
0,0.47416811103699774,0.6197404265403748,0.7164966905047884,0.6196448675306694,0.7119607329368591,0.7507889866828918,0.5151092410087585,0.6965488791465759,0.6255978338725559,0.6368901808376239
0,0.24390865541551,0.22592110931873322,0.1479085520849775,0.24894372276743126,0.2532866597175598,0.12253738194704056,0.11661861091852188,0.17823652923107147,0.23921037739728548,0.1931561099012226
0,0.2660528857560867,0.2771878242492676,0.29818289568403167,0.20485856041252584,0.6215052008628845,0.14527161419391632,0.32819440960884094,0.23616276681423187,0.29729898144794137,0.29803976241513924
0,0.3086077272044184,0.3075053095817566,0.0893714094987592,0.20356365918857697,0.33558574318885803,0.24613350629806519,0.31777840852737427,0.2895578145980835,0.31201163570229046,0.26357355362872226
0,0.2590054706570663,0.1369464099407196,0.02746405661514429,0.16042846818517553,0.15337368845939636,0.3630766272544861,0.27475765347480774,0.24479690194129944,0.22136743747620202,0.2024400351097564
0,0.3086077272044184,0.3075053095817566,0.0893714094987592,0.20356365918857697,0.33558574318885803,0.24613350629806519,0.31777840852737427,0.2895578145980835,0.31201163570229046,0.26357355362872226
1,0.2989598398093699,0.3362771272659302,0.06897397877409901,0.22536644793494037,0.37656670808792114,0.2557840049266815,0.2579270899295807,0.3220788240432739,0.3147164848035133,0.2693534264593857
0,0.4988836677360994,0.6822837591171265,0.7649073378808269,0.6526716857284758,0.7261908650398254,0.5516529679298401,0.7537593245506287,0.6779177188873291,0.6859749228088473,0.6630920630589614
1,0.4988836677360994,0.6822837591171265,0.7649073378808269,0.6526716857284758,0.7261908650398254,0.5516529679298401,0.7537593245506287,0.6779177188873291,0.6859749228088473,0.6630920630589614
0,0.2989598398093699,0.3362771272659302,0.06897397877409901,0.22536644793494037,0.37656670808792114,0.2557840049266815,0.2579270899295807,0.3220788240432739,0.3147164848035133,0.2693534264593857
1,0.2989598398093699,0.3362771272659302,0.06897397877409901,0.22536644793494037,0.37656670808792114,0.2557840049266815,0.2579270899295807,0.3220788240432739,0.3147164848035133,0.2693534264593857
0,0.2989598398093699,0.3362771272659302,0.06897397877409901,0.22536644793494037,0.37656670808792114,0.2557840049266815,0.2579270899295807,0.3220788240432739,0.3147164848035133,0.2693534264593857
0,0.2989598398093699,0.3362771272659302,0.06897397877409901,0.22536644793494037,0.37656670808792114,0.2557840049266815,0.2579270899295807,0.3220788240432739,0.3147164848035133,0.2693534264593857
0,0.2989598398093699,0.3362771272659302,0.06897397877409901,0.22536644793494037,0.37656670808792114,0.2557840049266815,0.2579270899295807,0.3220788240432739,0.3147164848035133,0.2693534264593857
0,0.2989598398093699,0.3362771272659302,0.06897397877409901,0.22536644793494037,0.37656670808792114,0.2557840049266815,0.2579270899295807,0.3220788240432739,0.3147164848035133,0.2693534264593857
0,0.2989598398093699,0.3362771272659302,0.06897397877409901,0.22536644793494037,0.37656670808792114,0.2557840049266815,0.2579270899295807,0.3220788240432739,0.3147164848035133,0.2693534264593857
0,0.4988836677360994,0.6822837591171265,0.7649073378808269,0.6526716857284758,0.7261908650398254,0.5516529679298401,0.7537593245506287,0.6779177188873291,0.6859749228088473,0.6630920630589614
0,0.2989598398093699,0.3362771272659302,0.06897397877409901,0.22536644793494037,0.37656670808792114,0.2557840049266815,0.2579270899295807,0.3220788240432739,0.3147164848035133,0.2693534264593857
0,0.2567712550755735,0.20552895963191986,0.04834107403172162,0.23279789581574972,0.17709068953990936,0.1639527678489685,0.1890920102596283,0.2548378109931946,0.23978140460915406,0.1921517161312464
0,0.2567712550755735,0.20552895963191986,0.04834107403172162,0.23279789581574972,0.17709068953990936,0.1639527678489685,0.1890920102596283,0.2548378109931946,0.23978140460915406,0.1921517161312464
0,0.4033285557369552,0.551875650882721,0.6352594758786797,0.42698026386918836,0.4689726233482361,0.2696909010410309,0.6491897702217102,0.6940884590148926,0.5803389972400785,0.5124967951977667
1,0.4988836677360994,0.6822837591171265,0.7649073378808269,0.6526716857284758,0.7261908650398254,0.5516529679298401,0.7537593245506287,0.6779177188873291,0.6859749228088473,0.6630920630589614
0,0.2567712550755735,0.20552895963191986,0.04834107403172162,0.23279789581574972,0.17709068953990936,0.1639527678489685,0.1890920102596283,0.2548378109931946,0.23978140460915406,0.1921517161312464
0,0.4986718638667782,0.6947313547134399,0.6599326995913286,0.5630013312087061,0.8097711205482483,0.5822916626930237,0.9335717558860779,0.8730931282043457,0.7132477785298125,0.701918443737287
0,0.2567712550755735,0.20552895963191986,0.04834107403172162,0.23279789581574972,0.17709068953990936,0.1639527678489685,0.1890920102596283,0.2548378109931946,0.23978140460915406,0.1921517161312464
0,0.2567712550755735,0.20552895963191986,0.04834107403172162,0.23279789581574972,0.17709068953990936,0.1639527678489685,0.1890920102596283,0.2548378109931946,0.23978140460915406,0.1921517161312464
0,0.2567712550755735,0.20552895963191986,0.04834107403172162,0.23279789581574972,0.17709068953990936,0.1639527678489685,0.1890920102596283,0.2548378109931946,0.23978140460915406,0.1921517161312464
0,0.2567712550755735,0.20552895963191986,0.04834107403172162,0.23279789581574972,0.17709068953990936,0.1639527678489685,0.1890920102596283,0.2548378109931946,0.23978140460915406,0.1921517161312464
0,0.2567712550755735,0.20552895963191986,0.04834107403172162,0.23279789581574972,0.17709068953990936,0.1639527678489685,0.1890920102596283,0.2548378109931946,0.23978140460915406,0.1921517161312464
0,0.2567712550755735,0.20552895963191986,0.04834107403172162,0.23279789581574972,0.17709068953990936,0.1639527678489685,0.1890920102596283,0.2548378109931946,0.23978140460915406,0.1921517161312464
0,0.2567712550755735,0.20552895963191986,0.04834107403172162,0.23279789581574972,0.17709068953990936,0.1639527678489685,0.1890920102596283,0.2548378109931946,0.23978140460915406,0.1921517161312464
0,0.4988836677360994,0.6822837591171265,0.7649073378808269,0.6526716857284758,0.7261908650398254,0.5516529679298401,0.7537593245506287,0.6779177188873291,0.6859749228088473,0.6630920630589614
0,0.4988836677360994,0.6822837591171265,0.7649073378808269,0.6526716857284758,0.7261908650398254,0.5516529679298401,0.7537593245506287,0.6779177188873291,0.6859749228088473,0.6630920630589614
0,0.4988836677360994,0.6822837591171265,0.7649073378808269,0.6526716857284758,0.7261908650398254,0.5516529679298401,0.7537593245506287,0.6779177188873291,0.6859749228088473,0.6630920630589614
0,0.4988836677360994,0.6822837591171265,0.7649073378808269,0.6526716857284758,0.7261908650398254,0.5516529679298401,0.7537593245506287,0.6779177188873291,0.6859749228088473,0.6630920630589614
0,0.3195185561743482,0.41230595111846924,0.23954129785964376,0.25289588543825076,0.5604954361915588,0.06234763562679291,0.573880136013031,0.41982975602149963,0.4084250307647154,0.35712068675389097
0,0.4686618779291817,0.5607962012290955,0.2942832746147151,0.43636809231963647,0.5522459149360657,0.6147108674049377,0.8074790835380554,0.5935072898864746,0.5779596956575382,0.5415506307195365
0,0.4686618779291817,0.5607962012290955,0.2942832746147151,0.43636809231963647,0.5522459149360657,0.6147108674049377,0.8074790835380554,0.5935072898864746,0.5779596956575382,0.5415506307195365
0,0.4686618779291817,0.5607962012290955,0.2942832746147151,0.43636809231963647,0.5522459149360657,0.6147108674049377,0.8074790835380554,0.5935072898864746,0.5779596956575382,0.5415506307195365
0,0.4686618779291817,0.5607962012290955,0.2942832746147151,0.43636809231963647,0.5522459149360657,0.6147108674049377,0.8074790835380554,0.5935072898864746,0.5779596956575382,0.5415506307195365
0,0.4686618779291817,0.5607962012290955,0.2942832746147151,0.43636809231963647,0.5522459149360657,0.6147108674049377,0.8074790835380554,0.5935072898864746,0.5779596956575382,0.5415506307195365
0,0.2989598398093699,0.3362771272659302,0.06897397877409901,0.22536644793494037,0.37656670808792114,0.2557840049266815,0.2579270899295807,0.3220788240432739,0.3147164848035133,0.2693534264593857
0,0.23754632889747673,0.22216133773326874,0.14806578732584366,0.22886211786703897,0.21091115474700928,0.17127417027950287,0.15155144035816193,0.20348158478736877,0.24019766334786924,0.19738768647535834
1,0.6792374854902437,0.8296041488647461,0.761487990629025,0.807343499213314,0.8629186153411865,0.8679078817367554,0.9089251160621643,0.8628078699111938,0.8156462294111072,0.8222434673091328
1,0.7039165094014392,0.8524912595748901,0.9337427734458856,0.8837885928623611,0.911336362361908,0.9539146423339844,0.9431400299072266,0.9056603908538818,0.8407208602344719,0.8847911267512937
1,0.7039165094014392,0.8524912595748901,0.9337427734458856,0.8837885928623611,0.911336362361908,0.9539146423339844,0.9431400299072266,0.9056603908538818,0.8407208602344719,0.8847911267512937
1,0.6732308207364984,0.777739942073822,0.7772582402089695,0.45915021632308906,0.8538631796836853,0.9076123237609863,0.8427717685699463,0.8435438275337219,0.8031502592617313,0.7660227271981397
0,0.2913881499414607,0.2901909053325653,0.3787153476382127,0.2986150957873187,0.5464490652084351,0.40075236558914185,0.17044387757778168,0.18527235090732574,0.2984755343770723,0.3198281441491082
0,0.2913881499414607,0.2901909053325653,0.3787153476382127,0.2986150957873187,0.5464490652084351,0.40075236558914185,0.17044387757778168,0.18527235090732574,0.2984755343770723,0.3198281441491082
0,0.2913881499414607,0.2901909053325653,0.3787153476382127,0.2986150957873187,0.5464490652084351,0.40075236558914185,0.17044387757778168,0.18527235090732574,0.2984755343770723,0.3198281441491082
0,0.2913881499414607,0.2901909053325653,0.3787153476382127,0.2986150957873187,0.5464490652084351,0.40075236558914185,0.17044387757778168,0.18527235090732574,0.2984755343770723,0.3198281441491082
1,0.34533624184728245,0.36699870228767395,0.37181735298489693,0.4019422846534697,0.5374111533164978,0.5414614081382751,0.4247000217437744,0.5474733710289001,0.40201390169618695,0.44167382860775856
1,0.4487983939205551,0.5890159010887146,0.6377328410032227,0.5384621324082477,0.6309739947319031,0.7721774578094482,0.6412162184715271,0.5623902082443237,0.5936156798877097,0.6011787070156516
0,0.4988836677360994,0.6822837591171265,0.7649073378808269,0.6526716857284758,0.7261908650398254,0.5516529679298401,0.7537593245506287,0.6779177188873291,0.6859749228088473,0.6630920630589614
1,0.40384135585890696,0.5742231011390686,0.6992252640008655,0.6288956788852462,0.6196845769882202,0.6294339895248413,0.6804124712944031,0.6949391961097717,0.5871547687365389,0.6150354518755989
1,0.6840500572237395,0.8452578783035278,0.7179881415995697,0.809044158049057,0.7498341798782349,0.8805491924285889,0.9157811999320984,0.7522781491279602,0.8126866468720977,0.7940652626090261
0,0.3087349055801942,0.29467466473579407,0.3215443282194082,0.32126683749430945,0.2589004933834076,0.13069884479045868,0.17249354720115662,0.16574683785438538,0.30454946693001994,0.24733185601056362
0,0.24390865541551,0.22592110931873322,0.1479085520849775,0.24894372276743126,0.2532866597175598,0.12253738194704056,0.11661861091852188,0.17823652923107147,0.23921037739728548,0.1931561099012226
0,0.24390865541551,0.22592110931873322,0.1479085520849775,0.24894372276743126,0.2532866597175598,0.12253738194704056,0.11661861091852188,0.17823652923107147,0.23921037739728548,0.1931561099012226
1,0.3907734999342175,0.44593045115470886,0.5674064877424334,0.367605510490498,0.5756592750549316,0.414747029542923,0.5541142821311951,0.2419479340314865,0.46428894969811985,0.44411972534488703
0,0.23754632889747673,0.22216133773326874,0.14806578732584366,0.22886211786703897,0.21091115474700928,0.17127417027950287,0.15155144035816193,0.20348158478736877,0.24019766334786924,0.19738768647535834
0,0.638962785710363,0.8078405261039734,0.679984542390943,0.7447195731372296,0.657533586025238,0.7107959985733032,0.8439058661460876,0.6444335579872131,0.7767760729942558,0.7161510602139538
0,0.5465203393339756,0.5735470056533813,0.32081186782359916,0.6004120004015833,0.6918734312057495,0.7647557258605957,0.7033229470252991,0.7758653163909912,0.6219287979995952,0.6227112746197773
0,0.7395638736044609,0.8630607724189758,0.8632225397173257,0.8594689430288496,0.9023196697235107,0.8880950212478638,0.8159242868423462,0.9222214221954346,0.8441614342640097,0.8563908942928983
0,0.2989598398093699,0.3362771272659302,0.06897397877409901,0.22536644793494037,0.37656670808792114,0.2557840049266815,0.2579270899295807,0.3220788240432739,0.3147164848035133,0.2693534264593857
0,0.2567712550755735,0.20552895963191986,0.04834107403172162,0.23279789581574972,0.17709068953990936,0.1639527678489685,0.1890920102596283,0.2548378109931946,0.23978140460915406,0.1921517161312464
0,0.40384135585890696,0.5742231011390686,0.6992252640008655,0.6288956788852462,0.6196845769882202,0.6294339895248413,0.6804124712944031,0.6949391961097717,0.5871547687365389,0.6150354518755989
0,0.2567712550755735,0.20552895963191986,0.04834107403172162,0.23279789581574972,0.17709068953990936,0.1639527678489685,0.1890920102596283,0.2548378109931946,0.23978140460915406,0.1921517161312464
0,0.2567712550755735,0.20552895963191986,0.04834107403172162,0.23279789581574972,0.17709068953990936,0.1639527678489685,0.1890920102596283,0.2548378109931946,0.23978140460915406,0.1921517161312464
0,0.2567712550755735,0.20552895963191986,0.04834107403172162,0.23279789581574972,0.17709068953990936,0.1639527678489685,0.1890920102596283,0.2548378109931946,0.23978140460915406,0.1921517161312464
0,0.2567712550755735,0.20552895963191986,0.04834107403172162,0.23279789581574972,0.17709068953990936,0.1639527678489685,0.1890919953584671,0.2548378109931946,0.23978140363116546,0.19215171428194933
0,0.40384135585890696,0.5742231011390686,0.6992252640008655,0.6288956788852462,0.6196845769882202,0.6294339895248413,0.6804124712944031,0.6949391961097717,0.5871547687365389,0.6150354518755989
0,0.40384135585890696,0.5742231011390686,0.6992252640008655,0.6288956788852462,0.6196845769882202,0.6294339895248413,0.6804124712944031,0.6949391961097717,0.5871547687365389,0.6150354518755989
0,0.2567712550755735,0.20552895963191986,0.04834107403172162,0.23279789581574972,0.17709068953990936,0.1639527678489685,0.1890920102596283,0.2548378109931946,0.23978140460915406,0.1921517161312464
0,0.2567712550755735,0.20552895963191986,0.04834107403172162,0.23279789581574972,0.17709068953990936,0.1639527678489685,0.1890920102596283,0.2548378109931946,0.23978140460915406,0.1921517161312464
0,0.40384135585890696,0.5742231011390686,0.6992252640008655,0.6288956788852462,0.6196845769882202,0.6294339895248413,0.6804124712944031,0.6949391961097717,0.5871547687365389,0.6150354518755989
0,0.2567712550755735,0.20552895963191986,0.04834107403172162,0.23279789581574972,0.17709068953990936,0.1639527678489685,0.1890920102596283,0.2548378109931946,0.23978140460915406,0.1921517161312464
0,0.2567712550755735,0.20552895963191986,0.04834107403172162,0.23279789581574972,0.17709068953990936,0.1639527678489685,0.1890920102596283,0.2548378109931946,0.23978140460915406,0.1921517161312464
0,0.2567712550755735,0.20552895963191986,0.04834107403172162,0.23279789581574972,0.17709068953990936,0.1639527678489685,0.1890920102596283,0.2548378109931946,0.23978140460915406,0.1921517161312464
0,0.2567712550755735,0.20552895963191986,0.04834107403172162,0.23279789581574972,0.17709068953990936,0.1639527678489685,0.1890919953584671,0.2548378109931946,0.23978140363116546,0.19215171428194933
0,0.40384135585890696,0.5742231011390686,0.6992252640008655,0.6288956788852462,0.6196845769882202,0.6294339895248413,0.6804124712944031,0.6949391961097717,0.5871547687365389,0.6150354518755989
0,0.2567712550755735,0.20552895963191986,0.04834107403172162,0.23279789581574972,0.17709068953990936,0.1639527678489685,0.1890920102596283,0.2548378109931946,0.23978140460915406,0.1921517161312464
1,0.2567712550755735,0.20552895963191986,0.04834107403172162,0.23279789581574972,0.17709068953990936,0.1639527678489685,0.1890919953584671,0.2548378109931946,0.23978140363116546,0.19215171428194933
0,0.2567712550755735,0.20552895963191986,0.04834107403172162,0.23279789581574972,0.17709068953990936,0.1639527678489685,0.1890919953584671,0.2548378109931946,0.23978140363116546,0.19215171428194933
0,0.2989598398093699,0.3362771272659302,0.06897397877409901,0.22536644793494037,0.37656670808792114,0.2557840049266815,0.2579270899295807,0.3220788538455963,0.31471648737289104,0.26935343019878577
0,0.2989598398093699,0.3362771272659302,0.06897397877409901,0.22536644793494037,0.37656670808792114,0.2557840049266815,0.2579270899295807,0.3220788240432739,0.3147164848035133,0.2693534264593857
0,0.2989598398093699,0.3362771272659302,0.06897397877409901,0.22536644793494037,0.37656670808792114,0.2557840049266815,0.2579270899295807,0.3220788240432739,0.3147164848035133,0.2693534264593857
0,0.2638649291474946,0.057328470051288605,0.02815350189897958,0.04017359585964182,0.05684373900294304,0.24076403677463531,0.23103700578212738,0.32732492685317993,0.20562389070306672,0.15567887819151174
0,0.3076842415615614,0.3565322160720825,0.3599688796074595,0.3053476569826479,0.36091187596321106,0.5091033577919006,0.31498032808303833,0.48973727226257324,0.3693878288559242,0.37483776324767415
0,0.3076842415615614,0.3565322160720825,0.3599688796074595,0.3053476569826479,0.36091187596321106,0.5091033577919006,0.31498032808303833,0.48973727226257324,0.3693878288559242,0.37483776324767415
0,0.2548552000754107,0.245729461312294,0.14571953083228267,0.21866965522408885,0.33659443259239197,0.34226152300834656,0.2973325550556183,0.5069999694824219,0.2864918018694463,0.2938645152492385
0,0.2548552000754107,0.245729461312294,0.14571953083228267,0.21866965522408885,0.33659443259239197,0.34226152300834656,0.2973325550556183,0.5069999694824219,0.2864918018694463,0.2938645152492385
0,0.2548552000754107,0.245729461312294,0.14571953083228267,0.21866965522408885,0.33659443259239197,0.34226152300834656,0.2973325550556183,0.5069999694824219,0.2864918018694463,0.2938645152492385
0,0.47383119447146627,0.727972149848938,0.8853797067478552,0.7508971351566003,0.8119715452194214,0.7372632622718811,0.6952409744262695,0.583092451095581,0.686608127707566,0.7067301955365268
0,0.49484793620221057,0.1744147092103958,0.2853215122303774,0.1494860296503514,0.32530370354652405,0.6761948466300964,0.4562237560749054,0.6291394233703613,0.3957814310062119,0.3974620601106219
0,0.7202295327740496,0.9191698431968689,0.9082133733568846,0.9319222973923521,0.9520596265792847,0.7882424592971802,0.9731325507164001,0.9800938963890076,0.8639402262299053,0.8966524063260582
0,0.5324659569601711,0.6284788250923157,0.30814897094211385,0.5868518412059406,0.45647311210632324,0.4574631452560425,0.692746102809906,0.7183787822723389,0.6377310616176411,0.5492904436525032
0,0.520199348684001,0.6546434760093689,0.5325859264611017,0.557609684447999,0.6108905076980591,0.7581540942192078,0.4186202585697174,0.7597851753234863,0.6434117117289401,0.6014857690053677
0,0.2574166283459765,0.21616831421852112,0.011594027835300722,0.057654006707232947,0.06808677315711975,0.14206568896770477,0.1090884655714035,0.2441038340330124,0.24040980858749855,0.13950643088500625
1,0.6061369614117326,0.5817898511886597,0.5918764953738762,0.3868567054066177,0.5969842672348022,0.29585009813308716,0.5678189992904663,0.6565144658088684,0.6699409528928844,0.5366511416959285
0,0.3307660132162264,0.33661380410194397,0.33043485016276547,0.25213481370995766,0.3413245677947998,0.03540145605802536,0.266401082277298,0.39486193656921387,0.3628419585353841,0.2872861597997598
0,0.3307660132162264,0.33661380410194397,0.33043485016276547,0.25213481370995766,0.3413245677947998,0.03540145605802536,0.266401082277298,0.39486193656921387,0.3628419585353841,0.2872861597997598
0,0.5781151591586849,0.29669561982154846,0.48834675021626267,0.16508921350412653,0.6141221523284912,0.12457472831010818,0.5299599170684814,0.5383177995681763,0.5148827250016292,0.4178771895663612
0,0.6104657191447934,0.5684725046157837,0.5263278173883967,0.4519867564601312,0.6963198184967041,0.8075132966041565,0.6545490622520447,0.7978840470314026,0.6708363233793913,0.6387503139835587
0,0.3971133556366669,0.4724901020526886,0.34058176476365204,0.4442560112443551,0.452801913022995,0.34114161133766174,0.29646652936935425,0.6111555695533752,0.4677898844140285,0.42063230357272935
0,0.5796709400718472,0.6173084378242493,0.5412346293619769,0.6128380164140207,0.48957470059394836,0.6152069568634033,0.8238435387611389,0.6495549082756042,0.6776650719393131,0.6160430405601953
0,0.41376687595770556,0.470359206199646,0.5161054946121658,0.44774432932021613,0.41085830330848694,0.4735555648803711,0.37250208854675293,0.6063981652259827,0.49862394494532797,0.46354729909400794
1,0.48770456372240484,0.7370100021362305,0.4139426695247253,0.3895459230346087,0.6207138299942017,0.6527532935142517,0.6343502402305603,0.7248178720474243,0.6735685581971554,0.5835335896247489
1,0.6061369614117326,0.5817898511886597,0.5918764953738762,0.3868567054066177,0.5969842672348022,0.29585009813308716,0.5678189992904663,0.6565144658088684,0.6699409528928844,0.5366511416959285
0,0.38586691924372957,0.4391186237335205,0.3944000629731474,0.3660670603118662,0.4578059911727905,0.5649590492248535,0.3930598497390747,0.5455675721168518,0.45502273688994566,0.44299765109762923
0,0.39402015079407243,0.09859719127416611,0.518036575268949,0.03907027335240029,0.18950475752353668,0.1382196694612503,0.299123078584671,0.5410043597221375,0.33155570796642103,0.27602130141676706
0,0.5921029805041322,0.65836501121521,0.764331715664905,0.7750982810108592,0.6420727372169495,0.7547814846038818,0.6714441776275635,0.6258593201637268,0.6982417004916377,0.6843889639871513
0,0.4050732371976962,0.4919103980064392,0.47592212040419435,0.362710285624267,0.42689746618270874,0.452950119972229,0.3951124846935272,0.5686399340629578,0.5018036489204623,0.4473388315576503
0,0.599025526116892,0.6009494662284851,0.5712616877271305,0.4497138708223249,0.5835452675819397,0.635181188583374,0.7024326324462891,0.722139835357666,0.6833766247047693,0.6079089931157182
0,0.407464005627015,0.23475125432014465,0.03505669009841609,0.1986803201838133,0.374093234539032,0.6088992953300476,0.4006834626197815,0.6195785403251648,0.3505762478879941,0.3601408427096164
0,0.407464005627015,0.23475125432014465,0.03505669009841609,0.1986803201838133,0.374093234539032,0.6088992953300476,0.4006834626197815,0.6195785403251648,0.3505762478879941,0.3601408427096164
0,0.6048725513932809,0.6698670983314514,0.6892240513947857,0.7067227657762606,0.7267468571662903,0.7414677143096924,0.6368510723114014,0.6909719109535217,0.7057080366105123,0.6829061533376191
1,0.6048725513932809,0.6698670983314514,0.6892240513947857,0.7067227657762606,0.7267468571662903,0.7414675951004028,0.6368510723114014,0.6909719109535217,0.7057080378594659,0.682906138918401
0,0.6362826557944343,0.9085424542427063,0.7577462847159017,0.9257812327865352,0.8960451483726501,0.872164785861969,0.7610498666763306,0.8448501229286194,0.8130635634965859,0.8254604252784097
0,0.6362826557944343,0.9085424542427063,0.7577462847159017,0.9257812327865352,0.8960452675819397,0.872164785861969,0.7610498666763306,0.8448501229286194,0.8130635629439,0.8254604403739396
0,0.363583424223803,0.4004223048686981,0.2181351361332101,0.3402942663003956,0.4981566369533539,0.395577609539032,0.447834849357605,0.4505740702152252,0.40647735941959273,0.3902434281129585
0,0.43668273229741417,0.5641154646873474,0.727774043634114,0.36656529444030067,0.5603333115577698,0.4999399185180664,0.3761828541755676,0.5102810859680176,0.568138463962996,0.5043572138091474
0,0.6048725513932809,0.6698670983314514,0.6892240513947857,0.7067227657762606,0.7267468571662903,0.7414677143096924,0.6368510723114014,0.6909719109535217,0.7057080366105123,0.6829061533376191
0,0.6048725513932809,0.6698670983314514,0.6892240513947857,0.7067227657762606,0.7267468571662903,0.7414677143096924,0.6368510723114014,0.6909719109535217,0.7057080366105123,0.6829061533376191
0,0.6048725513932809,0.6698670983314514,0.6892240513947857,0.7067227657762606,0.7267468571662903,0.7414677143096924,0.6368510723114014,0.6909719109535217,0.7057080366105123,0.6829061533376191
1,0.29986209618733883,0.15414048731327057,0.007965032750276787,0.07698461103515412,0.20031985640525818,0.45148491859436035,0.13220703601837158,0.30186453461647034,0.23557616079901122,0.2031960041145774
0,0.6000034119253027,0.6353463530540466,0.5386047732106484,0.7705727134771967,0.7559133768081665,0.6521774530410767,0.6922478675842285,0.6256999373435974,0.6733702030688854,0.6593184298228059
1,0.5943862926364796,0.6911535859107971,0.4828962048095626,0.6443328657906854,0.6001762747764587,0.6803760528564453,0.6497205495834351,0.6928192377090454,0.6956754061990307,0.6301283176666695
0,0.37914404724164014,0.4480345845222473,0.32409799607079054,0.4188172488393963,0.455814927816391,0.4445036053657532,0.43273597955703735,0.5371994376182556,0.45062062490107563,0.43051557661462814
1,0.35706872099896103,0.44358891248703003,0.5178979384672183,0.4102416065751742,0.5327941179275513,0.5100051164627075,0.4476742446422577,0.40082114934921265,0.44557338704634464,0.45172266471260614
0,0.3270963449384936,0.4028412699699402,0.3679598062843861,0.3618030866242535,0.4781394302845001,0.3915608823299408,0.3999783396720886,0.4216175973415375,0.398734104937914,0.3939796061872347
1,0.35706872099896103,0.44358891248703003,0.5178979384672183,0.4102416065751742,0.5327941179275513,0.5100051164627075,0.4476742446422577,0.40082114934921265,0.44557338704634464,0.45172266471260614
1,0.3270963449384936,0.4028412699699402,0.3679598062843861,0.3618030866242535,0.4781394302845001,0.3915608823299408,0.3999783396720886,0.4216175973415375,0.398734104937914,0.3939796061872347
0,0.3270963449384936,0.4028412699699402,0.3679598062843861,0.3618030866242535,0.4781394302845001,0.3915608823299408,0.3999783396720886,0.4216175973415375,0.398734104937914,0.3939796061872347
0,0.3270963449384936,0.4028412699699402,0.3679598062843861,0.3618030866242535,0.4781394302845001,0.3915608823299408,0.3999783396720886,0.4216175973415375,0.398734104937914,0.3939796061872347
0,0.44789914982697815,0.6369526386260986,0.6053717807440913,0.5571801152779363,0.4886368215084076,0.480917364358902,0.4283754229545593,0.5848155617713928,0.5989245218660879,0.5288692167529815
0,0.5293890501514567,0.7056820392608643,0.8507793073914818,0.6559818377906006,0.5583242774009705,0.5400480031967163,0.5671772360801697,0.5217741131782532,0.6891985458530765,0.6153416246841836
0,0.3747843475588876,0.44013792276382446,0.3975211929026025,0.42250639464399287,0.5723167657852173,0.3498033881187439,0.40161818265914917,0.48664411902427673,0.44515562553374133,0.43130817689612044
1,0.3747843475588876,0.44013792276382446,0.3975211929026025,0.42250639464399287,0.5723167657852173,0.3498033881187439,0.40161818265914917,0.48664411902427673,0.44515562553374133,0.43130817689612044
1,0.49672062813186935,0.6204479932785034,0.7804008732118637,0.6279687214503172,0.6759577989578247,0.6203816533088684,0.5047880411148071,0.4988560676574707,0.6246589752992934,0.6021675929768582
0,0.49672062813186935,0.6204479932785034,0.7804008732118637,0.6279687214503172,0.6759577989578247,0.6203816533088684,0.5047880411148071,0.4988560676574707,0.6246589752992934,0.6021675929768582
0,0.43476274605521326,0.5265570282936096,0.5013917082947268,0.4924895932982996,0.41707444190979004,0.40643417835235596,0.37753826379776,0.5025692582130432,0.5224409165259123,0.45761296638249904
0,0.4911588194588796,0.6078258156776428,0.55811885038308,0.5600557681203262,0.6816652417182922,0.4463697373867035,0.4698989689350128,0.6007702946662903,0.6049802846389687,0.5527476024615086
0,0.45105675840834325,0.5440436005592346,0.5067417353657021,0.5562073807922727,0.6241900324821472,0.48068609833717346,0.428002268075943,0.552760124206543,0.5434957107178393,0.5183625957731415
0,0.5080474023135524,0.7341706156730652,0.2989385175925692,0.7013960662416504,0.6509416103363037,0.6032288074493408,0.614025354385376,0.6194446682929993,0.6485432845825978,0.5931645712760387
0,0.3377971704414518,0.12461628764867783,0.18500177213391122,0.033150914714199536,0.2952297329902649,0.3648498058319092,0.20370715856552124,0.4045395851135254,0.267462776359057,0.24329165935268537
0,0.45105675840834325,0.5440436005592346,0.5067417353657021,0.5562073807922727,0.6241900324821472,0.48068609833717346,0.428002268075943,0.552760124206543,0.5434957107178393,0.5183625957731415
0,0.4852752735144896,0.2980952262878418,0.6583427625463706,0.15310404371876377,0.47463929653167725,0.1591460257768631,0.37924081087112427,0.49461469054222107,0.4724494196841649,0.38741169794711544
0,0.4735576669857843,0.6921282410621643,0.6626509387331085,0.6045711399336552,0.6233099102973938,0.40596914291381836,0.46396276354789734,0.6112169027328491,0.6442007158442017,0.5678280092077626
0,0.6007405612509576,0.38879716396331787,0.5761911073826069,0.3710939317064684,0.7700462341308594,0.5366862416267395,0.799654483795166,0.694685161113739,0.6022849857465157,0.5917502006773612
1,0.623280102116692,0.7284640073776245,0.7194267290914654,0.7766792988601718,0.7900935411453247,0.6823958158493042,0.7297030687332153,0.6755164861679077,0.7407345172539004,0.7157008452109239
0,0.3747843475588876,0.44013792276382446,0.3975211929026025,0.42250639464399287,0.5723167657852173,0.3498033881187439,0.40161818265914917,0.48664411902427673,0.44515562553374133,0.43130817689612044
0,0.43738804611143245,0.6558263301849365,0.598570311165252,0.5191936942719373,0.6246135234832764,0.26001885533332825,0.5432358980178833,0.5143807530403137,0.6080248988223274,0.5202999769665211
0,0.49672062813186935,0.6204479932785034,0.7804008732118637,0.6279687214503172,0.6759577989578247,0.6203816533088684,0.5047880411148071,0.4988560676574707,0.6246589752992934,0.6021675929768582
0,0.5658977132830786,0.5497710704803467,0.7681378092069737,0.5442935275359618,0.6243129372596741,0.6839137077331543,0.7176513075828552,0.5915889143943787,0.6525926368519461,0.6291161935456002
0,0.6011954999754611,0.8936275839805603,0.8573385993067559,0.8647908170911709,0.8786076307296753,0.7189757227897644,0.6620856523513794,0.5718246102333069,0.7842652077884567,0.7560725651286149
0,0.45105675840834325,0.5440436005592346,0.5067417353657021,0.5562073807922727,0.6241900324821472,0.48068609833717346,0.428002268075943,0.552760124206543,0.5434957107178393,0.5183625957731415
0,0.5503583176474341,0.6412801742553711,0.513273418954679,0.5763411532902049,0.5854165554046631,0.5172501802444458,0.5301429033279419,0.6208975315093994,0.6478633688439666,0.5676980460153843
0,0.5937295432122618,0.6915576457977295,0.5456419349322109,0.627246507022972,0.6368837952613831,0.6989210844039917,0.6272006630897522,0.6594927310943604,0.6968950711557858,0.6354030377789348
0,0.5971149223833122,0.7183201313018799,0.47932953018465063,0.5682527113663984,0.6999670267105103,0.6641218662261963,0.7622939348220825,0.7939942479133606,0.725429203266977,0.661357201869513
0,0.7570399603561865,0.9421032667160034,0.9376278751769703,0.8989786175706957,0.964567244052887,0.927282989025116,0.9400437474250793,0.9294823408126831,0.8743730934719588,0.9116763642089254
0,0.6091178955859131,0.7184691429138184,0.6968627518573787,0.6186853061519103,0.8042902946472168,0.6359243392944336,0.7588703036308289,0.7507533431053162,0.7428745477796346,0.6993081880111021
1,0.6091178955859131,0.7184691429138184,0.6968627518573787,0.6186853061519103,0.8042902946472168,0.6359243392944336,0.7588703036308289,0.7507533431053162,0.7428745477796346,0.6993081880111021
0,0.6091178955859131,0.7184691429138184,0.6968627518573787,0.6186853061519103,0.8042902946472168,0.6359243392944336,0.7588703036308289,0.7507533431053162,0.7428745477796346,0.6993081880111021
1,0.6091178955859131,0.7184691429138184,0.6968627518573787,0.6186853061519103,0.8042902946472168,0.6359243392944336,0.7588703036308289,0.7507533431053162,0.7428745477796346,0.6993081880111021
0,0.6091178955859131,0.7184691429138184,0.6968627518573787,0.6186853061519103,0.8042902946472168,0.6359243392944336,0.7588703036308289,0.7507533431053162,0.7428745477796346,0.6993081880111021
0,0.6091178955859131,0.7184691429138184,0.6968627518573787,0.6186853061519103,0.8042902946472168,0.6359243392944336,0.7588703036308289,0.7507533431053162,0.7428745477796346,0.6993081880111021
1,0.6490199624027022,0.8228728175163269,0.7641449102866741,0.7685794171691456,0.8918479681015015,0.9239501357078552,0.8851973414421082,0.8764855265617371,0.8048332125393884,0.8221753007086846
0,0.41825840001448655,0.2451191246509552,0.10276966782468554,0.1870495249521108,0.5994437336921692,0.485919326543808,0.5422496795654297,0.6948413252830505,0.38580767889613327,0.4102091192310532
0,0.6091178955859131,0.7184691429138184,0.6968627518573787,0.6186853061519103,0.8042902946472168,0.6359243392944336,0.7588703036308289,0.7507533431053162,0.7428745477796346,0.6993081880111021
0,0.6091178955859131,0.7184691429138184,0.6968627518573787,0.6186853061519103,0.8042902946472168,0.6359243392944336,0.7588703036308289,0.7507533431053162,0.7428745477796346,0.6993081880111021
1,0.48094020298158546,0.6400098204612732,0.2444599291106587,0.5636427178411286,0.7790217995643616,0.7075631618499756,0.6691190600395203,0.6127334833145142,0.5964550256837953,0.588534321778142
0,0.6490199624027022,0.8228728175163269,0.7641449102866741,0.7685794171691456,0.8918479681015015,0.9239501357078552,0.8851973414421082,0.8764855265617371,0.8048332125393884,0.8221753007086846
0,0.6490199624027022,0.8228728175163269,0.7641449102866741,0.7685794171691456,0.8918479681015015,0.9239501357078552,0.8851973414421082,0.8764855265617371,0.8048332125393884,0.8221753007086846
0,0.6091178955859131,0.7184691429138184,0.6968627518573787,0.6186853061519103,0.8042902946472168,0.6359243392944336,0.7588703036308289,0.7507533431053162,0.7428745477796346,0.6993081880111021
0,0.6091178955859131,0.7184691429138184,0.6968627518573787,0.6186853061519103,0.8042902946472168,0.6359243392944336,0.7588703036308289,0.7507533431053162,0.7428745477796346,0.6993081880111021
0,0.6091178955859131,0.7184691429138184,0.6968627518573787,0.6186853061519103,0.8042902946472168,0.6359243392944336,0.7588703036308289,0.7507533431053162,0.7428745477796346,0.6993081880111021
0,0.6091178955859131,0.7184691429138184,0.6968627518573787,0.6186853061519103,0.8042902946472168,0.6359243392944336,0.7588703036308289,0.7507533431053162,0.7428745477796346,0.6993081880111021
1,0.6273270973162561,0.7705711126327515,0.8753618126430198,0.7008086048962863,0.8710041642189026,0.8429287672042847,0.7620210647583008,0.7230162620544434,0.774722864167508,0.7705073752168979
0,0.6273270973162561,0.7705711126327515,0.8753618126430198,0.7008086048962863,0.8710041642189026,0.8429287672042847,0.7620210647583008,0.7230162620544434,0.774722864167508,0.7705073752168979
0,0.6091178955859131,0.7184691429138184,0.6968627518573787,0.6186853061519103,0.8042902946472168,0.6359243392944336,0.7588703036308289,0.7507533431053162,0.7428745477796346,0.6993081880111021
0,0.6091178955859131,0.7184691429138184,0.6968627518573787,0.6186853061519103,0.8042902946472168,0.6359243392944336,0.7588703036308289,0.7507533431053162,0.7428745477796346,0.6993081880111021
0,0.43476274605521326,0.5265570282936096,0.5013917082947268,0.4924895932982996,0.41707444190979004,0.40643417835235596,0.37753826379776,0.5025692582130432,0.5224409165259123,0.45761296638249904
0,0.5937295432122618,0.6915576457977295,0.5456419349322109,0.627246507022972,0.6368837952613831,0.6989210844039917,0.6272006630897522,0.6594927310943604,0.6968950711557858,0.6354030377789348
1,0.6952050455785604,0.8441296815872192,0.8377053615649545,0.8438355034576193,0.8279343843460083,0.9251623749732971,0.8657897114753723,0.936679482460022,0.8298302998174479,0.8463055767395258
1,0.7253331794343123,0.9081376194953918,0.9339062168608585,0.9099663154199827,0.9101518988609314,0.7571404576301575,0.9820986986160278,0.9111157655715942,0.8618413663853497,0.8795998184272251
0,0.5839302336635382,0.6826714277267456,0.7700574522427686,0.6948690582662188,0.644668459892273,0.5771088004112244,0.8196823000907898,0.7136228680610657,0.7272371550920356,0.6853585202362595
0,0.4604903717228951,0.6384284496307373,0.5843753142235474,0.5399388227241824,0.8977253437042236,0.7751556634902954,0.5568841695785522,0.7828685641288757,0.6270656555094158,0.6541808672101065
0,0.5642422780694782,0.7443587183952332,0.8312341323730377,0.725161865370083,0.8325837850570679,0.8458018898963928,0.6370094418525696,0.8178306221961975,0.7380918601836984,0.7486608603795779
1,0.49339454962963997,0.5133645534515381,0.2631971491661341,0.527909463548933,0.4647335708141327,0.7167391180992126,0.3842541575431824,0.5104365944862366,0.5145062951279399,0.48464335274625886
1,0.49339454962963997,0.5133645534515381,0.2631971491661341,0.527909463548933,0.4647335708141327,0.7167391180992126,0.3842541575431824,0.5104365944862366,0.5145062951279399,0.48464335274625886
0,0.5339759051365427,0.20563353598117828,0.3042761971536617,0.33258371901382394,0.3158372640609741,0.5070890784263611,0.1840905249118805,0.14730043709278107,0.35631490814179234,0.31586309634580956
0,0.34535115491468,0.34968751668930054,0.358338894410203,0.350546662560126,0.41459763050079346,0.23191344738006592,0.2854662239551544,0.39895182847976685,0.37346971714482724,0.3424641145821731
0,0.3370031697584811,0.33999204635620117,0.35491016140227294,0.3629693825298644,0.31700700521469116,0.31198519468307495,0.2873430550098419,0.391149640083313,0.3639225516751112,0.3378690397819605
0,0.3370031697584811,0.33999204635620117,0.35491016140227294,0.3629693825298644,0.31700700521469116,0.31198519468307495,0.2873430550098419,0.391149640083313,0.3639225516751112,0.3378690397819605
0,0.3370031697584811,0.33999204635620117,0.35491016140227294,0.3629693825298644,0.31700700521469116,0.31198519468307495,0.2873430550098419,0.391149640083313,0.3639225516751112,0.3378690397819605
0,0.3370031697584811,0.33999204635620117,0.35491016140227294,0.3629693825298644,0.31700700521469116,0.31198519468307495,0.2873430550098419,0.391149640083313,0.3639225516751112,0.3378690397819605
0,0.3370031697584811,0.33999204635620117,0.35491016140227294,0.3629693825298644,0.31700700521469116,0.31198519468307495,0.2873430550098419,0.391149640083313,0.3639225516751112,0.3378690397819605
1,0.3370031697584811,0.33999204635620117,0.35491016140227294,0.3629693825298644,0.31700700521469116,0.31198519468307495,0.2873430550098419,0.391149640083313,0.3639225516751112,0.3378690397819605
0,0.3370031697584811,0.33999204635620117,0.35491016140227294,0.3629693825298644,0.31700700521469116,0.31198519468307495,0.2873430550098419,0.391149640083313,0.3639225516751112,0.3378690397819605
0,0.3370031697584811,0.33999204635620117,0.35491016140227294,0.3629693825298644,0.31700700521469116,0.31198519468307495,0.2873430550098419,0.391149640083313,0.3639225516751112,0.3378690397819605
0,0.34083888050329153,0.35665321350097656,0.38521726626594516,0.38558427997325107,0.4476723372936249,0.358835369348526,0.3432772755622864,0.39160820841789246,0.37839537383484506,0.37620230653739894
0,0.34083888050329153,0.35665321350097656,0.38521726626594516,0.38558427997325107,0.4476723372936249,0.358835369348526,0.3432772755622864,0.39160820841789246,0.37839537383484506,0.37620230653739894
0,0.34083888050329153,0.35665321350097656,0.38521726626594516,0.38558427997325107,0.4476723372936249,0.358835369348526,0.3432772755622864,0.39160820841789246,0.37839537383484506,0.37620230653739894
0,0.34360235428219565,0.1079186350107193,0.033232482563432406,0.09573580576452814,0.18548378348350525,0.06798548251390457,0.3526407778263092,0.43758052587509155,0.2654996831649006,0.2043244771354622
0,0.6188839799539658,0.6051738262176514,0.7189805740253775,0.5454422653613687,0.6304215788841248,0.8192726969718933,0.7781298160552979,0.7515164017677307,0.7094766883709682,0.6820243589816248
0,0.3453726756935959,0.3593984842300415,0.05434709898877694,0.3168467214053622,0.41768980026245117,0.26875999569892883,0.4145679771900177,0.5523660182952881,0.3729327094284768,0.3431136747495148
0,0.6188839799539658,0.6051738262176514,0.7189805740253775,0.5454422653613687,0.6304215788841248,0.8192726969718933,0.7781298160552979,0.7515164017677307,0.7094766883709682,0.6820243589816248
0,0.34535115491468,0.34968751668930054,0.358338894410203,0.350546662560126,0.41459763050079346,0.23191344738006592,0.2854662239551544,0.39895182847976685,0.37346971714482724,0.3424641145821731
0,0.4054576931135193,0.44168299436569214,0.4511177727382894,0.45130118400559377,0.47804689407348633,0.46546682715415955,0.36936068534851074,0.4202197790145874,0.4549341830579276,0.4351971671095819
0,0.22146858467192276,0.14968569576740265,0.20734295775417294,0.1713747572352665,0.1694795936346054,0.19522230327129364,0.06269551068544388,0.12838520109653473,0.20668849375250942,0.16306557094077379
0,0.3630866354888568,0.4408509135246277,0.04668603150345411,0.2875494901751087,0.4320913553237915,0.04327015578746796,0.3546989858150482,0.4061771333217621,0.40089863446404916,0.300096702709917
0,0.30073779540441165,0.12105052918195724,0.023567287923806784,0.1732349737645996,0.11698352545499802,0.1324717402458191,0.0563933439552784,0.20605625212192535,0.21550438037852215,0.14240343457042356
0,0.23584833849787062,0.0928550511598587,0.002110566485767116,0.044860853553129874,0.10542608797550201,0.12249422073364258,0.04472384601831436,0.24378786981105804,0.1904318294884644,0.11238911300199317
0,0.5082930245057452,0.48777976632118225,0.21233350192497355,0.39140881605712896,0.46228882670402527,0.5809015035629272,0.3940258324146271,0.538921594619751,0.5149657779987133,0.448062770178492
0,0.5082930245057452,0.48777976632118225,0.21233350192497355,0.39140881605712896,0.46228882670402527,0.5809015035629272,0.3940258324146271,0.538921594619751,0.5149657779987133,0.448062770178492
1,0.5082930245057452,0.48777976632118225,0.21233350192497355,0.39140881605712896,0.46228882670402527,0.5809015035629272,0.3940257728099823,0.538921594619751,0.5149657726383955,0.4480627627813037
0,0.6877756847224493,0.8316636085510254,0.5496553005877088,0.7053242249405519,0.7474220991134644,0.7054742574691772,0.7109432220458984,0.8018105030059814,0.7937239317498762,0.7188754551119151
0,0.5082930245057452,0.48777976632118225,0.21233350192497355,0.39140881605712896,0.46228882670402527,0.5809015035629272,0.3940258324146271,0.538921594619751,0.5149657779987133,0.448062770178492
0,0.5351960468214509,0.4356461465358734,0.1624180415433454,0.3532599430665192,0.5627893209457397,0.5168853998184204,0.44454383850097656,0.5488623380661011,0.5052840105214472,0.44648760419860467
1,0.5133339325713902,0.5565109848976135,0.3312414872782407,0.3812757817301216,0.492947518825531,0.4293685555458069,0.3390030860900879,0.5327919721603394,0.5584895546449734,0.44855910625960116
1,0.5133339325713902,0.5565109848976135,0.3312414872782407,0.3812757817301216,0.492947518825531,0.4293685555458069,0.3390030860900879,0.5327920317649841,0.5584895605201946,0.4485591137384013
0,0.5169593410217996,0.31225714087486267,0.0690479069855341,0.3510350971671425,0.3704954981803894,0.45040589570999146,0.2648871839046478,0.5440938472747803,0.4155201431672355,0.3614202222599798
0,0.3221046430136989,0.09029898792505264,0.00021663682830717353,0.050885661762697716,0.16156266629695892,0.22998805344104767,0.0595528706908226,0.3567884564399719,0.22367143938750522,0.15975996860428332
0,0.5314844223941826,0.5013065934181213,0.07611005452107393,0.35437152222497176,0.3858613073825836,0.4156327247619629,0.28955957293510437,0.542697548866272,0.5127581107594589,0.38961956552261284
0,0.5082930245057452,0.48777976632118225,0.21233350192497355,0.39140881605712896,0.46228882670402527,0.5809015035629272,0.3940258324146271,0.538921594619751,0.5149657779987133,0.448062770178492
1,0.5082930245057452,0.48777976632118225,0.21233350192497355,0.39140881605712896,0.46228882670402527,0.5809015035629272,0.3940258324146271,0.538921594619751,0.5149657779987133,0.448062770178492
1,0.6222296248765719,0.7752498388290405,0.793851868124718,0.6726717119260937,0.9080395102500916,0.7891212105751038,0.8490782976150513,0.9601012468338013,0.7909836144052638,0.7958770201172612
0,0.5082930245057452,0.48777976632118225,0.21233350192497355,0.39140881605712896,0.46228882670402527,0.5809015035629272,0.3940258324146271,0.538921594619751,0.5149657779987133,0.448062770178492
1,0.5265901876670966,0.4316039979457855,0.13322510187591016,0.36580051627466265,0.5263341665267944,0.6713684797286987,0.43480628728866577,0.5416346788406372,0.4923558424844036,0.4548845451364177
0,0.5202955407398072,0.19058500230312347,0.07611005452107393,0.12344346500968369,0.27073556184768677,0.33095303177833557,0.10005150735378265,0.501896321773529,0.35652198435297106,0.265586067263635
1,0.548713435899194,0.514685332775116,0.1971719204737893,0.4684331545445336,0.5739392638206482,0.5832380056381226,0.5063995122909546,0.5596137046813965,0.553435241684934,0.4955196301932988
1,0.5082930245057452,0.48777976632118225,0.21233350192497355,0.39140881605712896,0.46228882670402527,0.5809015035629272,0.3940258324146271,0.538921594619751,0.5149657779987133,0.448062770178492
1,0.5082930245057452,0.48777976632118225,0.21233350192497355,0.39140881605712896,0.46228882670402527,0.5809015035629272,0.3940258324146271,0.538921594619751,0.5149657779987133,0.448062770178492
1,0.5082930245057452,0.48777976632118225,0.21233350192497355,0.39140881605712896,0.46228882670402527,0.5809015035629272,0.3940258324146271,0.538921594619751,0.5149657779987133,0.448062770178492
0,0.6054361786711123,0.5841901898384094,0.5815705567260723,0.5350336872917639,0.5853230953216553,0.8019517064094543,0.687012791633606,0.6608527302742004,0.6689108153205187,0.629294124594398
0,0.4039937859200343,0.5982347726821899,0.8156561073716776,0.6330475347370488,0.6648920774459839,0.5147895812988281,0.49517926573753357,0.2931257486343384,0.5557759005332957,0.5511138482688535
0,0.4039937859200343,0.5982347726821899,0.8156561073716776,0.6330475347370488,0.6648920774459839,0.5147895812988281,0.49517926573753357,0.2931257486343384,0.5557759005332957,0.5511138482688535
0,0.22146858467192276,0.14968569576740265,0.20734295775417294,0.1713747572352665,0.1694795936346054,0.19522230327129364,0.06269551068544388,0.12838520109653473,0.20668849375250942,0.16306557094077379
0,0.19137149902705988,0.13905654847621918,0.14546594421458967,0.16490472472718407,0.09724113345146179,0.11235363036394119,0.04300576448440552,0.14520271122455597,0.19116627557381644,0.13009166471944295
0,0.19137149902705988,0.13905654847621918,0.14546594421458967,0.16490472472718407,0.09724113345146179,0.11235363036394119,0.04300576448440552,0.14520271122455597,0.19116627557381644,0.13009166471944295
0,0.19137149902705988,0.13905654847621918,0.14546594421458967,0.16490472472718407,0.09724113345146179,0.11235363036394119,0.04300576448440552,0.14520271122455597,0.19116627557381644,0.13009166471944295
0,0.19137149902705988,0.13905654847621918,0.14546594421458967,0.16490472472718407,0.09724113345146179,0.11235363036394119,0.04300576448440552,0.14520271122455597,0.19116627557381644,0.13009166471944295
1,0.19137149902705988,0.13905654847621918,0.14546594421458967,0.16490472472718407,0.09724113345146179,0.11235363036394119,0.04300576448440552,0.14520271122455597,0.19116627557381644,0.13009166471944295
0,0.16891520398938506,0.11423715949058533,0.009572583335644778,0.0651505086252906,0.019713373854756355,0.048182278871536255,0.002280725399032235,0.05224626138806343,0.1649945557340272,0.0608819550482408
0,0.30719465059078244,0.29767554998397827,0.05085721981115271,0.2635251878707196,0.22485138475894928,0.27471739053726196,0.3459695279598236,0.2000768929719925,0.29706276166403983,0.2467229199722679
0,0.22146858467192276,0.14968569576740265,0.20734295775417294,0.1713747572352665,0.1694795936346054,0.19522230327129364,0.06269551068544388,0.12838520109653473,0.20668849375250942,0.16306557094077379
0,0.22146858467192276,0.14968569576740265,0.20734295775417294,0.1713747572352665,0.1694795936346054,0.19522230327129364,0.06269551068544388,0.12838520109653473,0.20668849375250942,0.16306557094077379
0,0.14677468766122467,0.03336568549275398,0.0005835625484813084,0.019056781043515533,0.017662672325968742,0.04706453159451485,0.0021441897843033075,0.0473015271127224,0.14022030657234533,0.039697123765237
0,0.19137149902705988,0.13905654847621918,0.14546594421458967,0.16490472472718407,0.09724113345146179,0.11235363036394119,0.04300576448440552,0.14520271122455597,0.19116627557381644,0.13009166471944295
1,0.16761847574238636,0.10048756003379822,0.0008686980135028896,0.046497873058822525,0.0880860760807991,0.12591339647769928,0.027051595970988274,0.050759684294462204,0.16135118871499932,0.07650137215928793
0,0.15062137078561538,0.08985637128353119,0.012212143388495168,0.026194632829051365,0.053135357797145844,0.09500554949045181,0.012179271318018436,0.0553269237279892,0.15530496003654531,0.06232926770533938
1,0.15062137078561538,0.08985637128353119,0.012212143388495168,0.026194632829051365,0.053135357797145844,0.09500554949045181,0.012179271318018436,0.0553269237279892,0.15530496003654531,0.06232926770533938
0,0.15062137078561538,0.08985637128353119,0.012212143388495168,0.026194632829051365,0.053135357797145844,0.09500554949045181,0.012179271318018436,0.0553269237279892,0.15530496003654531,0.06232926770533938
0,0.15062137078561538,0.08985637128353119,0.012212143388495168,0.026194632829051365,0.053135357797145844,0.09500554949045181,0.012179271318018436,0.0553269237279892,0.15530496003654531,0.06232926770533938
1,0.15062137078561538,0.08985637128353119,0.012212143388495168,0.026194632829051365,0.053135357797145844,0.09500554949045181,0.012179271318018436,0.0553269237279892,0.15530496003654531,0.06232926770533938
0,0.19137149902705988,0.13905654847621918,0.14546594421458967,0.16490472472718407,0.09724113345146179,0.11235363036394119,0.04300576448440552,0.14520271122455597,0.19116627557381644,0.13009166471944295
0,0.22146858467192276,0.14968569576740265,0.20734295775417294,0.1713747572352665,0.1694795936346054,0.19522230327129364,0.06269551068544388,0.12838520109653473,0.20668849375250942,0.16306557094077379
0,0.19137149902705988,0.13905654847621918,0.14546594421458967,0.16490472472718407,0.09724113345146179,0.11235363036394119,0.04300576448440552,0.14520271122455597,0.19116627557381644,0.13009166471944295
0,0.22146858467192276,0.14968569576740265,0.20734295775417294,0.1713747572352665,0.1694795936346054,0.19522230327129364,0.06269551068544388,0.12838520109653473,0.20668849375250942,0.16306557094077379
0,0.19137149902705988,0.13905654847621918,0.14546594421458967,0.16490472472718407,0.09724113345146179,0.11235363036394119,0.04300576448440552,0.14520271122455597,0.19116627557381644,0.13009166471944295
0,0.2504154379543229,0.2130202054977417,0.026044152527670526,0.21842228857231324,0.1995823085308075,0.11900078505277634,0.08388395607471466,0.32035377621650696,0.23691078497820636,0.1804010856787207
1,0.19137149902705988,0.13905654847621918,0.14546594421458967,0.16490472472718407,0.09724113345146179,0.11235363036394119,0.04300576448440552,0.14520271122455597,0.19116627557381644,0.13009166471944295
1,0.22146858467192276,0.14968569576740265,0.20734295775417294,0.1713747572352665,0.1694795936346054,0.19522230327129364,0.06269551068544388,0.12838520109653473,0.20668849375250942,0.16306557094077379
0,0.19137149902705988,0.13905654847621918,0.14546594421458967,0.16490472472718407,0.09724113345146179,0.11235363036394119,0.04300576448440552,0.14520271122455597,0.19116627557381644,0.13009166471944295
0,0.19137149902705988,0.13905654847621918,0.14546594421458967,0.16490472472718407,0.09724113345146179,0.11235363036394119,0.04300576448440552,0.14520271122455597,0.19116627557381644,0.13009166471944295
0,0.19137149902705988,0.13905654847621918,0.14546594421458967,0.16490472472718407,0.09724113345146179,0.11235363036394119,0.043005771934986115,0.14520271122455597,0.19116627598859884,0.13009166564409147
0,0.22146858467192276,0.14968569576740265,0.20734295775417294,0.1713747572352665,0.1694795936346054,0.19522230327129364,0.06269551068544388,0.12838520109653473,0.20668849375250942,0.16306557094077379
0,0.19137149902705988,0.13905654847621918,0.14546594421458967,0.16490472472718407,0.09724113345146179,0.11235363036394119,0.04300576448440552,0.14520271122455597,0.19116627557381644,0.13009166471944295
0,0.16736154308398002,0.04622823745012283,0.005900424927325005,0.045395505000698735,0.014005265198647976,0.06478426605463028,0.002115485956892371,0.046086061745882034,0.1476782098762484,0.04946193560388111
1,0.4039937859200343,0.5982347726821899,0.8156561073716776,0.6330475347370488,0.6648920774459839,0.5147895812988281,0.49517926573753357,0.2931257486343384,0.5557759005332957,0.5511138482688535
1,0.4039937859200343,0.5982347726821899,0.8156561073716776,0.6330475347370488,0.6648920774459839,0.5147895812988281,0.49517926573753357,0.2931257486343384,0.5557759005332957,0.5511138482688535
0,0.4039937859200343,0.5982347726821899,0.8156561073716776,0.6330475347370488,0.6648920774459839,0.5147895812988281,0.49517926573753357,0.2931257486343384,0.5557759005332957,0.5511138482688535
0,0.4039937859200343,0.5982347726821899,0.8156561073716776,0.6330475347370488,0.6648920774459839,0.5147895812988281,0.49517926573753357,0.2931257486343384,0.5557759005332957,0.5511138482688535
0,0.4039937859200343,0.5982347726821899,0.8156561073716776,0.6330475347370488,0.6648920774459839,0.5147895812988281,0.49517926573753357,0.2931257486343384,0.5557759005332957,0.5511138482688535
0,0.4039937859200343,0.5982347726821899,0.8156561073716776,0.6330475347370488,0.6648920774459839,0.5147895812988281,0.49517926573753357,0.2931257486343384,0.5557759005332957,0.5511138482688535
0,0.1635741482074665,0.10859750211238861,0.016838286917589748,0.04860909164116258,0.02055138163268566,0.04047859460115433,0.007448358461260796,0.12248220294713974,0.1671003694133815,0.0668951790799614
1,0.4039937859200343,0.5982347726821899,0.8156561073716776,0.6330475347370488,0.6648920774459839,0.5147895812988281,0.49517926573753357,0.2931257486343384,0.5557759005332957,0.5511138482688535
0,0.2504154379543229,0.2130202054977417,0.026044152527670526,0.21842228857231324,0.1995823085308075,0.11900075525045395,0.08388395607471466,0.32035377621650696,0.23691078525000234,0.18040108207391614
0,0.22146858467192276,0.14968569576740265,0.20734295775417294,0.1713747572352665,0.1694795936346054,0.19522230327129364,0.06269551068544388,0.12838520109653473,0.20668849375250942,0.16306557094077379
0,0.22146858467192276,0.14968569576740265,0.20734295775417294,0.1713747572352665,0.1694795936346054,0.19522230327129364,0.06269551068544388,0.12838518619537354,0.20668849277579354,0.16306556907107375
0,0.19137149902705988,0.13905654847621918,0.14546594421458967,0.16490472472718407,0.09724113345146179,0.11235363036394119,0.04300576448440552,0.14520271122455597,0.19116627557381644,0.13009166471944295
0,0.22146858467192276,0.14968569576740265,0.20734295775417294,0.1713747572352665,0.1694795936346054,0.19522230327129364,0.06269551068544388,0.12838520109653473,0.20668849375250942,0.16306557094077379
0,0.19137149902705988,0.13905654847621918,0.14546594421458967,0.16490472472718407,0.09724113345146179,0.11235363036394119,0.04300576448440552,0.14520271122455597,0.19116627557381644,0.13009166471944295
0,0.19137149902705988,0.13905654847621918,0.14546594421458967,0.16490472472718407,0.09724113345146179,0.11235363036394119,0.04300576448440552,0.14520271122455597,0.19116627557381644,0.13009166471944295
0,0.22146858467192276,0.14968569576740265,0.20734295775417294,0.1713747572352665,0.1694795936346054,0.19522230327129364,0.06269551068544388,0.12838520109653473,0.20668849375250942,0.16306557094077379
1,0.19137149902705988,0.13905654847621918,0.14546594421458967,0.16490472472718407,0.09724113345146179,0.11235363036394119,0.04300576448440552,0.14520271122455597,0.19116627557381644,0.13009166471944295
1,0.22146858467192276,0.14968569576740265,0.20734295775417294,0.1713747572352665,0.1694795936346054,0.19522230327129364,0.06269551068544388,0.12838520109653473,0.20668849375250942,0.16306557094077379
1,0.19137149902705988,0.13905654847621918,0.14546594421458967,0.16490472472718407,0.09724113345146179,0.11235363036394119,0.04300576448440552,0.14520271122455597,0.19116627557381644,0.13009166471944295
1,0.22146858467192276,0.14968569576740265,0.20734295775417294,0.1713747572352665,0.1694795936346054,0.19522230327129364,0.06269551068544388,0.12838520109653473,0.20668849375250942,0.16306557094077379
1,0.19137149902705988,0.13905654847621918,0.14546594421458967,0.16490472472718407,0.09724113345146179,0.11235363036394119,0.04300576448440552,0.14520271122455597,0.19116627557381644,0.13009166471944295
0,0.16830424223840956,0.038425832986831665,0.00027424559335808906,0.03311779231391738,0.024790165945887566,0.10192177444696426,0.009254013188183308,0.030395932495594025,0.14528172861059316,0.051133301335220635
0,0.2556057254945271,0.18080244958400726,0.39058881585956856,0.19559995715106637,0.1989879459142685,0.10946234315633774,0.08465667068958282,0.2972971796989441,0.25597549367096034,0.21378464399060948
1,0.4039937859200343,0.5982347726821899,0.8156561073716776,0.6330475347370488,0.6648920774459839,0.5147895812988281,0.49517926573753357,0.2931257486343384,0.5557759005332957,0.5511138482688535
1,0.30719465059078244,0.29767554998397827,0.05085721981115271,0.2635251878707196,0.22485138475894928,0.27471739053726196,0.3459695279598236,0.2000768929719925,0.29706276166403983,0.2467229199722679
1,0.31536527097896466,0.2560640871524811,0.00692356794070459,0.19401601902059504,0.3207211196422577,0.2589448094367981,0.4067091941833496,0.21291206777095795,0.2877063085510868,0.2477761465038729
1,0.19137149902705988,0.13905654847621918,0.14546594421458967,0.16490472472718407,0.09724113345146179,0.11235363036394119,0.04300576448440552,0.14520271122455597,0.19116627557381644,0.13009166471944295
1,0.19137149902705988,0.13905654847621918,0.14546594421458967,0.16490472472718407,0.09724113345146179,0.11235363036394119,0.04300576448440552,0.14520271122455597,0.19116627557381644,0.13009166471944295
0,0.22146858467192276,0.14968569576740265,0.20734295775417294,0.1713747572352665,0.1694795936346054,0.19522230327129364,0.06269551068544388,0.12838520109653473,0.20668849375250942,0.16306557094077379
0,0.22146858467192276,0.14968569576740265,0.20734295775417294,0.1713747572352665,0.1694795936346054,0.19522230327129364,0.06269551068544388,0.12838520109653473,0.20668849375250942,0.16306557094077379
0,0.2504154379543229,0.2130202054977417,0.026044152527670526,0.21842228857231324,0.1995823085308075,0.11900078505277634,0.08388395607471466,0.32035377621650696,0.23691078497820636,0.1804010856787207
0,0.16859437793689108,0.021943746134638786,0.0008516464376562785,0.0140545299308173,0.018431946635246277,0.14843513071537018,0.001622420153580606,0.03110903687775135,0.14140457520423694,0.050681006746854565
0,0.19137149902705988,0.13905654847621918,0.14546594421458967,0.16490472472718407,0.09724113345146179,0.11235363036394119,0.04300576448440552,0.14520271122455597,0.19116627557381644,0.13009166471944295
0,0.15062137078561538,0.08985637128353119,0.012212143388495168,0.026194632829051365,0.053135357797145844,0.09500554949045181,0.012179271318018436,0.0553269237279892,0.15530496003654531,0.06232926770533938
0,0.22146858467192276,0.14968569576740265,0.20734295775417294,0.1713747572352665,0.1694795936346054,0.19522230327129364,0.06269551068544388,0.12838520109653473,0.20668849375250942,0.16306557094077379
0,0.22146858467192276,0.14968569576740265,0.20734295775417294,0.1713747572352665,0.1694795936346054,0.19522230327129364,0.06269551068544388,0.12838520109653473,0.20668849375250942,0.16306557094077379
0,0.22146858467192276,0.14968569576740265,0.20734295775417294,0.1713747572352665,0.1694795936346054,0.19522230327129364,0.06269551068544388,0.12838520109653473,0.20668849375250942,0.16306557094077379
0,0.19137149902705988,0.13905654847621918,0.14546594421458967,0.16490472472718407,0.09724113345146179,0.11235363036394119,0.04300576448440552,0.14520271122455597,0.19116627557381644,0.13009166471944295
0,0.19137149902705988,0.13905654847621918,0.14546594421458967,0.16490472472718407,0.09724113345146179,0.11235363036394119,0.04300576448440552,0.14520271122455597,0.19116627557381644,0.13009166471944295
0,0.41178064233737266,0.4572567939758301,0.4693652532540451,0.4582764067153465,0.47450244426727295,0.47815537452697754,0.3780750334262848,0.4319198429584503,0.4686712261702069,0.4447219691485391
0,0.41178064233737266,0.4572567939758301,0.4693652532540451,0.4582764067153465,0.47450244426727295,0.47815537452697754,0.3780750334262848,0.4319198429584503,0.4686712261702069,0.4447219691485391
0,0.23672244732142478,0.03042677417397499,0.0034015798523551245,0.012124456384321785,0.07940096408128738,0.10905609279870987,0.004392711911350489,0.08311096578836441,0.1633521563476585,0.07039071151491327
1,0.5486293714973077,0.5550775527954102,0.3262465276594602,0.4769017986795068,0.5686934590339661,0.7192217707633972,0.5569487810134888,0.6237212419509888,0.5941821975203893,0.5473942481579193
0,0.33999614070832573,0.4052700996398926,0.1510282434101472,0.28006880143677815,0.32081207633018494,0.2196759730577469,0.24872468411922455,0.4811936914920807,0.3822953919558496,0.30763717006788793
0,0.4094356752223923,0.411507248878479,0.44868603897166687,0.42517898001007726,0.513938307762146,0.422216534614563,0.42109617590904236,0.5331982970237732,0.45972131615955575,0.4481462193715855
0,0.3230470884977324,0.3577800989151001,0.13914092818502752,0.27381698787879427,0.4204627573490143,0.07394993305206299,0.33535003662109375,0.43562743067741394,0.3571453776055374,0.2971399965311369
0,0.45689834416313496,0.4335106611251831,0.47019950046394526,0.4445593418935189,0.48350274562835693,0.45358532667160034,0.3032088875770569,0.40512773394584656,0.4707476627828173,0.431322548371557
0,0.19137149902705988,0.13905654847621918,0.14546594421458967,0.16490472472718407,0.09724113345146179,0.11235363036394119,0.04300576448440552,0.14520271122455597,0.19116627557381644,0.13009166471944295
0,0.4094356752223923,0.411507248878479,0.44868603897166687,0.42517898001007726,0.513938307762146,0.422216534614563,0.42109617590904236,0.5331982970237732,0.45972131615955575,0.4481462193715855
0,0.4094356752223923,0.411507248878479,0.44868603897166687,0.42517898001007726,0.513938307762146,0.422216534614563,0.42109617590904236,0.5331982970237732,0.45972131615955575,0.4481462193715855
0,0.39403234866108233,0.40427353978157043,0.08932233083659574,0.2285706840296732,0.37027668952941895,0.2744472622871399,0.3249526619911194,0.5270435214042664,0.4121754726997358,0.3286605950685252
0,0.4094356752223923,0.411507248878479,0.44868603897166687,0.42517898001007726,0.513938307762146,0.422216534614563,0.42109617590904236,0.5331982970237732,0.45972131615955575,0.4481462193715855
0,0.4094356752223923,0.411507248878479,0.44868603897166687,0.42517898001007726,0.513938307762146,0.422216534614563,0.42109617590904236,0.5331982970237732,0.45972131615955575,0.4481462193715855
0,0.4094356752223923,0.411507248878479,0.44868603897166687,0.42517898001007726,0.513938307762146,0.422216534614563,0.42109617590904236,0.5331982970237732,0.45972131615955575,0.4481462193715855
0,0.4094356752223923,0.411507248878479,0.44868603897166687,0.42517898001007726,0.513938307762146,0.422216534614563,0.42109617590904236,0.5331982970237732,0.45972131615955575,0.4481462193715855
0,0.4094356752223923,0.411507248878479,0.44868603897166687,0.42517898001007726,0.513938307762146,0.422216534614563,0.42109617590904236,0.5331982970237732,0.45972131615955575,0.4481462193715855
0,0.4094356752223923,0.411507248878479,0.44868603897166687,0.42517898001007726,0.513938307762146,0.422216534614563,0.42109617590904236,0.5331982970237732,0.45972131615955575,0.4481462193715855
0,0.4094356752223923,0.411507248878479,0.44868603897166687,0.42517898001007726,0.513938307762146,0.422216534614563,0.42109617590904236,0.5331982970237732,0.45972131615955575,0.4481462193715855
0,0.4094356752223923,0.411507248878479,0.44868603897166687,0.42517898001007726,0.513938307762146,0.422216534614563,0.42109617590904236,0.5331982970237732,0.45972131615955575,0.4481462193715855
0,0.4161692501302053,0.439595103263855,0.4564968103727304,0.45924649075944185,0.5732973217964172,0.5932082533836365,0.4339696764945984,0.5365644693374634,0.4743947820300639,0.4880701927979608
1,0.4094356752223923,0.411507248878479,0.44868603897166687,0.42517898001007726,0.513938307762146,0.422216534614563,0.42109617590904236,0.5331982970237732,0.45972131615955575,0.4481462193715855
0,0.4161692501302053,0.439595103263855,0.4564968103727304,0.45924649075944185,0.5732973217964172,0.5932082533836365,0.4339696764945984,0.5365644693374634,0.4743947820300639,0.4880701927979608
0,0.4094356752223923,0.411507248878479,0.44868603897166687,0.42517898001007726,0.513938307762146,0.422216534614563,0.42109617590904236,0.5331982970237732,0.45972131615955575,0.4481462193715855
0,0.4094356752223923,0.411507248878479,0.44868603897166687,0.42517898001007726,0.513938307762146,0.422216534614563,0.42109617590904236,0.5331982970237732,0.45972131615955575,0.4481462193715855
0,0.3673199292580554,0.08825884014368057,0.041832962820061714,0.07903712337883008,0.1506652534008026,0.0915130227804184,0.32200977206230164,0.44826072454452515,0.2671433741332023,0.1997326936160071
0,0.33181269595204227,0.13767336308956146,0.07749384437501666,0.10541623492888895,0.1530780792236328,0.058373551815748215,0.19443786144256592,0.422553151845932,0.26334087938526307,0.18640618279104204
0,0.3969883266793087,0.40395084023475647,0.21404720831382562,0.24728697495097207,0.25927162170410156,0.21440163254737854,0.3753734230995178,0.5292178988456726,0.4320737710909085,0.3315318634623097
0,0.3969883266793087,0.40395084023475647,0.21404720831382562,0.24728697495097207,0.25927162170410156,0.21440163254737854,0.3753734230995178,0.5292178988456726,0.4320737710909085,0.3315318634623097
0,0.3969883266793087,0.40395084023475647,0.21404720831382562,0.24728697495097207,0.25927162170410156,0.21440163254737854,0.3753734230995178,0.5292178988456726,0.4320737710909085,0.3315318634623097
0,0.4094356752223923,0.411507248878479,0.44868603897166687,0.42517898001007726,0.513938307762146,0.422216534614563,0.42109617590904236,0.5331982970237732,0.45972131615955575,0.4481462193715855
0,0.3846871566840268,0.06704201549291611,0.1583827941427374,0.05201231261353938,0.13574270904064178,0.03212863951921463,0.2701279819011688,0.5212662816047668,0.2795374268677225,0.20346727899946376
0,0.3846871566840268,0.06704201549291611,0.1583827941427374,0.05201231261353938,0.13574270904064178,0.03212863951921463,0.2701279819011688,0.5212662816047668,0.2795374268677225,0.20346727899946376
0,0.3846871566840268,0.06704201549291611,0.1583827941427374,0.05201231261353938,0.13574270904064178,0.03212863951921463,0.2701279819011688,0.5212662816047668,0.2795374268677225,0.20346727899946376
0,0.3846871566840268,0.06704201549291611,0.1583827941427374,0.05201231261353938,0.13574270904064178,0.03212863951921463,0.2701279819011688,0.5212662816047668,0.2795374268677225,0.20346727899946376
0,0.4094356752223923,0.411507248878479,0.44868603897166687,0.42517898001007726,0.513938307762146,0.422216534614563,0.42109617590904236,0.5331982970237732,0.45972131615955575,0.4481462193715855
0,0.4094356752223923,0.411507248878479,0.44868603897166687,0.42517898001007726,0.513938307762146,0.422216534614563,0.42109617590904236,0.5331982970237732,0.45972131615955575,0.4481462193715855
0,0.4094356752223923,0.411507248878479,0.44868603897166687,0.42517898001007726,0.513938307762146,0.422216534614563,0.42109617590904236,0.5331982970237732,0.45972131615955575,0.4481462193715855
0,0.41088647699411174,0.34801656007766724,0.23606259978304092,0.3906930359940321,0.4235718250274658,0.4146909713745117,0.4361399710178375,0.5458720326423645,0.4133907762026116,0.40136934620151893
0,0.4094356752223923,0.411507248878479,0.44868603897166687,0.42517898001007726,0.513938307762146,0.422216534614563,0.42109617590904236,0.5331982970237732,0.45972131615955575,0.4481462193715855
0,0.4094356752223923,0.411507248878479,0.44868603897166687,0.42517898001007726,0.513938307762146,0.422216534614563,0.42109617590904236,0.5331982970237732,0.45972131615955575,0.4481462193715855
0,0.4094356752223923,0.411507248878479,0.44868603897166687,0.42517898001007726,0.513938307762146,0.422216534614563,0.42109617590904236,0.5331982970237732,0.45972131615955575,0.4481462193715855
0,0.4094356752223923,0.411507248878479,0.44868603897166687,0.42517898001007726,0.513938307762146,0.422216534614563,0.42109617590904236,0.5331982970237732,0.45972131615955575,0.4481462193715855
0,0.4094356752223923,0.411507248878479,0.44868603897166687,0.42517898001007726,0.513938307762146,0.422216534614563,0.42109617590904236,0.5331982970237732,0.45972131615955575,0.4481462193715855
0,0.4094356752223923,0.411507248878479,0.44868603897166687,0.42517898001007726,0.513938307762146,0.422216534614563,0.42109617590904236,0.5331982970237732,0.45972131615955575,0.4481462193715855
0,0.4094356752223923,0.411507248878479,0.44868603897166687,0.42517898001007726,0.513938307762146,0.422216534614563,0.42109617590904236,0.5331982970237732,0.45972131615955575,0.4481462193715855
0,0.3453726756935959,0.3593984842300415,0.05434709898877694,0.3168467214053622,0.41768980026245117,0.26875999569892883,0.4145679771900177,0.5523660182952881,0.3729327094284768,0.3431136747495148
0,0.4094356752223923,0.411507248878479,0.44868603897166687,0.42517898001007726,0.513938307762146,0.422216534614563,0.42109617590904236,0.5331982970237732,0.45972131615955575,0.4481462193715855
0,0.4094356752223923,0.411507248878479,0.44868603897166687,0.42517898001007726,0.513938307762146,0.422216534614563,0.42109617590904236,0.5331982970237732,0.45972131615955575,0.4481462193715855
0,0.4094356752223923,0.411507248878479,0.44868603897166687,0.42517898001007726,0.513938307762146,0.422216534614563,0.42109617590904236,0.5331982970237732,0.45972131615955575,0.4481462193715855
0,0.5010519572783836,0.580365777015686,0.8090475354824019,0.6648987582634378,0.8195464611053467,0.6724821925163269,0.6534064412117004,0.651534378528595,0.6358240892371302,0.6676960799635959
0,0.37733359552285245,0.2702031433582306,0.0516721086666787,0.2152856282263436,0.3144882619380951,0.16032153367996216,0.33758842945098877,0.5278054475784302,0.3455266012244779,0.28379329886138926
0,0.4094356752223923,0.411507248878479,0.44868603897166687,0.42517898001007726,0.513938307762146,0.422216534614563,0.42109617590904236,0.5331982970237732,0.45972131615955575,0.4481462193715855
0,0.4094356752223923,0.411507248878479,0.44868603897166687,0.42517898001007726,0.513938307762146,0.422216534614563,0.42109617590904236,0.5331982970237732,0.45972131615955575,0.4481462193715855
0,0.4094356752223923,0.411507248878479,0.44868603897166687,0.42517898001007726,0.513938307762146,0.422216534614563,0.42109617590904236,0.5331982970237732,0.45972131615955575,0.4481462193715855
0,0.4094356752223923,0.411507248878479,0.44868603897166687,0.42517898001007726,0.513938307762146,0.422216534614563,0.42109617590904236,0.5331982970237732,0.45972131615955575,0.4481462193715855
0,0.4094356752223923,0.411507248878479,0.44868603897166687,0.42517898001007726,0.513938307762146,0.422216534614563,0.42109617590904236,0.5331982970237732,0.45972131615955575,0.4481462193715855
0,0.4161692501302053,0.439595103263855,0.4564968103727304,0.45924649075944185,0.5732973217964172,0.5932082533836365,0.4339696764945984,0.5365644693374634,0.4743947820300639,0.4880701927979608
0,0.34083888050329153,0.35665321350097656,0.38521726626594516,0.38558427997325107,0.4476723372936249,0.358835369348526,0.3432772755622864,0.39160820841789246,0.37839537383484506,0.37620230653739894
0,0.34083888050329153,0.35665321350097656,0.38521726626594516,0.38558427997325107,0.4476723372936249,0.358835369348526,0.3432772755622864,0.39160820841789246,0.37839537383484506,0.37620230653739894
0,0.34083888050329153,0.35665321350097656,0.38521726626594516,0.38558427997325107,0.4476723372936249,0.358835369348526,0.3432772755622864,0.39160820841789246,0.37839537383484506,0.37620230653739894
0,0.34083888050329153,0.35665321350097656,0.38521726626594516,0.38558427997325107,0.4476723372936249,0.358835369348526,0.3432772755622864,0.39160820841789246,0.37839537383484506,0.37620230653739894
0,0.32038385951413884,0.1644355207681656,0.0635298276207748,0.1952779055687974,0.3352327346801758,0.3792603313922882,0.11464282125234604,0.3698422610759735,0.25120018272249794,0.24335973144275708
0,0.3125517890905786,0.0778559148311615,0.08391394708380469,0.05280154536576261,0.1820058375597,0.30123305320739746,0.1398707926273346,0.3422600328922272,0.2259787349949971,0.18656943476966895
0,0.34083888050329153,0.35665321350097656,0.38521726626594516,0.38558427997325107,0.4476723372936249,0.358835369348526,0.3432772755622864,0.39160820841789246,0.37839537383484506,0.37620230653739894
0,0.34083888050329153,0.35665321350097656,0.38521726626594516,0.38558427997325107,0.4476723372936249,0.358835369348526,0.3432772755622864,0.39160820841789246,0.37839537383484506,0.37620230653739894
0,0.34083888050329153,0.35665321350097656,0.38521726626594516,0.38558427997325107,0.4476723372936249,0.358835369348526,0.3432772755622864,0.39160820841789246,0.37839537383484506,0.37620230653739894
0,0.19137149902705988,0.13905654847621918,0.14546594421458967,0.16490472472718407,0.09724113345146179,0.11235363036394119,0.04300576448440552,0.14520271122455597,0.19116627557381644,0.13009166471944295
0,0.19137149902705988,0.13905654847621918,0.14546594421458967,0.16490472472718407,0.09724113345146179,0.11235363036394119,0.04300576448440552,0.14520271122455597,0.19116627557381644,0.13009166471944295
0,0.36536670981913033,0.41462406516075134,0.06630470331750603,0.3085742505008638,0.4207530915737152,0.3507081866264343,0.3783690929412842,0.5032989382743835,0.3992107482342961,0.3528644525044711
0,0.36536670981913033,0.41462406516075134,0.06630470331750603,0.3085742505008638,0.4207530915737152,0.3507081866264343,0.3783690929412842,0.5032989382743835,0.3992107482342961,0.3528644525044711
0,0.3022476368165818,0.30924251675605774,0.04106661790649638,0.16109100883443983,0.336261510848999,0.22895392775535583,0.22145894169807434,0.3573951721191406,0.30559320862324113,0.2464227603799243
0,0.4054576931135193,0.44168299436569214,0.4511177727382894,0.45130118400559377,0.47804689407348633,0.46546682715415955,0.36936068534851074,0.4202197790145874,0.4549341830579276,0.4351971671095819
0,0.33999614070832573,0.4052700996398926,0.1510282434101472,0.28006880143677815,0.32081207633018494,0.2196759730577469,0.24872468411922455,0.4811936914920807,0.3822953919558496,0.30763717006788793
0,0.33999614070832573,0.4052700996398926,0.1510282434101472,0.28006880143677815,0.32081207633018494,0.2196759730577469,0.24872468411922455,0.4811936914920807,0.3822953919558496,0.30763717006788793
0,0.33999614070832573,0.4052700996398926,0.1510282434101472,0.28006880143677815,0.32081207633018494,0.2196759730577469,0.24872468411922455,0.4811936914920807,0.3822953919558496,0.30763717006788793
0,0.36185808927901597,0.1791977882385254,0.06675803910303786,0.1200618504784746,0.2274463176727295,0.7384657859802246,0.22802789509296417,0.43451017141342163,0.2849321054091489,0.2935185197690795
0,0.3215259372647317,0.1053362488746643,0.025996281217800524,0.04606963270297844,0.10214674472808838,0.2676432728767395,0.11792968213558197,0.4311894476413727,0.23958820382339208,0.17773293127889633
0,0.2651871555728057,0.10515670478343964,0.010645421382112424,0.0723898981657327,0.10377154499292374,0.13027428090572357,0.04442836716771126,0.3367064595222473,0.20887852690661782,0.13456717570497995
0,0.2651871555728057,0.10515670478343964,0.010645421382112424,0.0723898981657327,0.10377154499292374,0.13027428090572357,0.04442836716771126,0.3367064595222473,0.20887852690661782,0.13456717570497995
0,0.33999614070832573,0.4052700996398926,0.1510282434101472,0.28006880143677815,0.32081207633018494,0.2196759730577469,0.24872468411922455,0.4811936914920807,0.3822953919558496,0.30763717006788793
0,0.4054576931135193,0.44168299436569214,0.4511177727382894,0.45130118400559377,0.47804689407348633,0.46546682715415955,0.36936068534851074,0.4202197790145874,0.4549341830579276,0.4351971671095819
0,0.3129858136205465,0.33400240540504456,0.01364284845023189,0.11795204410204346,0.3783574402332306,0.30741211771965027,0.29252225160598755,0.5486070513725281,0.3401855230450105,0.2899282882031684
0,0.2800639012985323,0.11538887768983841,0.00496639111713916,0.08901711293781843,0.28553321957588196,0.011751227080821991,0.22127418220043182,0.30846521258354187,0.22509548770780194,0.166282499455561
0,0.2800639012985323,0.11538887768983841,0.00496639111713916,0.08901711293781843,0.28553321957588196,0.011751227080821991,0.22127418220043182,0.30846521258354187,0.22509548770780194,0.166282499455561
0,0.34467240448831404,0.48874932527542114,0.08465468961474845,0.38310193174319834,0.41068583726882935,0.0657213106751442,0.39778101444244385,0.44297856092453003,0.4215377868929518,0.3304448670390464
0,0.34467240448831404,0.48874932527542114,0.08465468961474845,0.38310193174319834,0.41068583726882935,0.0657213106751442,0.39778101444244385,0.44297856092453003,0.4215377868929518,0.3304448670390464
0,0.34467240448831404,0.48874932527542114,0.08465468961474845,0.38310193174319834,0.41068583726882935,0.0657213106751442,0.39778101444244385,0.44297856092453003,0.4215377868929518,0.3304448670390464
0,0.34535115491468,0.34968751668930054,0.358338894410203,0.350546662560126,0.41459763050079346,0.23191344738006592,0.2854662239551544,0.39895182847976685,0.37346971714482724,0.3424641145821731
0,0.41178064233737266,0.4572567939758301,0.4693652532540451,0.4582764067153465,0.47450244426727295,0.47815537452697754,0.3780750334262848,0.4319198429584503,0.4686712261702069,0.4447219691485391
0,0.34467240448831404,0.48874932527542114,0.08465468961474845,0.38310193174319834,0.41068583726882935,0.0657213106751442,0.39778101444244385,0.44297856092453003,0.4215377868929518,0.3304448670390464
0,0.41178064233737266,0.4572567939758301,0.4693652532540451,0.4582764067153465,0.47450244426727295,0.47815537452697754,0.3780750334262848,0.4319198429584503,0.4686712261702069,0.4447219691485391
0,0.34467240448831404,0.48874932527542114,0.08465468961474845,0.38310193174319834,0.41068583726882935,0.0657213106751442,0.39778101444244385,0.44297856092453003,0.4215377868929518,0.3304448670390464
1,0.5294636611821699,0.7110298871994019,0.7142424788537773,0.6864511980964304,0.6572198271751404,0.7919186949729919,0.5053749680519104,0.5193924903869629,0.6690338015998282,0.6384889665914122
0,0.34467240448831404,0.48874932527542114,0.08465468961474845,0.38310193174319834,0.41068583726882935,0.0657213106751442,0.39778101444244385,0.44297856092453003,0.4215377868929518,0.3304448670390464
0,0.2800639012985323,0.11538887768983841,0.00496639111713916,0.08901711293781843,0.28553321957588196,0.011751227080821991,0.22127418220043182,0.30846521258354187,0.22509548770780194,0.166282499455561
0,0.2800639012985323,0.11538887768983841,0.00496639111713916,0.08901711293781843,0.28553321957588196,0.011751227080821991,0.22127418220043182,0.30846521258354187,0.22509548770780194,0.166282499455561
0,0.2800639012985323,0.11538887768983841,0.00496639111713916,0.08901711293781843,0.28553321957588196,0.011751227080821991,0.22127418220043182,0.30846521258354187,0.22509548770780194,0.166282499455561
0,0.34467240448831404,0.48874932527542114,0.08465468961474845,0.38310193174319834,0.41068583726882935,0.0657213106751442,0.39778101444244385,0.44297856092453003,0.4215377868929518,0.3304448670390464
0,0.34467240448831404,0.48874932527542114,0.08465468961474845,0.38310193174319834,0.41068583726882935,0.0657213106751442,0.39778101444244385,0.44297856092453003,0.4215377868929518,0.3304448670390464
0,0.35219502150284326,0.22186431288719177,0.032686805236001634,0.07839005653523994,0.356158971786499,0.0246869008988142,0.29219815135002136,0.3505772352218628,0.3002868465616574,0.21587614839393654
0,0.35219502150284326,0.22186431288719177,0.032686805236001634,0.07839005653523994,0.356158971786499,0.0246869008988142,0.29219815135002136,0.3505772352218628,0.3002868465616574,0.21587614839393654
0,0.41178064233737266,0.4572567939758301,0.4693652532540451,0.4582764067153465,0.47450244426727295,0.47815537452697754,0.3780750334262848,0.4319198429584503,0.4686712261702069,0.4447219691485391
0,0.41178064233737266,0.4572567939758301,0.4693652532540451,0.4582764067153465,0.47450244426727295,0.47815537452697754,0.3780750334262848,0.4319198429584503,0.4686712261702069,0.4447219691485391
0,0.34467240448831404,0.48874932527542114,0.08465468961474845,0.38310193174319834,0.41068583726882935,0.0657213106751442,0.39778101444244385,0.44297856092453003,0.4215377868929518,0.3304448670390464
0,0.34467240448831404,0.48874932527542114,0.08465468961474845,0.38310193174319834,0.41068583726882935,0.0657213106751442,0.39778101444244385,0.44297856092453003,0.4215377868929518,0.3304448670390464
0,0.4334391326069692,0.5094940066337585,0.44383847643932806,0.365874952233124,0.3972167670726776,0.08804646134376526,0.3568665683269501,0.4331226050853729,0.5078858378994011,0.38014224942642477
0,0.4334391326069692,0.5094940066337585,0.44383847643932806,0.365874952233124,0.3972167670726776,0.08804646134376526,0.3568665683269501,0.4331226050853729,0.5078858378994011,0.38014224942642477
0,0.3669149862129933,0.52078777551651,0.05509676900197612,0.3147067555032058,0.43568551540374756,0.050293415784835815,0.3799918591976166,0.5221258997917175,0.45239287489719066,0.33433167776487477
0,0.4362174325458863,0.625499427318573,0.8648535097026123,0.6500962142186855,0.44672417640686035,0.6241253614425659,0.4058850109577179,0.5166926980018616,0.6020051469211859,0.5693789576680987
1,0.41178064233737266,0.4572567939758301,0.4693652532540451,0.4582764067153465,0.47450244426727295,0.47815537452697754,0.3780750334262848,0.4319198429584503,0.4686712261702069,0.4447219691485391
0,0.4334391326069692,0.5094940066337585,0.44383847643932806,0.365874952233124,0.3972167670726776,0.08804646134376526,0.3568665683269501,0.4331226050853729,0.5078858378994011,0.38014224942642477
0,0.289749932531455,0.04402950778603554,0.0631268863143856,0.044734666741136075,0.08250746130943298,0.12545384466648102,0.0660223513841629,0.2231704592704773,0.1965380317292626,0.11779933815557403
0,0.3370031697584811,0.33999204635620117,0.35491016140227294,0.3629693825298644,0.31700700521469116,0.31198519468307495,0.2873430550098419,0.391149640083313,0.3639225516751112,0.3378690397819605
0,0.4161692501302053,0.439595103263855,0.4564968103727304,0.45924649075944185,0.5732973217964172,0.5932082533836365,0.4339696764945984,0.5365644693374634,0.4743947820300639,0.4880701927979608
0,0.4362174325458863,0.625499427318573,0.8648535097026123,0.6500962142186855,0.44672417640686035,0.6241253614425659,0.4058850109577179,0.5166926980018616,0.6020051469211859,0.5693789576680987
0,0.2822670863012058,0.2867138981819153,0.03807271511621352,0.13752114299824275,0.26539579033851624,0.1670392006635666,0.24310161173343658,0.41056138277053833,0.2963909038106841,0.23053001881458704
0,0.33999614070832573,0.4052700996398926,0.1510282434101472,0.28006880143677815,0.32081207633018494,0.2196759730577469,0.24872468411922455,0.4811936914920807,0.3822953919558496,0.30763717006788793
0,0.33999614070832573,0.4052700996398926,0.1510282434101472,0.28006880143677815,0.32081207633018494,0.2196759730577469,0.24872468411922455,0.4811936914920807,0.3822953919558496,0.30763717006788793
0,0.33274529933634417,0.4040484130382538,0.025996281217800524,0.12199492412947345,0.20025791227817535,0.293453186750412,0.06372895836830139,0.48776745796203613,0.3566761273309911,0.24323723463022287
0,0.33274529933634417,0.4040484130382538,0.025996281217800524,0.12199492412947345,0.20025791227817535,0.293453186750412,0.06372895836830139,0.48776745796203613,0.3566761273309911,0.24323723463022287
0,0.3180344313928057,0.18331868946552277,0.01821651910850397,0.08540072398092849,0.14589008688926697,0.21059972047805786,0.2556641697883606,0.4985661506652832,0.27933842811184173,0.21555536644858492
0,0.2651871555728057,0.10515670478343964,0.010645421382112424,0.0723898981657327,0.10377154499292374,0.13027428090572357,0.04442836716771126,0.3367064595222473,0.20887852690661782,0.13456717570497995
0,0.2651871555728057,0.10515670478343964,0.010645421382112424,0.0723898981657327,0.10377154499292374,0.13027428090572357,0.04442836716771126,0.3367064595222473,0.20887852690661782,0.13456717570497995
0,0.5655387265450917,0.8031792640686035,0.2814717846088305,0.6398859028936058,0.8167054057121277,0.7204702496528625,0.709279477596283,0.7605459690093994,0.7177695784596174,0.6643355136968636
0,0.3370031697584811,0.33999204635620117,0.35491016140227294,0.3629693825298644,0.31700700521469116,0.31198519468307495,0.2873430550098419,0.391149640083313,0.3639225516751112,0.3378690397819605
0,0.5196032247896359,0.17720463871955872,0.18794913011266215,0.22019882442843938,0.23149044811725616,0.2928867042064667,0.07056289911270142,0.47173452377319336,0.35369832127786477,0.27231251586249294
0,0.4799569556711226,0.4419778883457184,0.42726800235955814,0.4636628283205888,0.43976491689682007,0.6945258378982544,0.5048999786376953,0.7588160037994385,0.5311267352242545,0.5256245575500188
0,0.5391962040352987,0.5118149518966675,0.49415167636709423,0.3379164548654119,0.4657589793205261,0.527545154094696,0.6963563561439514,0.5527689456939697,0.6013716848980994,0.5155024287046178
0,0.5391962040352987,0.5118149518966675,0.49415167636709423,0.3379164548654119,0.4657589793205261,0.527545154094696,0.6963563561439514,0.5527689456939697,0.6013716848980994,0.5155024287046178
0,0.5237449475590101,0.5221311450004578,0.580877859603284,0.49120326133480335,0.44499698281288147,0.2464892864227295,0.5414831638336182,0.5378323793411255,0.5908979219828527,0.4867765622706791
0,0.6722190719632651,0.6578708291053772,0.7766386713745687,0.7264207668853769,0.6687373518943787,0.897009551525116,0.6767032742500305,0.8300979733467102,0.7465897860019033,0.7368148124819027
0,0.27141210673006033,0.2367202490568161,0.2737940075521045,0.27731028216247466,0.39438891410827637,0.27235886454582214,0.2469303160905838,0.3386760652065277,0.28196865677506294,0.2890403441895932
0,0.27141210673006033,0.2367202490568161,0.2737940075521045,0.27731028216247466,0.39438891410827637,0.27235886454582214,0.2469303160905838,0.3386760652065277,0.28196865677506294,0.2890403441895932
0,0.27141210673006033,0.2367202490568161,0.2737940075521045,0.27731028216247466,0.39438891410827637,0.27235886454582214,0.2469303160905838,0.3386760652065277,0.28196865677506294,0.2890403441895932
0,0.27141210673006033,0.2367202490568161,0.2737940075521045,0.27731028216247466,0.39438891410827637,0.27235886454582214,0.2469303160905838,0.3386760652065277,0.28196865677506294,0.2890403441895932
0,0.27141210673006033,0.2367202490568161,0.2737940075521045,0.27731028216247466,0.39438891410827637,0.27235886454582214,0.2469303160905838,0.3386760652065277,0.28196865677506294,0.2890403441895932
0,0.5598636579152145,0.5900418758392334,0.6159675028199073,0.5568289859254888,0.5379330515861511,0.4959641098976135,0.4907914698123932,0.5434252023696899,0.6311850344972146,0.5489814120357204
0,0.5598636579152145,0.5900418758392334,0.6159675028199073,0.5568289859254888,0.5379330515861511,0.4959641098976135,0.4907914102077484,0.5434252023696899,0.6311850295014149,0.5489814046385321
0,0.5598636579152145,0.5900418758392334,0.6159675028199073,0.5568289859254888,0.5379330515861511,0.4959641098976135,0.4907914102077484,0.5434252023696899,0.6311850295014149,0.5489814046385321
0,0.2955553024109741,0.28840988874435425,0.07388567437494557,0.2757823769760071,0.3340160846710205,0.1643177568912506,0.33477336168289185,0.3612412214279175,0.3035884219890084,0.26763921803852486
0,0.2955553024109741,0.28840988874435425,0.07388567437494557,0.2757823769760071,0.3340160846710205,0.1643177568912506,0.33477336168289185,0.3612412214279175,0.3035884219890084,0.26763921803852486
0,0.4755922487511931,0.10066425800323486,0.4134968850734811,0.05104592412727838,0.1796930730342865,0.38289397954940796,0.20047633349895477,0.445620596408844,0.33779822257387665,0.27982352250672654
1,0.2562220441320126,0.22128427028656006,0.2682732096913846,0.2513029589106681,0.27032434940338135,0.29774752259254456,0.15189839899539948,0.2534579932689667,0.25791048547568574,0.24604902247586846
0,0.5699988677050958,0.5287026762962341,0.4884401103423064,0.43190120552310574,0.4822981655597687,0.7724681496620178,0.4222245216369629,0.55914306640625,0.5928977629182294,0.5312293170824295
0,0.27141210673006033,0.2367202490568161,0.2737940075521045,0.27731028216247466,0.39438891410827637,0.27235886454582214,0.2469303160905838,0.3386760652065277,0.28196865677506294,0.2890403441895932
0,0.2699537924974551,0.29352322220802307,0.028992444451104646,0.17365652818071411,0.26135489344596863,0.14828690886497498,0.25642332434654236,0.46220991015434265,0.2976482009923622,0.23862939259837818
0,0.2699537924974551,0.29352322220802307,0.028992444451104646,0.17365652818071411,0.26135489344596863,0.14828690886497498,0.25642332434654236,0.46220991015434265,0.2976482009923622,0.23862939259837818
0,0.2699537924974551,0.29352322220802307,0.028992444451104646,0.17365652818071411,0.26135489344596863,0.14828690886497498,0.25642332434654236,0.46220991015434265,0.2976482009923622,0.23862939259837818
0,0.2699537924974551,0.29352322220802307,0.028992444451104646,0.17365652818071411,0.26135489344596863,0.14828690886497498,0.25642332434654236,0.46220991015434265,0.2976482009923622,0.23862939259837818
0,0.2699537924974551,0.29352322220802307,0.028992444451104646,0.17365652818071411,0.26135489344596863,0.14828690886497498,0.25642332434654236,0.46220991015434265,0.2976482009923622,0.23862939259837818
0,0.2622867939825019,0.1592652052640915,0.0106824294024536,0.11492054110134109,0.22928103804588318,0.20098350942134857,0.2704674005508423,0.415688157081604,0.24278777922392952,0.20893972138930206
0,0.33172440466133074,0.37271422147750854,0.4709377007041923,0.3606685754872692,0.4044303297996521,0.40278249979019165,0.3266265392303467,0.5057080984115601,0.40026531665839915,0.39637068726510144
0,0.33172440466133074,0.37271422147750854,0.4709377007041923,0.3606685754872692,0.4044303297996521,0.40278249979019165,0.3266265392303467,0.5057080984115601,0.40026531665839915,0.39637068726510144
0,0.33172440466133074,0.37271422147750854,0.4709377007041923,0.3606685754872692,0.4044303297996521,0.40278249979019165,0.3266265392303467,0.5057080984115601,0.40026531665839915,0.39637068726510144
0,0.33172440466133074,0.37271422147750854,0.4709377007041923,0.3606685754872692,0.4044303297996521,0.40278249979019165,0.3266265392303467,0.5057080984115601,0.40026531665839915,0.39637068726510144
0,0.33172440466133074,0.37271422147750854,0.4709377007041923,0.3606685754872692,0.4044303297996521,0.40278249979019165,0.3266265392303467,0.5057080984115601,0.40026531665839915,0.39637068726510144
0,0.33172440466133074,0.37271422147750854,0.4709377007041923,0.3606685754872692,0.4044303297996521,0.40278249979019165,0.3266265392303467,0.5057080984115601,0.40026531665839915,0.39637068726510144
0,0.33172440466133074,0.37271422147750854,0.4709377007041923,0.3606685754872692,0.4044303297996521,0.40278249979019165,0.3266265094280243,0.5057080984115601,0.4002653140825708,0.3963706835665073
0,0.33172440466133074,0.37271422147750854,0.4709377007041923,0.3606685754872692,0.4044303297996521,0.40278249979019165,0.3266265392303467,0.5057080984115601,0.40026531665839915,0.39637068726510144
0,0.33172440466133074,0.37271422147750854,0.4709377007041923,0.3606685754872692,0.4044303297996521,0.40278249979019165,0.3266265392303467,0.5057080984115601,0.40026531665839915,0.39637068726510144
0,0.33172440466133074,0.37271422147750854,0.4709377007041923,0.3606685754872692,0.4044303297996521,0.40278249979019165,0.3266265392303467,0.5057080984115601,0.40026531665839915,0.39637068726510144
0,0.33172440466133074,0.37271422147750854,0.4709377007041923,0.3606685754872692,0.4044303297996521,0.40278249979019165,0.3266265392303467,0.5057080984115601,0.40026531665839915,0.39637068726510144
0,0.33172440466133074,0.37271422147750854,0.4709377007041923,0.3606685754872692,0.4044303297996521,0.40278249979019165,0.3266265392303467,0.5057080984115601,0.40026531665839915,0.39637068726510144
0,0.33172440466133074,0.37271422147750854,0.4709377007041923,0.3606685754872692,0.4044303297996521,0.40278249979019165,0.3266265392303467,0.5057080984115601,0.40026531665839915,0.39637068726510144
0,0.33172440466133074,0.37271422147750854,0.4709377007041923,0.3606685754872692,0.4044303297996521,0.40278249979019165,0.3266265392303467,0.5057080984115601,0.40026531665839915,0.39637068726510144
0,0.33172440466133074,0.37271422147750854,0.4709377007041923,0.3606685754872692,0.4044303297996521,0.40278249979019165,0.3266265392303467,0.5057080984115601,0.40026531665839915,0.39637068726510144
0,0.33172440466133074,0.37271422147750854,0.4709377007041923,0.3606685754872692,0.4044303297996521,0.40278249979019165,0.3266265392303467,0.5057080984115601,0.40026531665839915,0.39637068726510144
0,0.33172440466133074,0.37271422147750854,0.4709377007041923,0.3606685754872692,0.4044303297996521,0.40278249979019165,0.3266265392303467,0.5057080984115601,0.40026531665839915,0.39637068726510144
0,0.33172440466133074,0.37271422147750854,0.4709377007041923,0.3606685754872692,0.4044303297996521,0.40278249979019165,0.3266265392303467,0.5057080984115601,0.40026531665839915,0.39637068726510144
0,0.33172440466133074,0.37271422147750854,0.4709377007041923,0.3606685754872692,0.4044303297996521,0.40278249979019165,0.3266265392303467,0.5057080984115601,0.40026531665839915,0.39637068726510144
0,0.33172440466133074,0.37271422147750854,0.4709377007041923,0.3606685754872692,0.4044303596019745,0.40278246998786926,0.3266265392303467,0.5057080984115601,0.40026531680107547,0.39637068743417936
0,0.5305797074678573,0.50938481092453,0.497477804151565,0.5018618326631444,0.4967455565929413,0.37621867656707764,0.6060360670089722,0.4818018078804016,0.5773973470340754,0.5005511882617668
0,0.25665040808587825,0.20336295664310455,0.3579233486275764,0.2448946470990796,0.15495933592319489,0.292978972196579,0.10021514445543289,0.2258957028388977,0.2543537674783932,0.2286896922134209
0,0.35125942726154963,0.30601316690444946,0.1359044038029493,0.221731928327373,0.3958021104335785,0.18225951492786407,0.3652106523513794,0.42266902327537537,0.34922356049875797,0.299195113100965
0,0.2955553024109741,0.28840988874435425,0.07388567437494557,0.2757823769760071,0.3340160846710205,0.1643177568912506,0.33477336168289185,0.3612412214279175,0.3035884219890084,0.26763921803852486
0,0.30166368289113754,0.2896655797958374,0.18141825655719518,0.30116121253814376,0.23229233920574188,0.16712702810764313,0.24040473997592926,0.39358043670654297,0.3118110986556251,0.26448331848178286
0,0.5754237622262799,0.5916289687156677,0.49434502730480606,0.5519947439943879,0.5459060072898865,0.7004373073577881,0.437204509973526,0.5895017981529236,0.6240812884596874,0.5608416117720267
1,0.27876981380093363,0.24807137250900269,0.34110325664983837,0.28352837859853713,0.27105712890625,0.48864665627479553,0.2565380334854126,0.3048701584339142,0.29142566138803694,0.3078069673394196
0,0.27876981380093363,0.24807137250900269,0.34110325664983837,0.28352837859853713,0.27105712890625,0.48864665627479553,0.2565380334854126,0.3048701584339142,0.29142566138803694,0.3078069673394196
0,0.27876981380093363,0.24807137250900269,0.34110325664983837,0.28352837859853713,0.27105712890625,0.48864665627479553,0.2565380334854126,0.3048701584339142,0.29142566138803694,0.3078069673394196
0,0.27876981380093363,0.24807137250900269,0.34110325664983837,0.28352837859853713,0.27105712890625,0.48864665627479553,0.2565380334854126,0.3048701584339142,0.29142566138803694,0.3078069673394196
0,0.27876981380093363,0.24807137250900269,0.34110325664983837,0.28352837859853713,0.27105712890625,0.48864665627479553,0.2565380334854126,0.3048701584339142,0.29142566138803694,0.3078069673394196
0,0.27876981380093363,0.24807137250900269,0.34110325664983837,0.28352837859853713,0.27105712890625,0.48864665627479553,0.2565380334854126,0.3048701584339142,0.29142566138803694,0.3078069673394196
0,0.27876981380093363,0.24807137250900269,0.34110325664983837,0.28352837859853713,0.27105712890625,0.48864665627479553,0.2565380334854126,0.3048701584339142,0.29142566138803694,0.3078069673394196
0,0.27876981380093363,0.24807137250900269,0.34110325664983837,0.28352837859853713,0.27105712890625,0.48864665627479553,0.2565380334854126,0.3048701584339142,0.29142566138803694,0.3078069673394196
0,0.27876981380093363,0.24807137250900269,0.34110325664983837,0.28352837859853713,0.27105712890625,0.48864665627479553,0.2565380334854126,0.3048701584339142,0.29142566138803694,0.3078069673394196
1,0.5305797074678573,0.50938481092453,0.497477804151565,0.5018618326631444,0.4967455565929413,0.37621867656707764,0.6060360670089722,0.4818018078804016,0.5773973470340754,0.5005511882617668
0,0.4058022493561214,0.4574024975299835,0.09698869764426005,0.39383722808731086,0.4241524338722229,0.7461785674095154,0.32034966349601746,0.38393548130989075,0.41586101876488035,0.40403877919484715
0,0.4058022493561214,0.4574024975299835,0.09698869764426005,0.39383722808731086,0.4241524338722229,0.7461785674095154,0.32034966349601746,0.38393548130989075,0.41586101876488035,0.40403877919484715
0,0.6325750930956708,0.6427462100982666,0.7837704233861441,0.6531869312278686,0.782385528087616,0.8957896828651428,0.8521820902824402,0.8631081581115723,0.7433375455297495,0.7616186364035107
0,0.3648645643359299,0.4335222542285919,0.25850978558910975,0.35744562339893093,0.39519166946411133,0.32956767082214355,0.34077614545822144,0.43944957852363586,0.41675037677380555,0.36598165473310207
0,0.33172440466133074,0.37271422147750854,0.4709377007041923,0.3606685754872692,0.4044303297996521,0.40278249979019165,0.3266265392303467,0.5057080984115601,0.40026531665839915,0.39637068726510144
0,0.2955553024109741,0.28840988874435425,0.07388567437494557,0.2757823769760071,0.3340160846710205,0.1643177568912506,0.33477336168289185,0.3612412214279175,0.3035884219890084,0.26763921803852486
0,0.4717531187870655,0.6339242458343506,0.3285335036379664,0.6251641208970441,0.6259024143218994,0.41832318902015686,0.5229223370552063,0.5187328457832336,0.5787510700323351,0.520068490123708
0,0.2955553024109741,0.28840988874435425,0.07388567437494557,0.2757823769760071,0.3340160846710205,0.1643177568912506,0.33477336168289185,0.3612412214279175,0.3035884219890084,0.26763921803852486
0,0.2955553024109741,0.28840988874435425,0.07388567437494557,0.2757823769760071,0.3340160846710205,0.1643177568912506,0.33477336168289185,0.3612412214279175,0.3035884219890084,0.26763921803852486
0,0.39762576316742093,0.2379331737756729,0.13274497039445252,0.35898897856869744,0.5828977823257446,0.47752645611763,0.3644806742668152,0.7082805037498474,0.3568093448765895,0.4083147166643057
0,0.3072769484542964,0.0563591867685318,0.09642600989635051,0.052468091806373525,0.11436700820922852,0.16156145930290222,0.1460484117269516,0.33392438292503357,0.21961964919372765,0.15883619810522703
0,0.2955553024109741,0.28840988874435425,0.07388567437494557,0.2757823769760071,0.3340160846710205,0.1643177568912506,0.33477336168289185,0.3612412214279175,0.3035884219890084,0.26763921803852486
0,0.25221393130051095,0.17245574295520782,0.006231774790751104,0.13553752147572767,0.19590291380882263,0.32776957750320435,0.15953566133975983,0.24826857447624207,0.2227685212942451,0.1877421633536832
0,0.25221393130051095,0.17245574295520782,0.006231774790751104,0.13553752147572767,0.19590291380882263,0.32776957750320435,0.15953566133975983,0.24826857447624207,0.2227685212942451,0.1877421633536832
0,0.2955553024109741,0.28840988874435425,0.07388567437494557,0.2757823769760071,0.3340160846710205,0.1643177568912506,0.33477336168289185,0.3612412214279175,0.3035884219890084,0.26763921803852486
0,0.2955553024109741,0.28840988874435425,0.07388567437494557,0.2757823769760071,0.3340160846710205,0.1643177568912506,0.33477336168289185,0.3612412214279175,0.3035884219890084,0.26763921803852486
0,0.2955553024109741,0.28840988874435425,0.07388567437494557,0.2757823769760071,0.3340160846710205,0.1643177568912506,0.33477336168289185,0.3612412214279175,0.3035884219890084,0.26763921803852486
0,0.26645657620014357,0.1676209419965744,0.06602558931799161,0.21057565645966056,0.2924211025238037,0.2633295953273773,0.187758669257164,0.3223019540309906,0.23562222411343536,0.2227504612919768
0,0.2788820983934938,0.09319180250167847,0.028958112803480304,0.16553873502555635,0.12248693406581879,0.08450937271118164,0.09780384600162506,0.19373784959316254,0.20258019919448908,0.1341738924090949
0,0.2788820983934938,0.09319180250167847,0.028958112803480304,0.16553873502555635,0.12248693406581879,0.08450937271118164,0.09780384600162506,0.19373784959316254,0.20258019919448908,0.1341738924090949
0,0.33251695905329653,0.23417961597442627,0.10325075737198736,0.20290877441120786,0.3049375116825104,0.19379167258739471,0.35630008578300476,0.37836411595344543,0.305282178921358,0.2644485257220812
0,0.2955553024109741,0.28840988874435425,0.07388567437494557,0.2757823769760071,0.3340160846710205,0.1643177568912506,0.33477336168289185,0.3612412214279175,0.3035884219890084,0.26763921803852486
1,0.26645657620014357,0.1676209419965744,0.06602558931799161,0.21057565645966056,0.2924211025238037,0.2633295953273773,0.1877586990594864,0.3223019540309906,0.23562222604600025,0.2227504649905709
1,0.27141210673006033,0.2367202490568161,0.2737940075521045,0.27731028216247466,0.39438891410827637,0.27235886454582214,0.2469303160905838,0.3386760652065277,0.28196865677506294,0.2890403441895932
0,0.2955553024109741,0.28840988874435425,0.07388567437494557,0.2757823769760071,0.3340160846710205,0.1643177568912506,0.33477336168289185,0.3612412214279175,0.3035884219890084,0.26763921803852486
0,0.23462006496436763,0.052917566150426865,0.006231774790751104,0.03533806858084426,0.11159740388393402,0.11646969616413116,0.04598240554332733,0.2651713788509369,0.1807023014481185,0.10925999249888753
0,0.23462006496436763,0.052917566150426865,0.006231774790751104,0.03533806858084426,0.11159740388393402,0.11646969616413116,0.04598240554332733,0.2651713788509369,0.1807023014481185,0.10925999249888753
1,0.2955553024109741,0.28840988874435425,0.07388567437494557,0.2757823769760071,0.3340160846710205,0.1643177568912506,0.33477336168289185,0.3612412214279175,0.3035884219890084,0.26763921803852486
0,0.26645657620014357,0.1676209419965744,0.06602558931799161,0.21057565645966056,0.2924211025238037,0.2633295953273773,0.1877586990594864,0.3223019540309906,0.23562222604600025,0.2227504649905709
0,0.2955553024109741,0.28840988874435425,0.07388567437494557,0.2757823769760071,0.3340160846710205,0.1643177568912506,0.33477336168289185,0.3612412214279175,0.3035884219890084,0.26763921803852486
0,0.2955553024109741,0.28840988874435425,0.07388567437494557,0.2757823769760071,0.3340160846710205,0.16431772708892822,0.33477336168289185,0.3612412214279175,0.30358842230686706,0.26763921443372035
0,0.2955553024109741,0.28840988874435425,0.07388567437494557,0.2757823769760071,0.3340160846710205,0.16431772708892822,0.33477336168289185,0.3612412214279175,0.30358842230686706,0.26763921443372035
0,0.2955553024109741,0.28840988874435425,0.07388567437494557,0.2757823769760071,0.3340160846710205,0.1643177568912506,0.33477336168289185,0.3612412214279175,0.3035884219890084,0.26763921803852486
0,0.27141210673006033,0.2367202490568161,0.2737940075521045,0.27731028216247466,0.39438891410827637,0.27235886454582214,0.2469303160905838,0.3386760652065277,0.28196865677506294,0.2890403441895932
0,0.26645657620014357,0.1676209419965744,0.06602558931799161,0.21057565645966056,0.2924211025238037,0.2633295953273773,0.1877586990594864,0.3223019540309906,0.23562222604600025,0.2227504649905709
0,0.23591352381562203,0.2562348544597626,0.10098972703515463,0.21783336713878115,0.05704619362950325,0.1588640958070755,0.020418265834450722,0.08938372135162354,0.2319315501422422,0.14297341446641254
0,0.23591352381562203,0.2562348544597626,0.10098972703515463,0.21783336713878115,0.05704619362950325,0.1588640958070755,0.020418265834450722,0.08938372135162354,0.2319315501422422,0.14297341446641254
0,0.23591352381562203,0.2562348544597626,0.10098972703515463,0.21783336713878115,0.05704619362950325,0.1588640958070755,0.020418265834450722,0.08938372135162354,0.2319315501422422,0.14297341446641254
0,0.23591352381562203,0.2562348544597626,0.10098972703515463,0.21783336713878115,0.05704619362950325,0.1588640958070755,0.020418265834450722,0.08938372135162354,0.2319315501422422,0.14297341446641254
0,0.23591352381562203,0.2562348544597626,0.10098972703515463,0.21783336713878115,0.05704619362950325,0.1588640958070755,0.020418265834450722,0.08938372135162354,0.2319315501422422,0.14297341446641254
0,0.27876981380093363,0.24807137250900269,0.34110325664983837,0.28352837859853713,0.27105712890625,0.48864665627479553,0.2565380930900574,0.3048701584339142,0.2914256658195598,0.3078069747366079
0,0.27876981380093363,0.24807137250900269,0.34110325664983837,0.28352837859853713,0.27105712890625,0.48864665627479553,0.2565380334854126,0.3048701584339142,0.29142566138803694,0.3078069673394196
0,0.27876981380093363,0.24807137250900269,0.34110325664983837,0.28352837859853713,0.27105712890625,0.48864665627479553,0.2565380334854126,0.3048701584339142,0.29142566138803694,0.3078069673394196
0,0.27876981380093363,0.24807137250900269,0.34110325664983837,0.28352837859853713,0.27105712890625,0.48864665627479553,0.2565380334854126,0.3048701584339142,0.29142566138803694,0.3078069673394196
0,0.27876981380093363,0.24807137250900269,0.34110325664983837,0.28352837859853713,0.27105712890625,0.48864659667015076,0.2565380334854126,0.3048701584339142,0.29142566200894326,0.30780696012981046
0,0.5699844875120265,0.5869338512420654,0.6508207229677703,0.5989931403435359,0.4994167983531952,0.5438995361328125,0.6785458326339722,0.49665215611457825,0.6473089740112822,0.5777013669380668
1,0.23056794246514825,0.22045163810253143,0.2616182591326215,0.2509473462011635,0.31075772643089294,0.2801952660083771,0.2144433706998825,0.29601144790649414,0.2551363577798322,0.2579115519332713
1,0.5893541550253755,0.2779398560523987,0.5015138374247926,0.3907923943226561,0.4327374994754791,0.3287258744239807,0.3833772540092468,0.565284013748169,0.49261151126807395,0.43369428561786677
0,0.6094773972105075,0.6980975270271301,0.8896412092325605,0.5809547355628595,0.7940844297409058,0.8408605456352234,0.8061569333076477,0.7050973176956177,0.7505655952625959,0.7387723290782088
0,0.5407405080371945,0.5328398942947388,0.4987109037827621,0.512423327215168,0.44047996401786804,0.8145790696144104,0.56281977891922,0.5404433012008667,0.5894587003845102,0.5542502872358619
1,0.4762920430126021,0.41908490657806396,0.13456657726416965,0.4461681536635747,0.4593782424926758,0.24663212895393372,0.1463911384344101,0.34065163135528564,0.4199052564991529,0.33620082998834755
0,0.3521801863425773,0.05038614571094513,0.13885117122510834,0.04339514767750033,0.06224974989891052,0.06632768362760544,0.13069820404052734,0.30085521936416626,0.2341123954756023,0.14359612572454233
0,0.4762920430126021,0.41908490657806396,0.13456657726416965,0.4461681536635747,0.4593782424926758,0.24663212895393372,0.1463911384344101,0.34065163135528564,0.4199052564991529,0.33620082998834755
0,0.5380274175894061,0.4909970462322235,0.6133460361415518,0.5170763433875375,0.5859221816062927,0.22227053344249725,0.8035628795623779,0.467160165309906,0.60114934028499,0.530296269042459
0,0.43522661569893545,0.2326732575893402,0.17557188222039383,0.2219923091469426,0.12039627879858017,0.16317930817604065,0.1796828806400299,0.2985667884349823,0.33459895622668395,0.22947854340107393
0,0.6031695881165887,0.7136528491973877,0.7410748005504256,0.7257425394051117,0.7303515672683716,0.8573412895202637,0.8168677091598511,0.7604338526725769,0.7425063949435955,0.7424902895374945
1,0.3998478570133796,0.41661524772644043,0.15566818075668976,0.0765728976896388,0.5600123405456543,0.38895219564437866,0.5377620458602905,0.5891903042793274,0.45541209349786477,0.39199033636206004
1,0.7072402642696425,0.8854773640632629,0.9389383414108133,0.8696538206551273,0.8860592246055603,0.8098430633544922,0.8160035610198975,0.8814317584037781,0.8440186670044123,0.8488878844930043
1,0.47780872236214444,0.640060544013977,0.6652916109197564,0.6002466646651654,0.6547248363494873,0.6857036352157593,0.41711893677711487,0.5161681175231934,0.6074751848835496,0.5814882990708287
0,0.38106743441564606,0.5616859793663025,0.6781994822527763,0.5422281671229816,0.4311375617980957,0.5164556503295898,0.25908756256103516,0.34551990032196045,0.5023409033630398,0.46343224698763463
1,0.38106743441564606,0.5616859793663025,0.6781994822527763,0.5422281671229816,0.4311375617980957,0.5164556503295898,0.25908756256103516,0.34551990032196045,0.5023409033630398,0.46343224698763463
1,0.38106743441564606,0.5616859793663025,0.6781994822527763,0.5422281671229816,0.4311375617980957,0.5164556503295898,0.25908756256103516,0.34551990032196045,0.5023409033630398,0.46343224698763463
0,0.38106743441564606,0.5616859793663025,0.6781994822527763,0.5422281671229816,0.4311375617980957,0.5164556503295898,0.25908756256103516,0.34551990032196045,0.5023409033630398,0.46343224698763463
0,0.3044638549162277,0.2693725526332855,0.09221876810106877,0.19068827906799748,0.3764555752277374,0.2629023492336273,0.2669014632701874,0.30182307958602905,0.2927576213390325,0.25926768376078696
0,0.38106743441564606,0.5616859793663025,0.6781994822527763,0.5422281671229816,0.4311375617980957,0.5164556503295898,0.25908756256103516,0.34551990032196045,0.5023409033630398,0.46343224698763463
1,0.38106743441564606,0.5616859793663025,0.6781994822527763,0.5422281671229816,0.4311375617980957,0.5164556503295898,0.25908756256103516,0.34551990032196045,0.5023409033630398,0.46343224698763463
0,0.3829205579673324,0.38712918758392334,0.6203635482838441,0.46902998843202937,0.4414925277233124,0.4409407675266266,0.3095412254333496,0.3678082227706909,0.42668275745370143,0.4262074703622542
0,0.38106743441564606,0.5616859793663025,0.6781994822527763,0.5422281671229816,0.4311375617980957,0.5164556503295898,0.25908756256103516,0.34551990032196045,0.5023409033630398,0.46343224698763463
0,0.38106743441564606,0.5616859793663025,0.6781994822527763,0.5422281671229816,0.4311375617980957,0.5164556503295898,0.25908756256103516,0.34551990032196045,0.5023409033630398,0.46343224698763463
0,0.3829205579673324,0.38712918758392334,0.6203635482838441,0.46902998843202937,0.44149258732795715,0.4409407675266266,0.3095412254333496,0.3678082227706909,0.4266827570089371,0.42620747791001923
0,0.3829205579673324,0.38712918758392334,0.6203635482838441,0.46902998843202937,0.44149258732795715,0.4409407675266266,0.3095412254333496,0.3678082227706909,0.4266827570089371,0.42620747791001923
1,0.4958511929842345,0.6038426756858826,0.8360861557042458,0.6345851749884045,0.6165852546691895,0.7781942486763,0.42351850867271423,0.4186802804470062,0.6064396503979002,0.5988496552933236
1,0.4958511929842345,0.6038426756858826,0.8360861557042458,0.6345851749884045,0.6165852546691895,0.7781942486763,0.42351850867271423,0.4186802804470062,0.6064396503979002,0.5988496552933236
0,0.29017952372181294,0.044550664722919464,0.18813240979960363,0.025904067359287457,0.2503058612346649,0.004685203544795513,0.17046910524368286,0.2744969129562378,0.21581532587663163,0.1566134345385976
1,0.38106743441564606,0.5616859793663025,0.6781994822527763,0.5422281671229816,0.4311375617980957,0.5164556503295898,0.25908756256103516,0.34551990032196045,0.5023409033630398,0.46343224698763463
1,0.4958511929842345,0.6038426756858826,0.8360861557042458,0.6345851749884045,0.6165852546691895,0.7781942486763,0.42351850867271423,0.4186802804470062,0.6064396503979002,0.5988496552933236
0,0.38106743441564606,0.5616859793663025,0.6781994822527763,0.5422281671229816,0.4311375617980957,0.5164556503295898,0.25908756256103516,0.34551990032196045,0.5023409033630398,0.46343224698763463
0,0.3829205579673324,0.38712918758392334,0.6203635482838441,0.46902998843202937,0.44149258732795715,0.4409407675266266,0.3095412254333496,0.3678082227706909,0.4266827570089371,0.42620747791001923
0,0.37274747002696834,0.4804224371910095,0.38236644737048925,0.33506073084022403,0.45584651827812195,0.22358883917331696,0.37733954191207886,0.4020240902900696,0.4563874113252859,0.3798244487766992
0,0.3829205579673324,0.38712918758392334,0.6203635482838441,0.46902998843202937,0.44149258732795715,0.4409407675266266,0.3095412254333496,0.3678082227706909,0.4266827570089371,0.42620747791001923
0,0.37274747002696834,0.4804224371910095,0.38236644737048925,0.33506073084022403,0.45584651827812195,0.22358883917331696,0.37733954191207886,0.4020240902900696,0.4563874113252859,0.3798244487766992
0,0.3829205579673324,0.38712918758392334,0.6203635482838441,0.46902998843202937,0.44149258732795715,0.4409407675266266,0.3095412254333496,0.3678082227706909,0.4266827570089371,0.42620747791001923
0,0.3829205579673324,0.38712918758392334,0.6203635482838441,0.46902998843202937,0.44149258732795715,0.4409407675266266,0.3095412254333496,0.3678082227706909,0.4266827570089371,0.42620747791001923
1,0.3954634054793953,0.4136282801628113,0.4556519379334348,0.43522608612086605,0.4288981854915619,0.13182052969932556,0.32923179864883423,0.4333113431930542,0.44060956566968706,0.37890000093210197
0,0.6402642434583369,0.6621597409248352,0.7745535569625501,0.7370190601846552,0.8370502591133118,0.8932972550392151,0.896967351436615,0.76378333568573,0.7450412222764129,0.7742364551377428
0,0.5631622921591051,0.8686988949775696,0.6630549415828068,0.8258804275707025,0.8378643989562988,0.8616934418678284,0.7977020740509033,0.718269944190979,0.767539929644588,0.7670795814180272
1,0.5129663374180626,0.6727558374404907,0.7256100443582447,0.6295791533495616,0.601078987121582,0.7243748307228088,0.6208481192588806,0.5362489819526672,0.6610299448403173,0.6268266858389653
0,0.5129663374180626,0.6727558374404907,0.7256100443582447,0.6295791533495616,0.601078987121582,0.7243748307228088,0.6208481192588806,0.5362489819526672,0.6610299448403173,0.6268266858389653
0,0.48325401727842177,0.7011229991912842,0.6988755832874732,0.6804801171723215,0.646509051322937,0.7144872546195984,0.5609941482543945,0.5464811325073242,0.6515425679600035,0.6282767820892562
0,0.6193239796832664,0.7504525184631348,0.8845755193944832,0.7604358589473162,0.7525243759155273,0.8949350118637085,0.9330230951309204,0.8047613501548767,0.7811450376819834,0.7982316771500042
1,0.5468134881268873,0.7194458842277527,0.7792444931876794,0.7625245225515447,0.7737520933151245,0.786716103553772,0.7285951972007751,0.564001202583313,0.7035354706581457,0.7065713541845975
0,0.4208023383267749,0.5613760948181152,0.18443010598141482,0.34037137548062907,0.6507222056388855,0.5454526543617249,0.3173697292804718,0.4704981744289398,0.49138225049645146,0.43810193197706704
1,0.47780872236214444,0.640060544013977,0.6652916109197564,0.6002466646651654,0.6547248363494873,0.6857036352157593,0.41711893677711487,0.5161681175231934,0.6074751848835496,0.5814882990708287
0,0.4115201906625955,0.44060155749320984,0.52007307996405,0.5120301340151442,0.5067979097366333,0.5390114188194275,0.5307784676551819,0.5604732632637024,0.48974411681636143,0.5018967943406036
0,0.4115201906625955,0.44060155749320984,0.52007307996405,0.5120301340151442,0.5067979097366333,0.5390114188194275,0.5307784676551819,0.5604732632637024,0.48974411681636143,0.5018967943406036
0,0.4410167007536914,0.6574249267578125,0.6046119049211376,0.566787838835681,0.6280038356781006,0.609615683555603,0.46336039900779724,0.5326710343360901,0.5999076175144588,0.5627632007184019
0,0.32517992799173456,0.08009708672761917,0.011727813315308604,0.10383224817813959,0.25987106561660767,0.0027527145575731993,0.20255880057811737,0.1876891702413559,0.21954921850179893,0.14835005079372826
0,0.4184739337065935,0.27846187353134155,0.19614395974814336,0.3311251484811221,0.26579979062080383,0.3907155692577362,0.26471737027168274,0.1944524496793747,0.3386748351803468,0.29283572698807137
0,0.4257348174050123,0.2308514565229416,0.44777046367696677,0.2693766540139016,0.19136270880699158,0.354387491941452,0.21628127992153168,0.30983778834342957,0.3559901138059682,0.3047258414766145
0,0.64844059228825,0.7552079558372498,0.8811140640290962,0.778238921931736,0.7091251611709595,0.17749333381652832,0.566428542137146,0.7472162246704102,0.7712723732783895,0.6593998454873955
0,0.5158566208285789,0.6494626402854919,0.7670293471585307,0.6542975300900049,0.6108525395393372,0.741352379322052,0.5417572855949402,0.4539406895637512,0.6414437503476045,0.6154062484123399
0,0.5158566208285789,0.6494626402854919,0.7670293471585307,0.6542975300900049,0.6108525395393372,0.741352379322052,0.5417572855949402,0.4539406895637512,0.6414437503476045,0.6154062484123399
1,0.37274747002696834,0.4804224371910095,0.38236644737048925,0.33506073084022403,0.45584651827812195,0.22358883917331696,0.37733954191207886,0.4020240902900696,0.4563874113252859,0.3798244487766992
0,0.48325401727842177,0.7011229991912842,0.6988755832874732,0.6804801171723215,0.646509051322937,0.7144872546195984,0.5609941482543945,0.5464811325073242,0.6515425679600035,0.6282767820892562
0,0.48325401727842177,0.7011229991912842,0.6988755832874732,0.6804801171723215,0.646509051322937,0.7144872546195984,0.5609941482543945,0.5464811325073242,0.6515425679600035,0.6282767820892562
0,0.5129663374180626,0.6727558374404907,0.7256100443582447,0.6295791533495616,0.601078987121582,0.7243748307228088,0.6208481192588806,0.5362489819526672,0.6610299448403173,0.6268266858389653
0,0.5536281519938016,0.5676532983779907,0.6756331470303739,0.5823950474640357,0.6366374492645264,0.7845325469970703,0.7754254341125488,0.8036248087882996,0.6669458877473179,0.6710344940450332
0,0.5757158180443634,0.6912789940834045,0.6033463797743231,0.6975928931077819,0.698357880115509,0.8642477989196777,0.7814679741859436,0.6691355109214783,0.7028065155690228,0.6969489788827588
0,0.41296521585185736,0.5000974535942078,0.0613549694141279,0.39056963080372786,0.42812082171440125,0.08558071404695511,0.3940739333629608,0.34365686774253845,0.4457787244909972,0.3304824061764995
0,0.6895066166347887,0.8629122376441956,0.924368736430598,0.8478138711074977,0.8349857330322266,0.7482991218566895,0.7736968994140625,0.7842286229133606,0.826342256456673,0.8078524760648875
0,0.5742217361903839,0.6312631368637085,0.6426615902535485,0.6271245241195306,0.4760650098323822,0.261982798576355,0.48888638615608215,0.4274953603744507,0.6477356110752533,0.5172527635322817
0,0.46904149872671524,0.3288154900074005,0.4284191895763764,0.5652322881369314,0.5288410186767578,0.8566352128982544,0.30683133006095886,0.4339868724346161,0.4171937856679611,0.4880191716468862
0,0.46904149872671524,0.3288154900074005,0.4284191895763764,0.5652322881369314,0.5288410186767578,0.8566352128982544,0.30683133006095886,0.4339868724346161,0.4171937856679611,0.4880191716468862
0,0.2748214631497927,0.3163330852985382,0.01127414861424384,0.07179827239729442,0.36604833602905273,0.2934238910675049,0.20150905847549438,0.36378559470176697,0.2956091778447246,0.23894851683864543
0,0.38135958495842104,0.4011872112751007,0.05248616825936586,0.1501394853759146,0.2058251053094864,0.3630121648311615,0.22337567806243896,0.4784806966781616,0.3906906927974684,0.28356812447912605
0,0.4506297977979349,0.1247316375374794,0.16785291504242517,0.07032284536600467,0.1004873663187027,0.5197922587394714,0.05169101431965828,0.4074414074420929,0.2975828029374471,0.23593468224521566
0,0.2520768118219706,0.16436375677585602,0.30291625519216897,0.17970359490226845,0.11505071073770523,0.19184641540050507,0.06503821164369583,0.1887587457895279,0.23291592318233914,0.18196851563431454
0,0.26826639097089033,0.09220278263092041,0.09117991864534863,0.09765725754910798,0.09047047048807144,0.10654687136411667,0.03478952869772911,0.1959393471479416,0.20147488115507395,0.12271238831034029
1,0.46549598394831176,0.11075526475906372,0.29653341965216423,0.06616600930102902,0.1635860651731491,0.1671598106622696,0.27508431673049927,0.24237781763076782,0.3165511821949944,0.22331072645289637
1,0.46549598394831176,0.11075526475906372,0.29653341965216423,0.06616600930102902,0.1635860651731491,0.1671598106622696,0.27508431673049927,0.24237781763076782,0.3165511821949944,0.22331072645289637
1,0.46549598394831176,0.11075526475906372,0.29653341965216423,0.06616600930102902,0.1635860651731491,0.1671598106622696,0.27508431673049927,0.24237781763076782,0.3165511821949944,0.22331072645289637
1,0.6492825805460767,0.8045220375061035,0.8159944301892685,0.7171570924706105,0.8141019344329834,0.8042154312133789,0.8551864624023438,0.6919788718223572,0.7920435844740383,0.768409964837993
0,0.27217889858833383,0.267446368932724,0.04490583075149972,0.09929158846564978,0.22033466398715973,0.005144170019775629,0.23217743635177612,0.17684869468212128,0.26917294733284075,0.16680397827256266
0,0.27217889858833383,0.267446368932724,0.04490583075149972,0.09929158846564978,0.22033466398715973,0.005144170019775629,0.23217743635177612,0.17684869468212128,0.26917294733284075,0.16680397827256266
0,0.27217889858833383,0.267446368932724,0.04490583075149972,0.09929158846564978,0.22033466398715973,0.005144170019775629,0.23217743635177612,0.17684869468212128,0.26917294733284075,0.16680397827256266
0,0.40650443871460135,0.4487472474575043,0.23469653070819554,0.25935371856673384,0.5480294227600098,0.05565938726067543,0.39282867312431335,0.25896140933036804,0.43361356639489845,0.32815664550090456
0,0.40650443871460135,0.4487472474575043,0.23469653070819554,0.25935371856673384,0.5480294227600098,0.05565938726067543,0.39282867312431335,0.25896140933036804,0.43361356639489845,0.32815664550090456
0,0.40650443871460135,0.4487472474575043,0.23469653070819554,0.25935371856673384,0.5480294227600098,0.05565938726067543,0.39282867312431335,0.25896140933036804,0.43361356639489845,0.32815664550090456
0,0.27217889858833383,0.267446368932724,0.04490583075149972,0.09929158846564978,0.22033466398715973,0.005144170019775629,0.23217743635177612,0.17684869468212128,0.26917294733284075,0.16680397827256266
0,0.27217889858833383,0.267446368932724,0.04490583075149972,0.09929158846564978,0.22033466398715973,0.005144170019775629,0.23217743635177612,0.17684869468212128,0.26917294733284075,0.16680397827256266
0,0.2457690907957044,0.2225618213415146,0.30842096652742595,0.2617175413755208,0.33814647793769836,0.2904539108276367,0.2206317037343979,0.23718655109405518,0.26070940044120877,0.26519744958571334
0,0.2457690907957044,0.2225618213415146,0.30842096652742595,0.2617175413755208,0.33814647793769836,0.2904539108276367,0.2206317037343979,0.23718655109405518,0.26070940044120877,0.26519744958571334
0,0.4942842974836171,0.3788520097732544,0.17714479979641545,0.32418345733988146,0.33960410952568054,0.5373929738998413,0.3580474555492401,0.4083165228366852,0.44174831193703423,0.3778762884515426
0,0.5576674817619757,0.4295894205570221,0.77521497170371,0.40926585037122387,0.35464614629745483,0.34653240442276,0.20884346961975098,0.39548641443252563,0.5444455259934742,0.4337294961591891
1,0.2520768118219706,0.16436375677585602,0.30291625519216897,0.17970359490226845,0.11505071073770523,0.19184641540050507,0.06503822654485703,0.1887587457895279,0.232915924140905,0.18196851748361162
1,0.23208964577407198,0.09524112194776535,0.09436866960701877,0.11498113445094289,0.10999658703804016,0.21407929062843323,0.07487577199935913,0.20356561243534088,0.19296411492129373,0.14244020153368014
1,0.23208964577407198,0.09524112194776535,0.09436866960701877,0.11498113445094289,0.10999658703804016,0.21407929062843323,0.07487577199935913,0.20356561243534088,0.19296411492129373,0.14244020153368014
1,0.5223780370788337,0.6565757989883423,0.5396975487287237,0.4308996245715154,0.6852509379386902,0.5889105796813965,0.41090792417526245,0.6708351373672485,0.6430201894577556,0.5638047377695391
0,0.5003608054835224,0.41773679852485657,0.12524334600671322,0.38065698298626305,0.471628874540329,0.598634660243988,0.41718789935112,0.4831823408603668,0.465808790381854,0.425392095672531
0,0.2457690907957044,0.2225618213415146,0.30842096652742595,0.2617175413755208,0.33814647793769836,0.2904539108276367,0.2206317037343979,0.23718655109405518,0.26070940044120877,0.26519744958571334
0,0.2457690907957044,0.2225618213415146,0.30842096652742595,0.2617175413755208,0.33814647793769836,0.2904539108276367,0.2206317037343979,0.23718655109405518,0.26070940044120877,0.26519744958571334
0,0.2457690907957044,0.2225618213415146,0.30842096652742595,0.2617175413755208,0.33814647793769836,0.2904539108276367,0.2206317037343979,0.23718655109405518,0.26070940044120877,0.26519744958571334
0,0.23208964577407198,0.09524112194776535,0.09436866960701877,0.11498113445094289,0.10999658703804016,0.21407929062843323,0.07487577199935913,0.20356561243534088,0.19296411492129373,0.14244020153368014
0,0.2893581243075043,0.2494768500328064,0.2985035017554929,0.3077999902175455,0.44378232955932617,0.40534985065460205,0.4089761972427368,0.3490741550922394,0.3065814459391288,0.34353460739579755
0,0.2893581243075043,0.2494768500328064,0.2985035017554929,0.3077999902175455,0.44378232955932617,0.40534985065460205,0.4089761972427368,0.3490741550922394,0.3065814459391288,0.34353460739579755
0,0.3040523151933376,0.19577249884605408,0.09741390623009666,0.19890862555565522,0.20927421748638153,0.33840659260749817,0.07434770464897156,0.31220993399620056,0.25297320136177665,0.2167212676938458
0,0.2520768118219706,0.16436375677585602,0.30291625519216897,0.17970359490226845,0.11505071073770523,0.19184641540050507,0.06503821164369583,0.1887587457895279,0.23291592318233914,0.18196851563431454
0,0.23208964577407198,0.09524112194776535,0.09436866960701877,0.11498113445094289,0.10999658703804016,0.21407929062843323,0.07487577199935913,0.20356561243534088,0.19296411492129373,0.14244020153368014
0,0.2457690907957044,0.2225618213415146,0.30842096652742595,0.2617175413755208,0.33814647793769836,0.2904539108276367,0.2206317037343979,0.23718655109405518,0.26070940044120877,0.26519744958571334
0,0.3122661158785533,0.31611862778663635,0.07097563784901516,0.274371553508593,0.3139021694660187,0.1478804051876068,0.3362104892730713,0.32398077845573425,0.31854140278566695,0.26380341320792633
0,0.3122661158785533,0.31611862778663635,0.07097563784901516,0.274371553508593,0.3139021694660187,0.1478804051876068,0.3362104892730713,0.32398077845573425,0.31854140278566695,0.26380341320792633
0,0.317657071664682,0.24747316539287567,0.4804283148817363,0.32780193742857294,0.24726028740406036,0.08844618499279022,0.24937517940998077,0.2582983076572418,0.3182964865500249,0.27683760561518417
0,0.34114588146433555,0.12470648437738419,0.11914228852991382,0.2645560847061073,0.25306034088134766,0.08913397789001465,0.2885936200618744,0.3320736587047577,0.2595681737191881,0.22759714447826462
0,0.3122661158785533,0.31611862778663635,0.07097563784901516,0.274371553508593,0.3139021694660187,0.1478804051876068,0.3362104892730713,0.32398077845573425,0.31854140278566695,0.26380341320792633
1,0.317657071664682,0.24747316539287567,0.4804283148817363,0.32780193742857294,0.24726028740406036,0.08844618499279022,0.24937517940998077,0.2582983076572418,0.3182964865500249,0.27683760561518417
0,0.317657071664682,0.24747316539287567,0.4804283148817363,0.32780193742857294,0.24726028740406036,0.08844618499279022,0.24937517940998077,0.2582983076572418,0.3182964865500249,0.27683760561518417
0,0.317657071664682,0.24747316539287567,0.4804283148817363,0.32780193742857294,0.24726028740406036,0.08844618499279022,0.24937517940998077,0.2582983076572418,0.3182964865500249,0.27683760561518417
0,0.3122661158785533,0.31611862778663635,0.07097563784901516,0.274371553508593,0.3139021694660187,0.1478804051876068,0.3362104892730713,0.32398077845573425,0.31854140278566695,0.26380341320792633
0,0.3122661158785533,0.31611862778663635,0.07097563784901516,0.274371553508593,0.3139021694660187,0.1478804051876068,0.3362104892730713,0.32398077845573425,0.31854140278566695,0.26380341320792633
0,0.22328431917832664,0.05187145620584488,0.009081638718475398,0.036989875463744666,0.11697595566511154,0.0015760770766064525,0.10871411114931107,0.10297896713018417,0.1720749421304099,0.08244104824083004
0,0.317657071664682,0.24747316539287567,0.4804283148817363,0.32780193742857294,0.24726028740406036,0.08844618499279022,0.24937517940998077,0.2582983076572418,0.3182964865500249,0.27683760561518417
0,0.3122661158785533,0.31611862778663635,0.07097563784901516,0.274371553508593,0.3139021694660187,0.1478804051876068,0.3362104892730713,0.32398077845573425,0.31854140278566695,0.26380341320792633
0,0.3122661158785533,0.31611862778663635,0.07097563784901516,0.274371553508593,0.3139021694660187,0.1478804051876068,0.3362104892730713,0.32398077845573425,0.31854140278566695,0.26380341320792633
0,0.35430258498513356,0.42626509070396423,0.3302164932201985,0.39150789025210225,0.4236253798007965,0.10485933721065521,0.3272458612918854,0.45503291487693787,0.4176646501295221,0.3532696890196495
0,0.22623126543815159,0.03906228765845299,0.06120089249776801,0.0726310848473185,0.020504800602793694,0.0794466882944107,0.005852573551237583,0.07472219318151474,0.16500609983994965,0.07278188583620983
0,0.23208964577407198,0.09524112194776535,0.09436866960701877,0.11498113445094289,0.10999658703804016,0.21407929062843323,0.07487577199935913,0.20356561243534088,0.19296411492129373,0.14244020153368014
0,0.2681118826897833,0.22874869406223297,0.05518748489082301,0.20164621169221822,0.2766108512878418,0.3238552510738373,0.23610764741897583,0.3458646535873413,0.26137321904056,0.2427215731967332
0,0.5734676250071972,0.6672739386558533,0.5435518952644932,0.6195241561904691,0.7866461873054504,0.7623084187507629,0.7183694243431091,0.5846846103668213,0.677822244478118,0.6570088339268579
0,0.3122661158785533,0.31611862778663635,0.07097563784901516,0.274371553508593,0.3139021694660187,0.1478804051876068,0.3362104892730713,0.32398077845573425,0.31854140278566695,0.26380341320792633
0,0.6317811754540861,0.5239105820655823,0.4338961036613149,0.6669559985424423,0.5110911130905151,0.3665919303894043,0.5157305002212524,0.5678455233573914,0.6184281556590818,0.5286976120753852
1,0.5718675921754094,0.539389967918396,0.2030976104875702,0.5433193777071911,0.4657510817050934,0.3679153323173523,0.5110016465187073,0.5603320002555847,0.5774393138142988,0.47269840900328214
0,0.5718675921754094,0.539389967918396,0.2030976104875702,0.5433193777071911,0.4657510817050934,0.3679153323173523,0.5110016465187073,0.5603320002555847,0.5774393138142988,0.47269840900328214
0,0.5718675921754094,0.539389967918396,0.2030976104875702,0.5433193777071911,0.4657510817050934,0.3679153323173523,0.5110016465187073,0.5603320002555847,0.5774393138142988,0.47269840900328214
0,0.5718675921754094,0.539389967918396,0.2030976104875702,0.5433193777071911,0.4657510817050934,0.3679153323173523,0.5110016465187073,0.5603320002555847,0.5774393138142988,0.47269840900328214
0,0.5718675921754094,0.539389967918396,0.2030976104875702,0.5433193777071911,0.4657510817050934,0.3679153323173523,0.5110016465187073,0.5603320002555847,0.5774393138142988,0.47269840900328214
1,0.5718675921754094,0.539389967918396,0.2030976104875702,0.5433193777071911,0.4657510817050934,0.3679153323173523,0.5110016465187073,0.5603320002555847,0.5774393138142988,0.47269840900328214
0,0.5718675921754094,0.539389967918396,0.2030976104875702,0.5433193777071911,0.4657510817050934,0.3679153323173523,0.5110016465187073,0.5603320002555847,0.5774393138142988,0.47269840900328214
0,0.5718675921754094,0.539389967918396,0.2030976104875702,0.5433193777071911,0.4657510817050934,0.3679153323173523,0.5110016465187073,0.5603320002555847,0.5774393138142988,0.47269840900328214
0,0.3777120693894834,0.08523314446210861,0.022618501123725075,0.11751767540345394,0.363762766122818,0.03998997434973717,0.20843268930912018,0.2674577534198761,0.24488014715193226,0.18716182137766
0,0.6331232124355831,0.5772660374641418,0.7333982551182364,0.6301199916545954,0.5701387524604797,0.05700184777379036,0.5320532917976379,0.37572047114372253,0.659918668219696,0.5150620280299664
0,0.5718675921754094,0.539389967918396,0.2030976104875702,0.5433193777071911,0.4657510817050934,0.3679152727127075,0.5110016465187073,0.5603320002555847,0.5774393145479817,0.472698401793673
0,0.4519988799144955,0.41943585872650146,0.19375655123413962,0.42194253411082155,0.4422800838947296,0.23928430676460266,0.34597715735435486,0.2850131392478943,0.42814878222621067,0.35193951188186345
0,0.5718675921754094,0.539389967918396,0.2030976104875702,0.5433193777071911,0.4657510817050934,0.3679153323173523,0.5110016465187073,0.5603320002555847,0.5774393138142988,0.47269840900328214
0,0.5718675921754094,0.539389967918396,0.2030976104875702,0.5433193777071911,0.4657510817050934,0.3679153323173523,0.5110016465187073,0.5603320002555847,0.5774393138142988,0.47269840900328214
1,0.5718675921754094,0.539389967918396,0.2030976104875702,0.5433193777071911,0.4657510817050934,0.3679153323173523,0.5110016465187073,0.5603320002555847,0.5774393138142988,0.47269840900328214
0,0.2520768118219706,0.16436375677585602,0.30291625519216897,0.17970359490226845,0.11505071073770523,0.19184641540050507,0.06503821164369583,0.1887587457895279,0.23291592318233914,0.18196851563431454
0,0.3495060935762271,0.34803614020347595,0.09014913178538375,0.2972973026240884,0.1316557228565216,0.1625136286020279,0.4157274663448334,0.272804319858551,0.35168741932478564,0.2600152989044935
0,0.2520768118219706,0.16436375677585602,0.30291625519216897,0.17970359490226845,0.11505071073770523,0.19184641540050507,0.06503821164369583,0.1887587457895279,0.23291592318233914,0.18196851563431454
0,0.23208964577407198,0.09524112194776535,0.09436866960701877,0.11498113445094289,0.10999658703804016,0.21407929062843323,0.07487577199935913,0.20356561243534088,0.19296411492129373,0.14244020153368014
0,0.2520768118219706,0.16436375677585602,0.30291625519216897,0.17970359490226845,0.11505071073770523,0.19184638559818268,0.06503821164369583,0.1887587457895279,0.23291592345095088,0.18196851202951003
0,0.6744185713217903,0.7148135900497437,0.8000142729191003,0.7710794680519791,0.8192088603973389,0.9072578549385071,0.7317206263542175,0.8288048505783081,0.7699853173585233,0.7798270284947366
1,0.2520768118219706,0.16436375677585602,0.30291625519216897,0.17970359490226845,0.11505071073770523,0.19184638559818268,0.06503821164369583,0.1887587457895279,0.23291592345095088,0.18196851202951003
0,0.23208964577407198,0.09524112194776535,0.09436866960701877,0.11498113445094289,0.10999658703804016,0.21407929062843323,0.07487577199935913,0.20356561243534088,0.19296411492129373,0.14244020153368014
0,0.23208964577407198,0.09524112194776535,0.09436866960701877,0.11498113445094289,0.10999658703804016,0.21407929062843323,0.07487577199935913,0.20356561243534088,0.19296411492129373,0.14244020153368014
0,0.23208964577407198,0.09524112194776535,0.09436866960701877,0.11498113445094289,0.10999658703804016,0.21407929062843323,0.07487577199935913,0.20356561243534088,0.19296411492129373,0.14244020153368014
0,0.23208964577407198,0.09524112194776535,0.09436866960701877,0.11498113445094289,0.10999658703804016,0.21407929062843323,0.07487577199935913,0.20356561243534088,0.19296411492129373,0.14244020153368014
0,0.23208964577407198,0.09524112194776535,0.09436866960701877,0.11498113445094289,0.10999658703804016,0.21407929062843323,0.07487577199935913,0.20356561243534088,0.19296411492129373,0.14244020153368014
0,0.23208964577407198,0.09524112194776535,0.09436866960701877,0.11498113445094289,0.10999658703804016,0.21407929062843323,0.07487577199935913,0.20356561243534088,0.19296411492129373,0.14244020153368014
0,0.23208964577407198,0.09524112194776535,0.09436866960701877,0.11498113445094289,0.10999658703804016,0.21407929062843323,0.07487577199935913,0.20356561243534088,0.19296411492129373,0.14244020153368014
0,0.23208964577407198,0.09524112194776535,0.09436866960701877,0.11498113445094289,0.10999658703804016,0.21407929062843323,0.07487577199935913,0.20356561243534088,0.19296411492129373,0.14244020153368014
0,0.2060622994566234,0.04897338151931763,0.004639167156901105,0.045561630177184224,0.016186174005270004,0.03890848159790039,0.013357586227357388,0.05092565342783928,0.15886299133477352,0.05378997973750285
0,0.2060622994566234,0.04897338151931763,0.004639167156901105,0.045561630177184224,0.016186174005270004,0.03890848159790039,0.013357586227357388,0.05092565342783928,0.15886299133477352,0.05378997973750285
0,0.22416207953291947,0.033202990889549255,0.026624809482285912,0.05842412438554736,0.013332302682101727,0.0461040623486042,0.013213256374001503,0.055974796414375305,0.1608324199994572,0.05944566361989081
0,0.3040523151933376,0.19577249884605408,0.09741390623009666,0.19890862555565522,0.20927421748638153,0.33840659260749817,0.07434770464897156,0.31220993399620056,0.25297320136177665,0.2167212676938458
0,0.23208964577407198,0.09524112194776535,0.09436866960701877,0.11498113445094289,0.10999658703804016,0.21407929062843323,0.07487577199935913,0.20356561243534088,0.19296411492129373,0.14244020153368014
0,0.2015466879855042,0.027510643005371094,0.01313916999521598,0.029438525344082405,0.015078150667250156,0.07345354557037354,0.0025332430377602577,0.052597515285015106,0.15262499490873518,0.05233962952675314
0,0.2100617174527314,0.014474274590611458,0.06736437991557298,0.021874829830532874,0.012445760890841484,0.08215371519327164,0.0024638259783387184,0.05741191282868385,0.15500076606387464,0.05862115120159174
0,0.2100617174527314,0.014474274590611458,0.06736437991557298,0.021874829830532874,0.012445760890841484,0.08215371519327164,0.0024638259783387184,0.05741191282868385,0.15500076606387464,0.05862115120159174
0,0.2100617174527314,0.014474274590611458,0.06736437991557298,0.021874829830532874,0.012445760890841484,0.08215371519327164,0.0024638259783387184,0.05741191282868385,0.15500076606387464,0.05862115120159174
0,0.2100617174527314,0.014474274590611458,0.06736437991557298,0.021874829830532874,0.012445760890841484,0.08215371519327164,0.0024638259783387184,0.05741191282868385,0.15500076606387464,0.05862115120159174
0,0.2100617174527314,0.014474274590611458,0.06736437991557298,0.021874829830532874,0.012445760890841484,0.08215371519327164,0.0024638259783387184,0.05741191282868385,0.15500076606387464,0.05862115120159174
0,0.32112773691947305,0.31101977825164795,0.12009902935238331,0.3015762805522876,0.24775400757789612,0.17389415204524994,0.28108343482017517,0.36398598551750183,0.32321755436895655,0.26653727917507614
0,0.33567794304333837,0.2868419587612152,0.22684897881653507,0.34059131702343926,0.2697588801383972,0.23644092679023743,0.2934016287326813,0.2756877541542053,0.32069214943659596,0.2837864291154941
0,0.31007643478617086,0.28358498215675354,0.09509952197444982,0.2741286261764774,0.37437328696250916,0.3850272297859192,0.29952603578567505,0.4350752830505371,0.3105752410434372,0.307911076573111
0,0.41800895424478945,0.309485524892807,0.3069086542991646,0.4454738691132508,0.6783667802810669,0.21899227797985077,0.5083661675453186,0.5888109803199768,0.41567507118975244,0.4356207001150111
0,0.20778068439226355,0.06037997826933861,0.001260794470689123,0.04300787040268669,0.05922851711511612,0.009790359064936638,0.10723459720611572,0.20318575203418732,0.1753166427112072,0.08744264646636332
0,0.31007643478617086,0.28358498215675354,0.09509952197444982,0.2741286261764774,0.37437328696250916,0.3850272297859192,0.29952603578567505,0.4350752830505371,0.3105752410434372,0.307911076573111
0,0.31007643478617086,0.28358498215675354,0.09509952197444982,0.2741286261764774,0.37437328696250916,0.3850272297859192,0.29952603578567505,0.4350752830505371,0.3105752410434372,0.307911076573111
0,0.31007643478617086,0.28358498215675354,0.09509952197444982,0.2741286261764774,0.37437328696250916,0.3850272297859192,0.29952603578567505,0.4350752830505371,0.3105752410434372,0.307911076573111
0,0.32425396137144014,0.30433276295661926,0.5204518984336697,0.3718144645635859,0.4051608443260193,0.5775800943374634,0.278097540140152,0.33992862701416016,0.3500113648083818,0.38832684206017987
0,0.31007643478617086,0.28358498215675354,0.09509952197444982,0.2741286261764774,0.37437328696250916,0.3850272297859192,0.29952603578567505,0.4350752830505371,0.3105752410434372,0.307911076573111
0,0.400734528880784,0.4636615812778473,0.16244952291315437,0.2579275642027861,0.45392507314682007,0.3672546148300171,0.3396657407283783,0.49193307757377625,0.4451400724384586,0.3688996790626907
0,0.33099759744164975,0.461961954832077,0.07307025927282901,0.1890793099625008,0.48110729455947876,0.28040462732315063,0.4966185390949249,0.4447912871837616,0.41471746339346216,0.34688500467396377
0,0.5003608054835224,0.41773679852485657,0.12524334600671322,0.38065698298626305,0.471628874540329,0.598634660243988,0.41718789935112,0.4831823408603668,0.465808790381854,0.425392095672531
0,0.31697264589744356,0.3301597833633423,0.14914688758018319,0.3119421220016657,0.3794485032558441,0.27623844146728516,0.27141594886779785,0.3702920079231262,0.3294798961206137,0.30191562587959275
0,0.31697264589744356,0.3301597833633423,0.14914688758018319,0.3119421220016657,0.3794485032558441,0.27623844146728516,0.27141594886779785,0.3702920079231262,0.3294798961206137,0.30191562587959275
0,0.31697264589744356,0.3301597833633423,0.14914688758018319,0.3119421220016657,0.3794485032558441,0.27623844146728516,0.27141594886779785,0.3702920079231262,0.3294798961206137,0.30191562587959275
0,0.31262522404114457,0.3274833559989929,0.5342067327262379,0.30685976649101804,0.43604448437690735,0.5171490907669067,0.352617084980011,0.3314114212989807,0.3642962947963949,0.3881180365740438
0,0.35436820639473693,0.3378126621246338,0.0275355348788714,0.3861883834352236,0.2781089246273041,0.3202280104160309,0.4221826493740082,0.4654356837272644,0.35545001098853857,0.32553860163787984
0,0.5613543495214084,0.562408983707428,0.5576998143218387,0.5390736424781053,0.6214263439178467,0.5457795858383179,0.46905213594436646,0.491565078496933,0.6064978739696485,0.5437689209178451
0,0.400734528880784,0.4636615812778473,0.16244952291315437,0.2579275642027861,0.45392507314682007,0.3672546148300171,0.3396657407283783,0.49193307757377625,0.4451400724384586,0.3688996790626907
0,0.31262522404114457,0.3274833559989929,0.5342067327262379,0.30685976649101804,0.43604448437690735,0.5171490907669067,0.352617084980011,0.3314114212989807,0.3642962947963949,0.3881180365740438
0,0.31262522404114457,0.3274833559989929,0.5342067327262379,0.30685976649101804,0.43604448437690735,0.5171490907669067,0.352617084980011,0.3314114212989807,0.3642962947963949,0.3881180365740438
0,0.2520768118219706,0.16436375677585602,0.30291625519216897,0.17970359490226845,0.11505071073770523,0.19184641540050507,0.06503821164369583,0.1887587457895279,0.23291592318233914,0.18196851563431454
0,0.2993024866263788,0.22758787870407104,0.30190999939626634,0.297290859338654,0.38324159383773804,0.3258619010448456,0.24564394354820251,0.3641115725040436,0.2928377773109717,0.30540396157773986
0,0.2993024866263788,0.22758787870407104,0.30190999939626634,0.297290859338654,0.38324159383773804,0.3258619010448456,0.24564394354820251,0.3641115725040436,0.2928377773109717,0.30540396157773986
0,0.4064299995447601,0.1579764187335968,0.03175834017184657,0.14441552828539678,0.38940078020095825,0.4248129427433014,0.26382339000701904,0.41367509961128235,0.29372749098191586,0.2797304170807399
0,0.2509783003013395,0.08628339320421219,0.0013403924469254282,0.06904403051352265,0.2245471030473709,0.09525453299283981,0.20098917186260223,0.20253384113311768,0.1983113963852541,0.1424232042473818
0,0.23491346131690247,0.1363494098186493,0.01313916999521598,0.10083024387319615,0.06485508382320404,0.12047209590673447,0.01118454709649086,0.1174813061952591,0.1926228639711704,0.10084473028711483
0,0.27713524647080595,0.048908915370702744,0.0022850629661186647,0.06538097680357566,0.09990298002958298,0.05743353068828583,0.2491503655910492,0.291585773229599,0.2048004441064339,0.1373853168161225
0,0.362319182535178,0.2707969844341278,0.4472353379134688,0.22467736225296772,0.17654949426651,0.2337171584367752,0.30894312262535095,0.2535543739795685,0.35061053818375837,0.2840679922504273
0,0.5053030314641278,0.5644087195396423,0.45697678789764734,0.5732782395309819,0.5672203898429871,0.7094172239303589,0.5355216860771179,0.4366605579853058,0.5683369470753149,0.5433353662741061
0,0.4740068247434202,0.14997126162052155,0.12150508731568475,0.13213904484477662,0.2649514675140381,0.4914940893650055,0.36920586228370667,0.2985439896583557,0.32536969099951807,0.28752316122439314
0,0.2900984333696428,0.17338864505290985,0.005365252719202586,0.12129757249845545,0.2841613292694092,0.1377231627702713,0.20365957915782928,0.25937530398368835,0.2412300707475609,0.1858816200529928
0,0.6722190719632651,0.6578708291053772,0.7766386713745687,0.7264207668853769,0.6687373518943787,0.897009551525116,0.6767032742500305,0.8300979733467102,0.7465897860019033,0.7368148124819027
0,0.6897106512885604,0.14109352231025696,0.7665342616139827,0.16223452452878112,0.4362623989582062,0.1588279902935028,0.6193756461143494,0.5238243937492371,0.5337590935789269,0.43598844648031043
1,0.7779285651152972,0.9016920328140259,0.9590657331673808,0.9214554805591466,0.9418748021125793,0.9679880738258362,0.926148533821106,0.9803966283798218,0.8726844057483357,0.9212320321063399
0,0.7779285651152972,0.9016920328140259,0.9590657331673808,0.9214554805591466,0.9418748021125793,0.9679880738258362,0.926148533821106,0.9803966283798218,0.8726844057483357,0.9212320321063399
0,0.6722190719632651,0.6578708291053772,0.7766386713745687,0.7264207668853769,0.6687373518943787,0.897009551525116,0.6767032742500305,0.8300979733467102,0.7465897860019033,0.7368148124819027
0,0.6722190719632651,0.6578708291053772,0.7766386713745687,0.7264207668853769,0.6687373518943787,0.897009551525116,0.6767032742500305,0.8300979733467102,0.7465897860019033,0.7368148124819027
0,0.6722190719632651,0.6578708291053772,0.7766386713745687,0.7264207668853769,0.6687373518943787,0.897009551525116,0.6767032742500305,0.8300979733467102,0.7465897860019033,0.7368148124819027
1,0.9155808791728666,0.9527197480201721,0.953847767100446,0.939199516444428,0.9521203637123108,0.9303964376449585,0.971250057220459,0.9051986336708069,0.9061532538543229,0.9399656338717995
0,0.908730955186189,0.9629004597663879,0.9544753053166131,0.9463947123728981,0.9763928651809692,0.9574506282806396,0.9941338896751404,0.9578798413276672,0.9088512622566042,0.9571789571806566
0,0.9217456434301095,0.8642140626907349,0.9626309175471729,0.8609733599794819,0.9548549652099609,0.9479760527610779,0.9536979794502258,0.9584027528762817,0.895140356358163,0.9275241741333538
1,0.9150063745207159,0.9684441685676575,0.9574332596944028,0.971267826503221,0.9890244603157043,0.9849252104759216,0.9798985719680786,0.9880625009536743,0.9109028802245759,0.969117095970987
0,0.8298561602212517,0.8407600522041321,0.9414232189196853,0.8047159679425053,0.8362308740615845,0.9494178295135498,0.7587729692459106,0.8596891760826111,0.860239273038826,0.8517005926318499
1,0.9022761572530505,0.9394298791885376,0.9510721535122197,0.9200738559562687,0.9683182835578918,0.9637705683708191,0.9714028835296631,0.9577486515045166,0.9035947991404675,0.94651236310772
1,0.9022761572530505,0.9394298791885376,0.9510721535122197,0.9200738559562687,0.9683182835578918,0.9637705683708191,0.9714028835296631,0.9577486515045166,0.9035947991404675,0.94651236310772
0,0.6722190719632651,0.6578708291053772,0.7766386713745687,0.7264207668853769,0.6687373518943787,0.897009551525116,0.6767032742500305,0.8300979733467102,0.7465897860019033,0.7368148124819027
0,0.6722190719632651,0.6578708291053772,0.7766386713745687,0.7264207668853769,0.6687373518943787,0.897009551525116,0.6767032742500305,0.8300979733467102,0.7465897860019033,0.7368148124819027
1,0.8359665254547363,0.9369394183158875,0.9639543035664335,0.9340751449201317,0.9524269700050354,0.9637337923049927,0.9520695805549622,0.9884916543960571,0.8923379425006143,0.9404446477753943
0,0.7161325864312487,0.7607908248901367,0.6471639709935225,0.7674805083882839,0.7869093418121338,0.7918804883956909,0.6607701778411865,0.8515921235084534,0.7856563831118734,0.7483161893199191
0,0.707999101695315,0.7492387890815735,0.5732883708229107,0.7022954682637224,0.7337231040000916,0.7721984386444092,0.23934859037399292,0.9244416356086731,0.7539624119518986,0.6764600757977397
0,0.707999101695315,0.7492387890815735,0.5732883708229107,0.7022954682637224,0.7337231040000916,0.7721984386444092,0.23934859037399292,0.9244416356086731,0.7539624119518986,0.6764600757977397
0,0.707999101695315,0.7492387890815735,0.5732883708229107,0.7022954682637224,0.7337231040000916,0.7721984386444092,0.23934859037399292,0.9244416356086731,0.7539624119518986,0.6764600757977397
0,0.7885723651494986,0.7961228489875793,0.8409086562523035,0.7673963329380695,0.8284777998924255,0.9365227818489075,0.6312053203582764,0.8878085017204285,0.8296545270462892,0.8090479276804188
1,0.707999101695315,0.7492387890815735,0.5732883708229107,0.7022954682637224,0.7337231040000916,0.7721984386444092,0.23934859037399292,0.9244416356086731,0.7539624119518986,0.6764600757977397
0,0.7944789407081823,0.9053027033805847,0.7519802016250661,0.9299146521990705,0.8203644752502441,0.827765941619873,0.8548886775970459,0.9081235527992249,0.8616238517711107,0.8497527453034175
1,0.905325290730594,0.9490752220153809,0.9446012790670153,0.9238334950988619,0.9205514788627625,0.9524686932563782,0.8683728575706482,0.9330869913101196,0.9014418898121042,0.9245479039822702
0,0.9155808791728666,0.9527197480201721,0.953847767100446,0.939199516444428,0.9521203637123108,0.9303964376449585,0.8519402742385864,0.9051986336708069,0.9024359098565826,0.9251587856205066
1,0.9279883509315373,0.9747691750526428,0.9718252580978689,0.979558751001633,0.9879947304725647,0.9829809665679932,0.9850912094116211,0.9945225715637207,0.914588670223404,0.9754544740477444
0,0.9250636719577057,0.9676113724708557,0.965611328470975,0.9563815853350208,0.963220477104187,0.959048330783844,0.9943010807037354,0.9778981804847717,0.9130571939572045,0.9635266509098505
0,0.9222031271297246,0.9535106420516968,0.9478474165221792,0.9391400174707327,0.9494627714157104,0.9743645191192627,0.9653022885322571,0.9757481217384338,0.9091331492461936,0.9532834658252333
0,0.7227524063554053,0.6735064387321472,0.6209000880779953,0.703069444771928,0.5078282356262207,0.5548691153526306,0.5137950778007507,0.8720515966415405,0.7546135498255458,0.6469635471753787
1,0.7161325864312487,0.7607908248901367,0.6471639709935225,0.7674805083882839,0.7869093418121338,0.7918804883956909,0.6607701778411865,0.8515921235084534,0.7856563831118734,0.7483161893199191
1,0.8028339174586475,0.9141553044319153,0.8161283798578297,0.900882500482448,0.9591240286827087,0.9147066473960876,0.8830495476722717,0.9618579149246216,0.871760526489136,0.8943534035343815
0,0.6715422137865217,0.32614073157310486,0.26717151579316983,0.41115157471734026,0.38647499680519104,0.6557491421699524,0.34896495938301086,0.7171938419342041,0.5367120073911362,0.4733516266923172
1,0.7968166126944836,0.8974586725234985,0.9378521260739908,0.9048388787154527,0.9688577651977539,0.9310734868049622,0.9510570168495178,0.9728431701660156,0.8758523956476525,0.9195669612008726
1,0.7492127855835125,0.7304960489273071,0.3619375896927972,0.7012878146158099,0.7837234735488892,0.859799861907959,0.8373130559921265,0.8884996771812439,0.7803949145008562,0.7404359918350645
1,0.9155808791728666,0.9527197480201721,0.953847767100446,0.939199516444428,0.9521203637123108,0.9303964376449585,0.971250057220459,0.9051986336708069,0.9061532538543229,0.9399656338717995
1,0.9022761572530505,0.9394298791885376,0.9510721535122197,0.9200738559562687,0.9683182835578918,0.9637705683708191,0.9714028835296631,0.9577486515045166,0.9035947991404675,0.94651236310772
1,0.905325290730594,0.9490752220153809,0.9446012790670153,0.9238334950988619,0.9205514788627625,0.9524686932563782,0.7557297945022583,0.9330869913101196,0.8977795151922813,0.9105684238446867
1,0.905325290730594,0.9490752220153809,0.9446012790670153,0.9238334950988619,0.9205514788627625,0.9524686932563782,0.7557297945022583,0.9330869913101196,0.8977795151922813,0.9105684238446867
0,0.6143681529558558,0.6166101098060608,0.2700702208827663,0.5456857525261376,0.5148720741271973,0.5192562341690063,0.42806804180145264,0.7443212866783142,0.645891003860621,0.5337834962528818
0,0.6344266904787986,0.3091910183429718,0.1364639663695936,0.412579630551898,0.33581921458244324,0.21841424703598022,0.07859932631254196,0.465471476316452,0.45339274866292073,0.3264405582592108
1,0.905325290730594,0.9490752220153809,0.9446012790670153,0.9238334950988619,0.9205514788627625,0.9524686932563782,0.8683728575706482,0.9330869913101196,0.9014418898121042,0.9245479039822702
1,0.905325290730594,0.9490752220153809,0.9446012790670153,0.9238334950988619,0.9205514788627625,0.9524686932563782,0.8683728575706482,0.9330869913101196,0.9014418898121042,0.9245479039822702
0,0.6517838354038227,0.45532888174057007,0.7753707903765044,0.6421283048955037,0.8515512943267822,0.9279734492301941,0.7879782319068909,0.9256476759910583,0.6786253131323007,0.7499771985099883
0,0.5841146995504023,0.46203359961509705,0.11108679055732526,0.5913301792830477,0.42383646965026855,0.2708261013031006,0.3803972899913788,0.411879301071167,0.5110911047127766,0.4073491129923428
1,0.8525812478876031,0.989167332649231,0.9800224363459373,0.9826974174217183,0.9832485914230347,0.9772615432739258,0.9421147704124451,0.9972869157791138,0.9039472532867844,0.9627602457505682
1,0.893932037167353,0.971971869468689,0.9479145747792463,0.9631417667861482,0.9889882206916809,0.9898686408996582,0.9978119134902954,0.9874371290206909,0.9083641160696254,0.9674510205218505
1,0.9035437017231032,0.9231799244880676,0.9179051314263376,0.9049108313901025,0.970238447189331,0.9545260667800903,0.9432788491249084,0.9415457844734192,0.8986017826781164,0.9322907009787508
1,0.9069899030620202,0.9327852725982666,0.9508853693020116,0.9285709630495534,0.9443060755729675,0.9713184237480164,0.8588090538978577,0.9068803787231445,0.8977620782509609,0.9248161381090239
0,0.620712978209285,0.5827209949493408,0.3671553104697464,0.5304179407208941,0.5532700419425964,0.7736744284629822,0.685076117515564,0.6039738059043884,0.6495058342168794,0.5898784135989195
0,0.620712978209285,0.5827209949493408,0.3671553104697464,0.5304179407208941,0.5532700419425964,0.7736744284629822,0.685076117515564,0.6039738059043884,0.6495058342168794,0.5898784135989195
0,0.7227524063554053,0.6735064387321472,0.6209000880779953,0.703069444771928,0.5078282356262207,0.5548691153526306,0.5137950778007507,0.8720515966415405,0.7546135498255458,0.6469635471753787
1,0.7593819820620226,0.5428135395050049,0.6011129687771859,0.3271373075603919,0.42037707567214966,0.5919687151908875,0.5200347900390625,0.6104508638381958,0.7105676313500148,0.5465946436291282
0,0.7227524063554053,0.6735064387321472,0.6209000880779953,0.703069444771928,0.5078282356262207,0.5548691153526306,0.5137950778007507,0.8720515966415405,0.7546135498255458,0.6469635471753787
1,0.9155808791728666,0.9527197480201721,0.953847767100446,0.939199516444428,0.9521203637123108,0.9303964376449585,0.971250057220459,0.9051986336708069,0.9061532538543229,0.9399656338717995
1,0.9214101888535712,0.9751326441764832,0.9729321695084314,0.9775134061787036,0.9886727929115295,0.986255943775177,0.9625101685523987,0.9851939082145691,0.9127564690993,0.9710447597941869
1,0.9022761572530505,0.9394298791885376,0.9510721535122197,0.9200738559562687,0.9683182835578918,0.9637705683708191,0.9714028835296631,0.9577486515045166,0.9035947991404675,0.94651236310772
0,0.905325290730594,0.9490752220153809,0.9446012790670153,0.9238334950988619,0.9205514788627625,0.9524686932563782,0.8683728575706482,0.9330869913101196,0.9014418898121042,0.9245479039822702
1,0.9214101888535712,0.9751326441764832,0.9729321695084314,0.9775134061787036,0.9886727929115295,0.986255943775177,0.9785869717597961,0.9851939082145691,0.9132163124839237,0.9730399590101138
0,0.533436569710727,0.07767178118228912,0.015975266050326013,0.09431964935172311,0.149666890501976,0.026357850059866905,0.21120035648345947,0.19986474514007568,0.29760714487411494,0.16551712475479102
0,0.6926285680558298,0.4969941973686218,0.33291441184694415,0.5280805427336395,0.403273344039917,0.08917917311191559,0.502151370048523,0.20455026626586914,0.5974048114871896,0.40898797970594725
0,0.6926285680558298,0.4969941973686218,0.33291441184694415,0.5280805427336395,0.403273344039917,0.08917917311191559,0.502151370048523,0.20455026626586914,0.5974048114871896,0.40898797970594725
1,0.7434687266676988,0.8185444474220276,0.6155025878845929,0.7956663624696753,0.7852295637130737,0.8456851243972778,0.8303812146186829,0.9106972217559814,0.8209958415744251,0.7937783746927132
0,0.6451076071432505,0.4579261541366577,0.157244714901665,0.4666175546172402,0.2304045855998993,0.20675165951251984,0.5326690673828125,0.6440189480781555,0.5866083394823727,0.4203094421816598
0,0.6451076071432505,0.4579261541366577,0.157244714901665,0.4666175546172402,0.2304045855998993,0.20675165951251984,0.5326690673828125,0.6440189480781555,0.5866083394823727,0.4203094421816598
0,0.6451076071432505,0.4579261541366577,0.157244714901665,0.4666175546172402,0.2304045855998993,0.20675165951251984,0.5326690673828125,0.6440189480781555,0.5866083394823727,0.4203094421816598
0,0.9473535079686133,0.9817245006561279,0.9811282243891211,0.987145852434836,0.985328733921051,0.9885950684547424,0.9913899302482605,0.9965460896492004,0.9188584480966385,0.9822789027162397
1,0.9214101888535712,0.9751326441764832,0.9729321695084314,0.9775134061787036,0.9886727929115295,0.986255943775177,0.9785869717597961,0.9851939082145691,0.9132163124839237,0.9730399590101138
1,0.7811393581979154,0.8428486585617065,0.6528791305263781,0.5954229654735325,0.8929488658905029,0.8836370706558228,0.8017817735671997,0.6723203063011169,0.8287836899668872,0.7658914080770676
1,0.5623362114863946,0.4675140976905823,0.23060361009747038,0.5565497192899593,0.42239001393318176,0.6414002180099487,0.3150933086872101,0.39504942297935486,0.5052073146775292,0.4496830958457609
0,0.5623362114863946,0.4675140976905823,0.23060361009747038,0.5565497192899593,0.42239001393318176,0.6414002180099487,0.3150933086872101,0.39504942297935486,0.5052073146775292,0.4496830958457609
1,0.905325290730594,0.9490752220153809,0.9446012790670153,0.9238334950988619,0.9205514788627625,0.9524686932563782,0.8683728575706482,0.9330869913101196,0.9014418898121042,0.9245479039822702
1,0.905325290730594,0.9490752220153809,0.9446012790670153,0.9238334950988619,0.9205514788627625,0.9524686932563782,0.8683728575706482,0.9330869913101196,0.9014418898121042,0.9245479039822702
0,0.905325290730594,0.9490752220153809,0.9446012790670153,0.9238334950988619,0.9205514788627625,0.9524686932563782,0.8683728575706482,0.9330869913101196,0.9014418898121042,0.9245479039822702
1,0.9069899030620202,0.9327852725982666,0.9508853693020116,0.9285709630495534,0.9443060755729675,0.9713184237480164,0.8588090538978577,0.9068803787231445,0.8977620782509609,0.9248161381090239
1,0.9214101888535712,0.9751326441764832,0.9729321695084314,0.9775134061787036,0.9886727929115295,0.986255943775177,0.9785869717597961,0.9851939082145691,0.9132163124839237,0.9730399590101138
0,0.8290889258488336,0.8147825002670288,0.7805796049733826,0.8616823928502672,0.8619769811630249,0.9462839961051941,0.7649316787719727,0.8443012833595276,0.8435034745432232,0.8377884001860194
1,0.724166707675386,0.8380528092384338,0.9161258493125367,0.8121355194139996,0.832080602645874,0.8944878578186035,0.8033773899078369,0.8179554343223572,0.8318929688329951,0.8288411365960107
0,0.7253689309055755,0.8209839463233948,0.8698713505843085,0.7579027257873576,0.8729378581047058,0.8352368474006653,0.6996178030967712,0.8257476091384888,0.8213411633768357,0.8005399416415151
0,0.5553234667266893,0.2328716218471527,0.1464359459222451,0.3320851456371971,0.5505149960517883,0.597091794013977,0.46600016951560974,0.3300185799598694,0.40012822471979703,0.40161926486501237
0,0.7405882496055165,0.7456536293029785,0.5627597386342905,0.7154645172626484,0.8163316249847412,0.5447741746902466,0.7076582908630371,0.8858000636100769,0.7910747193368829,0.7167790966820708
1,0.9155808791728666,0.9527197480201721,0.953847767100446,0.939199516444428,0.9521203637123108,0.9303964376449585,0.971250057220459,0.9051986336708069,0.9061532538543229,0.9399656338717995
1,0.9222031271297246,0.9535106420516968,0.9478474165221792,0.9391400174707327,0.9494627714157104,0.9743645191192627,0.9312929511070251,0.9757481217384338,0.9081165106838793,0.9490627633329747
1,0.9069899030620202,0.9327852725982666,0.9508853693020116,0.9285709630495534,0.9443060755729675,0.9713184237480164,0.8588090538978577,0.9068803787231445,0.8977620782509609,0.9248161381090239
1,0.9069899030620202,0.9327852725982666,0.9508853693020116,0.9285709630495534,0.9443060755729675,0.9713184237480164,0.8588090538978577,0.9068803787231445,0.8977620782509609,0.9248161381090239
1,0.9022761572530505,0.9394298791885376,0.9510721535122197,0.9200738559562687,0.9683182835578918,0.9637705683708191,0.9714028835296631,0.9577486515045166,0.9035947991404675,0.94651236310772
1,0.9069899030620202,0.9327852725982666,0.9508853693020116,0.9285709630495534,0.9443060755729675,0.9713184237480164,0.8588090538978577,0.9068803787231445,0.8977620782509609,0.9248161381090239
1,0.7811393581979154,0.8428486585617065,0.6528791305263781,0.5954229654735325,0.8929488658905029,0.8836370706558228,0.8017817735671997,0.6723203063011169,0.8287836899668872,0.7658914080770676
1,0.9178502120858443,0.9575307369232178,0.9589394691439502,0.9610271326907502,0.9675273299217224,0.9716485142707825,0.9889519810676575,0.9827401638031006,0.9100737947817445,0.9630941499703991
0,0.7269879033763693,0.6967169046401978,0.8334000735270745,0.7806719819576723,0.6657297015190125,0.8966497778892517,0.739710807800293,0.8810853958129883,0.7887835026257839,0.7762624807540133
1,0.8589081419824887,0.9873993396759033,0.9920235721304876,0.9823503499059476,0.9695596694946289,0.9888034462928772,0.9517225027084351,0.9973480701446533,0.905450961837826,0.9656018755528099
1,0.7269879033763693,0.6967169046401978,0.8334000735270745,0.7806719819576723,0.6657297015190125,0.8966497778892517,0.739710807800293,0.8810853958129883,0.7887835026257839,0.7762624807540133
1,0.7269879033763693,0.6967169046401978,0.8334000735270745,0.7806719819576723,0.6657297015190125,0.8966497778892517,0.739710807800293,0.8810853958129883,0.7887835026257839,0.7762624807540133
1,0.7269879033763693,0.6967169046401978,0.8334000735270745,0.7806719819576723,0.6657297015190125,0.8966497778892517,0.739710807800293,0.8810853958129883,0.7887835026257839,0.7762624807540133
0,0.7269879033763693,0.6967169046401978,0.8334000735270745,0.7806719819576723,0.6657297015190125,0.8966497778892517,0.739710807800293,0.8810853958129883,0.7887835026257839,0.7762624807540133
1,0.5665790410455432,0.15206597745418549,0.07520314276793867,0.29399837485740893,0.4964759647846222,0.8477759957313538,0.5001962780952454,0.3291774392127991,0.3640655471569813,0.4068984732107345
0,0.7497020592098912,0.7577700614929199,0.8415538709958631,0.866077943349823,0.7985765933990479,0.9433395266532898,0.8309491872787476,0.9228752851486206,0.8188483408229766,0.8377921313190924
0,0.7269879033763693,0.6967169046401978,0.8334000735270745,0.7806719819576723,0.6657297015190125,0.8966497778892517,0.739710807800293,0.8810853958129883,0.7887835026257839,0.7762624807540133
1,0.9222031271297246,0.9535106420516968,0.9478474165221792,0.9391400174707327,0.9494627714157104,0.9743645191192627,0.9312929511070251,0.9757481217384338,0.9081165106838793,0.9490627633329747
1,0.9262327933419356,0.9688997268676758,0.9672298958554886,0.9597504635038877,0.9737900495529175,0.9880527257919312,0.8558022379875183,0.9761937856674194,0.9092115430053576,0.9519043584517302
1,0.9473535079686133,0.9817245006561279,0.9811282243891211,0.987145852434836,0.985328733921051,0.9885950684547424,0.9913899302482605,0.9965460896492004,0.9188584480966385,0.9822789027162397
1,0.9279883509315373,0.9747691750526428,0.9718252580978689,0.979558751001633,0.9879947304725647,0.9829809665679932,0.9967515468597412,0.9945225715637207,0.9149160532879876,0.9769015711996972
1,0.6746142227042832,0.4946988821029663,0.12703542129466364,0.5056838722821951,0.42262399196624756,0.3714214265346527,0.6465921998023987,0.70754075050354,0.6244286461882034,0.49648184122724814
0,0.6515852177562788,0.4967801570892334,0.10869350229136486,0.40123153318741633,0.4788934588432312,0.724114179611206,0.7093256115913391,0.8032139539718628,0.626544793181058,0.5480766550988669
1,0.905325290730594,0.9490752220153809,0.9446012790670153,0.9238334950988619,0.9205514788627625,0.9524686932563782,0.8683728575706482,0.9330869913101196,0.9014418898121042,0.9245479039822702
1,0.900267471337927,0.7651488184928894,0.9381760365183713,0.5941567805638787,0.857994794845581,0.9448891878128052,0.8746384978294373,0.8401516079902649,0.8671919150177091,0.8382776282433535
1,0.8985053134744974,0.9235106110572815,0.8998642045969676,0.929090248031467,0.9246379137039185,0.963720440864563,0.8846445083618164,0.867292582988739,0.8919984740967797,0.9112985891987926
1,0.9069899030620202,0.9327852725982666,0.9508853693020116,0.9285709630495534,0.9443060755729675,0.9713184237480164,0.8588090538978577,0.9068803787231445,0.8977620782509609,0.9248161381090239
1,0.9069899030620202,0.9327852725982666,0.9508853693020116,0.9285709630495534,0.9443060755729675,0.9713184237480164,0.8588090538978577,0.9068803787231445,0.8977620782509609,0.9248161381090239
1,0.8834159262972513,0.49197161197662354,0.9052072995345155,0.41333777110923436,0.7770619988441467,0.5637254118919373,0.8117918968200684,0.7589812874794006,0.7883941761917903,0.699821562948189
1,0.8834159262972513,0.49197161197662354,0.9052072995345155,0.41333777110923436,0.7770619988441467,0.5637254118919373,0.8117918968200684,0.7589812874794006,0.7883941761917903,0.699821562948189
1,0.9069899030620202,0.9327852725982666,0.9508853693020116,0.9285709630495534,0.9443060755729675,0.9713184237480164,0.8588090538978577,0.9068803787231445,0.8977620782509609,0.9248161381090239
0,0.9069899030620202,0.9327852725982666,0.9508853693020116,0.9285709630495534,0.9443060755729675,0.9713184237480164,0.8588090538978577,0.9068803787231445,0.8977620782509609,0.9248161381090239
1,0.9045797286065226,0.9849126935005188,0.9052072995345155,0.9819162221977008,0.9809008240699768,0.9945301413536072,0.9232137203216553,0.9939730763435364,0.908280543428822,0.9588159206881413
0,0.9069899030620202,0.9327852725982666,0.9508853693020116,0.9285709630495534,0.9443060755729675,0.9713184237480164,0.8588090538978577,0.9068803787231445,0.8977620782509609,0.9248161381090239
0,0.6743850754673595,0.7425238490104675,0.7791767871978641,0.8058488004671694,0.6662216782569885,0.9106056094169617,0.5984153747558594,0.8089962005615234,0.7674560686295128,0.7472673177696145
0,0.9254667629953144,0.909477949142456,0.9430946009171085,0.9590143765682174,0.8980225324630737,0.9417842626571655,0.9377756714820862,0.946884274482727,0.9006087096843911,0.9324364940561458
1,0.9222031271297246,0.9535106420516968,0.9478474165221792,0.9391400174707327,0.9494627714157104,0.9743645191192627,0.9312929511070251,0.9757481217384338,0.9081165106838793,0.9490627633329747
1,0.8889374226050012,0.9439052939414978,0.9518688760462133,0.9395922780820791,0.9702513813972473,0.9732043743133545,0.979756772518158,0.9687434434890747,0.9024462892456911,0.9517289958299485
0,0.9022761572530505,0.9394298791885376,0.9510721535122197,0.9200738559562687,0.9683182835578918,0.9637705683708191,0.9714028835296631,0.9577486515045166,0.9035947991404675,0.94651236310772
1,0.9150063745207159,0.9684441685676575,0.9574332596944028,0.971267826503221,0.9890244603157043,0.9849252104759216,0.9798985719680786,0.9880625009536743,0.9109028802245759,0.969117095970987
1,0.711459635465802,0.7750441431999207,0.6332547144632078,0.8421434279598358,0.8381868004798889,0.9234877228736877,0.8281170725822449,0.8423600196838379,0.7936971092324417,0.7992766479535282
0,0.5476327744340341,0.7295705080032349,0.27881857090756007,0.8039115848515472,0.7916311621665955,0.6816739439964294,0.7519333958625793,0.6959942579269409,0.6743138319881874,0.6621025589433376
0,0.5476327744340341,0.7295705080032349,0.27881857090756007,0.8039115848515472,0.7916311621665955,0.6816739439964294,0.7519333958625793,0.6959942579269409,0.6743138319881874,0.6621025589433376
0,0.6482020306083516,0.6211631894111633,0.2523029845439168,0.7450944417655084,0.7388976812362671,0.35904359817504883,0.7427166104316711,0.6344457864761353,0.6697049130398719,0.595831116201262
1,0.9155808791728666,0.9527197480201721,0.953847767100446,0.939199516444428,0.9521203637123108,0.9303964376449585,0.8751362562179565,0.9051986336708069,0.9031687665853368,0.9280375050064973
1,0.9155808791728666,0.9527197480201721,0.953847767100446,0.939199516444428,0.9521203637123108,0.9303964376449585,0.8751362562179565,0.9051986336708069,0.9031687665853368,0.9280375050064973
0,0.9155808791728666,0.9527197480201721,0.953847767100446,0.939199516444428,0.9521203637123108,0.9303964376449585,0.8751362562179565,0.9051986336708069,0.9031687665853368,0.9280375050064973
1,0.7425070624467215,0.7371156215667725,0.4081952138595291,0.7017260702750677,0.7084699869155884,0.8879938721656799,0.7590625286102295,0.9074874520301819,0.780336107669221,0.732595023919351
1,0.7425070624467215,0.7371156215667725,0.4081952138595291,0.7017260702750677,0.7084699869155884,0.8879938721656799,0.7590625286102295,0.9074874520301819,0.780336107669221,0.732595023919351
1,0.7425070624467215,0.7371156215667725,0.4081952138595291,0.7017260702750677,0.7084699869155884,0.8879938721656799,0.7590625286102295,0.9074874520301819,0.780336107669221,0.732595023919351
1,0.5866331154083462,0.6291289925575256,0.4579914727351099,0.6617374958551487,0.43050625920295715,0.33407479524612427,0.5175637006759644,0.654778778553009,0.6553744396452597,0.5357599422152803
0,0.7206572917610594,0.7753970623016357,0.7793068677999789,0.7186942409090598,0.7662715911865234,0.8329846858978271,0.6426124572753906,0.7340799570083618,0.7932365704168624,0.7458936713207119
0,0.6566567879387779,0.8151141405105591,0.7514541774377776,0.8102443598565817,0.7711713910102844,0.8131886124610901,0.908907949924469,0.8802118301391602,0.8060300058622123,0.8005825426208977
0,0.6918805413416104,0.3733798861503601,0.2735982002252021,0.24284027845486064,0.35234394669532776,0.30956897139549255,0.7044675350189209,0.7410217523574829,0.612760571588321,0.4626419714242118
0,0.6626540500460532,0.6783708333969116,0.3926036598426447,0.6933124328565535,0.688255786895752,0.568302571773529,0.6004636287689209,0.7038745880126953,0.7062789413635209,0.6253879087691263
0,0.6626540500460532,0.6783708333969116,0.3926036598426447,0.6933124328565535,0.688255786895752,0.568302571773529,0.6004636287689209,0.7038745880126953,0.7062789413635209,0.6253879087691263
0,0.6626540500460532,0.6783708333969116,0.3926036598426447,0.6933124328565535,0.688255786895752,0.568302571773529,0.6004636287689209,0.7038745880126953,0.7062789413635209,0.6253879087691263
0,0.6626540500460532,0.6783708333969116,0.3926036598426447,0.6933124328565535,0.688255786895752,0.568302571773529,0.6004636287689209,0.7038745880126953,0.7062789413635209,0.6253879087691263
0,0.6626540500460532,0.6783708333969116,0.3926036598426447,0.6933124328565535,0.688255786895752,0.568302571773529,0.6004636287689209,0.7038745880126953,0.7062789413635209,0.6253879087691263
0,0.6626540500460532,0.6783708333969116,0.3926036598426447,0.6933124328565535,0.688255786895752,0.568302571773529,0.6004636287689209,0.7038745880126953,0.7062789413635209,0.6253879087691263
0,0.6626540500460532,0.6783708333969116,0.3926036598426447,0.6933124328565535,0.688255786895752,0.568302571773529,0.6004636287689209,0.7038745880126953,0.7062789413635209,0.6253879087691263
0,0.6626540500460532,0.6783708333969116,0.3926036598426447,0.6933124328565535,0.688255786895752,0.568302571773529,0.6004636287689209,0.7038745880126953,0.7062789413635209,0.6253879087691263
1,0.6626540500460532,0.6783708333969116,0.3926036598426447,0.6933124328565535,0.688255786895752,0.568302571773529,0.6004636287689209,0.7038745880126953,0.7062789413635209,0.6253879087691263
0,0.6996758771007278,0.784419059753418,0.8585638577737706,0.8583917843551441,0.9001657962799072,0.7589022517204285,0.41978704929351807,0.711820662021637,0.7763115729859534,0.7489584278226322
0,0.690637760991516,0.3026783764362335,0.5230272812735735,0.39581023372348867,0.40823036432266235,0.6329378485679626,0.1423788070678711,0.5255477428436279,0.5256402987010583,0.4518719275008861
0,0.6663636608682068,0.7063426971435547,0.39323293767036305,0.6807066005971344,0.5666549205780029,0.5614479780197144,0.5641530752182007,0.5787464380264282,0.7067791346855923,0.591540622208611
0,0.6626540500460532,0.6783708333969116,0.3926036598426447,0.6933124328565535,0.688255786895752,0.568302571773529,0.6004636287689209,0.7038745880126953,0.7062789413635209,0.6253879087691263
0,0.6626540500460532,0.6783708333969116,0.3926036598426447,0.6933124328565535,0.688255786895752,0.568302571773529,0.6004636287689209,0.7038745880126953,0.7062789413635209,0.6253879087691263
0,0.8085002050727863,0.7689985632896423,0.7862752549031841,0.7972873877999549,0.7451632022857666,0.9319946765899658,0.7112064361572266,0.8560467958450317,0.8265893731221061,0.8001255702496557
0,0.8085002050727863,0.7689985632896423,0.7862752549031841,0.7972873877999549,0.7451632022857666,0.9319946765899658,0.7112064361572266,0.8560467958450317,0.8265893731221061,0.8001255702496557
0,0.5360910897362159,0.4587804675102234,0.04922205605090562,0.25936034862804586,0.6546919345855713,0.02413911372423172,0.5416674613952637,0.7416957020759583,0.5412933726286173,0.412510853929012
0,0.4803641237249591,0.26214033365249634,0.20916281720624683,0.28407374049892703,0.7323170304298401,0.7723311185836792,0.5507689714431763,0.9172636270523071,0.4478849332462259,0.5257397922190342
0,0.5362797675907379,0.42728301882743835,0.08832863650560091,0.26839526999208824,0.8201436400413513,0.03324797749519348,0.7685530781745911,0.7442725300788879,0.5498288966355485,0.4648246356957272
0,0.5422750295687525,0.33928295969963074,0.10109304644733655,0.38749849157763044,0.6850839853286743,0.8560696244239807,0.7766655087471008,0.8348067402839661,0.5091282971239043,0.5654721043672595
0,0.5971721209035828,0.618584394454956,0.5029555004973978,0.5011550628280078,0.5683321356773376,0.4558420479297638,0.7230722904205322,0.5690565705299377,0.671926103069739,0.567936214007279
0,0.4803641237249591,0.26214033365249634,0.20916281720624683,0.28407374049892703,0.7323170304298401,0.7723311185836792,0.42891666293144226,0.9172636270523071,0.4370624192714107,0.5106174058051967
0,0.5422750295687525,0.33928295969963074,0.10109304644733655,0.38749849157763044,0.6850839853286743,0.8560696244239807,0.7629956007003784,0.8348067402839661,0.5078982007290347,0.5637756110119099
0,0.5422750295687525,0.33928295969963074,0.10109304644733655,0.38749849157763044,0.6850839853286743,0.8560696244239807,0.7629956007003784,0.8348067402839661,0.5078982007290347,0.5637756110119099
0,0.4904618705463139,0.16594037413597107,0.1477258037849245,0.38388223393349136,0.14076802134513855,0.20504413545131683,0.11709730327129364,0.26864343881607056,0.3143900969566192,0.24100187042071836
0,0.4904618705463139,0.16594037413597107,0.1477258037849245,0.38388223393349136,0.14076802134513855,0.20504413545131683,0.11709730327129364,0.26864343881607056,0.3143900969566192,0.24100187042071836
0,0.4904618705463139,0.16594037413597107,0.1477258037849245,0.38388223393349136,0.14076802134513855,0.20504413545131683,0.11709730327129364,0.26864343881607056,0.3143900969566192,0.24100187042071836
0,0.4904618705463139,0.16594037413597107,0.1477258037849245,0.38388223393349136,0.14076802134513855,0.20504413545131683,0.11709730327129364,0.26864343881607056,0.3143900969566192,0.24100187042071836
0,0.4904618705463139,0.16594037413597107,0.1477258037849245,0.38388223393349136,0.14076802134513855,0.20504413545131683,0.11709730327129364,0.26864343881607056,0.3143900969566192,0.24100187042071836
0,0.7019777838325679,0.6382908225059509,0.8576408760415061,0.7472642769664057,0.8427185416221619,0.9079660177230835,0.68306964635849,0.8059848546981812,0.7539706061451268,0.7715545632234728
1,0.5564556700571934,0.2858099043369293,0.18376511192599715,0.22712066095363231,0.47971460223197937,0.23118194937705994,0.12380054593086243,0.44468212127685547,0.4185796184091037,0.31862244849305177
0,0.21123085814827275,0.06503302603960037,0.03399506340411609,0.07769145609465386,0.2283305525779724,0.009241299703717232,0.12321849912405014,0.17343798279762268,0.17718347563525047,0.11636461375209253
0,0.24834878194617752,0.08738537132740021,0.07218972947031325,0.17531434845647992,0.19358298182487488,0.11253039538860321,0.09955321252346039,0.3339821398258209,0.20270090177886535,0.1661372147750276
0,0.08056638786668405,0.0038226312026381493,0.0011887720954389354,0.013834133145699059,0.010683557949960232,0.005809206515550613,0.03358547389507294,0.03391411155462265,0.12062397488215322,0.02316603996261895
0,0.0818487836559261,0.003466271562501788,0.004182598612279847,0.009044791153563388,0.013749560341238976,0.0030189193785190582,0.023638535290956497,0.033697158098220825,0.12064667063578532,0.02183206321807122
0,0.0818487836559261,0.003466271562501788,0.004182598612279847,0.009044791153563388,0.013749560341238976,0.0030189193785190582,0.023638535290956497,0.033697158098220825,0.12064667063578532,0.02183206321807122
0,0.12918099016776,0.005045337602496147,0.008819844127109731,0.016648172423480333,0.03775525465607643,0.021134724840521812,0.04936082288622856,0.0953761413693428,0.13479464156038726,0.04576907826081937
0,0.21349034424379373,0.04739939421415329,0.007505321757576988,0.07709633388747997,0.13599222898483276,0.12902484834194183,0.11632473021745682,0.11685878783464432,0.16746001473349756,0.10595927050461246
0,0.16756486477496416,0.04361337795853615,0.08375065296079105,0.06299886208995159,0.05948823317885399,0.02011050470173359,0.027381345629692078,0.056163690984249115,0.15284535163570762,0.0654615249427479
0,0.1981259231743328,0.04791582003235817,0.006092052521303988,0.10583882105414207,0.08350421488285065,0.18395625054836273,0.051312025636434555,0.18365128338336945,0.16311337481541735,0.10780394404415718
0,0.17502967733186556,0.010421470738947392,0.02526127283420837,0.03091169938442352,0.03139185905456543,0.0002620561281219125,0.0763603001832962,0.026714636012911797,0.14522429396772166,0.04750248820292716
0,0.169437088786358,0.018433215096592903,0.01536376508845989,0.04048879030572284,0.05017370358109474,0.038069188594818115,0.07774695754051208,0.15988874435424805,0.15149882127400724,0.07166840226670429
0,0.1278757489906374,0.014750732108950615,0.000848082522513014,0.037396278780495916,0.0498041994869709,0.0007048152619972825,0.045394737273454666,0.0066096605733036995,0.1316399391543158,0.03592640610046685
0,0.2441718511906825,0.04496569558978081,0.015346052630708786,0.05657416922592174,0.14508551359176636,0.25718072056770325,0.03804172948002815,0.06528308987617493,0.1682274430438418,0.10840677999314939
0,0.14641478638435448,0.024481292814016342,0.002220607737481821,0.045253591237806,0.015982195734977722,0.0531129352748394,0.009872296825051308,0.06933703273534775,0.13911172203887628,0.046226874718044014
0,0.15732251610566045,0.025019343942403793,0.0064104064059733136,0.041705995586873726,0.024488236755132675,0.008572276681661606,0.0020063205156475306,0.03414824232459068,0.1402452507216638,0.03804933339319179
0,0.3901203097608345,0.21483944356441498,0.013333056148321733,0.16377033666392576,0.21529752016067505,0.22831779718399048,0.09557384252548218,0.3661861717700958,0.29357344996415224,0.21255694991577473
0,0.2203764414988404,0.019400861114263535,0.006608787836931294,0.02946184046348604,0.023385556414723396,0.0875338613986969,0.0054964665323495865,0.026584522798657417,0.15366192927182143,0.05277939746671664
0,0.22408183580376825,0.08043165504932404,0.25254548112564384,0.12677952877092494,0.05185864120721817,0.03267384320497513,0.03680386766791344,0.11009617149829865,0.1904003846119979,0.1142158211720646
0,0.24156890633537523,0.10132399946451187,0.23337277725800354,0.1356324845724933,0.05966230481863022,0.03533361852169037,0.07748082280158997,0.134186252951622,0.20414228397247186,0.12734520378165906
0,0.2210326776457362,0.10346151143312454,0.00650051482369407,0.11294865583543207,0.06569600850343704,0.025744354352355003,0.10607466846704483,0.17165325582027435,0.18767595660610475,0.10275920288454722
0,0.21467637873848322,0.0873752310872078,0.0783419915523304,0.09180963904334322,0.019774286076426506,0.05210212618112564,0.01744568720459938,0.10710322111845016,0.1778917720646524,0.08411519143235169
0,0.3251406250624816,0.16190466284751892,0.05358435859789161,0.2928098888659246,0.03410152345895767,0.10738012939691544,0.05764004960656166,0.2523392140865326,0.24018157682091112,0.16184281433426184
0,0.34519208297303083,0.12408456206321716,0.21771575749795707,0.21562640760416055,0.2948252260684967,0.15778790414333344,0.27454614639282227,0.3473047912120819,0.2698984425392659,0.24749550648786497
0,0.2877116526851297,0.05794922262430191,0.02511890402766258,0.0787876808103683,0.1352636069059372,0.021944651380181313,0.18285739421844482,0.037310902029275894,0.19210940405950572,0.10438476875552799
0,0.2877116526851297,0.05794922262430191,0.02511890402766258,0.0787876808103683,0.1352636218070984,0.02194465696811676,0.18285739421844482,0.037310902029275894,0.19210940394520923,0.10438477131837007
0,0.3745244276940142,0.20103959739208221,0.14406809120042463,0.30815086829498534,0.27294665575027466,0.0755898579955101,0.23737598955631256,0.2984355688095093,0.2953471980453332,0.2405048627981213
1,0.3745244276940142,0.20103959739208221,0.14406809120042463,0.30815086829498534,0.27294662594795227,0.07558988779783249,0.23737598955631256,0.2984355688095093,0.295347197921638,0.24050486262904336
0,0.19014073142851573,0.08527776598930359,0.0011124310448315494,0.03689647832211319,0.03723102807998657,0.020364781841635704,0.12048577517271042,0.19928792119026184,0.17773948989347027,0.08726850624153426
0,0.26380442132550164,0.14288383722305298,0.037073638710898346,0.11119072769926071,0.019673651084303856,0.0804138109087944,0.01986401528120041,0.12757836282253265,0.20652718760369443,0.1013393846968724
0,0.19793964836424943,0.10289391130208969,0.018318513414104006,0.03336607566738243,0.022772150114178658,0.11056467145681381,0.025909729301929474,0.13066813349723816,0.1763131079311104,0.08090048144409247
0,0.1550994225300893,0.031550269573926926,0.003935762648730615,0.02131737369207096,0.00687064602971077,0.0024414733052253723,0.0033467281609773636,0.05561106652021408,0.14265749888761303,0.03564201175978797
0,0.2494691118610762,0.13762566447257996,0.17609569398615277,0.16392324069451536,0.049115363508462906,0.07019716501235962,0.04957618936896324,0.1596907675266266,0.2127886365038121,0.13233979523897502
0,0.2988060234018018,0.2519139051437378,0.2427822491946217,0.1419625040969741,0.2418925166130066,0.062016602605581284,0.27057644724845886,0.2507423162460327,0.2978241079221174,0.22096258401814173
0,0.2988060234018018,0.2519139051437378,0.2427822491946217,0.1419625040969741,0.2418925166130066,0.062016602605581284,0.27057644724845886,0.2507423162460327,0.2978241079221174,0.22096258401814173
0,0.23146324387888073,0.07229674607515335,0.056311860425504526,0.0908858564574716,0.14088211953639984,0.026234451681375504,0.03532469645142555,0.08836142718791962,0.17663446546604278,0.0936277392836315
0,0.42918281879463455,0.4895895719528198,0.7480868000307477,0.5524885672881322,0.4293454587459564,0.39824119210243225,0.2951904833316803,0.5026053190231323,0.5195132208639142,0.4796128651416217
0,0.4798817919418713,0.2585791051387787,0.073684122251902,0.24929177538111083,0.31705355644226074,0.3383311629295349,0.20722374320030212,0.5188990235328674,0.3732267325513578,0.30688754328932405
1,0.1664612511488113,0.029223259538412094,0.0014721966824569597,0.028229522689288737,0.01820947788655758,0.06102149188518524,0.005695533473044634,0.04983888193964958,0.14396279085757913,0.045455572192151544
0,0.33899816698441854,0.2837643623352051,0.02645114621587227,0.35308346714992017,0.3579626977443695,0.06962520629167557,0.2770320773124695,0.4867430627346039,0.3198796075597451,0.27675902017700077
0,0.408115391838925,0.3566785156726837,0.6646967647560657,0.5734648952029774,0.3220888376235962,0.7303823828697205,0.24165843427181244,0.4682711362838745,0.4265889167111397,0.46798701688585576
0,0.33899816698441854,0.2837643623352051,0.02645114621587227,0.35308346714992017,0.3579626977443695,0.06962520629167557,0.2770320773124695,0.4867430627346039,0.3198796075597451,0.27675902017700077
0,0.31644280968081234,0.20787590742111206,0.27885712548107505,0.26264918008015636,0.18788118660449982,0.22562256455421448,0.2193901538848877,0.34866032004356384,0.2901536962466186,0.2558766709922747
0,0.31922282424882714,0.24016550183296204,0.07549507631362447,0.19647976628524078,0.21014557778835297,0.3752233684062958,0.19607317447662354,0.4495675265789032,0.29251592736808124,0.25837263169269714
0,0.22120101527211095,0.06362196803092957,0.08696557675440954,0.09315635736261015,0.050606291741132736,0.10118218511343002,0.03989539295434952,0.11652445048093796,0.17502351350016182,0.09689238387405824
0,0.22120101527211095,0.06362196803092957,0.08696557675440954,0.09315635736261015,0.050606291741132736,0.10118218511343002,0.03989539295434952,0.11652445048093796,0.17502351350016182,0.09689238387405824
0,0.22120101527211095,0.06362196803092957,0.08696557675440954,0.09315635736261015,0.050606291741132736,0.10118218511343002,0.03989539295434952,0.11652445048093796,0.17502351350016182,0.09689238387405824
0,0.22120101527211095,0.06362196803092957,0.08696557675440954,0.09315635736261015,0.050606291741132736,0.10118218511343002,0.03989539295434952,0.11652445048093796,0.17502351350016182,0.09689238387405824
0,0.22120101527211095,0.06362196803092957,0.08696557675440954,0.09315635736261015,0.050606291741132736,0.10118218511343002,0.03989539295434952,0.11652445048093796,0.17502351350016182,0.09689238387405824
0,0.27279557039946384,0.06568881124258041,0.03429222318540406,0.04698401544944018,0.2537434697151184,0.013670356012880802,0.15464727580547333,0.13028977811336517,0.19498058925708747,0.12275655266677835
1,0.27279557039946384,0.06568881124258041,0.03429222318540406,0.04698401544944018,0.2537434697151184,0.013670356012880802,0.15464727580547333,0.13028977811336517,0.19498058925708747,0.12275655266677835
0,0.5427593560094249,0.5989627838134766,0.5925459755646932,0.730073876948985,0.6025427579879761,0.8792348504066467,0.3517601788043976,0.4971173107624054,0.5973318302576985,0.5983357104532347
0,0.3204869680574376,0.16227921843528748,0.05867548856571748,0.2880974466316148,0.19425910711288452,0.31181126832962036,0.12522253394126892,0.37166082859039307,0.2497063209412276,0.22968297856881098
0,0.49262001481277196,0.15874581038951874,0.1062534208198996,0.21817129573215,0.3769557774066925,0.013029023073613644,0.30051735043525696,0.5025175213813782,0.34992847551816353,0.27337706272011775
0,0.2145676793763771,0.028253953903913498,0.0802396651925637,0.05140973834711577,0.01468859426677227,0.059799160808324814,0.012827564030885696,0.09917816519737244,0.1625932142217102,0.07033681331703642
0,0.2278779593111213,0.07776292413473129,0.037986089418670835,0.11039624097317367,0.11803997308015823,0.044740207493305206,0.10870695859193802,0.18800953030586243,0.18528524388285317,0.11507800838581189
0,0.13845175043488292,0.039165198802948,0.04964738518855394,0.06884945682039995,0.027758734300732613,0.029617203399538994,0.020421383902430534,0.061397846788167953,0.14278803405596466,0.054722576238770804
0,0.0818487836559261,0.003466271562501788,0.004182598612279847,0.009044791153563388,0.013749560341238976,0.0030189193785190582,0.023638535290956497,0.033697158098220825,0.12064667063578532,0.02183206321807122
0,0.13845175043488292,0.039165198802948,0.04964738518855394,0.06884945682039995,0.027758734300732613,0.029617203399538994,0.020421383902430534,0.061397846788167953,0.14278803405596466,0.054722576238770804
0,0.13845175043488292,0.039165198802948,0.04964738518855394,0.06884945682039995,0.027758734300732613,0.029617203399538994,0.020421383902430534,0.061397846788167953,0.14278803405596466,0.054722576238770804
0,0.13845175043488292,0.039165198802948,0.04964738518855394,0.06884945682039995,0.027758734300732613,0.029617203399538994,0.020421383902430534,0.061397846788167953,0.14278803405596466,0.054722576238770804
0,0.13845175043488292,0.039165198802948,0.04964738518855394,0.06884945682039995,0.027758734300732613,0.029617203399538994,0.020421383902430534,0.061397846788167953,0.14278803405596466,0.054722576238770804
0,0.1852972990012847,0.021365711465477943,0.009652843882918958,0.058015983244408945,0.09014733880758286,0.003787824884057045,0.08737155050039291,0.030422363430261612,0.1493301706636786,0.06145574895481926
0,0.5024361180556192,0.32642650604248047,0.059193725126498696,0.272413914377428,0.5397487878799438,0.4687679409980774,0.44121938943862915,0.5585479140281677,0.432482958417926,0.3977006581469352
0,0.5024361180556192,0.32642650604248047,0.059193725126498696,0.272413914377428,0.5397487878799438,0.4687679409980774,0.44121938943862915,0.5585479140281677,0.432482958417926,0.3977006581469352
0,0.2719756297885565,0.15993711352348328,0.424499727416713,0.365560319078514,0.27977681159973145,0.2781745195388794,0.1452309936285019,0.24277420341968536,0.25033855479238915,0.2698828346236422
0,0.24924817709362018,0.1382383406162262,0.17668876161650046,0.1626162278877044,0.28358224034309387,0.3127146363258362,0.11722052097320557,0.24195687472820282,0.2193995486391125,0.21004007609919995
0,0.20682281790536663,0.06615227460861206,0.0769544728593922,0.12173454550306266,0.08583811670541763,0.2262992262840271,0.04405595734715462,0.14292211830615997,0.17115777112297856,0.12118441804132511
0,0.4987285454599558,0.33818697929382324,0.0533935741348317,0.2043123634659818,0.34206423163414,0.32452914118766785,0.23724880814552307,0.5589921474456787,0.42337318058044027,0.32177211653740534
0,0.3430047215001401,0.11119114607572556,0.058182940400074525,0.17083994571112768,0.3765772581100464,0.09053397178649902,0.200559601187706,0.3528744578361511,0.2480613661538731,0.2145094156961646
0,0.34131673240656846,0.19213369488716125,0.1277039197387536,0.24545371974069252,0.24015556275844574,0.21286411583423615,0.20470446348190308,0.44932758808135986,0.28805926608175175,0.25260388287547375
0,0.34131673240656846,0.19213369488716125,0.1277039197387536,0.24545371974069252,0.24015556275844574,0.21286411583423615,0.20470446348190308,0.44932758808135986,0.28805926608175175,0.25260388287547375
0,0.34131673240656846,0.19213369488716125,0.1277039197387536,0.24545371974069252,0.24015556275844574,0.21286411583423615,0.20470446348190308,0.44932758808135986,0.28805926608175175,0.25260388287547375
0,0.5018709758129042,0.26063522696495056,0.15170500827932276,0.25114834926828294,0.5371806621551514,0.6370226144790649,0.6595404744148254,0.5049386620521545,0.42474659607186216,0.43795655411531664
1,0.3722154912575862,0.1686238944530487,0.19141008938526363,0.18182922123299172,0.2112370729446411,0.17895179986953735,0.21454809606075287,0.24563241004943848,0.28350774015511365,0.22108959189086752
0,0.39110102398649926,0.3431464731693268,0.6940644965437447,0.4517615410947747,0.37529516220092773,0.7490149736404419,0.33410096168518066,0.45841673016548157,0.42665407153608076,0.47154950056618766
0,0.19160715951558407,0.028983892872929573,0.026440062458020188,0.02376998826762593,0.008209111168980598,0.005548093467950821,0.0014183726161718369,0.0604218989610672,0.15218685893629785,0.04390371213471403
0,0.19599614201942883,0.08644292503595352,0.027043377902228577,0.17273116503473218,0.05714430287480354,0.02168617583811283,0.02432469092309475,0.06552372872829437,0.16565297728657843,0.08228138831367664
0,0.19599614201942883,0.08644292503595352,0.027043377902228577,0.17273116503473218,0.05714430287480354,0.02168617583811283,0.02432469092309475,0.06552372872829437,0.16565297728657843,0.08228138831367664
0,0.23989124153854555,0.11825153976678848,0.20900586329168475,0.15077283807484837,0.049803417176008224,0.027885500341653824,0.15162843465805054,0.10542791336774826,0.20927681984297206,0.13173652416248782
1,0.5000198563778802,0.5196913480758667,0.22334552111053102,0.3064535665279518,0.7254253625869751,0.025246936827898026,0.5683808326721191,0.7239039540290833,0.5690472534542547,0.45275737507562824
0,0.5609418001839335,0.7519726753234863,0.7697898840797236,0.7935368735506674,0.6423553228378296,0.6357671618461609,0.4537954330444336,0.7232198119163513,0.7149255272355182,0.6663171224509712
0,0.5229850079740106,0.4052172303199768,0.10590785934511143,0.3374394312912895,0.5352972149848938,0.032772164791822433,0.4176359474658966,0.6618797183036804,0.4949280870338105,0.3810226436458822
0,0.5229850079740106,0.4052172303199768,0.10590785934511143,0.3374394312912895,0.5352972149848938,0.032772164791822433,0.4176359474658966,0.6618797183036804,0.4949280870338105,0.3810226436458822
0,0.25300948143330126,0.09843311458826065,0.08575916818479816,0.14131616583645845,0.18313908576965332,0.1306709498167038,0.1806226223707199,0.3221324384212494,0.2133247725834318,0.17497413573685539
0,0.3108325788534021,0.07835034281015396,0.09394271256728755,0.10217550384472016,0.2887985408306122,0.0035745438653975725,0.18738611042499542,0.1823548525571823,0.21893914167936732,0.15716181563375045
0,0.9053543861555526,0.8963428139686584,0.8816731678155888,0.8475541196405421,0.9696717262268066,0.8761780261993408,0.9779616594314575,0.9570095539093018,0.8957689038346303,0.9142043465816837
1,0.8793740752682082,0.8058838844299316,0.39567310064954836,0.704873782285594,0.926377534866333,0.9357349872589111,0.868010938167572,0.9394432306289673,0.8450208706187535,0.8088011477170509
0,0.4893088003278199,0.301523357629776,0.12790298866651362,0.27152134047806387,0.34453633427619934,0.36822956800460815,0.3511475622653961,0.5156343579292297,0.41287922839050295,0.34749460353911515
0,0.43645801354033154,0.175042062997818,0.09852435734008257,0.26139501772382695,0.4115007817745209,0.46643221378326416,0.28051280975341797,0.4052826464176178,0.31495947507683975,0.31732030303484826
0,0.3344604288852008,0.375250905752182,0.1807985775220767,0.06308767922709922,0.43732938170433044,0.40607956051826477,0.4086416959762573,0.4216610789299011,0.3824159468478978,0.3290874778483776
0,0.5544241984921132,0.5585418343544006,0.5684553761845434,0.5533640209248156,0.4699289798736572,0.7583036422729492,0.5013114213943481,0.5992692708969116,0.6137497780087314,0.5695048900632005
0,0.4691517823456865,0.29908543825149536,0.03931787836004845,0.22356495983693078,0.3276821970939636,0.39995986223220825,0.28275200724601746,0.5613402128219604,0.3932267611905059,0.3268977266199742
0,0.4691517823456865,0.29908543825149536,0.03931787836004845,0.22356495983693078,0.3276821970939636,0.39995986223220825,0.28275200724601746,0.5613402128219604,0.3932267611905059,0.3268977266199742
0,0.4691517823456865,0.29908543825149536,0.03931787836004845,0.22356495983693078,0.3276821970939636,0.39995986223220825,0.28275200724601746,0.5613402128219604,0.3932267611905059,0.3268977266199742
0,0.4382821010263946,0.2715153992176056,0.05599984615471316,0.2488960525079084,0.36565932631492615,0.6221799254417419,0.2772872745990753,0.6062026023864746,0.3687471757458966,0.3611991695733251
0,0.520754932924255,0.551694929599762,0.5552535205000176,0.5427461006797554,0.593845009803772,0.7137219905853271,0.5208014249801636,0.6198703646659851,0.5975389241625165,0.5766946558593251
0,0.4711575561911338,0.2384202927350998,0.11138897383447766,0.2490111306284402,0.45413583517074585,0.4950246810913086,0.3189658522605896,0.3324449956417084,0.35370991184395023,0.3344406801591667
0,0.4711575561911338,0.2384202927350998,0.11138897383447766,0.2490111306284402,0.45413583517074585,0.4950246810913086,0.3189658522605896,0.33244502544403076,0.35370991456735956,0.33444068389856674
0,0.6343342231542832,0.6318944096565247,0.23698735560952092,0.5115615709363511,0.5360412001609802,0.7792852520942688,0.3672023415565491,0.6345570683479309,0.6409046731053486,0.5428710544269101
1,0.5705037679960374,0.7754331827163696,0.7734853609971023,0.5901091592821566,0.6713781952857971,0.5958234071731567,0.5696994662284851,0.7210040092468262,0.7420002009744038,0.6584565968127837
0,0.37351141953153805,0.09203297644853592,0.026897324228682747,0.12224562780043004,0.08777885138988495,0.2962936758995056,0.14884693920612335,0.2586081922054291,0.2405069412380076,0.176158612122953
0,0.44063528764471604,0.2450997680425644,0.06710036410514635,0.22024061242716267,0.35635122656822205,0.3782305121421814,0.14799602329730988,0.3955167531967163,0.33375606518779055,0.2826565510188864
0,0.4302853221916594,0.290197491645813,0.03340791638690338,0.1373943808823664,0.1476147174835205,0.1814439594745636,0.10157553851604462,0.4405613839626312,0.3517416201516707,0.22238342665962915
0,0.45244928223238234,0.3246505558490753,0.03557160529617819,0.207537895787719,0.1244223415851593,0.30158931016921997,0.1475026160478592,0.5847131609916687,0.3904012166947939,0.27411553455572674
0,0.3954326621280933,0.1048012375831604,0.03693511863862645,0.08439421991044084,0.17049993574619293,0.328696072101593,0.06859929859638214,0.18358777463436127,0.24290413008776768,0.17209683621339333
0,0.39360856743094635,0.04258527234196663,0.05963383655628055,0.058590803295096826,0.07804962992668152,0.20690926909446716,0.012353193014860153,0.05883867293596268,0.21356128142001699,0.11423635430037359
0,0.4101902658525591,0.14970055222511292,0.015196611976769008,0.16125250427680363,0.24165724217891693,0.014126643538475037,0.21369706094264984,0.24426016211509705,0.27771395883241173,0.1834022713461881
0,0.5277793395799057,0.5127294063568115,0.5451087262685499,0.5333474611991781,0.5525830984115601,0.44582778215408325,0.5177595615386963,0.45713865756988525,0.5699968890669448,0.5117335976303677
0,0.46041236929657997,0.3912051022052765,0.6263750566645372,0.42386622727893086,0.44572561979293823,0.08921661972999573,0.3400454819202423,0.3973248302936554,0.47781875277117514,0.3971955076685378
0,0.6188839799539658,0.6051738262176514,0.7189805740253775,0.5454422653613687,0.6304215788841248,0.8192726969718933,0.7781298160552979,0.7515164017677307,0.7094766883709682,0.6820243589816248
0,0.2814668731017033,0.20560713112354279,0.08168779970992787,0.12548970499127624,0.09266189485788345,0.21099163591861725,0.11622992902994156,0.3505059778690338,0.25672094213365626,0.1838299275136455
0,0.2814668731017033,0.20560713112354279,0.08168779970992787,0.12548970499127624,0.09266189485788345,0.21099163591861725,0.11622992902994156,0.3505059778690338,0.25672094213365626,0.1838299275136455
0,0.2814668731017033,0.20560713112354279,0.08168779970992787,0.12548970499127624,0.09266189485788345,0.21099163591861725,0.11622992902994156,0.3505059778690338,0.25672094213365626,0.1838299275136455
0,0.2814668731017033,0.20560713112354279,0.08168779970992787,0.12548970499127624,0.09266189485788345,0.21099163591861725,0.11622992902994156,0.3505059778690338,0.25672094213365626,0.1838299275136455
0,0.2814668731017033,0.20560713112354279,0.08168779970992787,0.12548970499127624,0.09266189485788345,0.21099163591861725,0.11622992902994156,0.3505059778690338,0.25672094213365626,0.1838299275136455
0,0.2814668731017033,0.20560713112354279,0.08168779970992787,0.12548970499127624,0.09266189485788345,0.21099163591861725,0.11622992902994156,0.3505059778690338,0.25672094213365626,0.1838299275136455
0,0.2814668731017033,0.20560713112354279,0.08168779970992787,0.12548970499127624,0.09266189485788345,0.21099163591861725,0.11622992902994156,0.3505059778690338,0.25672094213365626,0.1838299275136455
0,0.2814668731017033,0.20560713112354279,0.08168779970992787,0.12548970499127624,0.09266189485788345,0.21099163591861725,0.11622992902994156,0.3505059778690338,0.25672094213365626,0.1838299275136455
0,0.2816854906038087,0.09279865771532059,0.02267551023527554,0.029480968932205916,0.141322523355484,0.07664711028337479,0.26865383982658386,0.07947049289941788,0.20887616107628793,0.12496424750916686
1,0.6318905206384732,0.27131980657577515,0.8666933978155328,0.5765748026358387,0.7506660223007202,0.6943501830101013,0.7928385138511658,0.8590142130851746,0.6001269690281456,0.6775887468887181
0,0.4791295407623846,0.23780320584774017,0.12469762424815387,0.12655014510446833,0.211018368601799,0.3283558487892151,0.16397687792778015,0.6092648506164551,0.37911400312472765,0.28617450699099767
0,0.7351394613222461,0.7177501320838928,0.882809244513503,0.7713967972317421,0.6757571697235107,0.8849278688430786,0.9170421361923218,0.697128415107727,0.7999304454815155,0.7835735256244988
1,0.11943107024386108,0.04716497287154198,0.0015696445809052447,0.08231678177815895,0.027259331196546555,0.026847215369343758,0.027542993426322937,0.0635470375418663,0.1378455503646285,0.04999291585563687
0,0.21147639594462414,0.1077209860086441,0.23883943359707913,0.19110600133697406,0.07242890447378159,0.12725697457790375,0.09253598749637604,0.13559459149837494,0.19595148537555623,0.14671359837875264
0,0.32313786272954403,0.3031098544597626,0.1574504787454655,0.31273139482447987,0.38673925399780273,0.33025071024894714,0.5192170143127441,0.35227060317993164,0.33927546149035936,0.3362514413316994
1,0.48898118529747675,0.5326234698295593,0.8664897424677169,0.3884167020237417,0.6942751407623291,0.5009519457817078,0.6238158941268921,0.8920463919639587,0.6480489882626993,0.6220949849644932
1,0.6842070501767812,0.9071338772773743,0.9790534875327523,0.8787148499823789,0.7508496642112732,0.9422179460525513,0.6471483111381531,0.854369580745697,0.8356557348655936,0.8292314691581211
0,0.40545676434530187,0.14020845293998718,0.14961599254504337,0.16321672894779168,0.2382955104112625,0.27463507652282715,0.22610227763652802,0.4661935269832611,0.3005580741677525,0.2584267656991662
1,0.6229500699501743,0.6893473863601685,0.8479596196105958,0.7559911446370009,0.9071170687675476,0.948567271232605,0.7129051685333252,0.9177246689796448,0.751912652929234,0.7987597032037232
1,0.4369681922813109,0.2259485125541687,0.06390723470876922,0.27708933400318536,0.3349827527999878,0.18838432431221008,0.164495050907135,0.4603835344314575,0.3313690399441512,0.2709740667480406
1,0.6538903456676062,0.768555760383606,0.9147964979333763,0.8345421933710502,0.8191467523574829,0.65467369556427,0.9364407062530518,0.8828192949295044,0.8048304132590648,0.807514340201174
0,0.4656664140605736,0.06730278581380844,0.16838656074115957,0.14609083383400967,0.37839019298553467,0.7076411247253418,0.5242708921432495,0.6056418418884277,0.3280812092312774,0.38143041256339966
0,0.12712025754710637,0.038843873888254166,0.014390269429857662,0.040616095758889435,0.021260110661387444,0.00448228046298027,0.0051408689469099045,0.023013349622488022,0.13646031895421,0.034880086227423085
0,0.16030432839063288,0.04808443784713745,0.008790061661040663,0.03901660211966096,0.016440292820334435,0.06371951848268509,0.025245070457458496,0.02739233896136284,0.1467925569800952,0.04904988630284916
0,0.2308088090701539,0.049316514283418655,0.13831012994131234,0.026463617197348646,0.1979338526725769,0.0009109969832934439,0.14125092327594757,0.3364970088005066,0.19763498238220156,0.1407808860405069
0,0.4612296031014469,0.0741845965385437,0.0758181323122405,0.12285305390479312,0.2717853784561157,0.27963605523109436,0.3820030391216278,0.662243127822876,0.3202104491754271,0.29189884632413693
0,0.5285968672569488,0.1773170530796051,0.3387757923681595,0.23283830396153993,0.3060669004917145,0.49521970748901367,0.09293977171182632,0.12929776310920715,0.3399893991909988,0.28690213712119517
0,0.22904867681456018,0.07260727137327194,0.022650146538430723,0.06357429774302477,0.07824096083641052,0.08439957350492477,0.1692553162574768,0.10961631685495377,0.1827171220711449,0.10428305647648106
0,0.21807035218143703,0.20219247043132782,0.1261535487981388,0.19044435085161165,0.13986924290657043,0.09381330758333206,0.1194496676325798,0.11215133965015411,0.21894606422000412,0.1510536935382334
0,0.23112886899840818,0.14590643346309662,0.04748881815126932,0.09535768272208205,0.1483287662267685,0.10842134803533554,0.049753762781620026,0.19167499244213104,0.2033913763788076,0.1282429598041112
0,0.33304073795415895,0.07563516497612,0.014114287346202844,0.07149853835710326,0.11255967617034912,0.2812822759151459,0.021076010540127754,0.14747510850429535,0.20645088429130085,0.13247850095467792
0,0.5158457286674913,0.5753064751625061,0.3181343713042717,0.37341425725553395,0.5470544099807739,0.6327664852142334,0.35604220628738403,0.40205711126327515,0.5528963260715054,0.4659163220486907
0,0.23112886899840818,0.14590643346309662,0.04748881815126932,0.09535768272208205,0.1483287662267685,0.10842134803533554,0.049753762781620026,0.19167499244213104,0.2033913763788076,0.1282429598041112
0,0.2856441397366757,0.10461492836475372,0.008872276631387515,0.07654515621916617,0.1783086061477661,0.4874434769153595,0.039814166724681854,0.20394526422023773,0.20265492426846918,0.1728346578360601
0,0.2214247755249269,0.09573362022638321,0.07487986162142753,0.16373069300913248,0.12709464132785797,0.0893360823392868,0.10781042277812958,0.16751272976398468,0.187982322808643,0.13155222701249353
0,0.4090930762727218,0.41741234064102173,0.817971570923488,0.5017566423466355,0.48103776574134827,0.4268744885921478,0.35431256890296936,0.43980100750923157,0.4840522053467453,0.4792026644128304
0,0.3349536175891803,0.17721186578273773,0.006923644366932035,0.2399001644635766,0.06954968720674515,0.279202401638031,0.014436381869018078,0.11512970179319382,0.2321007026532116,0.15553430622186906
0,0.2401566834276231,0.2974202334880829,0.09943876637935678,0.2594250949729939,0.2633145749568939,0.5104537606239319,0.17748668789863586,0.2175067663192749,0.26194448797528863,0.2580884158289053
0,0.4769650541845858,0.19406697154045105,0.12019247040279846,0.2629518405769078,0.5241206288337708,0.255206823348999,0.5196436643600464,0.5391361713409424,0.3757302522222609,0.3629478717629506
0,0.5205012089400705,0.23700231313705444,0.06636469442741236,0.23321820976149993,0.4845724403858185,0.5822557210922241,0.3877963721752167,0.44292405247688293,0.3860586955972283,0.36999764260685847
0,0.37444416743321113,0.19938446581363678,0.11357117505673049,0.3289560534708603,0.1514004021883011,0.168257474899292,0.20124493539333344,0.3497036099433899,0.29262639871105195,0.2369938868763431
0,0.49984131091454925,0.4550554156303406,0.2780603851973609,0.3197895689578229,0.5205610394477844,0.5724794864654541,0.4279828667640686,0.5560926198959351,0.509960298102881,0.4543884542577643
0,0.335577547648657,0.3735789656639099,0.24894373701645428,0.2812660947630902,0.3381069004535675,0.26599210500717163,0.4367207884788513,0.3719404339790344,0.3812992354827414,0.33229596374003767
0,0.4176420566442664,0.11264859139919281,0.03653438369669425,0.02099053408761167,0.06348066031932831,0.15497249364852905,0.09611869603395462,0.1850133240222931,0.2597261349408222,0.13698459106742006
0,0.26710985930509734,0.25220856070518494,0.11945978035066422,0.20935477028024752,0.38378870487213135,0.09405793249607086,0.26321694254875183,0.23810282349586487,0.2698356113998695,0.22993083813432308
1,0.5745309701309613,0.5547440648078918,0.5848062486658602,0.5880019114316619,0.49390867352485657,0.598781168460846,0.7632712721824646,0.5546320676803589,0.6411231165753722,0.5885461584743763
1,0.6522047173117584,0.7259175181388855,0.7897181137421795,0.7564215289040477,0.9245043992996216,0.9594467282295227,0.7365461587905884,0.8921467661857605,0.769447166616086,0.8035370762839562
0,0.32752652999819276,0.33819088339805603,0.3302061052650682,0.3475632074250911,0.3800373375415802,0.35715845227241516,0.4818282127380371,0.3794306218624115,0.3711838578911147,0.3676359025417153
0,0.2840259161824872,0.29133859276771545,0.12365278938459988,0.26184962285608043,0.3687652349472046,0.16988438367843628,0.32078588008880615,0.3788895606994629,0.3052016651629437,0.2763225034445401
0,0.33093940249611675,0.2541888654232025,0.1339131591395148,0.227529810515982,0.34206855297088623,0.10024236142635345,0.35559046268463135,0.41016849875450134,0.31810040210257207,0.2708926416894028
0,0.5981283215089298,0.7715092897415161,0.6218841613850572,0.5051006847829969,0.9291321039199829,0.7411371469497681,0.8475393652915955,0.9645007252693176,0.7741546081795829,0.7478708429821663
0,0.5641461779371681,0.46723634004592896,0.8319806319552607,0.5611413342366696,0.5893124938011169,0.9012287259101868,0.956506073474884,0.4391120970249176,0.6256309418499595,0.6603627876117937
0,0.2768446961049679,0.24316322803497314,0.281375396161361,0.2829137934115893,0.2792433500289917,0.1377662569284439,0.21226292848587036,0.21832561492919922,0.276850566461313,0.24191811950159173
0,0.43190411393241457,0.21668031811714172,0.1586259887409179,0.43062131524141767,0.17990443110466003,0.5338588953018188,0.46416088938713074,0.21205730736255646,0.3283331276142031,0.3279368420470939
0,0.43820240356375606,0.5399368405342102,0.7859800278119974,0.5995587571742442,0.5929267406463623,0.6912442445755005,0.7572686076164246,0.37843307852745056,0.573301353863083,0.5956522506164321
0,0.6604393806076597,0.789188802242279,0.8650676868213455,0.8550458358022454,0.8363845944404602,0.9110231399536133,0.8512011170387268,0.7302199602127075,0.7921583311532818,0.8110854411955971
0,0.43190411393241457,0.21668031811714172,0.1586259887409179,0.43062131524141767,0.17990443110466003,0.5338588953018188,0.46416088938713074,0.21205730736255646,0.3283331276142031,0.3279368420470939
0,0.28502942841385015,0.11377935856580734,0.0009705581867758907,0.05758174138164691,0.17729659378528595,0.00015234792954288423,0.08457240462303162,0.033148761838674545,0.2006971856421976,0.09566875643073858
0,0.6380953644573206,0.25401121377944946,0.47781812646209165,0.20433930074586754,0.7760220170021057,0.6699725985527039,0.9570674300193787,0.7808645367622375,0.5752061064168695,0.5936052901223176
0,0.8998083381189441,0.9623157978057861,0.9646474899006267,0.96148779093691,0.9258915781974792,0.9548407196998596,0.84872967004776,0.8833319544792175,0.9005213565658472,0.9249655152286776
0,0.23946390730727138,0.20949849486351013,0.006800962151626923,0.14746310003119323,0.07163906842470169,0.0008456368814222515,0.0738786831498146,0.06517424434423447,0.21577281610095525,0.10358060072739063
0,0.4521368319275814,0.5345271825790405,0.0610934705133418,0.5820257408848548,0.47704437375068665,0.25770246982574463,0.2837723195552826,0.5205199122428894,0.4782623483957726,0.3994465283361033
0,0.335577547648657,0.3735789656639099,0.24894373701645428,0.2812660947630902,0.3381069004535675,0.26599210500717163,0.4367207884788513,0.3719404339790344,0.3812992354827414,0.33229596374003767
0,0.26253263211232253,0.3516831398010254,0.16855684082203282,0.2660653922371283,0.61965411901474,0.5680550336837769,0.1347905844449997,0.4941776394844055,0.3140087911506987,0.3586093094067986
0,0.47382420825790306,0.3710472583770752,0.1262038875279709,0.26012852151459215,0.3356614112854004,0.43948447704315186,0.5788488984107971,0.26927682757377625,0.43262048867057695,0.35771202242228417
0,0.4472370976876995,0.5588749051094055,0.10052675865311883,0.48859503736470156,0.5889477729797363,0.6356216073036194,0.2771519720554352,0.5392352938652039,0.4907428064618654,0.4563945679736072
0,0.30688400152485984,0.08062174171209335,0.0007375758563204093,0.05742372094693649,0.03403501585125923,0.19488511979579926,0.03243603929877281,0.15222135186195374,0.20127196661985952,0.10801444260693002
0,0.3840419428906007,0.34987953305244446,0.03794560442418292,0.36409218093261775,0.2550397217273712,0.3332751393318176,0.45412346720695496,0.287461519241333,0.36185944571239465,0.3096669422097104
1,0.5848888403976065,0.6364509463310242,0.22466930544920705,0.6127212021000346,0.6975752711296082,0.5049508810043335,0.701238751411438,0.6316471695899963,0.645607213201584,0.5766997788569123
0,0.38187154416525393,0.2552667260169983,0.05013642200366521,0.20470307444351524,0.1927518993616104,0.002777449321001768,0.2868897616863251,0.291987806558609,0.3191349262584538,0.2105788459270247
0,0.7665551265609857,0.8669941425323486,0.9477941121177275,0.8792414502119946,0.9299508929252625,0.9067530035972595,0.7998615503311157,0.9709243774414062,0.8574426485814703,0.8828633421624847
1,0.843948310334999,0.9605774879455566,0.9202957680243742,0.8987279555188783,0.9502213001251221,0.9823712110519409,0.9902114272117615,0.9555050134658813,0.8966425338179835,0.9374176151152585
0,0.2214029334763902,0.2063301056623459,0.005157021088324336,0.08401910955110002,0.12859521806240082,0.1879967451095581,0.14573465287685394,0.20162354409694672,0.2222102149175974,0.14859255467911642
0,0.25349584783995033,0.2502451539039612,0.24228190784936685,0.21526437466461895,0.19877676665782928,0.13089361786842346,0.09966859966516495,0.1573280692100525,0.25721646307927637,0.1940184524351753
1,0.2610797006774247,0.22563904523849487,0.09145152606281834,0.174546743970228,0.20200340449810028,0.39195218682289124,0.3680986762046814,0.4288801848888397,0.27712586828065733,0.26796113987986797
0,0.26614480111431704,0.26535096764564514,0.10128727683173808,0.2198743728506984,0.15485715866088867,0.00331699731759727,0.1774386465549469,0.36344587802886963,0.2785776090846015,0.19576024878181136
1,0.5950927317673613,0.6963661909103394,0.6868287791854215,0.6360690398532155,0.6963641047477722,0.5105090737342834,0.4591052532196045,0.6031121015548706,0.6960306172649179,0.6110657729642084
0,0.25600182071268734,0.21063148975372314,0.1255617309482865,0.15945230886550962,0.1547260731458664,0.2019488513469696,0.17609630525112152,0.32105231285095215,0.25338874250412136,0.20124630976031824
1,0.38129086022067665,0.5121704339981079,0.7545368051668393,0.3164725341474893,0.7213077545166016,0.2875252664089203,0.4116296172142029,0.7804431319236755,0.5539849962471347,0.5204679101559384
0,0.6562462726899745,0.7147307991981506,0.532166392365958,0.7526210536385008,0.5604100227355957,0.6638755798339844,0.8736668825149536,0.6854717135429382,0.7453758782550582,0.6804333270001033
1,0.774457209641789,0.918468177318573,0.7986017940814667,0.878171020896967,0.8888270854949951,0.8843566179275513,0.9730090498924255,0.8342751264572144,0.8642486682890338,0.8689084867408723
1,0.8812944444510186,0.9547356367111206,0.957611678744136,0.9536085066220569,0.9471787214279175,0.9052068591117859,0.9332802891731262,0.9554021954536438,0.9013726835103357,0.9360099517556801
0,0.39053051450227777,0.34453049302101135,0.2431112721425164,0.35820713842844376,0.15884096920490265,0.0010522957891225815,0.23144647479057312,0.41803091764450073,0.38144112844294514,0.27008506936117593
0,0.2234660009865182,0.18565544486045837,0.0028384345852523907,0.13431340355636615,0.16704590618610382,0.03146766126155853,0.20553284883499146,0.1506384313106537,0.21615062402298127,0.13917187514214813
1,0.35590179194622756,0.3300085961818695,0.40698405853383196,0.40707671485813823,0.5280824303627014,0.7885574698448181,0.3901379108428955,0.4274705648422241,0.3766403521550924,0.4524701183515073
0,0.34008958512235976,0.3576187491416931,0.24665009186230882,0.3310660543996065,0.46351882815361023,0.2810118496417999,0.3900254964828491,0.4265115261077881,0.37441559566253907,0.3555296881039484
0,0.2328559009500175,0.253551185131073,0.015914213122611636,0.14580123596271222,0.14427660405635834,0.17546053230762482,0.09547321498394012,0.21788214147090912,0.2388242369785746,0.16147688869305185
0,0.22904900081998356,0.20776911079883575,0.22984385996685264,0.2199567217935593,0.09486530721187592,0.21160469949245453,0.12866367399692535,0.2245565503835678,0.23933554066214907,0.19312869336224686
0,0.18431183483837446,0.14232544600963593,0.009568174381817129,0.17538524407007114,0.05001923441886902,0.126986563205719,0.046977099031209946,0.20844070613384247,0.18498760468275344,0.11882443434669135
1,0.6841877591579018,0.8220701813697815,0.8810338232537245,0.8583298772821064,0.9169360995292664,0.8691233396530151,0.8715444207191467,0.9705102443695068,0.8255420339732236,0.8585139809737591
0,0.5662735833926363,0.5773386359214783,0.48605069571668086,0.5726864779682252,0.6072918772697449,0.5425747632980347,0.3889547884464264,0.6470319032669067,0.6148232640013694,0.5493303928490314
0,0.21820080152154134,0.08280827850103378,0.003035335865403252,0.0853542332092329,0.14247851073741913,0.2260015457868576,0.09700667858123779,0.1518336832523346,0.17799562955991305,0.12618247711419883
1,0.6060394684234598,0.6400461196899414,0.9001319990716686,0.7120478360758228,0.8490114212036133,0.8651507496833801,0.5721798539161682,0.7177041172981262,0.7087150203715372,0.7309633361547365
0,0.23924231914620603,0.22195157408714294,0.06265540631756973,0.18275128217291836,0.21347087621688843,0.011547161266207695,0.22594724595546722,0.2727709710597992,0.24673470944895273,0.18046986045991606
0,0.31283040287469654,0.18219898641109467,0.022440397152816427,0.13660739304802144,0.27961981296539307,0.3341892659664154,0.1447162628173828,0.29974454641342163,0.25055906006035117,0.21484074366970915
0,0.601329629924867,0.7783638834953308,0.66704610325439,0.6908404290771974,0.7288870215415955,0.8555310964584351,0.990869402885437,0.5830023288726807,0.7579079897677853,0.7362834766715529
1,0.3220665873700005,0.35810351371765137,0.17926577982078196,0.25806552997566795,0.09531177580356598,0.084401436150074,0.1660057008266449,0.3064085841178894,0.33793283501637195,0.22275923158865502
0,0.23587662976400078,0.14670218527317047,0.1598588803035054,0.18097486252816278,0.25061553716659546,0.15020321309566498,0.1615324765443802,0.35848701000213623,0.22837859824017737,0.20599330768999835
0,0.23587662976400078,0.14670218527317047,0.1598588803035054,0.18097486252816278,0.25061553716659546,0.15020321309566498,0.1615324765443802,0.35848701000213623,0.22837859824017737,0.20599330768999835
0,0.46469202281200267,0.27613139152526855,0.1144329946278563,0.37208558421150734,0.27511066198349,0.5343325734138489,0.26899582147598267,0.3936356008052826,0.36525317004982105,0.337850741869958
0,0.5963424645178901,0.46334707736968994,0.3177202279260167,0.6019314429514003,0.30191922187805176,0.44313865900039673,0.37107059359550476,0.517378032207489,0.5478320169545002,0.4527098116906081
0,0.3129707460263549,0.19808346033096313,0.09071226544300898,0.18066027363668835,0.29776713252067566,0.19033080339431763,0.22478966414928436,0.32722991704940796,0.2696290339676815,0.22891885160965864
1,0.8291860103926895,0.8700976371765137,0.8884743138600735,0.6317330143141282,0.8310201168060303,0.9717087149620056,0.9408975839614868,0.8724183440208435,0.8747958727470388,0.8535925889385283
0,0.5727821231542563,0.6406503915786743,0.7345988545167464,0.6404582267364115,0.5747853517532349,0.7527121901512146,0.7421091198921204,0.6003979444503784,0.6886999066055893,0.655973061805365
1,0.6369142416918729,0.7479212880134583,0.7447826718945053,0.8602043119242311,0.6544005870819092,0.7496764659881592,0.6014816164970398,0.664568305015564,0.7428015583008283,0.7071508882198603
0,0.3568592781493987,0.30877745151519775,0.08104527550603946,0.16926369922304002,0.34950950741767883,0.3254573941230774,0.5531296133995056,0.3120908737182617,0.3533055307613721,0.30800776183903533
0,0.25930327022693506,0.19540347158908844,0.02103916198871705,0.19076643070001145,0.1296354979276657,0.1617003083229065,0.23475252091884613,0.19434483349323273,0.23516190113024307,0.17441164087182232
0,0.9185679601422734,0.9540857076644897,0.992304570042048,0.9528065356445025,0.9197107553482056,0.9671780467033386,0.8792232871055603,0.8351758122444153,0.9027694144832579,0.9269870146438226
1,0.8873698355649635,0.931717038154602,0.9387290751299202,0.8750047636481235,0.9307792782783508,0.9569169878959656,0.9626245498657227,0.9378795027732849,0.8990542636991173,0.9273071507035129
1,0.5352284112399035,0.5452598333358765,0.8188513990280433,0.5934646868138886,0.6327858567237854,0.64317387342453,0.4697040319442749,0.5510007739067078,0.6162631133116659,0.5971434618179086
0,0.3440670519477903,0.2708700895309448,0.040046184525280734,0.21741453225002821,0.2748466432094574,0.1468355506658554,0.03518698364496231,0.1455496847629547,0.27554503386780343,0.18634803584730797
1,0.8816148260359998,0.9452316761016846,0.9458131752984256,0.9469557296861835,0.9737189412117004,0.9868141412734985,0.8834624886512756,0.9242845773696899,0.8962376608261937,0.9357156608007026
1,0.9040805762710779,0.969096302986145,0.9766530340012668,0.9607087826306121,0.9741361737251282,0.9775786399841309,0.9953887462615967,0.9491887092590332,0.9093482923362686,0.9630570460422889
1,0.7269459826029722,0.7981874942779541,0.852458864687834,0.6722499910628412,0.9074695110321045,0.8720816373825073,0.7738679647445679,0.7033576369285583,0.8125361297714817,0.7876487539744222
1,0.8681258961455006,0.8790990710258484,0.934046670452216,0.8541341008828242,0.9011312127113342,0.947871744632721,0.7523131370544434,0.8527895212173462,0.8748497950273568,0.8732338912550182
0,0.6768507908248885,0.6611329913139343,0.5832610280349699,0.6175377472055104,0.7470856308937073,0.5109546780586243,0.5125993490219116,0.6828215718269348,0.7166166008042076,0.6253341512429441
0,0.590415333576368,0.22458040714263916,0.6741171319875193,0.3765934533458886,0.6803146600723267,0.5100858807563782,0.39067110419273376,0.7901302576065063,0.506432284470454,0.5282800804420626
1,0.6768507908248885,0.6611329913139343,0.5832610280349699,0.6175377472055104,0.7470856308937073,0.5109546780586243,0.3401797115802765,0.6828215718269348,0.7038420367040774,0.6039361456198082
0,0.2678764694296543,0.07789424806833267,0.006345705734534091,0.021624355048115027,0.07162194699048996,0.06087970733642578,0.32035112380981445,0.29183775186538696,0.216621261116069,0.14065165885742525
0,0.2549968872577853,0.2805323302745819,0.11539535415337521,0.17959952384550318,0.23853421211242676,0.24074767529964447,0.12142426520586014,0.22077222168445587,0.2642235291470537,0.20740089533138178
0,0.2036356810307874,0.040652673691511154,0.10031615017357332,0.04106995782622233,0.11759916692972183,0.233817458152771,0.020676860585808754,0.13691703975200653,0.16510462655605257,0.1114442367108647
0,0.20722512227758622,0.14296522736549377,0.049089844806280515,0.16456911457420303,0.17411750555038452,0.16628636419773102,0.04872696474194527,0.13728323578834534,0.1896218017992642,0.13698699826759958
0,0.2030909001718133,0.22490404546260834,0.010301670887700355,0.20120581347594738,0.055716998875141144,0.019971773028373718,0.04375744238495827,0.13759009540081024,0.21067172804320294,0.11372146715870471
0,0.46561794307892923,0.30811476707458496,0.041227740353839346,0.33481160797158493,0.255196750164032,0.11510701477527618,0.19183875620365143,0.505047082901001,0.38256115133885704,0.27981394793943665
0,0.5254672742101282,0.6792909502983093,0.4087881226099426,0.5972409153397129,0.5802043080329895,0.5097113847732544,0.5581907629966736,0.6253130435943604,0.6448731357072046,0.5619642743232744
0,0.3201102807328896,0.07131515443325043,0.09892872154884294,0.046710882825379135,0.15246382355690002,0.20227855443954468,0.06968190521001816,0.32485905289649963,0.22309771823647292,0.16112617108217017
0,0.29207546204982454,0.2981381118297577,0.009795315046168608,0.12111856672413365,0.4636438488960266,0.3314819931983948,0.2099737673997879,0.26598110795021057,0.2853315810145057,0.2505530669295455
0,0.5603028368451383,0.39018651843070984,0.4110620265170619,0.22537692438261311,0.48165884613990784,0.39064154028892517,0.5663745999336243,0.6453037261962891,0.5506320316756322,0.45931886932062194
0,0.31193070397304057,0.2146662175655365,0.041177219806091944,0.18605634741175933,0.3665107190608978,0.37571269273757935,0.16548211872577667,0.43001818656921387,0.2725777765551414,0.26232395778789686
1,0.28768686607810223,0.13249436020851135,0.06656910128898862,0.10141289911928576,0.1857036054134369,0.13997472822666168,0.04838757589459419,0.31838756799697876,0.22676692211993058,0.16107923376006966
1,0.427178753538247,0.308639258146286,0.7301256232263905,0.29938167033028873,0.6466137170791626,0.37226709723472595,0.5254365801811218,0.7276074886322021,0.4839754671857146,0.5032349867416106
0,0.352685532826653,0.623997151851654,0.6185016438235666,0.5994815586056985,0.39700111746788025,0.6160141229629517,0.2771131992340088,0.32735124230384827,0.5078617629620971,0.4755450150611631
0,0.3620865854116226,0.3080950081348419,0.06987528748430094,0.22152606802025393,0.4325174391269684,0.4524434804916382,0.17711371183395386,0.42609745264053345,0.3301794134283441,0.30731265244648065
0,0.3906576848859327,0.5288505554199219,0.49517287009742667,0.5205291833835793,0.5221472978591919,0.5152131915092468,0.5451509356498718,0.4373224377632141,0.5069538538611967,0.4941101622393916
0,0.22723838846167474,0.13542024791240692,0.051259723737669224,0.1139253360999043,0.05521485209465027,0.04052362218499184,0.019369928166270256,0.10274568200111389,0.19252321349172508,0.09423742931602709
0,0.39831524065351315,0.529884397983551,0.5399881492351819,0.5047471708357887,0.45145994424819946,0.36385244131088257,0.4744844436645508,0.4361881911754608,0.5125420596870482,0.46245464818288773
1,0.46520542624460226,0.540850043296814,0.17104645320970083,0.27324191188247504,0.45192965865135193,0.37028977274894714,0.4212656021118164,0.5124862194061279,0.5215731397491733,0.40290866796579855
0,0.602230453085367,0.551786482334137,0.3347367385196767,0.518816496200802,0.634707510471344,0.8475574851036072,0.6487816572189331,0.5841285586357117,0.6187491338014408,0.5904189072616877
0,0.5249231714638047,0.6663681268692017,0.6513643686725297,0.6360500978458837,0.6578888297080994,0.6485523581504822,0.6148437261581421,0.6919741630554199,0.6699742502275113,0.6362446229206191
1,0.3063419140948636,0.28192079067230225,0.05058780823988557,0.2943030823705916,0.24582220613956451,0.2945917844772339,0.1928412914276123,0.3381079137325287,0.28930538188554084,0.25177883645387494
0,0.5106188487712553,0.5782730579376221,0.4695089718889876,0.579191344134218,0.6459242701530457,0.47047317028045654,0.6197096109390259,0.5196425318717957,0.5959859927996071,0.549979642288364
0,0.3548562764523395,0.4365108907222748,0.5615729784113541,0.44420172641845,0.45400339365005493,0.5673320293426514,0.3654426336288452,0.4742889404296875,0.44446104582395607,0.45599723500305805
1,0.4852067843274493,0.5031336545944214,0.1083715452454695,0.4152954918061858,0.6371303796768188,0.16720262169837952,0.7862476110458374,0.7512838840484619,0.5589936561445521,0.4850272943768407
0,0.3074694456651929,0.18299348652362823,0.14918223565351094,0.16797010888828184,0.42995792627334595,0.09127727895975113,0.3985476493835449,0.3342158794403076,0.28056922742099555,0.25889138944534934
0,0.5163302589069109,0.4314297139644623,0.2885445714351377,0.23873085849865774,0.45783647894859314,0.6994711756706238,0.5816940665245056,0.4970027804374695,0.5179407381583377,0.4636173791130743
0,0.3308731326758111,0.18367579579353333,0.156654079702599,0.22785480048551565,0.3583531379699707,0.1246492862701416,0.2593889832496643,0.33536750078201294,0.2787905828636001,0.24822701046877305
0,0.1970848131209555,0.14912626147270203,0.08321515220055352,0.1050546420568638,0.1207212284207344,0.09985092282295227,0.05679600313305855,0.11480601131916046,0.19190370840827245,0.11650297794940354
0,0.6487121727538913,0.685588538646698,0.533964127418799,0.5441704419172997,0.7991387248039246,0.9592617750167847,0.9546517729759216,0.7926881313323975,0.7480054733664386,0.7392368078361333
1,0.8816613290699508,0.94862300157547,0.9368603749230487,0.9497122085070718,0.9581977128982544,0.881662905216217,0.9973273277282715,0.9653002619743347,0.9021534206199533,0.9400240574117117
1,0.9236037118124956,0.987464427947998,0.9793118812269379,0.9890227961742879,0.9919672608375549,0.9894396662712097,0.9824326038360596,0.9732978343963623,0.9151420616969758,0.9769118324184723
0,0.2613253438984367,0.2491326779127121,0.005606457874238612,0.1609547997148355,0.2536916434764862,0.1212875247001648,0.2305116355419159,0.23500610888004303,0.25644562225286094,0.19142331913544164
0,0.5149664054429772,0.3846646547317505,0.4885418114093114,0.46819395538131486,0.46250370144844055,0.5026139616966248,0.6222601532936096,0.5866378545761108,0.5233528746837348,0.5032487309854197
0,0.6156479878096716,0.7203558683395386,0.7619286559525333,0.6822315729440732,0.7434898018836975,0.6253302097320557,0.8238088488578796,0.5883721709251404,0.7419754490566789,0.6948745758590984
0,0.2998930127822099,0.11449028551578522,0.05647576252216891,0.07977996776501506,0.15476515889167786,0.39853572845458984,0.13049887120723724,0.3381336033344269,0.2292782581017369,0.19641385129007297
0,0.5121051293150711,0.46152573823928833,0.299610700792927,0.46788641676401466,0.3695392608642578,0.44178712368011475,0.4493167996406555,0.5057042241096497,0.5151870741525859,0.4393491271690975
1,0.5715398361433158,0.862614631652832,0.299610700792927,0.8963661517335929,0.611150324344635,0.4657926559448242,0.42815062403678894,0.6752028465270996,0.7125599337593174,0.6047010824990334
0,0.506387950564827,0.2962346374988556,0.23542614356863303,0.36756702022633797,0.525189220905304,0.08365967869758606,0.38035914301872253,0.40618714690208435,0.4202532976252005,0.3523016302640052
0,0.5284972065532221,0.4383772015571594,0.14846222577664972,0.5230432477082189,0.5072669982910156,0.6321988701820374,0.45096638798713684,0.5250158905982971,0.4924601916324856,0.47032221410531805
0,0.4827052817644906,0.24956077337265015,0.45198143060960866,0.20602858749487793,0.34199315309524536,0.38367676734924316,0.3382318317890167,0.6819879412651062,0.43777608618262526,0.39144703187496555
1,0.5655232327731212,0.4566478431224823,0.3328850834901975,0.2577756607813183,0.36997130513191223,0.5309128165245056,0.47463521361351013,0.5831679105758667,0.558908268364487,0.44689966119339597
0,0.20646430249509767,0.1311507374048233,0.13724907379632947,0.16579916714140852,0.18196041882038116,0.19388467073440552,0.059858351945877075,0.13993127644062042,0.19238791807511849,0.15214706581850004
0,0.2366752385528069,0.1189451813697815,0.07763123843848486,0.13996975477340298,0.07793020457029343,0.1091926246881485,0.028638891875743866,0.12560604512691498,0.1930186214640081,0.11494922184562381
0,0.3691038582640242,0.3458886742591858,0.46793164610940813,0.3259148587301415,0.4603067934513092,0.6212130784988403,0.19321148097515106,0.4683845341205597,0.3883983655436195,0.40522397840951374
0,0.5471927326109797,0.594496488571167,0.644257483530825,0.6443742801721754,0.6240311861038208,0.5851812362670898,0.6238167881965637,0.5295990705490112,0.6353489224864035,0.5987796179792279
0,0.4545253807276745,0.4885958731174469,0.2713962552084266,0.4837835846270066,0.4536377191543579,0.46230196952819824,0.27864494919776917,0.7839457392692566,0.5079861887874049,0.4609450744299782
0,0.5284972065532221,0.4383772015571594,0.14846222577664972,0.5230432477082189,0.5072669982910156,0.6321988701820374,0.45096638798713684,0.5250158905982971,0.4924601916324856,0.47032221410531805
0,0.36240624615636746,0.08352030813694,0.07577248515363645,0.1254351190520167,0.10771912336349487,0.227555513381958,0.09976281225681305,0.26989710330963135,0.23563218672491146,0.1694403645438759
0,0.5245184996234526,0.5449232459068298,0.5084026147206733,0.48019546837053395,0.364883691072464,0.494440495967865,0.44293341040611267,0.5817099809646606,0.587578591124272,0.49286153685347345
0,0.22360914344730073,0.03387023136019707,0.03688718195846453,0.05221077516621384,0.04205083101987839,0.028632717207074165,0.006768769584596157,0.12433641403913498,0.16500337027504497,0.0692153435780736
0,0.3545769475011243,0.09023723751306534,0.35158413125569943,0.05564213526548486,0.2903991937637329,0.0034470257814973593,0.2229711413383484,0.347523957490921,0.2752422772303607,0.21472855950738706
0,0.4165646119374156,0.4512447416782379,0.632448728868416,0.5767048435122386,0.47768309712409973,0.4727920889854431,0.5821843147277832,0.452900230884552,0.5017211235681892,0.5067092549828529
0,0.20165386331473875,0.10086989402770996,0.0005600746109434279,0.06878993705940535,0.10309135913848877,0.1056404560804367,0.005864632315933704,0.1430087387561798,0.17425462911073397,0.09206043129471977
0,0.21466945355347478,0.19224312901496887,0.13301820499023093,0.21625921932997297,0.24095499515533447,0.08185967057943344,0.2089986652135849,0.3585030138492584,0.23691715644365996,0.20677210638406407
0,0.21451712773501222,0.06679301708936691,0.05864975501160787,0.051061139456444485,0.045211054384708405,0.06533829122781754,0.005933606065809727,0.1814824342727661,0.1754556852481785,0.08668431516201347
0,0.5059497452883606,0.3186544179916382,0.2634373648119128,0.29194709991851514,0.42399951815605164,0.4768713712692261,0.6399787068367004,0.4795500636100769,0.46231759477687523,0.4251976948920734
0,0.39673109480259733,0.3740934729576111,0.48155159879401516,0.38166092950834857,0.45539090037345886,0.5173167586326599,0.198085218667984,0.38217678666114807,0.40652135793364874,0.39763362288680315
0,0.44127748834468167,0.28183573484420776,0.13163761660009324,0.1110908432644026,0.36621880531311035,0.4881944954395294,0.24168823659420013,0.34095075726509094,0.36105035449945294,0.3008815815176358
0,0.19619209026944293,0.017081009224057198,0.023527961809163535,0.016830285995270932,0.017278706654906273,0.08978121727705002,0.032792363315820694,0.12414699047803879,0.1546155815231959,0.06495806282458447
0,0.21466945355347478,0.19224312901496887,0.13301820499023093,0.21625921932997297,0.24095499515533447,0.08185967057943344,0.2089986652135849,0.3585030138492584,0.23691715644365996,0.20677210638406407
0,0.36447587591730657,0.1729852706193924,0.1756179125220773,0.2408252846412271,0.27262526750564575,0.025598865002393723,0.2405787855386734,0.35164758563041687,0.29065940661005646,0.2319222413576118
1,0.34873218537835593,0.3299753963947296,0.1623475557008584,0.3057555771346751,0.3687198758125305,0.4678555428981781,0.20050053298473358,0.45038339495658875,0.34389651760645024,0.3298345847411279
0,0.44393554880288666,0.4491370916366577,0.7058754742119896,0.577417675973696,0.5597429275512695,0.5983010530471802,0.5354053974151611,0.35599279403686523,0.5057107535168675,0.5264550536028998
0,0.41959377010222837,0.157591313123703,0.10209545279861594,0.17704675478295612,0.2857460677623749,0.6736963987350464,0.12668099999427795,0.47579601407051086,0.2970717026731215,0.30165718025268734
0,0.244926765065118,0.12921370565891266,0.07261732841290586,0.2031632195065157,0.20261172950267792,0.0921674519777298,0.12601083517074585,0.3660089373588562,0.2176885913637308,0.1806342784679641
0,0.20646430249509767,0.1311507374048233,0.13724907379632947,0.16579916714140852,0.18196041882038116,0.19388467073440552,0.059858351945877075,0.13993127644062042,0.19238791807511849,0.15214706581850004
0,0.21157311490843525,0.13242444396018982,0.03106707262710627,0.1164061480886082,0.09610030800104141,0.11118599772453308,0.08838438987731934,0.21379916369915009,0.19558837374403804,0.1259545330196618
0,0.5284972065532221,0.4383772015571594,0.14846222577664972,0.5230432477082189,0.5072669982910156,0.6321988701820374,0.45096638798713684,0.5250158905982971,0.4924601916324856,0.47032221410531805
0,0.20646430249509767,0.1311507374048233,0.13724907379632947,0.16579916714140852,0.18196041882038116,0.19388467073440552,0.059858351945877075,0.13993127644062042,0.19238791807511849,0.15214706581850004
0,0.21779478344923245,0.040208812803030014,0.019956958337841915,0.01849073795909146,0.03605879843235016,0.10707437992095947,0.013228528201580048,0.13673719763755798,0.16527847670200754,0.07411573941491108
0,0.21466945355347478,0.19224312901496887,0.13301820499023093,0.21625921932997297,0.24095499515533447,0.08185967057943344,0.2089986652135849,0.3585030138492584,0.23691715644365996,0.20677210638406407
0,0.30611644894370904,0.1863243579864502,0.037616757242433185,0.12372651923653544,0.14411458373069763,0.1615692526102066,0.1307406723499298,0.2729284167289734,0.2506346844166057,0.1715836781529906
0,0.5958961954358095,0.1475253701210022,0.6578022260565591,0.14678842608290327,0.5361654162406921,0.7344972491264343,0.9063889384269714,0.7080753445625305,0.5167437003969201,0.550835824637284
1,0.8252943879382086,0.9610453248023987,0.9821212476176866,0.9666160558739008,0.9640889167785645,0.9253702163696289,0.9415761232376099,0.9725282788276672,0.8941157832899665,0.9419890904703901
0,0.573751771504757,0.7911807894706726,0.16315988415614005,0.5053522605684647,0.562920868396759,0.002184641780331731,0.5067601799964905,0.13733509182929993,0.6498403197543235,0.4104082944781608
1,0.4418329918145813,0.3301277458667755,0.08304723058286947,0.29866973978701244,0.3207756280899048,0.23390525579452515,0.11746907979249954,0.3461068272590637,0.3639856935602895,0.2736056880832732
0,0.33914134140729146,0.13083772361278534,0.4218622046372545,0.09323516831306429,0.18461237847805023,0.2485254555940628,0.06360778212547302,0.31729546189308167,0.2736377565116061,0.22383353595950056
0,0.523103858946723,0.46879392862319946,0.17768717324467398,0.22604586864090492,0.6391633152961731,0.4005894362926483,0.5919341444969177,0.42271608114242554,0.5229760891411498,0.43317348902220015
0,0.21567785210018278,0.19695627689361572,0.03530755384904251,0.13611752080538406,0.19877198338508606,0.07188435643911362,0.15613675117492676,0.24638688564300537,0.22253985362092518,0.15855096272562397
0,0.32226570875435145,0.2681449353694916,0.21661381574846036,0.16647230435230434,0.2552339434623718,0.33266812562942505,0.14293061196804047,0.4038591980934143,0.31083599628736097,0.2637940354449657
1,0.4029835838893168,0.4823318123817444,0.5099448066336771,0.4648554486409232,0.4383153021335602,0.35483983159065247,0.5021669268608093,0.4956260025501251,0.49957776708870066,0.45643145396406554
0,0.2071818080181861,0.2134779989719391,0.08643373628222444,0.27541544571562054,0.347337931394577,0.4645058214664459,0.08530645072460175,0.14239712059497833,0.20961871199090676,0.22767338255479563
0,0.3327114296365248,0.21757392585277557,0.32105439790325285,0.2083809075511991,0.21878845989704132,0.1823185235261917,0.11550043523311615,0.36490198969841003,0.2997792833141922,0.24529535737485714
0,0.37963276524356915,0.4088951647281647,0.46754872686963794,0.37523463165025184,0.45667770504951477,0.5246477723121643,0.27036941051483154,0.4944937527179718,0.43021211595551295,0.4215707439483819
0,0.4819430517528609,0.2936927378177643,0.1009040781336804,0.18212390561431302,0.5294937491416931,0.32971858978271484,0.5039554238319397,0.6353170275688171,0.4305535403760162,0.38382970442075626
0,0.2377448918828325,0.2227429449558258,0.04421576382503466,0.16540943813956718,0.21071508526802063,0.09958378225564957,0.18438725173473358,0.4251093566417694,0.25327131038480144,0.20024777675758512
0,0.5622351496562753,0.6102693676948547,0.7322487522877799,0.5693292840945406,0.6703121066093445,0.6780505776405334,0.8309220671653748,0.6762542128562927,0.6878842528876944,0.6650971993131458
0,0.47931987301669793,0.33747604489326477,0.28173110863251366,0.26890299071974744,0.6965458989143372,0.45062869787216187,0.5901696681976318,0.44689157605171204,0.4517233954823915,0.44458795092896924
0,0.3387467223652929,0.37317991256713867,0.48214042348162556,0.3592429398190517,0.4535163342952728,0.3335675597190857,0.36727777123451233,0.3665553629398346,0.39558051279956213,0.3839251479119089
0,0.20345384892275875,0.24405449628829956,0.008306576055503063,0.12262507278003415,0.061838287860155106,0.14145366847515106,0.011033517308533192,0.19532160460948944,0.2195475653836827,0.12480172440000026
0,0.5317844481182337,0.4120285212993622,0.2537121955142188,0.41328887203451864,0.5347987413406372,0.7071090340614319,0.557433545589447,0.5505866408348083,0.5083544884537304,0.4951782712187642
0,0.21729343664500178,0.1425563246011734,0.16793247004161607,0.10761534132375444,0.02784840576350689,0.05481218174099922,0.008598783984780312,0.10848361253738403,0.1994748354871465,0.10475144485562322
0,0.48390398279030467,0.26684319972991943,0.12197812063119215,0.04898205585019776,0.10690456628799438,0.42977121472358704,0.5515761375427246,0.5365802645683289,0.42293948777466894,0.31855226040020157
0,0.23130971935731875,0.19047823548316956,0.036544193902636427,0.0899824325462167,0.19162432849407196,0.10223113745450974,0.23016807436943054,0.19178315997123718,0.22762442537119246,0.15917910112257277
1,0.6228096423789516,0.9184308052062988,0.5491676237217625,0.910550459911226,0.9068571329116821,0.8164998888969421,0.9066689610481262,0.918778121471405,0.8114011552450595,0.8200424905161674
1,0.5771865070741523,0.8428342342376709,0.49958949275809883,0.8510508166785187,0.918157696723938,0.9325639009475708,0.5758836269378662,0.9455579519271851,0.7509484433607845,0.7687884996579679
1,0.5240014632997818,0.5066693425178528,0.41075078531320813,0.523067982099587,0.46459218859672546,0.3024059236049652,0.3850853443145752,0.523726761341095,0.5487266496326123,0.4564431334601726
1,0.5356872085569929,0.45872265100479126,0.46013885289242185,0.49244121325621704,0.3689427077770233,0.5040871500968933,0.4185870289802551,0.5943830013275146,0.5468172907846985,0.47913436864256315
0,0.520754932924255,0.551694929599762,0.5552535205000176,0.5427461006797554,0.593845009803772,0.7137219905853271,0.5208014249801636,0.6198703646659851,0.5975389241625165,0.5766946558593251
1,0.6595226013770139,0.3759218156337738,0.1386899447028066,0.1634131238925335,0.4699912667274475,0.45116934180259705,0.5877770185470581,0.7889784574508667,0.5797422990297011,0.45622817564631
0,0.5213284298721991,0.556982159614563,0.5300132271176654,0.5505931653885482,0.564626157283783,0.7081326842308044,0.5341765284538269,0.564873993396759,0.5934036959988548,0.565788379288884
0,0.5694972534377878,0.8106023669242859,0.5393207464320894,0.7974337078209388,0.8323541879653931,0.8960177898406982,0.7236166000366211,0.6692826747894287,0.7313510908657193,0.730065842577865
0,0.537247475167581,0.5577523708343506,0.5544970049697997,0.5481862058996323,0.47071006894111633,0.6023560166358948,0.4919021427631378,0.46202921867370605,0.5921693226411556,0.5277264056691493
1,0.6033616791211611,0.8955042958259583,0.7902571347046451,0.7868946677723541,0.845554530620575,0.8329362273216248,0.7139409780502319,0.7019758820533752,0.7936863486505528,0.771133377491776
0,0.4405769846928744,0.2573920488357544,0.7653999140652049,0.215652404449092,0.5074872374534607,0.29040229320526123,0.3274890184402466,0.4770434498786926,0.4332198664166604,0.4085333907807935
0,0.5200503515668925,0.6079201102256775,0.7228825324594796,0.8076671295638099,0.6174582839012146,0.6160197854042053,0.4583326578140259,0.49754106998443604,0.6137613186144038,0.6052983477597376
1,0.5293846615241309,0.5200350880622864,0.48928587538639945,0.5101169027507523,0.4898403584957123,0.5528731346130371,0.488900750875473,0.4691029489040375,0.5668162242481233,0.5061898880326422
0,0.6108454804887669,0.6386071443557739,0.670499196751295,0.6333343469966083,0.7026460766792297,0.834048330783844,0.6423320174217224,0.634568452835083,0.6913792573637625,0.6699258249185918
1,0.4195136424820876,0.405540406703949,0.24953460926902693,0.31807723091922196,0.30787914991378784,0.2026987224817276,0.33423420786857605,0.3916499614715576,0.4271863253456126,0.3301334752562663
0,0.33321904540932423,0.1862296611070633,0.030239922220001058,0.28018800503068464,0.10586071759462357,0.2943776249885559,0.13459563255310059,0.12573175132274628,0.24351335474430952,0.18700684185463862
0,0.4575894874663462,0.3679220378398895,0.43540017139762416,0.367222445903105,0.4846690893173218,0.48871076107025146,0.3364960849285126,0.5445545315742493,0.4563058322591825,0.4350737785479022
0,0.322472864280634,0.13258695602416992,0.07583476791767806,0.1802981038643534,0.027355704456567764,0.013897941447794437,0.20268258452415466,0.28291207551956177,0.24691577147455376,0.15594648598154737
0,0.6512715551361048,0.7422263622283936,0.7106760854511798,0.7565039329015831,0.8576530814170837,0.8825621008872986,0.7748425602912903,0.8136992454528809,0.7663699941300568,0.773190253038275
0,0.47300490936553435,0.3247336149215698,0.12388291249045974,0.25698541482760157,0.3973899483680725,0.45681852102279663,0.3640129268169403,0.6370708346366882,0.4273638563998599,0.38034495826860826
0,0.4651348080163393,0.31138062477111816,0.394042978888424,0.15824984515608048,0.4021870195865631,0.6521047949790955,0.4566393792629242,0.524136483669281,0.44462896505082206,0.41922193206598846
0,0.5293846615241309,0.5200350880622864,0.48928587538639945,0.5101169027507523,0.4898403584957123,0.5528731346130371,0.4889008104801178,0.4691029489040375,0.5668162295174394,0.5061898954298305
0,0.45312537236256445,0.257182776927948,0.2730871081548877,0.18825335198155396,0.4366269111633301,0.4070373475551605,0.293437123298645,0.5354806184768677,0.39024265888992654,0.35580229225741045
0,0.333720707938393,0.18671581149101257,0.11150799680256598,0.12703035433181772,0.2885892689228058,0.2710679769515991,0.01775410957634449,0.3556502163410187,0.2635706490028748,0.21235235575480146
1,0.6131514541687515,0.6733407974243164,0.535492913095185,0.7372883245603119,0.8082156777381897,0.8143498301506042,0.6774260401725769,0.8030756115913391,0.7066359479186641,0.7080225800465811
0,0.5699270888385893,0.5705463290214539,0.46800667139796276,0.5477182152055613,0.6068854331970215,0.5819894075393677,0.5585658550262451,0.5454406142234802,0.6169276393314106,0.5566402936668607
0,0.2720401674982568,0.24192555248737335,0.18369918259932927,0.1925455998603414,0.1990671157836914,0.32296088337898254,0.196271151304245,0.22312761843204498,0.26683090618470745,0.22894679079736022
0,0.3163717171297019,0.5054230093955994,0.38321357407826534,0.2700013656900481,0.15929332375526428,0.3904888927936554,0.10753428936004639,0.2325817495584488,0.40355883896001216,0.29567261960661395
0,0.539528831591217,0.6433398723602295,0.33245860754735046,0.3183186173056768,0.8114511966705322,0.7200091481208801,0.6843647956848145,0.7499276399612427,0.6556895606945345,0.6009846505854253
1,0.38160693743664403,0.14792388677597046,0.10671442843702279,0.28896490750896525,0.18456949293613434,0.2782241106033325,0.12174717336893082,0.26964783668518066,0.26332940609981975,0.22300827527734657
0,0.4748294002535456,0.49482300877571106,0.2637718743284193,0.5337929497132445,0.2388051599264145,0.5102001428604126,0.3532693386077881,0.5245088338851929,0.4997280845064079,0.42500415511365985
0,0.6808853161789744,0.17311200499534607,0.8856779933848968,0.2299933503448499,0.675669252872467,0.03430984541773796,0.5201045870780945,0.7476806640625,0.5675174044758737,0.49282604533551727
1,0.4587070403590387,0.39501842856407166,0.1518154063043792,0.4621632519205005,0.5301267504692078,0.4475521147251129,0.6211907267570496,0.6641399264335632,0.47281410438184507,0.4676898664575685
0,0.5711477665996356,0.6388416290283203,0.5118563859928322,0.5064798421577851,0.6816607117652893,0.5929877758026123,0.6236420273780823,0.6733797192573547,0.6688824584208926,0.6006500756618562
0,0.14226855264808755,0.09674090892076492,0.004906909906492301,0.055700631298403795,0.02061942033469677,0.03101460449397564,0.10018221288919449,0.11912038177251816,0.16204067067095662,0.07204155139353446
0,0.28005893704885315,0.04146157205104828,0.3763482478174318,0.056499519819673376,0.13215863704681396,0.0013129864819347858,0.16801288723945618,0.3037298023700714,0.22720179821985031,0.16934986266703772
0,0.3027445164112705,0.21271313726902008,0.1114745979851598,0.12613012776523358,0.3097136616706848,0.22615225613117218,0.07240775227546692,0.42457178235054016,0.2709744487422381,0.22430401634690444
0,0.44714259340441154,0.30793705582618713,0.2926348365898699,0.24924403471600723,0.2708646357059479,0.38010725378990173,0.21798403561115265,0.2890872061252594,0.38144037141344384,0.3070678901272865
1,0.5613391672047068,0.6912681460380554,0.5383832011234876,0.6777210963226312,0.7254648804664612,0.6236871480941772,0.713805615901947,0.6655310988426208,0.6885799579537931,0.6502997514880217
1,0.5698360787849416,0.6036384701728821,0.3681705374177994,0.5871333587928128,0.6300387382507324,0.546917200088501,0.6453453898429871,0.7937350273132324,0.6502906287366346,0.594476720549989
0,0.47300490936553435,0.3247336149215698,0.12388291249045974,0.25698541482760157,0.3973899483680725,0.45681852102279663,0.3640129268169403,0.6370708346366882,0.4273638563998599,0.38034495826860826
0,0.21820147059026104,0.36669042706489563,0.2783520065876606,0.32931432061520505,0.2292923927307129,0.09672943502664566,0.2603801488876343,0.343523234128952,0.3142459450305858,0.26623135900527817
0,0.42770071722368674,0.23909060657024384,0.46491574570389244,0.32383254219324836,0.3959885835647583,0.6003912687301636,0.23557811975479126,0.3800085783004761,0.3639413426606863,0.3817983049306488
0,0.6414749391756375,0.7326051592826843,0.7639534957613866,0.7492666122942533,0.8515220880508423,0.6349555850028992,0.7829774022102356,0.7588986754417419,0.7629665401714305,0.7395889777053863
0,0.47300490936553435,0.3247336149215698,0.12388291249045974,0.25698541482760157,0.3973899483680725,0.45681852102279663,0.3640129268169403,0.6370708346366882,0.4273638563998599,0.38034495826860826
0,0.37983351879658445,0.24420414865016937,0.31811970189021177,0.299679608544255,0.1626606285572052,0.08815013617277145,0.04152192547917366,0.23188498616218567,0.31072056289469496,0.22150066986650058
0,0.6108454804887669,0.6386071443557739,0.670499196751295,0.6333343469966083,0.7026460766792297,0.834048330783844,0.6423320174217224,0.634568452835083,0.6913792573637625,0.6699258249185918
0,0.5227708360903641,0.5671191811561584,0.334086519728352,0.5366123015965107,0.4942231774330139,0.45136988162994385,0.5122291445732117,0.4010176360607147,0.564347820801822,0.4787483617547441
0,0.36123212119457976,0.48306670784950256,0.10365959647015316,0.35757840466551677,0.5581114888191223,0.41118931770324707,0.5765733122825623,0.5237593054771423,0.44811134497163013,0.4236914466079123
0,0.6153065397709144,0.7158649563789368,0.6847332317682208,0.7592717868172477,0.8579832911491394,0.7385198473930359,0.8381667137145996,0.83682781457901,0.7497520293078817,0.7557883402062165
0,0.6408565522049812,0.765592098236084,0.6596825646644422,0.7398309944259026,0.7701689004898071,0.9146848917007446,0.7306056618690491,0.7619656920433044,0.7606716082565059,0.7474903280809408
0,0.2390218452316751,0.16421255469322205,0.025760516520491435,0.07999107486094487,0.05145009234547615,0.05237489193677902,0.13346076011657715,0.4780387580394745,0.23638780625210318,0.15435695876064026
0,0.1462509586035078,0.0809239074587822,0.016892159739359095,0.10149672713965573,0.09996569156646729,0.020504331216216087,0.11028984934091568,0.1613672524690628,0.16135946253184802,0.0930201925871422
0,0.47728182444630507,0.3302816152572632,0.22074849499900392,0.2722565061226754,0.44909241795539856,0.20341984927654266,0.42696917057037354,0.4427621066570282,0.4308676150661866,0.35448577025497496
1,0.5052286515653596,0.5246445536613464,0.5192963158105908,0.38980196424046576,0.4010320007801056,0.5758978128433228,0.6383928060531616,0.6195839643478394,0.5933910151265149,0.5211810573385216
1,0.5592523396684413,0.6490046977996826,0.5917127579143959,0.6323645299743984,0.7356324195861816,0.9439349174499512,0.9157019257545471,0.7141885161399841,0.6934862762893788,0.7164679321403649
0,0.5427823442921995,0.5752864480018616,0.4681657944922252,0.5274964795731313,0.5223577618598938,0.38104692101478577,0.5105787515640259,0.42535656690597534,0.5947771979404424,0.49522896166737923
1,0.4728166890802322,0.5527118444442749,0.7450754191751309,0.4500567577313227,0.45476165413856506,0.3370240032672882,0.5555185079574585,0.4453558623790741,0.5907884959569343,0.5010926220501908
1,0.5482635158223228,0.5615623593330383,0.43339113911760596,0.5403497550783636,0.45375311374664307,0.682562530040741,0.5332052707672119,0.5810648798942566,0.6008451411923026,0.5417206474968073
0,0.14288283427761211,0.06140449643135071,0.014770941542999391,0.044297999913882,0.0543212816119194,0.02100950852036476,0.10592511296272278,0.08864821493625641,0.15285554341855756,0.06725189218797913
1,0.65123762187037,0.9068995714187622,0.9098864942310548,0.9067925522538024,0.8807308077812195,0.9044130444526672,0.7178835868835449,0.9152694344520569,0.8286253951153086,0.8484899076235257
0,0.1462509586035078,0.0809239074587822,0.016892159739359095,0.10149672713965573,0.09996569156646729,0.02050432562828064,0.11028984934091568,0.1613672524690628,0.1613594625699945,0.09302019191124135
0,0.5009832966135136,0.5307207703590393,0.5093637761740186,0.5123974791025083,0.5812969207763672,0.5754695534706116,0.5278186202049255,0.4536360502243042,0.5612829521092424,0.5238359010929525
0,0.4977361615512328,0.31763607263565063,0.3334519637795009,0.3015077901380692,0.43650567531585693,0.571013867855072,0.4729403257369995,0.548325777053833,0.45569521080996084,0.4344908153111817
0,0.2586737844157846,0.20895476639270782,0.07668331253664117,0.190242928404496,0.172159343957901,0.18544898927211761,0.20481304824352264,0.29434624314308167,0.24889514529676648,0.19978866048251145
0,0.3721938927000831,0.3612639904022217,0.36260425537053137,0.3670670672641431,0.46103808283805847,0.38346245884895325,0.31297892332077026,0.41392844915390015,0.39221226601264203,0.3794871892708215
0,0.6029025284459467,0.5580499768257141,0.5998065250406187,0.5390984586021244,0.5916928648948669,0.5831684470176697,0.5597653985023499,0.5470472574234009,0.640259967366164,0.5725606290779004
0,0.4208532660823212,0.3904668986797333,0.4048780650910547,0.32509207786962613,0.3611275255680084,0.30434030294418335,0.34907266497612,0.40619096159935,0.4382334172722292,0.37059190055421115
0,0.48383730600116465,0.4510321617126465,0.5461447660419989,0.5182462492286144,0.45449259877204895,0.39591971039772034,0.33738070726394653,0.4966595768928528,0.5103771459010459,0.4604748893918134
0,0.520754932924255,0.551694929599762,0.5552535205000176,0.5427461006797554,0.593845009803772,0.7137219905853271,0.5208014249801636,0.6198703646659851,0.5975389241625165,0.5766946558593251
0,0.21777040895219307,0.039813436567783356,0.009885455952230764,0.05214969252096174,0.008750900626182556,0.060884684324264526,0.04680449143052101,0.056043583899736404,0.1615434604163653,0.062070371857138665
0,0.47953542423796314,0.5107998847961426,0.3219539561237541,0.4184445604437898,0.4360748529434204,0.4236632287502289,0.38341984152793884,0.49094924330711365,0.5190958986556499,0.4342371306629217
0,0.5935470654703205,0.5625730752944946,0.5973280090592737,0.31113966504754836,0.7705444097518921,0.6245930194854736,0.4899081587791443,0.6998810768127441,0.6523339922203005,0.5812271731004609
0,0.4587070403590387,0.39501842856407166,0.1518154063043792,0.4621632519205005,0.5301267504692078,0.4475521147251129,0.6211907267570496,0.6641399264335632,0.47281410438184507,0.4676898664575685
0,0.2408367348614525,0.12126678973436356,0.18455243738276658,0.14528848017374693,0.1189691498875618,0.01530963834375143,0.18242529034614563,0.35887154936790466,0.22782043790195447,0.17148320663455258
1,0.5940432685278321,0.4619393050670624,0.3786212514132598,0.4515367763445063,0.5741562843322754,0.5394818782806396,0.25297436118125916,0.6642042994499207,0.5590611616173639,0.4905785038620111
0,0.5213284298721991,0.556982159614563,0.5300132271176654,0.5505931653885482,0.564626157283783,0.7081326842308044,0.5341765284538269,0.564873993396759,0.5934036959988548,0.565788379288884
1,0.5196705818184868,0.5168789625167847,0.3813514803952518,0.46225937743790135,0.4798433482646942,0.5092447996139526,0.5433904528617859,0.4362899661064148,0.5532962763627746,0.4816778600797931
0,0.18741476663051948,0.15318863093852997,0.03303503639285309,0.09879057669340612,0.15948805212974548,0.13935528695583344,0.06537984311580658,0.27241194248199463,0.1967798293083236,0.13950719710381565
0,0.26704534794977103,0.14090237021446228,0.14218479089814187,0.13489358497110385,0.14503294229507446,0.1093490719795227,0.10625724494457245,0.26400068402290344,0.22771206866834348,0.1643055397886939
0,0.4144300801976607,0.3628595173358917,0.04909048756456813,0.16645005089655457,0.3796731233596802,0.20898188650608063,0.24699586629867554,0.6328049898147583,0.4052839496932731,0.3101620324143569
1,0.537247475167581,0.5577523708343506,0.5544970049697997,0.5481862058996323,0.47071006894111633,0.6023560166358948,0.4919021427631378,0.46202921867370605,0.5921693226411556,0.5277264056691493
0,0.5427823442921995,0.5752864480018616,0.4681657944922252,0.5274964795731313,0.5223577618598938,0.38104692101478577,0.5105787515640259,0.42535656690597534,0.5947771979404424,0.49522896166737923
0,0.520754932924255,0.551694929599762,0.5552535205000176,0.5427461006797554,0.593845009803772,0.7137219905853271,0.5208014249801636,0.6198703646659851,0.5975389241625165,0.5766946558593251
0,0.39122043334011897,0.15859700739383698,0.06618549527555231,0.11022509945521411,0.1768152415752411,0.40858668088912964,0.09883391857147217,0.25939929485321045,0.2691229129565579,0.20899351093574056
0,0.5213284298721991,0.556982159614563,0.5300132271176654,0.5505931653885482,0.564626157283783,0.7081326842308044,0.5341765284538269,0.564873993396759,0.5934036959988548,0.565788379288884
1,0.3004560887257702,0.08310449868440628,0.03445939156513432,0.09784681449942643,0.06243874132633209,0.1480131447315216,0.05275995656847954,0.2248457670211792,0.20752772655976984,0.12619325232548295
0,0.5581055903395237,0.5990113615989685,0.6496733685767591,0.6150420456305064,0.4896625578403473,0.6252603530883789,0.479263037443161,0.5897960662841797,0.6377441225246424,0.5751784654232741
1,0.2659747057367563,0.2837640047073364,0.18316719628381223,0.20818643386305694,0.3796723186969757,0.5041089057922363,0.38020357489585876,0.31991562247276306,0.2979944825667192,0.31523057276313615
0,0.5389922894478751,0.677361011505127,0.4659780492657902,0.6549442534334193,0.6257904767990112,0.7559220194816589,0.8188480734825134,0.6175013780593872,0.6707930798545471,0.6444722576808962
0,0.40847680318521945,0.2971908152103424,0.30278976425516196,0.3535257807791916,0.24822503328323364,0.18717992305755615,0.15575659275054932,0.28186237812042236,0.35334640914650567,0.28019325876967205
1,0.5427823442921995,0.5752864480018616,0.4681657944922252,0.5274964795731313,0.5223577618598938,0.38104692101478577,0.5105787515640259,0.42535656690597534,0.5947771979404424,0.49522896166737923
0,0.49016799887976886,0.6595838665962219,0.8610154747819585,0.8262813110810895,0.7407488226890564,0.30013251304626465,0.7802550792694092,0.6217004656791687,0.6762268513729823,0.6600085148364983
0,0.44040789950956166,0.3129953444004059,0.14261950385603278,0.259378437057565,0.43869486451148987,0.6357144713401794,0.40468165278434753,0.5242799520492554,0.3988677807148975,0.39496763570460447
0,0.4789295574706983,0.43319910764694214,0.47708645342470496,0.4482154317340243,0.49008995294570923,0.31410691142082214,0.4113006293773651,0.25906848907470703,0.47862366549854385,0.4144397524172752
0,0.6512715551361048,0.7422263622283936,0.7106760854511798,0.7565039329015831,0.8576530814170837,0.8825621008872986,0.7748425602912903,0.8136992454528809,0.7663699941300568,0.773190253038275
1,0.5514944950853824,0.5834952592849731,0.6848285375179931,0.6804790644868403,0.7564648985862732,0.9195012450218201,0.8663621544837952,0.6148718595504761,0.6582531375793005,0.7053162977408198
0,0.5482635158223228,0.5615623593330383,0.43339113911760596,0.5403497550783636,0.45375311374664307,0.6825624704360962,0.5332052707672119,0.5810648798942566,0.6008451419134381,0.5417206402871981
0,0.5611357110526041,0.41658350825309753,0.36383749109644414,0.5212097011173596,0.3754847049713135,0.5494359731674194,0.5651726126670837,0.6231537461280823,0.5433915408014837,0.49710322585999034
1,0.5544241984921132,0.5585418343544006,0.5684553761845434,0.5533640209248156,0.4699289798736572,0.7583036422729492,0.5013114213943481,0.5992692708969116,0.6137497780087314,0.5695048900632005
0,0.6036083769606782,0.5419883131980896,0.7029931886273334,0.5282638135182189,0.6540398597717285,0.7641334533691406,0.9397128224372864,0.6825463771820068,0.684419742613046,0.6755442524206989
0,0.5752487294048569,0.6213021278381348,0.5847865235661454,0.6064587002137286,0.5881602168083191,0.7082192301750183,0.6155316233634949,0.5565004944801331,0.6551850320243566,0.6066290373442955
0,0.2883899774112662,0.1783047318458557,0.24332046303330657,0.1455569905443525,0.11155752092599869,0.0402006134390831,0.09469987452030182,0.08682706952095032,0.2425181422389063,0.14908848355263424
0,0.5482635158223228,0.5615623593330383,0.43339113911760596,0.5403497550783636,0.45375311374664307,0.6825624704360962,0.5332052707672119,0.5810648798942566,0.6008451419134381,0.5417206402871981
0,0.28480175135590313,0.22598250210285187,0.06311923349277723,0.1823780721443973,0.23720146715641022,0.26001444458961487,0.07878513634204865,0.313223272562027,0.2552580423819768,0.20670423395183846
0,0.47953542423796314,0.5107998847961426,0.3219539561237541,0.4184445604437898,0.4360748529434204,0.4236632287502289,0.38341984152793884,0.49094924330711365,0.5190958986556499,0.4342371306629217
0,0.4476469602650405,0.37039440870285034,0.14962292501162608,0.2724062096924933,0.33298546075820923,0.2683986723423004,0.3361281752586365,0.44604381918907166,0.4200616526936169,0.3296519157852643
1,0.2392658322200316,0.18760335445404053,0.04528435758512467,0.1668753322551498,0.11344816535711288,0.10100448131561279,0.17233556509017944,0.3402741253376007,0.23525205313265793,0.17192526438489672
0,0.44040789950956166,0.3129953444004059,0.14261950385603278,0.259378437057565,0.43869489431381226,0.6357145309448242,0.40468165278434753,0.5242799520492554,0.39886777977596527,0.39496764668809603
0,0.4880214868575591,0.5658847689628601,0.8871437567866016,0.6927975855711467,0.6729909181594849,0.6044955849647522,0.26520219445228577,0.3951719403266907,0.5745336888765629,0.5699052406294604
1,0.4710902667734265,0.21073676645755768,0.04787064046717793,0.3748321370305627,0.304786741733551,0.003082625102251768,0.3391185700893402,0.27193698287010193,0.33428855493381415,0.2554972829541172
0,0.7475394958873686,0.912517249584198,0.969177498870652,0.9365893035560287,0.8740613460540771,0.9009038209915161,0.8630412220954895,0.8994064927101135,0.8628311785041377,0.8871576934554922
0,0.28263144642195476,0.23673951625823975,0.06516573835723413,0.24460419725248178,0.36463525891304016,0.022559484466910362,0.26376721262931824,0.29916611313819885,0.2700213697972954,0.22447537834811643
1,0.7654789192883851,0.6924315094947815,0.4498777981753283,0.6995094216461384,0.768477201461792,0.8409448266029358,0.5720873475074768,0.5796511769294739,0.7406068388208518,0.6720536697800972
1,0.5583957536247676,0.5918214321136475,0.39923225689643066,0.4998534263537002,0.5927388668060303,0.2738071084022522,0.5743406414985657,0.5267136693000793,0.6191083176930999,0.5041937961836813
0,0.4463014932801997,0.41049736738204956,0.3998355993468748,0.40686291352342147,0.4779057502746582,0.5388820767402649,0.3004375696182251,0.5002977848052979,0.457077707945991,0.43501908970326963
0,0.5427823442921995,0.5752864480018616,0.4681657944922252,0.5274964795731313,0.5223577618598938,0.38104692101478577,0.5105787515640259,0.42535656690597534,0.5947771979404424,0.49522896166737923
0,0.4981616068136722,0.33236706256866455,0.19874190046300574,0.27791157595342963,0.4576041102409363,0.2539238929748535,0.35803475975990295,0.44217032194137573,0.4322910450194389,0.3540528056235094
0,0.4045921549543044,0.2096351981163025,0.30807679005624494,0.19983180512547793,0.331876665353775,0.1430753618478775,0.3814567029476166,0.44942107796669006,0.3540975698026309,0.30402619517250884
0,0.6276730886603271,0.7518033385276794,0.94838226013526,0.7595691058466998,0.5327894687652588,0.8905296921730042,0.5733351111412048,0.5797700881958008,0.751408327919829,0.7058011282184714
0,0.48954033013013,0.502789318561554,0.4991310291595888,0.5107747461472258,0.6040271520614624,0.5526944994926453,0.5776546597480774,0.5727483630180359,0.5582757608628759,0.5385805033615501
0,0.15955683392309308,0.10955094546079636,0.10277512456136675,0.13410433274294808,0.2026364654302597,0.1610890030860901,0.12364046275615692,0.09932493418455124,0.17259884867587943,0.13670578337907474
0,0.5427823442921995,0.5752864480018616,0.4681657944922252,0.5274964795731313,0.5223577618598938,0.38104692101478577,0.5105787515640259,0.42535656690597534,0.5947771979404424,0.49522896166737923
0,0.3498218210676645,0.39016643166542053,0.08817821541219775,0.2668509738692983,0.4136653244495392,0.20992141962051392,0.17347843945026398,0.28089505434036255,0.3489411982009015,0.2738451591246524
0,0.4582117545784662,0.47896498441696167,0.4195632003585576,0.6933756189153507,0.42923665046691895,0.09365914016962051,0.2751615345478058,0.38157838582992554,0.4775588721093444,0.4056496929835454
0,0.6058365077966972,0.6801205277442932,0.6728986731168445,0.6968327393124579,0.7710016965866089,0.7655600905418396,0.6281988620758057,0.757149875164032,0.7131675216542543,0.6969028150856117
1,0.42356945447022215,0.32549402117729187,0.06947750193712691,0.22971667850880073,0.29917046427726746,0.48289674520492554,0.1826595664024353,0.3986426293849945,0.36249233720835256,0.3024549530748337
0,0.5419530370564353,0.4951731860637665,0.28064266906622604,0.2485356729378204,0.5164250135421753,0.387345552444458,0.5268324613571167,0.416008859872818,0.5490229717025219,0.4281157627338658
0,0.44040789950956166,0.3129953444004059,0.14261950385603278,0.259378437057565,0.43869489431381226,0.6357145309448242,0.40468165278434753,0.5242799520492554,0.39886777977596527,0.39496764668809603
0,0.47728182444630507,0.3302816152572632,0.22074849499900392,0.2722565061226754,0.44909241795539856,0.20341984927654266,0.42696917057037354,0.4427621066570282,0.4308676150661866,0.35448577025497496
1,0.537247475167581,0.5577523708343506,0.5544970049697997,0.5481862058996323,0.47071006894111633,0.6023560166358948,0.4919021427631378,0.46202921867370605,0.5921693226411556,0.5277264056691493
0,0.5711477665996356,0.6388416290283203,0.5118563859928322,0.5064798421577851,0.6816607117652893,0.5929877758026123,0.6236420273780823,0.6733797192573547,0.6688824584208926,0.6006500756618562
1,0.5237848628869701,0.5157462954521179,0.868110667210076,0.6048355214074683,0.5958365797996521,0.5188421010971069,0.517126202583313,0.4974868893623352,0.6033306591036528,0.5786557491977242
1,0.44853625932299906,0.2820253074169159,0.15655537771043493,0.3717344444572061,0.38817861676216125,0.42519816756248474,0.28204110264778137,0.3846549391746521,0.3655620494753889,0.3431677601796499
0,0.2806996930621387,0.025470035150647163,0.002593542054989545,0.028967808534758464,0.05879691243171692,0.07432909309864044,0.008111907169222832,0.08099035918712616,0.1739060806280942,0.07078145331804125
0,0.5732002705305476,0.16228117048740387,0.6309789888796853,0.2542132581261667,0.38300520181655884,0.1870471090078354,0.49029624462127686,0.5271320343017578,0.45830716987681536,0.40013436976089234
0,0.5427823442921995,0.5752864480018616,0.4681657944922252,0.5274964795731313,0.5223577618598938,0.38104692101478577,0.5105787515640259,0.42535656690597534,0.5947771979404424,0.49522896166737923
0,0.1946850048605132,0.13591396808624268,0.053035262715929524,0.19603576805292128,0.25521907210350037,0.5322348475456238,0.2808101773262024,0.18524253368377686,0.19606612288766298,0.2282438130484015
0,0.5204357696872958,0.5882295966148376,0.5331864452838643,0.5400736182950441,0.622234582901001,0.6293683052062988,0.5532462000846863,0.6243273019790649,0.6154737401377202,0.5763708931234743
0,0.5482635158223228,0.5615623593330383,0.43339113911760596,0.5403497550783636,0.45375311374664307,0.6825624704360962,0.5332052707672119,0.5810648798942566,0.6008451419134381,0.5417206402871981
0,0.5748019249154277,0.7339823842048645,0.7148526438751729,0.7906400662714804,0.504790186882019,0.7618247866630554,0.6142688393592834,0.6165382266044617,0.7114091851966371,0.6631626104285351
0,0.272868111590141,0.21529348194599152,0.09681960565924522,0.2658053268797988,0.36874693632125854,0.030829720199108124,0.20097190141677856,0.41338416934013367,0.2649670880634635,0.2349710322044611
0,0.4320153886779379,0.21250467002391815,0.221727528867181,0.1879870168087499,0.16828003525733948,0.5929785370826721,0.1445685625076294,0.29185524582862854,0.32202548899696576,0.2805878009966046
0,0.6028168165285617,0.6205158233642578,0.5963731228429978,0.6094357719500562,0.6425751447677612,0.8710829615592957,0.5711147785186768,0.6270116567611694,0.6682658901349268,0.6417466826779161
0,0.5289328954677994,0.3364458978176117,0.489740255279982,0.12960551100212475,0.30848899483680725,0.6623523831367493,0.5064902305603027,0.5622169971466064,0.5070826491636021,0.4388694510384523
0,0.10526037537802972,0.013669932261109352,0.0017579661722717727,0.026887764222393994,0.01600613445043564,0.02511168271303177,0.04726700484752655,0.07038110494613647,0.12964737774089324,0.03858882288468948
0,0.5613391672047068,0.6912681460380554,0.5383832011234876,0.6777210963226312,0.7254648208618164,0.6236871480941772,0.713805615901947,0.6655310988426208,0.688579958343673,0.6502997439402567
0,0.5204357696872958,0.5882295966148376,0.5331864452838643,0.5400736182950441,0.622234582901001,0.6293683052062988,0.5532462000846863,0.6243273019790649,0.6154737401377202,0.5763708931234743
0,0.44040789950956166,0.3129953444004059,0.14261950385603278,0.259378437057565,0.43869489431381226,0.6357145309448242,0.40468165278434753,0.5242799520492554,0.39886777977596527,0.39496764668809603
0,0.30223330633911344,0.06235472485423088,0.0026316194705856572,0.03511469859129403,0.13372819125652313,0.0960383266210556,0.03409889340400696,0.12528379261493683,0.19383061919651928,0.09998083443696305
1,0.5363016630746934,0.43872565031051636,0.4283589764565353,0.27400123429413903,0.4060530960559845,0.5628644227981567,0.517103374004364,0.5547992587089539,0.5466547806843346,0.4644846845967744
0,0.5277793395799057,0.5127294063568115,0.5451087262685499,0.5333474611991781,0.5525830984115601,0.44582778215408325,0.5177595615386963,0.45713865756988525,0.5699968890669448,0.5117335976303677
0,0.47223967506929226,0.21246391534805298,0.3476240357769613,0.3244677539563783,0.19273053109645844,0.362262487411499,0.11865946650505066,0.3142387270927429,0.3490520567219734,0.2927485814300459
0,0.520754932924255,0.551694929599762,0.5552535205000176,0.5427461006797554,0.593845009803772,0.7137219905853271,0.5208014249801636,0.6198703646659851,0.5975389241625165,0.5766946558593251
0,0.4406510920096065,0.3863016366958618,0.23065703547055227,0.30656199127349276,0.40219730138778687,0.5052080750465393,0.2491684854030609,0.3310345709323883,0.40904842634897065,0.35701257949803167
0,0.25644510253462177,0.12349995225667953,0.18579196208898122,0.0863754525617681,0.07012008875608444,0.072440966963768,0.04215281084179878,0.1755812019109726,0.21382185725067238,0.12684901940445617
0,0.1791344877344926,0.13359229266643524,0.1420277471554825,0.1602008098820985,0.2576562166213989,0.06670138239860535,0.06439104676246643,0.19714516401290894,0.18983858467968315,0.15077843277207673
0,0.5465453695670542,0.5610090494155884,0.5981373596275269,0.5029746521653768,0.6310790181159973,0.6329052448272705,0.43515005707740784,0.5039400458335876,0.6017134891891883,0.5511264104178049
0,0.49703310230196107,0.731731116771698,0.500724768365388,0.6514299122014727,0.6586915254592896,0.823658287525177,0.6049607992172241,0.5709001421928406,0.6565226347099837,0.629830451832682
0,0.5583957536247676,0.5918214321136475,0.39923225689643066,0.4998534263537002,0.5927388668060303,0.2738071084022522,0.5743406414985657,0.5267136693000793,0.6191083176930999,0.5041937961836813
0,0.38299528376941816,0.11470162868499756,0.007998284314787675,0.08928341764628651,0.19245874881744385,0.4858064353466034,0.17717261612415314,0.3106567859649658,0.25458935938188093,0.22012569440018623
0,0.520754932924255,0.551694929599762,0.5552535205000176,0.5427461006797554,0.593845009803772,0.7137219905853271,0.5208014249801636,0.6198703646659851,0.5975389241625165,0.5766946558593251
0,0.07968328504011345,0.0031598557252436876,0.001365383436178513,0.004470260118733474,0.003787742229178548,0.0005615429836325347,0.0239170603454113,0.041979506611824036,0.1204969094504998,0.020118278755740827
1,0.5024791902043164,0.5547160506248474,0.6909446634656073,0.580951570757506,0.6346026062965393,0.6940192580223083,0.6240153908729553,0.47332194447517395,0.5979243850650748,0.593029592459664
1,0.48930929839663106,0.5388057231903076,0.6678200711576152,0.6324340596165275,0.6195181012153625,0.5642892718315125,0.454898476600647,0.5323402881622314,0.5728866295464643,0.5617809241691678
0,0.5213284298721991,0.556982159614563,0.5300132271176654,0.5505931653885482,0.564626157283783,0.7081326842308044,0.5341765284538269,0.564873993396759,0.5934036959988548,0.565788379288884
0,0.4494427744746489,0.27931341528892517,0.11714865956292854,0.17902180377248636,0.5883407592773438,0.2894027829170227,0.5021488666534424,0.46375730633735657,0.3940328472967198,0.36019569630178483
0,0.5427823442921995,0.5752864480018616,0.4681657944922252,0.5274964795731313,0.5223577618598938,0.38104692101478577,0.5105787515640259,0.42535656690597534,0.5947771979404424,0.49522896166737923
0,0.4337358233981076,0.26573285460472107,0.19839431810431848,0.21310925443103246,0.35643085837364197,0.3596642017364502,0.2505080997943878,0.3134349286556244,0.3536171875668138,0.29949986470910384
0,0.5990238399394553,0.6518442034721375,0.6975715896821175,0.6217463201352066,0.6392008066177368,0.6634687185287476,0.5846121311187744,0.580740213394165,0.6878787295140091,0.629337297837593
1,0.7014763173755663,0.8660703897476196,0.8872139498377027,0.8660693403926911,0.8976519107818604,0.9161746501922607,0.8834688067436218,0.7955463528633118,0.8325241495144369,0.8509057997752509
0,0.5227708360903641,0.5671191811561584,0.334086519728352,0.5366123015965107,0.4942231774330139,0.45136988162994385,0.5122291445732117,0.4010176360607147,0.564347820801822,0.4787483617547441
0,0.565196854437458,0.360400915145874,0.18778842155259973,0.32640028801725757,0.5243655443191528,0.5834451913833618,0.3957706093788147,0.5433849096298218,0.4829721156420945,0.43672131812722625
0,0.5918012469594431,0.6677243113517761,0.693184868959167,0.6299095214322589,0.6956635117530823,0.7595897316932678,0.7859083414077759,0.6437753438949585,0.7096852353965879,0.6826304814537869
1,0.5277793395799057,0.5127294063568115,0.5451087262685499,0.5333474611991781,0.5525830984115601,0.44582778215408325,0.5177595615386963,0.45713865756988525,0.5699968890669448,0.5117335976303677
0,0.48147071989544243,0.31231489777565,0.377162003732363,0.3035071006178529,0.5859706997871399,0.2441745549440384,0.45073676109313965,0.4834519028663635,0.44465481135382284,0.40571730017203395
0,0.08216921673642506,0.03474343568086624,0.0034936601970565577,0.038078674281991284,0.0637037456035614,0.023496653884649277,0.05652599781751633,0.12623734772205353,0.1317090108227124,0.053971581993187204
0,0.09026248787552626,0.027747998014092445,0.004876465518432427,0.05317635245261358,0.004704135470092297,0.00951143354177475,0.001233905553817749,0.013915170915424824,0.12483492981340481,0.026044438081972245
0,0.09582547377677426,0.03440745547413826,0.0013620154648875578,0.027410497907106923,0.14493195712566376,0.002427176106721163,0.054705530405044556,0.025021547451615334,0.1298712337054111,0.04889434028746187
0,0.28973790951161016,0.07602833956480026,0.023503409092322805,0.11020931041895148,0.15617667138576508,0.012584132142364979,0.14462125301361084,0.262280136346817,0.20943715876474275,0.13572713159375038
0,0.5213272979436337,0.09067847579717636,0.14939272042602314,0.07092182015445304,0.1343020796775818,0.2676270306110382,0.33458834886550903,0.38417401909828186,0.3340134523281201,0.24441122737352627
1,0.4598597834910899,0.17265425622463226,0.1782448371325381,0.31888431285566604,0.36630743741989136,0.38508614897727966,0.15092897415161133,0.3422507345676422,0.31492368245300345,0.2972371467410804
0,0.5053549393069287,0.0933733582496643,0.06299691531900956,0.22598897228446732,0.30243799090385437,0.5675351619720459,0.15942232310771942,0.48734942078590393,0.3059554700713325,0.3005618427339593
0,0.389850500529815,0.3128437399864197,0.08116196273682848,0.23973827389398913,0.3542425334453583,0.014806845225393772,0.26616567373275757,0.18909625709056854,0.3359824074244593,0.23358777845095674
0,0.5660771853998654,0.25926339626312256,0.12135412695384387,0.4226707321286004,0.5755521655082703,0.8057045936584473,0.42466017603874207,0.6967518329620361,0.4404252992428979,0.4840461143595969
0,0.0938064238716347,0.04777660593390465,0.008271714982846996,0.02658787560117563,0.0652480199933052,0.00926561001688242,0.03346002846956253,0.05582636967301369,0.1334012916328708,0.04305646264616473
0,0.39661663008710485,0.7931166887283325,0.9257733637798844,0.7141145673067668,0.7422724366188049,0.5729552507400513,0.3747550845146179,0.7045838832855225,0.6734489825157358,0.6522758211615101
0,0.6826244870798367,0.8275749683380127,0.9285923553316581,0.8088097720378846,0.9064553380012512,0.8167283535003662,0.9403387904167175,0.8759766221046448,0.8291663497064155,0.8475374766450483
0,0.310919344035053,0.18284769356250763,0.1304151796618189,0.27997678341221244,0.29995447397232056,0.5780802965164185,0.24545209109783173,0.12002778053283691,0.24564850921304504,0.26765283000384754
0,0.22527262015179148,0.07543645799160004,0.06663779245368674,0.19196286261245096,0.12314708530902863,0.048654649406671524,0.08941885828971863,0.1764557957649231,0.18207369350478037,0.12539016555617777
0,0.31603552436427923,0.1479099690914154,0.03777660870045768,0.12582600135141872,0.17085000872612,0.1034558042883873,0.08068396896123886,0.21638290584087372,0.23389151732010477,0.1512176775566707
0,0.06014535455397007,0.012790453620254993,0.0010547570971210548,0.0126120191311904,0.05623940750956535,0.00030309331486932933,0.07267951220273972,0.016335437074303627,0.11888311783486473,0.029290637302558986
0,0.14709591043214396,0.06105777993798256,0.042775311214044875,0.058607378316569196,0.12822943925857544,0.0540071465075016,0.05048535019159317,0.05919252336025238,0.15050268482981002,0.07567782176923284
0,0.16987243949394024,0.08365404605865479,0.018344000138731418,0.09024754177631718,0.11868883669376373,0.3000125586986542,0.16322721540927887,0.19281859695911407,0.1710364488883985,0.1418566040751201
0,0.22527262015179148,0.07543645799160004,0.06663779245368674,0.19196286261245096,0.12314708530902863,0.048654649406671524,0.08941885828971863,0.1764557957649231,0.18207369350478037,0.12539016555617777
0,0.148595790652488,0.024895671755075455,0.0003899276781278569,0.026264218313968954,0.03489051014184952,0.12099418044090271,0.0027532721869647503,0.02689777873456478,0.13715545560346015,0.048354984687782404
0,0.14201275678991312,0.08375950157642365,0.025879648475804852,0.13725494451589065,0.2150391787290573,0.0078109134919941425,0.12832900881767273,0.17075982689857483,0.16175147565049267,0.11486163378936906
0,0.2775372458342843,0.08675479143857956,0.014092640852053638,0.08031255295726367,0.23276136815547943,0.2807888686656952,0.03538600727915764,0.2307509183883667,0.19796158896048602,0.15529933652152722
0,0.15153499046582722,0.036952387541532516,0.0018509620776377932,0.07015674764194635,0.01761196181178093,0.020219283178448677,0.0072148446924984455,0.05266384035348892,0.14189848382253464,0.045379676053297846
0,0.1584370154959923,0.1498728096485138,0.09048928732159106,0.11339209596460982,0.11686751246452332,0.03208520635962486,0.05030427873134613,0.059280384331941605,0.1780255863098003,0.09711304538938727
0,0.14515080784053228,0.05099748075008392,0.010341625037824362,0.05306991804737621,0.19086788594722748,0.08198250085115433,0.08556032180786133,0.02229045145213604,0.14532302081897988,0.08057731716221295
0,0.27663414226688987,0.23045706748962402,0.6969970967263259,0.3695069466565602,0.11870383471250534,0.301092267036438,0.05202740430831909,0.17742401361465454,0.29004329577062066,0.27542283900420683
0,0.1166913729232384,0.1301134079694748,0.011617369846663336,0.09239926668503289,0.06481233984231949,0.021630384027957916,0.0333644263446331,0.043850064277648926,0.1560482354561437,0.06521487705670326
0,0.22649710901335754,0.16297994554042816,0.04807163385412248,0.12950240525250012,0.3613489866256714,0.016672980040311813,0.1547292023897171,0.4436725676059723,0.2295812028937411,0.1947340412832375
0,0.44752123742381855,0.5421469807624817,0.16924550049910242,0.3956284052829543,0.6241914629936218,0.5081334710121155,0.6755243539810181,0.5563347935676575,0.5329521444352486,0.49148783214114977
0,0.27797271665913964,0.1961745023727417,0.37341244919897243,0.25366742964483996,0.31461578607559204,0.3644056022167206,0.2886720299720764,0.18705876171588898,0.2691988414328533,0.2808223817765717
0,0.5529552768493398,0.33229655027389526,0.4385564817773973,0.3057247360837291,0.6179206967353821,0.6119046211242676,0.33049291372299194,0.4775651693344116,0.47838549386738916,0.4579677472456174
0,0.4335451650500902,0.0244757030159235,0.033705661314049326,0.044434547259523643,0.08483067899942398,0.10413185507059097,0.005242428742349148,0.06529886275529861,0.2201953241879468,0.10047407932610158
0,0.39360856743094635,0.04258527234196663,0.05963383655628055,0.058590803295096826,0.07804962992668152,0.20690926909446716,0.012353193014860153,0.05883867293596268,0.21356128142001699,0.11423635430037359
0,0.9040805762710779,0.969096302986145,0.9766530340012668,0.9607087826306121,0.9741361737251282,0.9775786399841309,0.9953887462615967,0.9491887092590332,0.9093482923362686,0.9630570460422889
1,0.8803230511878932,0.9210123419761658,0.9839097725803261,0.9394042672128528,0.963524580001831,0.9069843888282776,0.9906181693077087,0.9169464111328125,0.8971662386530691,0.9374766956496493
1,0.8683356382193506,0.8993265628814697,0.9437210549002193,0.842878482608505,0.9450701475143433,0.9666852951049805,0.7959858775138855,0.8554934859275818,0.8811169083345716,0.8892254282142724
1,0.9032616120428439,0.9450773000717163,0.9590795233250061,0.9422521276532588,0.9544916152954102,0.9667656421661377,0.9731850624084473,0.9871360063552856,0.9057614881683052,0.9536316399921534
0,0.36191316349451397,0.12101554870605469,0.04725339908172826,0.16025711905737472,0.4172036945819855,0.5033670663833618,0.3341943025588989,0.19878146052360535,0.2510631023231634,0.26789085849810634
1,0.1911852354239501,0.017421772703528404,0.01461324706677135,0.024079307250264755,0.039835866540670395,0.005154999438673258,0.007804456166923046,0.00954252015799284,0.14628428206678035,0.03933909945144962
0,0.18122833583539372,0.04078497365117073,0.005953784095583724,0.03937489510383652,0.06306518614292145,0.0048229587264359,0.08382424712181091,0.039208631962537766,0.15352162436824032,0.05802199047117941
0,0.14996917973187598,0.03154776245355606,0.008361371212663563,0.03678568896125413,0.10176553577184677,0.053054891526699066,0.03236033394932747,0.04853634908795357,0.1416612114875488,0.05830783275341979
1,0.3554323014978722,0.36116111278533936,0.02241198616575063,0.19463456653967268,0.2523607909679413,0.3948930501937866,0.10516291856765747,0.543053150177002,0.3524075574905081,0.2802221060077604
0,0.1766781010782341,0.019795894622802734,0.007184391964904878,0.029881217081566373,0.03639513999223709,0.0137688759714365,0.08917757868766785,0.3462297022342682,0.16409367185517484,0.09057457757707256
0,0.16459450322194086,0.04934760928153992,0.00392692896040866,0.013435124188415928,0.13782662153244019,0.07062575221061707,0.011557185091078281,0.03747362270951271,0.14773301819736193,0.06174313041970468
0,0.37669971087677345,0.05833274498581886,0.025062280794483867,0.05817327339517619,0.09420511871576309,0.4338083267211914,0.0365169420838356,0.177389457821846,0.21797217356333334,0.15726887530176936
0,0.37669971087677345,0.05833274498581886,0.025062280794483867,0.05817327339517619,0.09420511871576309,0.4338083267211914,0.0365169420838356,0.177389457821846,0.21797217356333334,0.15726887530176936
0,0.13230114612497632,0.02636309340596199,0.006923454561846821,0.033589890563289364,0.05540173873305321,0.006022928282618523,0.07328452169895172,0.13698585331439972,0.14289396627688528,0.05941886437445537
0,0.345863021917006,0.38393697142601013,0.4545963771910596,0.42854561213155956,0.451442152261734,0.5278048515319824,0.6141633987426758,0.2805244028568268,0.4090254229346917,0.4346879132251207
0,0.4077701972908163,0.07126965373754501,0.011898663202427719,0.027697584038542993,0.32069331407546997,0.1754046380519867,0.41971278190612793,0.3335392475128174,0.27127958812324177,0.22209057418923267
0,0.23452805270050164,0.11701347678899765,0.023241174036663613,0.11568376518312823,0.1750633865594864,0.22662067413330078,0.06115518510341644,0.20100443065166473,0.19386837226609066,0.14484745954377748
0,0.34234307774453543,0.45054173469543457,0.1120848289424267,0.20147796022191578,0.3651989996433258,0.36407750844955444,0.3498271703720093,0.31321799755096436,0.3929064138664753,0.3138174140080377
1,0.30266792881930504,0.26079222559928894,0.009331454598428084,0.2104673167256302,0.25683680176734924,0.3002098500728607,0.3135431110858917,0.41485846042633057,0.2938809822907836,0.25979241333888825
0,0.6195625828447867,0.7320087552070618,0.9039058895791698,0.703550107481652,0.8044427037239075,0.5897029638290405,0.5773592591285706,0.5201716423034668,0.7364426515588376,0.6808708100386993
0,0.3040523151933376,0.19577249884605408,0.09741390623009666,0.19890862555565522,0.20927421748638153,0.33840659260749817,0.07434770464897156,0.31220993399620056,0.25297320136177665,0.2167212676938458
0,0.3732894198429469,0.11805374175310135,0.006771962232340976,0.1255840334655134,0.20710615813732147,0.3341653048992157,0.08317586779594421,0.3150327503681183,0.24643494077969855,0.19611816419729927
0,0.27185928560131106,0.12585757672786713,0.005557679461997882,0.09324610183533083,0.255695641040802,0.03526783362030983,0.2507645785808563,0.25210538506507874,0.22355259642550762,0.16284153753592856
0,0.2993024866263788,0.22758787870407104,0.30190999939626634,0.297290859338654,0.38324159383773804,0.3258619010448456,0.24564394354820251,0.3641115725040436,0.2928377773109717,0.30540396157773986
0,0.30871250406166284,0.04722243547439575,0.22685490375292647,0.03866072871142355,0.09453033655881882,0.08522851765155792,0.05701277405023575,0.20122483372688293,0.21344913934178716,0.13232351718630586
0,0.5074361677309598,0.18456308543682098,0.2192279700261411,0.2737301509104975,0.32835274934768677,0.1984415203332901,0.2879452109336853,0.34995120763778687,0.3598913664517004,0.2947149960240028
0,0.3411460526823887,0.3543432652950287,0.43050492471566676,0.3665672508773093,0.40260037779808044,0.2638302743434906,0.3529464900493622,0.3525857925415039,0.3814222941828721,0.3581006753355721
0,0.23208964577407198,0.09524112194776535,0.09436866960701877,0.11498113445094289,0.10999658703804016,0.21407929062843323,0.07487577199935913,0.20356561243534088,0.19296411492129373,0.14244020153368014
0,0.5148333816939418,0.5441167950630188,0.3790806136132122,0.5529594200495334,0.4881475567817688,0.5427958369255066,0.466623991727829,0.5152866244316101,0.5603262267067991,0.5011776582262673
0,0.2060622994566234,0.04897338151931763,0.004639167156901105,0.045561630177184224,0.016186174005270004,0.03890848159790039,0.013357586227357388,0.05092565342783928,0.15886299133477352,0.05378997973750285
1,0.4346866607619757,0.8666199445724487,0.0055288442120261985,0.8089797221065554,0.8069605231285095,0.740674614906311,0.4156914949417114,0.49042969942092896,0.6082841499770133,0.5747397888276269
0,0.4892566195099545,0.14402718842029572,0.7406348494464506,0.14690445225944634,0.1483461558818817,0.4061523973941803,0.0746818333864212,0.3774012625217438,0.3746985373783246,0.31315646961522847
0,0.2893581243075043,0.2494768500328064,0.2985035017554929,0.3077999902175455,0.44378232955932617,0.40534985065460205,0.4089761972427368,0.3490741550922394,0.3065814459391288,0.34353460739579755
0,0.24081470646530104,0.17832139134407043,0.019904540169061735,0.08486225772396773,0.2644847333431244,0.15083473920822144,0.16516098380088806,0.28600403666496277,0.2274166150909502,0.17504368428011494
0,0.4911434461252609,0.3567131459712982,0.19730679285404024,0.3121372200173437,0.370901882648468,0.5375985503196716,0.25162962079048157,0.3407076597213745,0.41651789977246584,0.3578196509962589
1,0.5327557229316175,0.6375998258590698,0.4974469852897349,0.28157379103577135,0.8192279934883118,0.6383152604103088,0.5624178647994995,0.6409127116203308,0.6488129077606835,0.5768690544521125
0,0.47002579918369586,0.2878703773021698,0.09614448660076207,0.3090958248185025,0.5366379618644714,0.5729064345359802,0.5708171129226685,0.4224458932876587,0.39928051130702624,0.4088113288450159
0,0.5051730661657319,0.11172548681497574,0.15285571747553434,0.23253616249329595,0.25403928756713867,0.004025195725262165,0.42354920506477356,0.49492502212524414,0.34992288112218056,0.2739633164734103
0,0.6118896009689339,0.716568648815155,0.7021258977991898,0.7455478177104979,0.7316586375236511,0.8403591513633728,0.6353563070297241,0.5989165306091309,0.717531553122361,0.6971096483227728
0,0.44138191522836917,0.5435552000999451,0.4287488463076619,0.3181174554419658,0.5330142378807068,0.373810350894928,0.4075419008731842,0.4308946132659912,0.5274447598627193,0.4355332826767411
0,0.4115201906625955,0.44060155749320984,0.52007307996405,0.5120301340151442,0.5067979097366333,0.5390114188194275,0.5307784676551819,0.5604732632637024,0.48974411681636143,0.5018967943406036
0,0.35744084556924494,0.041661668568849564,0.020761323930827823,0.05552364907345106,0.04713262617588043,0.442599892616272,0.003024703124538064,0.05766475573182106,0.19686495267567428,0.1277223703428732
0,0.5013046235918629,0.7696428298950195,0.5686310811451664,0.6327938801188442,0.6985820531845093,0.6305354237556458,0.7778695821762085,0.6503823399543762,0.7029654653658263,0.6542200784404438
0,0.20925850517961983,0.016875969246029854,0.001201037675542854,0.030156666945493283,0.06396500766277313,0.022098826244473457,0.06705860048532486,0.10693565756082535,0.15731374278554913,0.06541304722501536
1,0.45096943353423136,0.621333658695221,0.5751916735300636,0.6101903664934576,0.6596630811691284,0.5195841789245605,0.5020109415054321,0.48309147357940674,0.5830418236240158,0.5529756688632166
0,0.42093714330186993,0.22585251927375793,0.43793287945517184,0.14215005313310192,0.4343438148498535,0.6477522253990173,0.20169079303741455,0.3749936521053314,0.35492665016045855,0.35894620079258877
0,0.23278445077252422,0.06984233856201172,0.041221888976867904,0.07340105370497818,0.19414587318897247,0.24816346168518066,0.31434178352355957,0.24460208415985107,0.19859676318429312,0.17729472454731554
0,0.6031695881165887,0.7136528491973877,0.7410748005504256,0.7257425394051117,0.7303515672683716,0.8573412895202637,0.8168677091598511,0.7604338526725769,0.7425063949435955,0.7424902895374945
0,0.48325401727842177,0.7011229991912842,0.6988755832874732,0.6804801171723215,0.646509051322937,0.7144872546195984,0.5609941482543945,0.5464811325073242,0.6515425679600035,0.6282767820892562
0,0.5875107330162797,0.9684338569641113,0.9001622839707976,0.918626519266922,0.7959116697311401,0.7944555282592773,0.6076817512512207,0.5683992505073547,0.800864577045929,0.767364195193825
1,0.593649743262813,0.7777756452560425,0.8082587639527772,0.7712322965061381,0.607634425163269,0.8454923629760742,0.6865942478179932,0.6533283591270447,0.7496677234975215,0.7167563030471321
0,0.38106743441564606,0.5616859793663025,0.6781994822527763,0.5422281671229816,0.4311375617980957,0.5164556503295898,0.25908756256103516,0.34551990032196045,0.5023409033630398,0.46343224698763463
0,0.40084634502720173,0.4591188430786133,0.08558624722317644,0.4376585474482984,0.5061846971511841,0.5449942946434021,0.4830087423324585,0.49271032214164734,0.43829045896657653,0.4276408648783381
0,0.47780872236214444,0.640060544013977,0.6652916109197564,0.6002466646651654,0.6547248363494873,0.6857036352157593,0.41711893677711487,0.5161681175231934,0.6074751848835496,0.5814882990708287
0,0.417764577757439,0.4833286702632904,0.4640927468389493,0.4457663575718148,0.3822300136089325,0.41545623540878296,0.2785494327545166,0.46818670630455017,0.47973156898868813,0.4195881253229987
0,0.6202430039501813,0.7217106223106384,0.6647891281541407,0.7363943185703823,0.7785605788230896,0.8257201313972473,0.6504519581794739,0.6226904988288879,0.7226021507965434,0.7022377879549416
1,0.30606194019195826,0.19513416290283203,0.17054170619870448,0.16188276168552584,0.40726563334465027,0.4880999028682709,0.3862246572971344,0.4860314428806305,0.29429089867352354,0.3247270017818938
1,0.3998478570133796,0.41661524772644043,0.15566818075668976,0.0765728976896388,0.5600123405456543,0.38895219564437866,0.5377620458602905,0.5891903042793274,0.45541209349786477,0.39199033636206004
1,0.6013829344786767,0.7478573322296143,0.7192296468058654,0.7766527771574272,0.8728212118148804,0.888670802116394,0.8511115312576294,0.7824175953865051,0.753473348392941,0.7792849865574634
0,0.5858836200708292,0.6468486189842224,0.5365872252909205,0.5137082133756208,0.6848326325416565,0.7349340915679932,0.6709515452384949,0.4601193964481354,0.663851861142386,0.6041321737812166
0,0.39335081047105186,0.2998778223991394,0.13648682838075138,0.30509461416355027,0.3363541066646576,0.48169198632240295,0.29002267122268677,0.23916594684123993,0.33644042433734705,0.31064999087158063
0,0.27876981380093363,0.24807137250900269,0.34110325664983837,0.28352837859853713,0.27105712890625,0.48864665627479553,0.2565380334854126,0.3048701584339142,0.29142566138803694,0.3078069673394196
1,0.23671020428222053,0.06842022389173508,0.0023829060812814136,0.14002924754869972,0.12563002109527588,0.10061246901750565,0.03290998935699463,0.11948007345199585,0.17378390928655102,0.10415578574752596
1,0.5658655950620807,0.8658435940742493,0.638508224948211,0.7931744951151138,0.6835700869560242,0.3860557973384857,0.624781608581543,0.7376866936683655,0.7618725019438296,0.663913242909614
0,0.33245638732507155,0.38365867733955383,0.19292895541495725,0.3379564954293112,0.4473147988319397,0.39417585730552673,0.35440966486930847,0.5308886766433716,0.3822270448267929,0.37264573838601245
0,0.3123445710274847,0.3765418231487274,0.1842704109760419,0.30373195335896513,0.3435918688774109,0.26180514693260193,0.19277456402778625,0.37318530678749084,0.3448103996231519,0.2948257795650452
0,0.5444186953961012,0.34610095620155334,0.1842276058670768,0.4379000999218074,0.5810654163360596,0.15610627830028534,0.5754013061523438,0.5543308854103088,0.4838654613153704,0.42492421156800375
0,0.25665040808587825,0.20336295664310455,0.3579233486275764,0.2448946470990796,0.15495933592319489,0.292978972196579,0.10021514445543289,0.2258957028388977,0.2543537674783932,0.2286896922134209
0,0.21124181795920954,0.18413680791854858,0.026269377951695285,0.25646287163111237,0.32098492980003357,0.14941684901714325,0.12118833512067795,0.13188576698303223,0.20233640371630607,0.1764825567059595
0,0.46760958325692054,0.5670602917671204,0.34777142831095204,0.5006109052533442,0.5696824193000793,0.5207211375236511,0.19525571167469025,0.5489126443862915,0.5257894434722344,0.46596973538647346
1,0.473430728440843,0.46922555565834045,0.18159142098926712,0.31626589560284785,0.5044375061988831,0.5542064309120178,0.5167766213417053,0.5505499839782715,0.5013556228402131,0.44688605712101626
0,0.5881752964937759,0.6559131145477295,0.6807691963573361,0.5999116980866032,0.6715329885482788,0.7292545437812805,0.566931426525116,0.6231160759925842,0.6855272474936029,0.6388929143230079
0,0.4619783137568929,0.3167428970336914,0.16565866899069837,0.30222055791433416,0.5024147629737854,0.5388903021812439,0.48154953122138977,0.31055524945259094,0.3981561605553166,0.38543347315410625
0,0.3412243185674421,0.47294989228248596,0.6362151184180119,0.452613876336156,0.4167511761188507,0.2054828256368637,0.3358553349971771,0.4424334764480591,0.46146719941819825,0.4128273467595048
0,0.32334090436866036,0.26204636693000793,0.39527928075631813,0.303686743918102,0.3675488531589508,0.4172210097312927,0.34514668583869934,0.4987911581993103,0.34382793559395247,0.36326204443133975
0,0.39116693067347263,0.26775455474853516,0.2433198394956335,0.19516559086592344,0.3870495855808258,0.3877325654029846,0.2931998372077942,0.32940441370010376,0.34531183769956725,0.31202962317207045
0,0.5614760296772296,0.6249340772628784,0.6614975988398156,0.6096496749939266,0.5934514403343201,0.6727254986763,0.6036298871040344,0.542392373085022,0.65623652114404,0.6080763540137002
0,0.2955553024109741,0.28840988874435425,0.07388567437494557,0.2757823769760071,0.3340160846710205,0.1643177568912506,0.33477336168289185,0.3612412214279175,0.3035884219890084,0.26763921803852486
0,0.23927817702939344,0.05401179939508438,0.053411873043608504,0.04427376862193634,0.07792119681835175,0.022649817168712616,0.24495333433151245,0.41978344321250916,0.20712179879255943,0.14526399468676637
0,0.38976548385476206,0.46144843101501465,0.5893434375502864,0.42576490050135524,0.4757489860057831,0.3165800869464874,0.33572110533714294,0.3761864900588989,0.4669103736512005,0.4211395101832749
0,0.2263415101089688,0.2504957318305969,0.23077241674257412,0.15806769097022597,0.22430618107318878,0.1120307520031929,0.2653047442436218,0.19990769028663635,0.2627726499089604,0.20886905529099936
0,0.21171785571353532,0.056089334189891815,0.004010945774243343,0.06927223706503327,0.0358973927795887,0.05415225401520729,0.03196517750620842,0.05838500335812569,0.16271211480946104,0.06591752383613617
1,0.5401991962263891,0.4048175513744354,0.23138608493921184,0.33169556166820807,0.40458691120147705,0.5864946842193604,0.39691048860549927,0.6320186853408813,0.5059715653980578,0.4416275772920355
1,0.5407405080371945,0.5328398942947388,0.4987109037827621,0.512423327215168,0.44047996401786804,0.8145790696144104,0.56281977891922,0.5404433012008667,0.5894587003845102,0.5542502872358619
0,0.2517202068417509,0.23282095789909363,0.08791842823037885,0.0988562785913499,0.32397884130477905,0.29483628273010254,0.12045378983020782,0.14775775372982025,0.23982496011618107,0.19546663130222114
0,0.33245638732507155,0.38365867733955383,0.19292895541495725,0.3379564954293112,0.4473147988319397,0.39417585730552673,0.35440966486930847,0.5308886766433716,0.3822270448267929,0.37264573838601245
0,0.39280138133936354,0.16657623648643494,0.009832489431593754,0.14137527563301375,0.37509387731552124,0.43971091508865356,0.33178332448005676,0.31146296858787537,0.2863313948397236,0.27168305233996726
0,0.2964707386929593,0.13111743330955505,0.010341844824601928,0.12029978472411132,0.04308394715189934,0.051386624574661255,0.22177867591381073,0.36900365352630615,0.2408428765027178,0.1567369875217428
0,0.4054576931135193,0.44168299436569214,0.4511177727382894,0.45130118400559377,0.47804689407348633,0.46546682715415955,0.36936068534851074,0.4202197790145874,0.4549341830579276,0.4351971671095819
0,0.5115290120206478,0.7504610419273376,0.6478827350555239,0.7827147771558636,0.715474009513855,0.817254364490509,0.7327548265457153,0.6004818081855774,0.6922126303039544,0.6942306541181708
0,0.41178064233737266,0.4572567939758301,0.4693652532540451,0.4582764067153465,0.47450244426727295,0.47815537452697754,0.3780750334262848,0.4319198429584503,0.4686712261702069,0.4447219691485391
1,0.812013832494441,0.9681313037872314,0.9540042484398747,0.9730795942019722,0.9402368664741516,0.9222201108932495,0.9962924122810364,0.9013623595237732,0.8909151547808764,0.9330991264096146
1,0.7292622807574807,0.7015672922134399,0.4671398880419904,0.3424740501836464,0.5812411904335022,0.3209046423435211,0.8315479159355164,0.5479411482810974,0.763424497035472,0.5675036951130694
1,0.40527070119928665,0.33234065771102905,0.2008740441737802,0.2235358557848689,0.4603010416030884,0.32352134585380554,0.2382556051015854,0.3509672284126282,0.3716479788341455,0.31804424105301177
0,0.3303382661070073,0.3086097836494446,0.011936750586572023,0.26073151347751294,0.3574981391429901,0.42831918597221375,0.22313237190246582,0.48164722323417664,0.31945012974463705,0.3015375212690581
0,0.630176268537741,0.7142167687416077,0.6187935737939414,0.751859234952603,0.8557738065719604,0.7833649516105652,0.8666588664054871,0.69930499792099,0.7404942559196943,0.7400566179481485
0,0.35406468575443634,0.45066753029823303,0.1421323933197385,0.4157894934842009,0.4734923839569092,0.37231525778770447,0.3837788999080658,0.4520743191242218,0.40895463710181273,0.38216553187009666
1,0.22146858467192276,0.14968569576740265,0.20734295775417294,0.1713747572352665,0.1694795936346054,0.19522230327129364,0.06269551068544388,0.12838520109653473,0.20668849375250942,0.16306557094077379
0,0.23251463944124498,0.16561919450759888,0.00774803228002588,0.08728800332102686,0.20539447665214539,0.20733337104320526,0.04290096089243889,0.2583959400653839,0.2101007683465513,0.1518971504796418
0,0.34575054053748694,0.12981538474559784,0.3189496069430017,0.12320993877138242,0.2158447653055191,0.3170798718929291,0.10327418893575668,0.329579621553421,0.2689867412912939,0.23466045772062027
0,0.411903340594484,0.4666495621204376,0.15441510262702124,0.16968234598681578,0.5072199702262878,0.2050577849149704,0.51594078540802,0.4705996513366699,0.4696180501144681,0.3650139214373629
0,0.6239007117523293,0.6912235021591187,0.6502772366387315,0.6245316873201535,0.6932805180549622,0.9153260588645935,0.8850784301757812,0.7582159042358398,0.7417954457802526,0.7291546878351739
0,0.4908040835463314,0.2909446358680725,0.3675708737254662,0.22092862493204415,0.4286425709724426,0.271974116563797,0.25767046213150024,0.5615702867507935,0.4327905039970357,0.3619222982054184
0,0.32887193651723384,0.20095497369766235,0.07113633793083068,0.2944695340884855,0.2936955988407135,0.28038138151168823,0.22566933929920197,0.37296584248542786,0.27441054761593286,0.259472880945442
0,0.3453726756935959,0.3593984842300415,0.05434709898877694,0.3168467214053622,0.41768980026245117,0.26875999569892883,0.4145679771900177,0.5523660182952881,0.3729327094284768,0.3431136747495148
0,0.4161692501302053,0.439595103263855,0.4564968103727304,0.45924649075944185,0.5732973217964172,0.5932082533836365,0.4339696764945984,0.5365644693374634,0.4743947820300639,0.4880701927979608
0,0.48640620376863963,0.6793299913406372,0.4986658496629791,0.5818076743380569,0.38090068101882935,0.33589601516723633,0.4586136043071747,0.5595133304595947,0.6260810774879316,0.49894883555592495
0,0.4030039605721863,0.3210332691669464,0.33040295639768363,0.2473086851675628,0.3835289180278778,0.18581339716911316,0.4171237051486969,0.5105229616165161,0.4107794117121916,0.3506665196446185
0,0.4787496645282259,0.6763706803321838,0.17360796143379845,0.5754847515372478,0.622635543346405,0.19855175912380219,0.5710912942886353,0.662025511264801,0.6074547257454463,0.49858058693295043
0,0.4094356752223923,0.411507248878479,0.44868603897166687,0.42517898001007726,0.513938307762146,0.422216534614563,0.42109617590904236,0.5331982970237732,0.45972131615955575,0.4481462193715855
0,0.34083888050329153,0.35665321350097656,0.38521726626594516,0.38558427997325107,0.4476723372936249,0.358835369348526,0.3432772755622864,0.39160820841789246,0.37839537383484506,0.37620230653739894
1,0.6082223052480761,0.9544774293899536,0.6113620402851949,0.9381888348804132,0.9169058203697205,0.8606911301612854,0.6685013175010681,0.8242574334144592,0.8013564699818956,0.7989707559852368
0,0.5139570525006361,0.44386836886405945,0.3533385216083725,0.3233474974033747,0.6091997623443604,0.6391410231590271,0.6594408750534058,0.6560612916946411,0.5486961775779996,0.5247903591752152
0,0.3324997918369044,0.41751551628112793,0.4561993673322231,0.39386861826540404,0.4888395667076111,0.5760037899017334,0.3179803490638733,0.36331412196159363,0.4007726576306617,0.41735877401234844
0,0.41178064233737266,0.4572567939758301,0.4693652532540451,0.4582764067153465,0.47450244426727295,0.47815537452697754,0.3780750334262848,0.4319198429584503,0.4686712261702069,0.4447219691485391
0,0.34535115491468,0.34968751668930054,0.358338894410203,0.350546662560126,0.41459763050079346,0.23191344738006592,0.2854662239551544,0.39895182847976685,0.37346971714482724,0.3424641145821731
1,0.6395552245836101,0.787312924861908,0.8670755003920811,0.7508552927348552,0.7539076209068298,0.7416009306907654,0.8230162262916565,0.6659138202667236,0.7835403882484443,0.752839939224154
0,0.4504496836987053,0.6876407861709595,0.5816622774315078,0.4947660408661014,0.7016710042953491,0.6252307295799255,0.7183877825737,0.5160697102546692,0.6371037359123791,0.5968743983297491
0,0.872644442491897,0.9328020811080933,0.9699109397689886,0.9249215002156689,0.8631985783576965,0.9350396394729614,0.8015139102935791,0.7651718258857727,0.8851750401289666,0.8826977606192613
0,0.37060080808204904,0.3281223177909851,0.22884390993723874,0.25151989242122225,0.20621997117996216,0.012299018912017345,0.08895532041788101,0.11810942739248276,0.32842717923986453,0.20236270921303331
0,0.3747843475588876,0.44013792276382446,0.3975211929026025,0.42250639464399287,0.5723167657852173,0.3498033881187439,0.40161818265914917,0.48664411902427673,0.44515562553374133,0.43130817689612044
0,0.4605002120936792,0.6803354620933533,0.5117114950923275,0.4408842390671871,0.5548623204231262,0.33902373909950256,0.3918898105621338,0.6149056553840637,0.6195060010788963,0.5007318854127831
0,0.17817411154219367,0.03394469991326332,0.020731650350550614,0.04561054060847841,0.035681724548339844,0.045268867164850235,0.017239456996321678,0.05196232348680496,0.14924829086433924,0.054064351494498966
0,0.6282942700845627,0.7834069728851318,0.6766643784646882,0.7741877191057276,0.7682233452796936,0.9049833416938782,0.7324945330619812,0.7094510793685913,0.759086205929647,0.7467589112537999
1,0.2614875878629246,0.17219822108745575,0.07694367206235424,0.12092531038193378,0.18396875262260437,0.2358466535806656,0.039740025997161865,0.182091623544693,0.22028599106391658,0.15975398143263048
0,0.3618661310229465,0.5285260081291199,0.43322389265275985,0.40883438405363215,0.6095530390739441,0.6016416549682617,0.458211749792099,0.4830383360385895,0.4855444699659194,0.4854044858164566
1,0.6864067216865604,0.9170743823051453,0.8373624691525927,0.8714433185353571,0.8690678477287292,0.8738119006156921,0.9015311002731323,0.7987649440765381,0.8399760111067299,0.8441616407289956
0,0.6412438432475909,0.39719241857528687,0.8373624691525927,0.4112503705840925,0.5878602266311646,0.7218349575996399,0.7474873661994934,0.7431252002716064,0.6484247608715464,0.6333468955999406
1,0.3264308890632671,0.44474878907203674,0.1459024386759289,0.27721799087304655,0.4008706212043762,0.2715744078159332,0.3570888936519623,0.43369314074516296,0.3967111581958856,0.33393626138144866
1,0.6724087366386113,0.8390358090400696,0.8499713030255784,0.8033341876850127,0.8020740747451782,0.7915422916412354,0.7504472136497498,0.7791977524757385,0.8093302067623617,0.785610472381582
0,0.43476274605521326,0.5265570282936096,0.5013917082947268,0.4924895932982996,0.41707444190979004,0.40643417835235596,0.37753826379776,0.5025692582130432,0.5224409165259123,0.45761296638249904
0,0.3763436291280206,0.09264317899942398,0.4546355034508915,0.060751491840986806,0.44540566205978394,0.0073850397020578384,0.31676235795021057,0.4579898416996002,0.3089467639465135,0.27644670683626515
0,0.3747843475588876,0.44013792276382446,0.3975211929026025,0.42250639464399287,0.5723167657852173,0.3498033881187439,0.40161818265914917,0.48664411902427673,0.44515562553374133,0.43130817689612044
0,0.6256050248313733,0.7280443906784058,0.4663394550007107,0.6914121440471699,0.7580884695053101,0.7692044377326965,0.7800800800323486,0.7207403779029846,0.7290798788536758,0.6932344583326481
1,0.6190570374593721,0.7629600763320923,0.761180936614056,0.7381142734010788,0.7651758790016174,0.8930484652519226,0.8184729814529419,0.8144048452377319,0.7698609373458232,0.7705663649653287
1,0.5961413719038274,0.5302072763442993,0.6977393668969815,0.7776642457095972,0.7510941624641418,0.3824784755706787,0.9142987728118896,0.6579294204711914,0.6669697969458509,0.6635949131147013
0,0.4543695421608229,0.6829237341880798,0.5656945883015728,0.5637178972819171,0.5646147727966309,0.5048295855522156,0.6177041530609131,0.6030861735343933,0.6347955591393354,0.5700003823884805
0,0.4390726285990737,0.5544137358665466,0.7555410637177865,0.5752653388994063,0.5841164588928223,0.7103629112243652,0.6584414839744568,0.5772691369056702,0.5884964779554772,0.6048147093337843
0,0.598560979047492,0.6055926084518433,0.6390294317913617,0.6281002457616899,0.635760486125946,0.7664090991020203,0.6179586052894592,0.6516902446746826,0.6708790319099766,0.6421208320733701
0,0.36919296140769753,0.5385825037956238,0.5732430842757573,0.3736413912533161,0.5283293128013611,0.3346683382987976,0.6302141547203064,0.5361399054527283,0.5349576144342664,0.4854738504517603
0,0.390535651941652,0.29298144578933716,0.27032770643186105,0.2480694418121555,0.37131351232528687,0.1821383386850357,0.35098642110824585,0.4490116536617279,0.37497695907452894,0.3204070954602788
0,0.1671116025410467,0.04355727136135101,0.032918360242897966,0.05834180771063898,0.08734533190727234,0.05442454665899277,0.028126060962677002,0.05845000967383385,0.1498091474062444,0.06676576922873831
1,0.4918572634359335,0.54466712474823,0.34242737705992016,0.5763463640131766,0.7009314894676208,0.6028709411621094,0.5610522627830505,0.6199891567230225,0.5612391927125049,0.5559066954224006
1,0.3303987227355378,0.7712439298629761,0.1815968393936355,0.5284572563253492,0.5623779296875,0.14193032681941986,0.5982592701911926,0.43587052822113037,0.5653017071101162,0.44743288760700733
0,0.37139582773514335,0.43163684010505676,0.5156068235342053,0.1416880948010985,0.6788390278816223,0.5781235098838806,0.4231947958469391,0.5075331926345825,0.463316755849832,0.45514133291897335
1,0.5805728801809609,0.7282950282096863,0.66045142319003,0.7052877616626694,0.7720034718513489,0.7793288826942444,0.8122224807739258,0.7001142501831055,0.7286923388627894,0.7169375758261785
0,0.3437821801475016,0.4110606014728546,0.23466342814324,0.2580959132781446,0.49246224761009216,0.30787232518196106,0.3409861922264099,0.44371679425239563,0.3980383236266737,0.3553095469588804
0,0.32386686850032576,0.10285881906747818,0.31557113231933864,0.06266945306571559,0.20138688385486603,0.030472250655293465,0.17312508821487427,0.259676069021225,0.2549994509236724,0.18377434088738873
0,0.39092928978053043,0.4320099353790283,0.4533279429718805,0.332351623880995,0.46536365151405334,0.2922557592391968,0.4273777902126312,0.45807188749313354,0.45950845419284914,0.4068263726887281
0,0.24756321753423843,0.2779824137687683,0.016840688258943803,0.08335636761654971,0.36348259449005127,0.4068766236305237,0.34365034103393555,0.08325117081403732,0.257662848208001,0.22845596960290881
1,0.5921029805041322,0.65836501121521,0.764331715664905,0.7750982810108592,0.6420727372169495,0.7547814846038818,0.6714442372322083,0.6258593201637268,0.6982417050133694,0.6843889713843396
0,0.3237503350788271,0.24036109447479248,0.033709089581395256,0.1233037057841212,0.10447750240564346,0.00030145759228616953,0.12234877794981003,0.1240873709321022,0.2659139365662482,0.1360640201602545
0,0.38843326700327674,0.26973044872283936,0.17509714925357833,0.2526522715817019,0.3014998733997345,0.21788284182548523,0.28495803475379944,0.6806764006614685,0.37028225887535643,0.3226273440037706
0,0.4726606654133835,0.641338050365448,0.25281816375986216,0.6314488941897712,0.6233949661254883,0.5330733060836792,0.22269026935100555,0.6553424000740051,0.5597856818895364,0.5062830185108061
1,0.5832143724659026,0.657036542892456,0.7771017434035532,0.7371123991865666,0.6731142401695251,0.5986042022705078,0.8000268340110779,0.5701829195022583,0.7030160805367848,0.6738604595682331
1,0.37557960971591037,0.4874810576438904,0.4929685958967145,0.19556495837255983,0.5251419544219971,0.4799751341342926,0.45205560326576233,0.5669503808021545,0.4976940647259119,0.44663941406475316
0,0.6314347968437197,0.5620723366737366,0.6804359470930226,0.6147100117325764,0.8015047311782837,0.7090529799461365,0.8111594319343567,0.7562037706375122,0.6949759950606645,0.6951359876443813
0,0.5514472441994301,0.5763280987739563,0.37653910429684245,0.3827189148803175,0.562192440032959,0.4831137955188751,0.5496262907981873,0.7298784255981445,0.6258452508829674,0.5277593960538094
0,0.2921039049433061,0.2993699312210083,0.20150291810312085,0.21183603644277987,0.20400311052799225,0.31823474168777466,0.20020505785942078,0.1870959848165512,0.29456206099683296,0.23952161317528015
0,0.5713045422058568,0.5817898511886597,0.5688485589652361,0.3331435262136455,0.620509684085846,0.32450684905052185,0.596562922000885,0.6536039710044861,0.6561613068014631,0.532337435485281
1,0.5840207863535906,0.5986533761024475,0.28608106966063745,0.7194481979965195,0.6705547571182251,0.8587729930877686,0.6739395260810852,0.7323506474494934,0.6344261743677723,0.6410831702269153
0,0.4010864605588307,0.45827096700668335,0.4843725880909046,0.4613691587145278,0.48790374398231506,0.5506724119186401,0.3465401828289032,0.5662790536880493,0.47505560161007954,0.4690871987774772
0,0.5598415030877024,0.5849753022193909,0.2212574906330579,0.3624570860277292,0.6230522990226746,0.4087226390838623,0.5507081747055054,0.6932068467140198,0.6154497144586111,0.5030070074041694
1,0.5659050421676194,0.5870175957679749,0.8291814900639441,0.675672371390528,0.5754637122154236,0.8063570857048035,0.8092561960220337,0.7016642093658447,0.685320966130926,0.6915446699706331
1,0.5671986708173384,0.5791900157928467,0.8159753933546601,0.6630298201191208,0.595675528049469,0.8907264471054077,0.4896814823150635,0.7556869387626648,0.6601890906498317,0.6674091644280601
0,0.4581651043141008,0.5506479740142822,0.2364356360336649,0.3421785883440691,0.7316133975982666,0.1977156549692154,0.8068104386329651,0.8507802486419678,0.5945839163198624,0.524608557559703
0,0.6624076333021924,0.6997734904289246,0.6627885705854817,0.6687251487466683,0.5144832134246826,0.7520539164543152,0.6985223889350891,0.7980644702911377,0.7514555084395427,0.681692542629421
1,0.4214961816118452,0.5272475481033325,0.38111440507200506,0.38468794805209533,0.5891155004501343,0.22834129631519318,0.3635053336620331,0.4117758274078369,0.4981362533539199,0.4151519228534489
0,0.5090108828524892,0.6114492416381836,0.2648132118615137,0.21869203857636188,0.18438877165317535,0.562401533126831,0.5384275913238525,0.6973665356636047,0.6143478724630419,0.4491610590094056
1,0.47385559620145473,0.6020941734313965,0.5596360262913388,0.4729973736893544,0.6505434513092041,0.4427679777145386,0.6727288365364075,0.7492523789405823,0.6294504509596823,0.5784811029290882
1,0.7371443275607958,0.9826177954673767,0.8503477296440745,0.972890155286862,0.9733778238296509,0.9791463017463684,0.9675058722496033,0.9574928283691406,0.8750606574096661,0.9274688375716458
1,0.6840500572237395,0.8452578783035278,0.7179881415995697,0.809044158049057,0.7498341798782349,0.8805491924285889,0.9157811999320984,0.7522781491279602,0.8126866468720977,0.7940652626090261
0,0.20098692408301816,0.05855775251984596,0.0033739584951732265,0.05522510814051934,0.04395927116274834,0.14038124680519104,0.07571498304605484,0.10318101197481155,0.1647526040024765,0.08552580680781863
0,0.5470063726405594,0.7984610795974731,0.7672400395287219,0.6660994105944638,0.8576538562774658,0.9163414239883423,0.961517333984375,0.8751137852668762,0.7721543919769912,0.797526195749749
0,0.23754632889747673,0.22216133773326874,0.14806578732584366,0.22886211786703897,0.21091115474700928,0.17127417027950287,0.15155144035816193,0.20348158478736877,0.24019766334786924,0.19738768647535834
1,0.5219224335269586,0.7581748366355896,0.6223974633066671,0.7512098338144295,0.8544590473175049,0.6139457821846008,0.9019331932067871,0.9180503487586975,0.7374098105784631,0.7433978501815298
0,0.2913881499414607,0.2901909053325653,0.3787153476382127,0.2986150957873187,0.5464490652084351,0.40075236558914185,0.17044387757778168,0.18527235090732574,0.2984755343770723,0.3198281441491082
0,0.2567712550755735,0.20552895963191986,0.04834107403172162,0.23279789581574972,0.17709068953990936,0.1639527678489685,0.1890920102596283,0.2548378109931946,0.23978140460915406,0.1921517161312464
0,0.6792374854902437,0.8296041488647461,0.761487990629025,0.807343499213314,0.8629186153411865,0.8679078817367554,0.9089251160621643,0.8628078699111938,0.8156462294111072,0.8222434673091328
0,0.2377989480965583,0.06898234039545059,0.005898199884209496,0.05858608074730064,0.11888644844293594,0.09828288853168488,0.19338476657867432,0.1592673808336258,0.1872702040869205,0.11834820977507009
0,0.4994066526268101,0.2047317773103714,0.2525114839298319,0.17702223895576655,0.19688889384269714,0.16845262050628662,0.46051669120788574,0.21553191542625427,0.3750714531919826,0.27243948215333114
0,0.3270987675333531,0.18879283964633942,0.016715345351097765,0.12318565368257724,0.15888968110084534,0.4659571945667267,0.33866333961486816,0.3593860864639282,0.2757573983942868,0.24735278410193454
0,0.19972269297268885,0.10191716998815536,0.04681505627687128,0.0716691989529804,0.1346958428621292,0.08582735806703568,0.07653310894966125,0.15598927438259125,0.18133868512536547,0.10986839528116953
1,0.7612900923296965,0.9205316305160522,0.914329870398408,0.9017578748988638,0.9187862873077393,0.8903116583824158,0.9214115142822266,0.9330715537071228,0.8694007357488727,0.894850787603314
0,0.7058673122856526,0.8261745572090149,0.8136739618656164,0.7800317161478063,0.7857919931411743,0.8814514875411987,0.7351765036582947,0.8181530833244324,0.8145722309922006,0.7927562707758403
1,0.432317102763435,0.584490954875946,0.4392540182530186,0.36119588037776434,0.6994938254356384,0.7320032119750977,0.6067178845405579,0.6842494606971741,0.5784614319239513,0.5672454967260268
0,0.23172032885699775,0.0073903510347008705,0.014126283715484259,0.0025681021049303995,0.005670563783496618,0.22007505595684052,0.021763907745480537,0.03362477570772171,0.1548838546278032,0.06689932205148694
0,0.6695691213363262,0.8571524620056152,0.7932522577841489,0.8203261431469038,0.8621315360069275,0.7902093529701233,0.9272807240486145,0.8783759474754333,0.8246758256601255,0.8247438589597302
0,0.20873443426468594,0.036361634731292725,0.038108952397963844,0.022170444456564787,0.027251072227954865,0.06843006610870361,0.007741374429315329,0.03122180700302124,0.1572655757113246,0.055389357490593774
0,0.3601707027075858,0.43994107842445374,0.453278299635386,0.4979190187618525,0.5849839448928833,0.33098897337913513,0.6364887952804565,0.49136966466903687,0.46276507882280155,0.4746341443820744
0,0.28383675250879326,0.14699935913085938,0.18800018703648483,0.16847153186783967,0.1351454108953476,0.022448554635047913,0.1810271143913269,0.09084973484277725,0.23137239656205966,0.15274635161342082
0,0.23754632889747673,0.22216133773326874,0.14806578732584366,0.22886211786703897,0.21091115474700928,0.17127417027950287,0.15155144035816193,0.20348158478736877,0.24019766334786924,0.19738768647535834
0,0.1991845006346419,0.12857268750667572,0.10069029484307579,0.1550718409241333,0.2651582658290863,0.10127730667591095,0.13461418449878693,0.07833947241306305,0.18799256238742384,0.1460296719698379
1,0.6231401255799487,0.12037461251020432,0.804608929681407,0.24272333836195395,0.4721699357032776,0.5526471734046936,0.9044631123542786,0.6107591986656189,0.5222601827248101,0.5379229654878999
1,0.569482026285543,0.09655042737722397,0.8840815376981015,0.1912299299476858,0.26821860671043396,0.05154721811413765,0.8619772791862488,0.5482074618339539,0.49374636644625813,0.431497868451628
0,0.3230341346521589,0.11141563206911087,0.02547549972332613,0.10163595978275325,0.16766487061977386,0.10923680663108826,0.20528095960617065,0.09320417791604996,0.22319339799431243,0.14318697129066899
1,0.5676383857478488,0.4454534351825714,0.263269302433508,0.5422102435805475,0.41917675733566284,0.40156784653663635,0.583335280418396,0.6300303936004639,0.5520559865214063,0.48299075492026167
0,0.48309559840783173,0.4521690607070923,0.12606963184768794,0.1793298168767724,0.21959394216537476,0.6373200416564941,0.3035025894641876,0.3473103642463684,0.45903243912357317,0.34409151029665497
0,0.4969207770690521,0.263627290725708,0.26745050232383,0.5525526386163644,0.483177125453949,0.3827817142009735,0.3135964870452881,0.2891961634159088,0.3775629650741623,0.3818137755523184
0,0.733727183720285,0.9195288419723511,0.9433927384002514,0.8899062989414834,0.9587740898132324,0.8330069184303284,0.9116452932357788,0.843531608581543,0.8602695182256667,0.8788809898753268
1,0.6807427580412353,0.7710397839546204,0.8030336030810274,0.7475640796007017,0.790040135383606,0.922432541847229,0.7500993013381958,0.854511022567749,0.7936497626696816,0.7889691786207957
0,0.522620863504369,0.1512606143951416,0.16698303768106446,0.31815730905980344,0.45079305768013,0.09210167825222015,0.5846114158630371,0.4228711426258087,0.37742529466010527,0.34026003330525434
0,0.21557808584831728,0.14565923810005188,0.1267389891434898,0.17352222032495934,0.23421767354011536,0.040294673293828964,0.094516322016716,0.28903743624687195,0.2112335558145975,0.16594622609784282
0,0.7094129001158695,0.8238438367843628,0.6333369008410427,0.783244671696165,0.8786516785621643,0.9065538048744202,0.944386899471283,0.8679990172386169,0.8168493516041799,0.8186707904649038
0,0.16599975857839167,0.09561515599489212,0.005083341130553925,0.05457507773629809,0.07249318063259125,0.031983960419893265,0.16558890044689178,0.3697402775287628,0.18584889303098628,0.12106379369901694
0,0.16896855756647272,0.03828601911664009,0.0008336941428542396,0.040655019460928095,0.005949179641902447,0.0096448278054595,0.002982702571898699,0.024179616943001747,0.14535461752698237,0.037107025397437106
1,0.6262942150877251,0.9675654768943787,0.29350204285437936,0.9120604101291502,0.9743818044662476,0.9825471043586731,0.9956730008125305,0.8659267425537109,0.8095438612679341,0.8293817927584711
0,0.20007070003072264,0.13840147852897644,0.021948426411098645,0.14447500913958397,0.18961413204669952,0.04100298136472702,0.19734254479408264,0.35048770904541016,0.20770811119514127,0.16170549434733017
0,0.17205535132037003,0.09366660565137863,0.002880465003380732,0.03674371738145224,0.11990204453468323,0.06502942740917206,0.02555454894900322,0.09034118801355362,0.16347132263424413,0.07665083054904971
1,0.7633923266993186,0.8993622660636902,0.9459001542297181,0.9203852487162419,0.868286669254303,0.7364123463630676,0.9985629916191101,0.805935263633728,0.8649854525347663,0.8671219782133543
0,0.24079735779429298,0.2091749906539917,0.026366741054666618,0.06035283035657491,0.19791285693645477,0.15157991647720337,0.04949827492237091,0.17152456939220428,0.22367658406336494,0.13967521681445205
1,0.7328405796294646,0.5248580574989319,0.9717832739696617,0.5256397122355156,0.6345928311347961,0.7849969267845154,0.694098174571991,0.6742884516716003,0.7340601481231451,0.6903644360558957
0,0.5824710936835865,0.371479332447052,0.18613129750871657,0.4546363514224673,0.3393598794937134,0.3990817070007324,0.4163406491279602,0.5325810313224792,0.4958293475037399,0.4117186245620885
0,0.42580785756069844,0.4269399344921112,0.44147966851726056,0.4857558666508091,0.47980108857154846,0.6975427865982056,0.37746748328208923,0.6324867606163025,0.47439170359608684,0.4949931833523159
1,0.6512034291823265,0.9115132093429565,0.9082677267499049,0.7980128476641406,0.8977230787277222,0.8328053951263428,0.8836892247200012,0.9415027499198914,0.8420761290426523,0.8526046027756081
0,0.48409492042082625,0.6511737108230591,0.4642337426067852,0.6998242938370602,0.6788747310638428,0.6860264539718628,0.8385775089263916,0.7085029482841492,0.6445375194986014,0.6516107673312301
0,0.22871103721184569,0.06377861648797989,0.0113807066708487,0.02278028220581621,0.009071961976587772,0.008821521885693073,0.0014124485896900296,0.10535595566034317,0.17222343313480315,0.05736374104193404
1,0.7148710662576581,0.8051071763038635,0.7021529403637415,0.7643432278052796,0.8426268100738525,0.8583388328552246,0.8744370341300964,0.8357225656509399,0.8128836630976185,0.7997147769258484
0,0.5146242435658813,0.5366212129592896,0.7033057412444602,0.6271412366052149,0.6398562788963318,0.6105928421020508,0.6445262432098389,0.5141510963439941,0.6016820334179109,0.5977643282745861
0,0.5150534754774241,0.6573374271392822,0.6472617548726748,0.7332762781991025,0.7329838871955872,0.5646107196807861,0.6054731607437134,0.6069585084915161,0.6502444100710222,0.6330396671557336
1,0.6633660422975924,0.5864837169647217,0.2968326330139484,0.5124360922716553,0.8370040059089661,0.81590735912323,0.8574614524841309,0.8772630095481873,0.6982156487094977,0.6818486898245923
1,0.3957699901336443,0.6065067648887634,0.13996461759437928,0.5896427174416907,0.670662522315979,0.5229536890983582,0.5725269317626953,0.7798880338668823,0.53989734062816,0.5369451168586294
0,0.8052290745180577,0.8762404918670654,0.9177946610316646,0.8957002726602217,0.8387475609779358,0.9419331550598145,0.8210141062736511,0.9138821959495544,0.8648474318021822,0.8756464083634324
0,0.28210818734492876,0.2652500867843628,0.43568809183279894,0.3021981680148876,0.44456613063812256,0.4480911195278168,0.2576228380203247,0.41625282168388367,0.3164039944927569,0.3553309696781975
0,0.19649387842320923,0.1818482130765915,0.09711857167495332,0.147725198243137,0.18288743495941162,0.07259687036275864,0.18631266057491302,0.17676721513271332,0.21289787199526855,0.1561032005543437
0,0.28730851387673767,0.27735888957977295,0.47267324120547355,0.297026229810694,0.4706018567085266,0.5754464864730835,0.22744540870189667,0.19050610065460205,0.303788086113119,0.3479861695351646
0,0.24026728944861828,0.1448953002691269,0.052609081363769815,0.09240447165740177,0.22230881452560425,0.3024310767650604,0.2504120171070099,0.2673231065273285,0.22159032467337292,0.19675604030593916
0,0.39364476719858343,0.4080163836479187,0.051317724528772514,0.23856127156741924,0.3290767967700958,0.44393202662467957,0.2790525555610657,0.3848940134048462,0.38998636218140886,0.3175352675759925
1,0.713415361428439,0.6222772002220154,0.7830188913269076,0.45332467628045364,0.6844168305397034,0.8386467695236206,0.7308830618858337,0.8504526615142822,0.7628451333205012,0.7082072909395791
1,0.7660318904985349,0.8871524930000305,0.9539379005263413,0.7952995875214754,0.9561159014701843,0.849570631980896,0.9201732873916626,0.8653537631034851,0.8640713275832476,0.8736951390241386
0,0.3025548540805504,0.26363757252693176,0.4147730656048233,0.3054375766783141,0.39147326350212097,0.6421213746070862,0.24383094906806946,0.1762424260377884,0.29887989426325345,0.34055472594171704
0,0.7054455440999806,0.7480283975601196,0.7915569900503969,0.7255739399993711,0.8460893630981445,0.8908258676528931,0.9869534373283386,0.8078948259353638,0.8048167768335478,0.8118403241055488
0,0.2845994692962474,0.19547994434833527,0.005492189855056334,0.08739167858721271,0.13309955596923828,0.5524861216545105,0.09154289960861206,0.08868543058633804,0.22530360067275768,0.17950568308679582
1,0.6911883394661783,0.8603716492652893,0.7638177935381798,0.8056195740288037,0.8840413093566895,0.9402519464492798,0.906903088092804,0.918012797832489,0.8300165412477668,0.8459169094545127
0,0.3678567798926131,0.38206547498703003,0.40449869615181205,0.403159664959725,0.5785967111587524,0.49839121103286743,0.3608412444591522,0.2853435277938843,0.39207299539385093,0.40977270280091993
0,0.6882715893863828,0.7734065651893616,0.772917087540708,0.7888551598996323,0.848135232925415,0.9263527989387512,0.9106050729751587,0.9277119636535645,0.8071606454543073,0.8287362392720591
0,0.24238306449653216,0.10673157125711441,0.009046355876402491,0.08825898925370976,0.21208439767360687,0.315860390663147,0.15533976256847382,0.21316003799438477,0.198151317788983,0.16807578572424223
0,0.4250185466281333,0.4650965631008148,0.5463840446390312,0.30075712644593566,0.7492038011550903,0.5890657305717468,0.5770124197006226,0.5710611343383789,0.5213383682423661,0.5272726206904398
1,0.7992908927481868,0.9790228009223938,0.8488787780479352,0.9810283724028004,0.9318621158599854,0.9642344117164612,0.8582876920700073,0.9173661470413208,0.8812261737486957,0.9101548098088714
0,0.3957699901336443,0.6065067648887634,0.13996461759437928,0.5896427174416907,0.670662522315979,0.5229536890983582,0.5725269317626953,0.7798880338668823,0.53989734062816,0.5369451168586294
0,0.6533137341088998,0.7327786087989807,0.7297158409905669,0.7354780460192922,0.7121330499649048,0.7535257935523987,0.8272377848625183,0.7937681674957275,0.7698689241821157,0.7418458559734618
0,0.668028762730465,0.7542046308517456,0.8296745370483265,0.6116066105040928,0.7500028610229492,0.873725414276123,0.9054096937179565,0.7422012686729431,0.7922247111203898,0.7655340931618604
0,0.40269334473772495,0.38359516859054565,0.052234302728036135,0.22457262610900355,0.33338457345962524,0.11082465201616287,0.5780197381973267,0.19853007793426514,0.39577844525081574,0.28786462735064733
1,0.6584154569580236,0.9634091854095459,0.748198801382024,0.9293474150520492,0.8729706406593323,0.8552809953689575,0.8345133066177368,0.9141544699668884,0.8410220034650914,0.8475388076408301
1,0.7246782554440323,0.8502392768859863,0.914957991314481,0.8491004861394478,0.8468207716941833,0.850141167640686,0.7989839911460876,0.8486589193344116,0.8360427947393823,0.834787842910076
0,0.43982586286639774,0.5530897378921509,0.3708222304970638,0.23180522001165094,0.3286358118057251,0.6035252213478088,0.546150267124176,0.6713736653327942,0.5630538556569873,0.46806755016653145
1,0.5901115472577421,0.6955254077911377,0.8112478434558908,0.7011267163278297,0.6272615194320679,0.6246929168701172,0.6956151127815247,0.7042198181152344,0.7277103942105693,0.6805172337947998
0,0.40081912846919754,0.33472758531570435,0.11566721741585177,0.3634912653890742,0.6338987350463867,0.6626352667808533,0.43798840045928955,0.5299113392829895,0.3854195642863667,0.4353449861766539
1,0.8902000945920132,0.9460477232933044,0.986467253757963,0.9300836954587759,0.9240937829017639,0.972918689250946,0.846167802810669,0.8777817487716675,0.8970172378873925,0.9212579520715724
0,0.3550227576760758,0.19495978951454163,0.11919606808959947,0.20144446888750742,0.24329611659049988,0.26470258831977844,0.15783216059207916,0.38434898853302,0.2858413864990445,0.2408810737751481
0,0.876549311185112,0.9097220301628113,0.9669921969555756,0.7886651853630706,0.6777204275131226,0.78620845079422,0.7517674565315247,0.7225204110145569,0.8813003016643796,0.8097598216118234
0,0.36008891896013195,0.5181781053543091,0.6691083789534075,0.4888354143028913,0.6309906840324402,0.665040135383606,0.4292263686656952,0.31496524810791016,0.48193232273034325,0.5078934561546629
0,0.40895502932583194,0.46442151069641113,0.20987846829781717,0.4919841167556376,0.40763920545578003,0.4441404640674591,0.44746649265289307,0.5141704678535461,0.45676928976478276,0.4247063342991275
0,0.21557808584831728,0.14565923810005188,0.1267389891434898,0.17352222032495934,0.23421767354011536,0.040294673293828964,0.094516322016716,0.28903743624687195,0.2112335558145975,0.16594622609784282
1,0.6472499342065681,0.7488407492637634,0.6907088919116257,0.6665633571387143,0.7399952411651611,0.7392638921737671,0.870235025882721,0.7391378283500671,0.77084151609766,0.7301046357188874
0,0.24581821361550152,0.1975770890712738,0.06565921913832426,0.10400442716480436,0.20988275110721588,0.11908910423517227,0.1183338463306427,0.1167154610157013,0.22410777259532316,0.1482622650233969
1,0.5844424721172075,0.8828147053718567,0.5006279588190201,0.7993875689652714,0.8371422290802002,0.7597060799598694,0.9545915722846985,0.8377569913864136,0.7866676921302566,0.7708387556565256
0,0.6600391183216047,0.7525762319564819,0.5935695986434444,0.7074459824790712,0.6823128461837769,0.7300496101379395,0.7227628231048584,0.8103571534156799,0.7638545011691358,0.7079033601310274
1,0.24581821361550152,0.1975770890712738,0.06565921913832426,0.10400442716480436,0.20988275110721588,0.11908910423517227,0.1183338463306427,0.1167154610157013,0.22410777259532316,0.1482622650233969
0,0.4269383884133891,0.41562387347221375,0.04102770756480714,0.21505206406452393,0.30295443534851074,0.46592971682548523,0.22318580746650696,0.36950168013572693,0.40213840004808205,0.3090860151790931
0,0.594197625008603,0.5326637625694275,0.15655058682780465,0.5788857972237295,0.5519243478775024,0.8816086649894714,0.6068463921546936,0.6543219089508057,0.5891945880282954,0.570293793035128
1,0.6950592674896814,0.5813634991645813,0.4669169508479048,0.6833260287730051,0.7750864028930664,0.6939337253570557,0.8082077503204346,0.7646043300628662,0.7073998769405356,0.6842566008882265
0,0.5886837159798313,0.3931981921195984,0.5752854800560143,0.4742148779482645,0.47669553756713867,0.620657742023468,0.5036717653274536,0.6338258385658264,0.564035926308124,0.5322403213086777
0,0.7757284875457571,0.8587203621864319,0.9432992604807957,0.8399384318202094,0.9061247110366821,0.9574978351593018,0.7658054232597351,0.7896677851676941,0.8473539134596993,0.8536505676381126
0,0.29450667667267444,0.3112715482711792,0.43086140101050135,0.33430313518022825,0.37275442481040955,0.42233309149742126,0.20226211845874786,0.4073602259159088,0.33452373388222967,0.3461208966181153
0,0.23755518335205902,0.14721961319446564,0.002767502025843958,0.04583530688900546,0.2995854616165161,0.3611685037612915,0.24961289763450623,0.28174424171447754,0.2189929270336771,0.20348481790123046
0,0.6862593152741351,0.7925788760185242,0.8044804469711786,0.37619292568569507,0.5831203460693359,0.9151301980018616,0.8728350400924683,0.8502523899078369,0.8182782289766669,0.7336724316585512
0,0.7270079408701605,0.8114355802536011,0.9262715239687227,0.7984598195840648,0.8607811331748962,0.933024525642395,0.8005406856536865,0.788284957408905,0.8243032838721931,0.8294868418591006
1,0.2645424145433522,0.25657105445861816,0.39727084626705683,0.23886899079279875,0.27268901467323303,0.22905440628528595,0.2001490741968155,0.20038552582263947,0.28539166617131617,0.25692714213789264
0,0.29146657018148914,0.30982109904289246,0.4927751950988394,0.3780803480986812,0.30102699995040894,0.23852843046188354,0.24195143580436707,0.1718018501996994,0.32197323856864496,0.3025226200093808
0,0.6664572992583758,0.6739845871925354,0.7272632055414697,0.6533528109154519,0.716174840927124,0.8688015341758728,0.6527019739151001,0.810752272605896,0.7451527520285883,0.7202574761879363
0,0.46698219442276334,0.5336849093437195,0.5995639397774887,0.5565914979215921,0.5954264998435974,0.5771427154541016,0.5997503399848938,0.474500447511673,0.5627706557834246,0.5497759732582279
0,0.2979388784970414,0.27829280495643616,0.15043756971134783,0.4411479978486304,0.3168109953403473,0.18082550168037415,0.35212254524230957,0.34726399183273315,0.3022704720914688,0.2967843470840288
1,0.6371940884499323,0.7526038289070129,0.6640967578950253,0.6869347358784351,0.7436167597770691,0.7201173305511475,0.7328172922134399,0.6608545184135437,0.7514153164384145,0.6999291575057875
1,0.857112748814582,0.8607593774795532,0.9601382528923762,0.8785254898800341,0.9435855746269226,0.9670522809028625,0.6317137479782104,0.9136872291564941,0.8670796239425441,0.8760144273573827
0,0.41613222797350313,0.23015418648719788,0.2270027496079004,0.13613328060863072,0.18449215590953827,0.3573310077190399,0.10550499707460403,0.2613919973373413,0.3215297801888889,0.23984638005432926
0,0.32437273548082673,0.08665238320827484,0.04444132179418073,0.11458078755283294,0.09246470034122467,0.13174182176589966,0.008227012120187283,0.1609024703502655,0.2096194403829297,0.12129552685277742
0,0.5237938226933637,0.3153710663318634,0.2250629743543104,0.11319192044261353,0.3839224874973297,0.46591320633888245,0.4643794000148773,0.606769859790802,0.4694150968251065,0.38780155822748624
0,0.4254430465626767,0.31574147939682007,0.21127276302282727,0.3212057852445075,0.3888292610645294,0.17549952864646912,0.14160890877246857,0.2364031821489334,0.35463200368638076,0.2786541837511318
0,0.31223938541671004,0.10701046139001846,0.046259563752618596,0.06324808643286006,0.0929778516292572,0.11308255791664124,0.010026550851762295,0.16951361298561096,0.2143429265633496,0.11526709654399475
1,0.684231555172881,0.9348644614219666,0.3562248205288753,0.921164727008918,0.9232071042060852,0.8639235496520996,0.9028446674346924,0.913800060749054,0.8200346418098148,0.814902076052131
0,0.14159914377671964,0.012824165634810925,0.008220540930098441,0.026599511994953248,0.05762610584497452,0.0268829558044672,0.0745077058672905,0.21155530214309692,0.14578818908387936,0.07045073813901298
0,0.6728474233703323,0.8056914210319519,0.5706631272560001,0.769931543378806,0.7925226092338562,0.7276872396469116,0.865516185760498,0.7024115920066833,0.7829586574499482,0.7393397923881455
0,0.7078694643906617,0.4921623468399048,0.8319173543322976,0.2611613173838712,0.5389719009399414,0.7934932708740234,0.8183345794677734,0.735537588596344,0.7227777043796192,0.6449985914955909
0,0.2997576357848198,0.08869090676307678,0.2238564903010316,0.22977407983781772,0.11776028573513031,0.09842048585414886,0.12132931500673294,0.2267916351556778,0.22392512383127997,0.17587439473364871
1,0.35249052826041344,0.1894308477640152,0.11821116538913487,0.21404405517185032,0.2995339035987854,0.013607772998511791,0.4763014614582062,0.5401372313499451,0.3218439442492438,0.2771241368345289
1,0.21082329356972299,0.08610405772924423,0.015446678243166215,0.024305273479737977,0.08590064197778702,0.13882030546665192,0.012420257553458214,0.08776300400495529,0.1717571313340359,0.08325182205412165
0,0.2076809027821745,0.09683111310005188,0.04745275400522828,0.09087918644840572,0.16159383952617645,0.03190186619758606,0.1326267570257187,0.21351173520088196,0.18861170486806106,0.12377775503986932
0,0.336976911093746,0.2879352569580078,0.49843097007638554,0.3640888144153745,0.44063276052474976,0.18474049866199493,0.32532450556755066,0.4118078649044037,0.361486528223933,0.356077320998171
0,0.40203359600474337,0.4503151774406433,0.6788366324242513,0.3938897489624984,0.4081428050994873,0.37736472487449646,0.377308189868927,0.4076620042324066,0.48512175620229503,0.4359209352226737
0,0.3985742515973444,0.26485830545425415,0.29278446269830755,0.3888456174930223,0.4886684715747833,0.5558907389640808,0.32041358947753906,0.5101232528686523,0.3615134636536217,0.4020934542730591
0,0.2076809027821745,0.09683111310005188,0.04745275400522828,0.09087918644840572,0.16159383952617645,0.03190186619758606,0.1326267570257187,0.21351173520088196,0.18861170486806106,0.12377775503986932
1,0.6322590935974342,0.48448804020881653,0.20830642862007484,0.5576954966426523,0.5401426553726196,0.42789340019226074,0.9706275463104248,0.6075437068939209,0.6237023109278019,0.5553995896975668
0,0.6091681435677958,0.38452568650245667,0.14761143658045978,0.4119960457630492,0.5167019367218018,0.3447466790676117,0.7980331778526306,0.5081270933151245,0.5433564891460689,0.4670368770111079
0,0.5380174784111253,0.17302225530147552,0.8535270814363712,0.34357461388301613,0.8065307140350342,0.9440433979034424,0.6511000990867615,0.5867210030555725,0.4745898154610554,0.6075773547953391
0,0.40203359600474337,0.4503151774406433,0.6788366324242513,0.3938897489624984,0.4081428050994873,0.37736472487449646,0.377308189868927,0.4076620042324066,0.48512175620229503,0.4359209352226737
0,0.39199741362697355,0.19400069117546082,0.09916608321076466,0.12175480734169168,0.3940002918243408,0.27367088198661804,0.23080246150493622,0.5547057390213013,0.3200804120602664,0.2836915479488277
0,0.6762727302511728,0.5493083000183105,0.4245969438517027,0.6581379640814798,0.6301096081733704,0.6643131971359253,0.6694745421409607,0.6145151257514954,0.661162619420364,0.61147470983245
0,0.6480941811294165,0.7634135484695435,0.7630375941733982,0.7265381912196578,0.7509027719497681,0.7573199272155762,0.9247385859489441,0.6076363325119019,0.7737667258774007,0.7421331602058749
0,0.4631241027371785,0.5520349144935608,0.5751402998945314,0.3610939102924496,0.4141656160354614,0.5038818717002869,0.22151575982570648,0.4114340841770172,0.536563745761128,0.4375363578638668
0,0.5239498860889401,0.7033729553222656,0.6039042655634759,0.5276883998980845,0.5956992506980896,0.1227789968252182,0.7343014478683472,0.8212500810623169,0.7097929482073202,0.5811913482656318
0,0.31829392101585313,0.21963025629520416,0.1072296744060708,0.31674498215824165,0.3180818557739258,0.3397011458873749,0.3685237765312195,0.18480457365512848,0.27423123315277875,0.27204390940829504
1,0.8700613705393425,0.989273726940155,0.9737110013273422,0.9861733687362833,0.9721393585205078,0.9575853943824768,0.9733660817146301,0.9876997470855713,0.9073069007065158,0.9635788273339557
0,0.3758275595407241,0.33095479011535645,0.1492978658703261,0.14095486434477875,0.19696162641048431,0.4252440929412842,0.17993532121181488,0.2036265879869461,0.3382785756344445,0.2507778168949136
0,0.2814420655875964,0.1839696168899536,0.04040099041640634,0.1402844305979353,0.19924530386924744,0.20250144600868225,0.14865408837795258,0.32804352045059204,0.24532696222980774,0.19160182494647954
1,0.4484430809606678,0.5587188601493835,0.472590454713405,0.6240629728390934,0.6828321218490601,0.582973062992096,0.6477243304252625,0.5394312739372253,0.5593085189626014,0.5697289839993132
1,0.4067319228908677,0.7267293930053711,0.41843584524763217,0.6602114971554423,0.779547929763794,0.5967348217964172,0.7524218559265137,0.7450939416885376,0.636070047803955,0.636855826719249
0,0.2009688650786265,0.05877138301730156,0.030476637029982726,0.08333116430924653,0.10321018099784851,0.16329525411128998,0.0674242153763771,0.15433365106582642,0.16783873648541398,0.10799431626357087
0,0.6830000008962949,0.8033520579338074,0.8123822641222468,0.7020933140880691,0.8394936323165894,0.9083002805709839,0.8413425087928772,0.6999495029449463,0.8010557611680097,0.7853398499853882
1,0.4885671447103778,0.16025033593177795,0.09165119636421193,0.33921784036672986,0.3609277606010437,0.40418004989624023,0.159194678068161,0.21431438624858856,0.30266910733459285,0.27806223629463056
0,0.15736996852439042,0.031098611652851105,0.006389986898104263,0.018544425204555227,0.03255511075258255,0.015407970175147057,0.10688241571187973,0.25883710384368896,0.15825141197288448,0.0789907601759369
0,0.16342092310916762,0.11940767616033554,0.005407552330948633,0.11128236345663278,0.09831496328115463,0.1865304410457611,0.18936872482299805,0.20967523753643036,0.18087259010404036,0.13579158998778185
1,0.6404923207735375,0.8336625695228577,0.8670937655849107,0.7658996498269676,0.8991500735282898,0.8444403409957886,0.9887005686759949,0.7722747921943665,0.8122662540187214,0.8255814001212703
1,0.621798870702281,0.8022778034210205,0.9644871524803117,0.8692583706346034,0.5920035243034363,0.8206038475036621,0.6616058945655823,0.6111895442008972,0.7729437070564121,0.7412035669980781
0,0.20565773314306732,0.18012985587120056,0.014347942259114505,0.13329161129772174,0.19143567979335785,0.08936061710119247,0.13448691368103027,0.3207109570503235,0.21603623004111808,0.16004473916651146
1,0.4927235731313396,0.15388807654380798,0.5029366062975054,0.32587405084958526,0.4754759967327118,0.5008336305618286,0.5267916917800903,0.30547380447387695,0.37798006499106757,0.40873889947066966
1,0.417874225712379,0.48291850090026855,0.5977399061705031,0.4416832830383591,0.5506158471107483,0.6261249780654907,0.49114641547203064,0.4726963937282562,0.5098334464180257,0.5088397495200456
0,0.5240014632997818,0.5066693425178528,0.41075078531320813,0.523067982099587,0.46459218859672546,0.3024059236049652,0.3850853443145752,0.523726761341095,0.5487266496326123,0.4564431334601726
1,0.6551099665513685,0.8612754940986633,0.9520155718909435,0.8457740013049345,0.9159198999404907,0.7888364195823669,0.902280867099762,0.9612202048301697,0.8341745097966322,0.8596184532958899
1,0.5773982094298139,0.4653518795967102,0.10988237442093676,0.328571448234525,0.6732536554336548,0.14461499452590942,0.5661818385124207,0.5018747448921204,0.5446701730387274,0.42448711738369793
0,0.5832783783054141,0.5638048648834229,0.4258405877617515,0.6167698224392099,0.715934693813324,0.78371661901474,0.7021436095237732,0.6748036742210388,0.6342985406301507,0.633334129747376
1,0.5822882622390914,0.575474739074707,0.6756638387557461,0.4435167735602139,0.8642469048500061,0.8094322681427002,0.8031078577041626,0.7931190729141235,0.686338266926771,0.6922535164455768
0,0.5759810536326221,0.5633378028869629,0.5874503655200812,0.5812118691654009,0.6383594870567322,0.4805174767971039,0.842138409614563,0.3840744197368622,0.6371469999060897,0.5816833823206247
1,0.5232940746280708,0.5169488191604614,0.5327393186543029,0.5380410273111982,0.5124582648277283,0.6404968500137329,0.5824108719825745,0.5927086472511292,0.5851309757854047,0.5543078387874112
0,0.45312537236256445,0.257182776927948,0.2730871081548877,0.18825335198155396,0.4366269111633301,0.4070373475551605,0.293437123298645,0.5354806184768677,0.39024265888992654,0.35580229225741045
1,0.6293065429765662,0.9736515879631042,0.8889272616975002,0.958938772831633,0.9238239526748657,0.8907569050788879,0.8942983746528625,0.9623510241508484,0.8484750139463764,0.8899434177321063
0,0.24533445132812506,0.23721303045749664,0.06789028276999809,0.1692737735800684,0.22050634026527405,0.14804105460643768,0.1705433875322342,0.28814268112182617,0.251143556474319,0.1946154359741927
0,0.5990238399394553,0.6518442034721375,0.6975715896821175,0.6217463201352066,0.6392008066177368,0.6634687185287476,0.5846121311187744,0.580740213394165,0.6878787295140091,0.629337297837593
0,0.7014763173755663,0.8660703897476196,0.8872139498377027,0.8660693403926911,0.8976519107818604,0.9161746501922607,0.8834688067436218,0.7955463528633118,0.8325241495144369,0.8509057997752509
0,0.5227708360903641,0.5671191811561584,0.334086519728352,0.5366123015965107,0.4942231774330139,0.45136988162994385,0.5122291445732117,0.4010176360607147,0.564347820801822,0.4787483617547441
0,0.565196854437458,0.360400915145874,0.18778842155259973,0.32640028801725757,0.5243655443191528,0.5834451913833618,0.3957706093788147,0.5433849096298218,0.4829721156420945,0.43672131812722625
0,0.5918012469594431,0.6677243113517761,0.693184868959167,0.6299095214322589,0.6956635117530823,0.7595897316932678,0.7859083414077759,0.6437753438949585,0.7096852353965879,0.6826304814537869
0,0.5277793395799057,0.5127294063568115,0.5451087262685499,0.5333474611991781,0.5525830984115601,0.44582778215408325,0.5177595615386963,0.45713865756988525,0.5699968890669448,0.5117335976303677
0,0.48147071989544243,0.31231489777565,0.377162003732363,0.3035071006178529,0.5859706997871399,0.2441745549440384,0.45073676109313965,0.4834519028663635,0.44465481135382284,0.40571730017203395
0,0.2221704823895017,0.21685928106307983,0.14003014170516417,0.1086935603571287,0.22793720662593842,0.22459854185581207,0.15144526958465576,0.1306690126657486,0.22998507828747852,0.17815482413160266
0,0.342142075935781,0.22470752894878387,0.020592798000394926,0.17898826358676304,0.3691355288028717,0.40365079045295715,0.4732585549354553,0.4375910460948944,0.30997815428360853,0.306990566252513
1,0.5810970907418764,0.8721776604652405,0.8007249187928294,0.7139619001383599,0.9375344514846802,0.9066399335861206,0.9491108655929565,0.8000302314758301,0.8012460301783874,0.8194279315971963
0,0.5755491950238407,0.3006143271923065,0.207095921256554,0.4753494884013423,0.5349649786949158,0.36450669169425964,0.5480424761772156,0.47297218441963196,0.46586548887749285,0.43623648483373384
0,0.5648185192913993,0.26343318819999695,0.1627154754709505,0.36147197432588324,0.33978649973869324,0.706124484539032,0.13237042725086212,0.4550323188304901,0.40216826742738626,0.373211898410811
0,0.45573827527572136,0.4241359233856201,0.08984563037205193,0.5370694445667408,0.4972260892391205,0.6110482215881348,0.28120139241218567,0.6675305366516113,0.44350479608026944,0.44686911454900224
0,0.5540137057284441,0.47673043608665466,0.23930651722317975,0.541257038397564,0.43488532304763794,0.5776322484016418,0.2621064782142639,0.3291531801223755,0.49637971007464676,0.42796147476356905
0,0.5816601085513939,0.5924340486526489,0.40272868035419984,0.6448453592601865,0.6352525949478149,0.6842750310897827,0.34800130128860474,0.7080159187316895,0.6177120538577612,0.5755465855714086
0,0.5155257181747718,0.5909023880958557,0.10706230263577407,0.40289218571085694,0.4757046401500702,0.6565970778465271,0.42987582087516785,0.6191421151161194,0.5644729133167382,0.4764929230834261
0,0.609655949953243,0.6745749711990356,0.4408353234879863,0.6664593422746582,0.7136519551277161,0.2770540118217468,0.7649254202842712,0.7412074208259583,0.7071115687670353,0.6136174570046256
0,0.6983107180585502,0.5124123692512512,0.6434765391317715,0.6243871890837075,0.7641854882240295,0.6645451784133911,0.676830530166626,0.7758426666259766,0.6910513266797238,0.6697362289666409
1,0.6271998666762717,0.7161413431167603,0.6256242516788606,0.7253669280276546,0.7458401918411255,0.760344922542572,0.7009850144386292,0.681142270565033,0.7292915413678392,0.69787704322155
0,0.6962178041812436,0.6686373949050903,0.8266505414961705,0.7331590835387907,0.7574170827865601,0.6789517998695374,0.7505373358726501,0.6888837814331055,0.75873387261311,0.7244284325657173
0,0.6562348931708537,0.6084568500518799,0.7331459365010905,0.688273505364308,0.48946911096572876,0.806564211845398,0.5847645998001099,0.7184719443321228,0.7062164743594989,0.6593148956859198
1,0.6312349807742131,0.6049080491065979,0.5381692555907448,0.6454033180000656,0.6062303185462952,0.8030668497085571,0.6027286648750305,0.7425063252449036,0.6807754417470496,0.6464741152263628
0,0.6801024565114159,0.6615108251571655,0.6092653698715181,0.7371984272718853,0.754865288734436,0.6582018733024597,0.7628941535949707,0.6984118819236755,0.734236059943218,0.6957432182548237
1,0.6801024565114159,0.6615108251571655,0.6092653698715181,0.7371984272718853,0.754865288734436,0.6582018733024597,0.7628941535949707,0.6984118819236755,0.734236059943218,0.6957432182548237
0,0.6562348931708537,0.6084568500518799,0.7331459365010905,0.688273505364308,0.48946911096572876,0.806564211845398,0.5847645998001099,0.7184719443321228,0.7062164743594989,0.6593148956859198
0,0.6801024565114159,0.6615108251571655,0.6092653698715181,0.7371984272718853,0.754865288734436,0.6582018733024597,0.7628941535949707,0.6984118819236755,0.734236059943218,0.6957432182548237
1,0.6978451673264988,0.7853443026542664,0.7906254884892078,0.8628530046545668,0.8567380309104919,0.9197366237640381,0.7667766809463501,0.7862781286239624,0.7958152831069252,0.8076054250076854
1,0.7371312324341825,0.8568291068077087,0.925067478718241,0.8795693441318903,0.9195654392242432,0.9793771505355835,0.8759338855743408,0.8134662508964539,0.8415611344531568,0.8722472115472152
1,0.6215797365174192,0.667593777179718,0.4523610999660927,0.6904924228326502,0.7044947147369385,0.9312763810157776,0.6729233860969543,0.700012743473053,0.6921739819766773,0.6800259392151824
0,0.7048700592811578,0.6339722871780396,0.23338854935344694,0.7093797211051329,0.8579680919647217,0.7088470458984375,0.9001345038414001,0.8211729526519775,0.7205287810044251,0.6983473125285463
1,0.7742010221181933,0.8822136521339417,0.8720402623308937,0.9174295108468311,0.9306401610374451,0.9128915667533875,0.9016392230987549,0.9590245485305786,0.8617843050933784,0.8934709706485686
0,0.7741479303540413,0.8326183557510376,0.9519663752248348,0.930247998308753,0.9382443428039551,0.868434727191925,0.8806049823760986,0.8686342835426331,0.8492338184281976,0.8798892222101871
1,0.650076049397532,0.7302140593528748,0.7369732328900048,0.7251941808198696,0.8896596431732178,0.8736806511878967,0.8200151920318604,0.8278107643127441,0.7686702132818319,0.7810703886302028
1,0.7291152064592251,0.8591971397399902,0.9244913141059923,0.887379024928216,0.8644420504570007,0.9706921577453613,0.902101457118988,0.9522280097007751,0.848699855808018,0.8850649711900803
1,0.5785943928696267,0.6914333701133728,0.21256515184331193,0.787818595135865,0.7677162885665894,0.8903812766075134,0.5919287204742432,0.6047163009643555,0.6424960766121314,0.6420672691545626
0,0.5795920013954327,0.5248783826828003,0.7783756069028493,0.6352723668152142,0.48333194851875305,0.5345267057418823,0.46544069051742554,0.5932984352111816,0.6277500525276584,0.573281799981887
0,0.6403623093922015,0.7802261114120483,0.6828513111311537,0.7780522603607721,0.8218250870704651,0.9046958684921265,0.8298070430755615,0.8449481725692749,0.7781003739193083,0.7849512655097332
0,0.4248725174186315,0.15125632286071777,0.05925089724923677,0.1636112242670395,0.42765480279922485,0.09009259939193726,0.18850107491016388,0.5737459659576416,0.3115543812558559,0.26202535850467606
0,0.36216979601269245,0.17026521265506744,0.11886544302733737,0.23121548974054357,0.3343076705932617,0.09058330208063126,0.10722851008176804,0.20143333077430725,0.26154143248205725,0.20352936227145862
0,0.3233642511830324,0.1506371647119522,0.046740449820075226,0.19106960725688216,0.08848864585161209,0.1422562450170517,0.053495969623327255,0.11488446593284607,0.22736400739262966,0.13992152048660028
0,0.3990980637680752,0.31289127469062805,0.13061045334131186,0.4314203204387409,0.21599248051643372,0.21507628262043,0.12920528650283813,0.22619929909706116,0.32919241680620387,0.2591300803667518
1,0.3878210133340137,0.27927926182746887,0.20491041380019645,0.28102525416297386,0.03609548136591911,0.027768896892666817,0.0285066906362772,0.11934936046600342,0.30897671810289795,0.17205967679307035
0,0.3908638417123803,0.33313021063804626,0.48150438581661054,0.3568626998104547,0.18733473122119904,0.18816636502742767,0.14286105334758759,0.27997255325317383,0.3779831261560195,0.2950349971992337
0,0.5114068737415104,0.4494081139564514,0.5328746668557911,0.48349523991885696,0.4506690800189972,0.5092357993125916,0.2854239344596863,0.35205692052841187,0.5022558363937176,0.44647342582271143
0,0.309162342360932,0.16278396546840668,0.09384646429681859,0.1483873129557612,0.05804763734340668,0.07116590440273285,0.022116320207715034,0.16606475412845612,0.2337354115229111,0.13005126989876276
0,0.5806814421167379,0.6469149589538574,0.881849599705879,0.7563547703965398,0.5620412826538086,0.7623610496520996,0.5847340822219849,0.4347284138202667,0.6778216943982945,0.6492460052206672
0,0.5467654067551436,0.38130784034729004,0.4708096532692969,0.6392391350714561,0.6039292812347412,0.549052894115448,0.4679127633571625,0.6126531958580017,0.5156425583435482,0.533842686726427
0,0.5282721772774275,0.24600009620189667,0.09986701552181754,0.34594795783034604,0.5137549638748169,0.3111855089664459,0.1006668284535408,0.4180091619491577,0.36920964401704276,0.32246393208377777
0,0.44878086614487744,0.40286320447921753,0.4796021051287375,0.5200874813038763,0.5264452695846558,0.36356398463249207,0.2594892084598541,0.26876965165138245,0.4342780387251814,0.40893521329207905
0,0.40915450731663017,0.4798496663570404,0.3027768052946576,0.5067350323714503,0.5461540818214417,0.49843907356262207,0.5081576704978943,0.5541942119598389,0.4811486980208108,0.4763938239487068
0,0.533318984794655,0.5719883441925049,0.6533498660561246,0.5918749473442129,0.5236040353775024,0.5840369462966919,0.3884105384349823,0.40453365445137024,0.590732612344787,0.5308376440686434
1,0.41823129226300215,0.27151504158973694,0.11118133658479609,0.30341229793572866,0.3327324390411377,0.1587561070919037,0.463841050863266,0.34124836325645447,0.3600708546155556,0.30177838577938815
0,0.5759251346446194,0.506713330745697,0.3213583035040614,0.5575537203561508,0.4395816922187805,0.26735252141952515,0.33433759212493896,0.4151853322982788,0.5479535596652118,0.4293634763077237
0,0.24518906910680865,0.06381876021623611,0.0025267767781792616,0.14042510232671235,0.11975283920764923,0.1983904242515564,0.09740079194307327,0.07262859493494034,0.17486045765438313,0.11792091582749333
0,0.49340475378472626,0.39332735538482666,0.10732226482318838,0.3705941440597803,0.4364365041255951,0.4474574327468872,0.10281559824943542,0.20971165597438812,0.39751288131515156,0.32186046717558503
0,0.5290754935894249,0.35952043533325195,0.4148668663379111,0.16004421186477685,0.5970510840415955,0.6472151279449463,0.5345261693000793,0.5745306015014648,0.5103741576637787,0.4764325443662951
0,0.6064797335731175,0.40654468536376953,0.601227742821629,0.5001712196174701,0.6830142736434937,0.4177800118923187,0.673490047454834,0.6435354351997375,0.5969675608709142,0.566495153608125
0,0.6364524333486443,0.8670898675918579,0.8733511256760507,0.5889002108524813,0.9080881476402283,0.6417278051376343,0.9396151900291443,0.8147467374801636,0.8261365662274286,0.7837901223522338
1,0.7972527225719517,0.8608114123344421,0.870473718394805,0.9272788611133573,0.9075320363044739,0.9320163130760193,0.9456607103347778,0.9265715479850769,0.8623675628144388,0.8954801694927041
1,0.8454862685116586,0.9655511379241943,0.9477209118013954,0.9449153043127372,0.9768592715263367,0.9640636444091797,0.9495670199394226,0.9642608761787415,0.8971931545468579,0.9445564716296622
1,0.6806161873991666,0.8282943367958069,0.8926335706639419,0.8108140211659123,0.9333107471466064,0.8805765509605408,0.9506168365478516,0.8787705302238464,0.8266580480690896,0.8560566184418839
1,0.6230346585097841,0.7694258093833923,0.8779435464474298,0.6891757103531585,0.913968563079834,0.8092355132102966,0.8142601251602173,0.9495006799697876,0.7920659519211432,0.8049268435110863
1,0.7005899959240354,0.7233890295028687,0.8869351724278395,0.8058093783282754,0.9368036389350891,0.9217776656150818,0.9551704525947571,0.8605355620384216,0.8014871993548776,0.8474392680277361
1,0.7803999047120669,0.8734999895095825,0.9391119416365937,0.8986781728766815,0.9367244243621826,0.9815093278884888,0.9115045070648193,0.9463605284690857,0.8644341424912021,0.9075455682534359
1,0.6263198861259089,0.693561851978302,0.7600936130221636,0.6827386787504836,0.5924348831176758,0.8267262578010559,0.611595094203949,0.7391161322593689,0.7319055904264068,0.6904292018868302
1,0.836419036668964,0.9050207138061523,0.9675737394917424,0.9407053301197921,0.9884450435638428,0.9890859127044678,0.9951475262641907,0.9629493355751038,0.8869271922696461,0.9474099337563678
1,0.754387086044134,0.8254432082176208,0.9095150666542475,0.8493257374575992,0.9034393429756165,0.9259374141693115,0.8827571272850037,0.9361518025398254,0.8451738180481163,0.8724720859055135
1,0.7475368364394288,0.7937065958976746,0.8360464424136204,0.8260545293689706,0.8860896229743958,0.9317945241928101,0.9251745939254761,0.7825495004653931,0.8250373387108568,0.8402532897235919
1,0.7206182272804835,0.8327752947807312,0.899592200033437,0.8610173190020756,0.8081499934196472,0.8295679688453674,0.7203409075737,0.8283734917640686,0.8243422612218575,0.811968515675046
1,0.7896147867200982,0.9104146361351013,0.8933225078449887,0.7131147502740812,0.9686715006828308,0.41445618867874146,0.9619988799095154,0.9867066740989685,0.8818211294260502,0.8315142001678013
1,0.6801258209957827,0.6701210141181946,0.6821229609258141,0.666647532184219,0.7193331718444824,0.8699738383293152,0.7062745690345764,0.7866795063018799,0.7464877333948595,0.7219246915755342
1,0.6692889690982511,0.8183664679527283,0.856308518597807,0.7683423652339143,0.918268620967865,0.6137614846229553,0.8480870723724365,0.9543789029121399,0.8205227177449828,0.8062187991194313
1,0.6344536347572649,0.7062040567398071,0.7032237804680447,0.7346247744353765,0.8198529481887817,0.8438469171524048,0.6393951773643494,0.6328104138374329,0.7252480541724102,0.7137642154957373
1,0.6539154343805129,0.8166618347167969,0.8946038766304253,0.7665435344285644,0.7886907458305359,0.7819176316261292,0.647787868976593,0.7101582288742065,0.7907919488317352,0.7568328665417637
1,0.9525650277674883,0.9968332648277283,0.9927090154272434,0.997547265561703,0.9982408285140991,0.9972085356712341,0.9846044182777405,0.9989750385284424,0.9217390504198414,0.9897345489051178
1,0.9522495893224356,0.9980781078338623,0.9972028994303264,0.998216042457296,0.9973961114883423,0.9974291920661926,0.999976396560669,0.9988682270050049,0.9223900453705361,0.9922926725746237
1,0.9525650277674883,0.9968332648277283,0.9927090154272434,0.997547265561703,0.9982408285140991,0.9972085356712341,0.9846044182777405,0.9989750385284424,0.9217390504198414,0.9897345489051178
1,0.956349146496696,0.9973294734954834,0.9930402550559875,0.9978576588787844,0.996016800403595,0.9862616658210754,0.9977508187294006,0.9994920492172241,0.9227330142666427,0.9904525677156371
1,0.9504589411326414,0.9983925223350525,0.9891383419776553,0.9983932047129603,0.9972681999206543,0.9967530369758606,0.9900493621826172,0.9944235682487488,0.9215492670920096,0.9892702619401582
1,0.8457091300508587,0.9810925126075745,0.990504919432385,0.9811501897565662,0.9506935477256775,0.9853512048721313,0.9065220952033997,0.9876428842544556,0.9004556936929654,0.953129645027103
1,0.7588888192696228,0.9082092046737671,0.9951351854626532,0.9413704887660662,0.9426990151405334,0.9581412672996521,0.9987393021583557,0.9461559057235718,0.8727916913810344,0.9300916364035956
1,0.819979612393286,0.978995144367218,0.9966545361558925,0.9808734469492844,0.9684768915176392,0.9110012650489807,0.9915137887001038,0.9922497272491455,0.8990983224377479,0.9546525684688049
1,0.8690382635553872,0.9856350421905518,0.9983779685922772,0.9887585879881573,0.9896581768989563,0.9895920157432556,0.999151349067688,0.9766284823417664,0.9076623007627673,0.974164218888983
1,0.6640648348607223,0.9280660152435303,0.9385768229641891,0.7987350011859075,0.8724769949913025,0.8998143076896667,0.8489477634429932,0.900901734828949,0.8469633983937792,0.8556241587179069
1,0.956349146496696,0.9973294734954834,0.9930402550559875,0.9978576588787844,0.996016800403595,0.9862616658210754,0.9976248145103455,0.9994920492172241,0.9227297796476677,0.9904369300595794
1,0.9504589411326414,0.9983925223350525,0.9891383419776553,0.9983932047129603,0.9972681999206543,0.9967530369758606,0.9900493621826172,0.9944235682487488,0.9215492670920096,0.9892702619401582
1,0.822143208286006,0.9202485084533691,0.9938270556755141,0.9290944591091447,0.8715857267379761,0.9810685515403748,0.9984423518180847,0.9708815813064575,0.8891509737087072,0.9348841127618336
1,0.7662953146505133,0.9060623645782471,0.9881997043379136,0.8801291669577568,0.8684837222099304,0.9771459102630615,0.9991439580917358,0.9475770592689514,0.8748524084611945,0.9153785056937604
1,0.7355257338829793,0.9645730257034302,0.9814465083369694,0.8989853976062958,0.9030603766441345,0.6164049506187439,0.9601414799690247,0.9777969717979431,0.8811864391745082,0.8802548320287746
1,0.816407585951729,0.9391629099845886,0.9943853147174033,0.9213621797197692,0.9275602102279663,0.9656239748001099,0.9964220523834229,0.9579929709434509,0.8909924034397699,0.9390450269750842
1,0.8717856815821421,0.9827739000320435,0.9815258727356458,0.9803355512090319,0.9863802790641785,0.9960741996765137,0.9746139049530029,0.9862900376319885,0.9067163060301519,0.9696021451203198
1,0.849033754114558,0.9820539951324463,0.9944510100481816,0.959562593247091,0.9526646137237549,0.6248469948768616,0.9937129616737366,0.9902182221412659,0.9060269475887806,0.9192340634166343
1,0.8225744820804067,0.9768532514572144,0.9893859494870028,0.9771887949711978,0.9545074701309204,0.8827820420265198,0.9800853133201599,0.9869269728660583,0.8985556902573254,0.9461044701087692
1,0.8225744820804067,0.9768532514572144,0.9893859494870028,0.9771887949711978,0.9545074701309204,0.8827820420265198,0.9800853133201599,0.9869269728660583,0.8985556902573254,0.9461044701087692
1,0.8230169896761674,0.9695295095443726,0.9847554927122465,0.9792764334562496,0.9592196345329285,0.8946407437324524,0.9917623996734619,0.990934431552887,0.8976359310529678,0.9489029664160762
1,0.8600952955619845,0.9885127544403076,0.9837097952504159,0.9841034506731893,0.9830077886581421,0.9943575263023376,0.977974534034729,0.9869944453239441,0.905887979168317,0.9694530431275324
1,0.8775899319694359,0.9925633072853088,0.9918926639047212,0.9938486382936514,0.9773200750350952,0.9875764846801758,0.967363178730011,0.9798656105995178,0.9090025072886714,0.9706695951546651
1,0.8486275996902829,0.9829166531562805,0.9876617951305394,0.9850834346496187,0.934621274471283,0.9745631814002991,0.9057379364967346,0.9518781304359436,0.8998835220147159,0.945966095506771
1,0.6644899114614965,0.9548726677894592,0.9263529227915247,0.8610161645749127,0.8925222754478455,0.7278579473495483,0.9520906805992126,0.8245111107826233,0.8534005907705525,0.8504424778615862
1,0.5333847431183899,0.8993905782699585,0.9486121024510208,0.6434776619684567,0.6993935704231262,0.6880148649215698,0.8519092202186584,0.5361929535865784,0.7867804654968563,0.7239887418262829
1,0.6397766222015885,0.951215386390686,0.9458206350081442,0.8482646365890532,0.8602207899093628,0.8814680576324463,0.9606123566627502,0.8314414620399475,0.8476936136646361,0.8639609359886098
1,0.7424696285682804,0.9863656759262085,0.9745621541288407,0.9729771223980653,0.9279851317405701,0.9543101787567139,0.7773044109344482,0.8912290334701538,0.8727019916244891,0.9028901783249729
1,0.8197870579157299,0.9871835708618164,0.9712629808188212,0.9325693744684721,0.981013834476471,0.9643928408622742,0.9975606203079224,0.9732532501220703,0.8993556252474101,0.9529925066744203
1,0.7817353859066491,0.9868849515914917,0.9864023058664612,0.9666089781854189,0.9724794626235962,0.9495474696159363,0.9005385041236877,0.9893552660942078,0.8899420496253472,0.9412720572427762
1,0.7374562189126754,0.9489285349845886,0.9739254457654128,0.826702314632893,0.8910428285598755,0.6841415166854858,0.9527010321617126,0.8000950813293457,0.8709504097621122,0.8519618928454823
1,0.7506487929575367,0.9595740437507629,0.9952996461679082,0.9096637267183303,0.9517914056777954,0.671836256980896,0.95707106590271,0.912896454334259,0.8804303720342901,0.8888985619807277
1,0.7424232565986593,0.9708445072174072,0.948341759625548,0.9168989229709766,0.9561026096343994,0.9282283186912537,0.9817987084388733,0.9684572219848633,0.8806193213109422,0.9261702557918056
1,0.601445024093211,0.9692212343215942,0.9390109171212767,0.9389807896970231,0.9670498371124268,0.9745528697967529,0.8926043510437012,0.8960080146789551,0.8392814297650956,0.8963892141623324
1,0.7289321702346004,0.9755631685256958,0.9901685753559251,0.9451780638812465,0.9445223212242126,0.9630075693130493,0.9018161296844482,0.9112430214881897,0.8745510225076168,0.9192574729432801
1,0.582510394149785,0.9638738036155701,0.9113809139110279,0.9051904751924531,0.9464206695556641,0.9402766823768616,0.8946051597595215,0.9069299697875977,0.8330220182806004,0.8805785478722464
1,0.7107662118798507,0.9659189581871033,0.8364104202181921,0.7708700662376877,0.8991899490356445,0.8969744443893433,0.7264524102210999,0.9051496386528015,0.856725856386916,0.8391058882845512
1,0.7482414342910279,0.992743730545044,0.9840875992922165,0.9823957231441179,0.9571133852005005,0.98260498046875,0.8795355558395386,0.8627766370773315,0.8780225684649952,0.9230071958864416
1,0.7749625404175353,0.9878658652305603,0.9959397489704707,0.9683057034125102,0.988921046257019,0.9718433618545532,0.99628084897995,0.9893727898597717,0.8924162393334976,0.958552863562853
1,0.6711751044010932,0.9557911157608032,0.9556951121891972,0.8173568957623911,0.867656946182251,0.8643072247505188,0.9132648706436157,0.9547387957572937,0.8614585599001114,0.8743426073609328
0,0.4644779889244955,0.5462583899497986,0.16968158162042005,0.522027015451244,0.5590898990631104,0.6477707624435425,0.24049006402492523,0.24952305853366852,0.4672181232047972,0.4262546486689145
0,0.5594385681949264,0.6546536684036255,0.6685828091261562,0.8274345243925568,0.6169000267982483,0.7129664421081543,0.7133618593215942,0.6565818190574646,0.6791737601981545,0.6756047940466697
1,0.6715430359505288,0.7719981670379639,0.7840049611332555,0.8833799610398287,0.8244783282279968,0.8746904134750366,0.8960756063461304,0.7616522908210754,0.7889865384282719,0.8077143359714498
0,0.5445044474858057,0.6065241098403931,0.7263576323909244,0.618005650005625,0.6181473135948181,0.10161034017801285,0.6179728507995605,0.5273739695549011,0.6533071126262971,0.5463013184561853
1,0.7364373715444156,0.7109500169754028,0.6431337141891663,0.7054985119134495,0.7980818748474121,0.7292996048927307,0.7699019908905029,0.7281245589256287,0.7765561126086049,0.7281105366817666
0,0.47198537363481646,0.5272634029388428,0.21718334025609368,0.6818980057838908,0.4715278148651123,0.25527578592300415,0.5486164093017578,0.5336665511131287,0.5226573168226788,0.4658421571838733
0,0.7364373715444156,0.7109500169754028,0.6431337141891663,0.7054985119134495,0.7980818748474121,0.7292996048927307,0.7699019908905029,0.7281245589256287,0.7765561126086049,0.7281105366817666
0,0.6390015471478935,0.6735634207725525,0.14131854298911,0.4935381857399438,0.8120124936103821,0.3012232482433319,0.7195426225662231,0.6993748545646667,0.6890658682957512,0.5640902095100163
0,0.6871919959869695,0.6769859790802002,0.6888113372324678,0.7646306696085818,0.8019109964370728,0.7652130126953125,0.7432569861412048,0.763176441192627,0.7504199408236929,0.7362344004109376
0,0.32637654891985635,0.02920719049870968,0.009856238833236062,0.08803247898774043,0.068701833486557,0.03141441196203232,0.13373278081417084,0.18821358680725098,0.20111349771181358,0.11049945384227174
0,0.5760538872507158,0.49151650071144104,0.28327976430483004,0.7175204697276938,0.8166919946670532,0.7526754140853882,0.910987138748169,0.7338548898696899,0.6040317774112691,0.6609102225222627
0,0.49363172407489064,0.6175925135612488,0.042128546608058905,0.47765520351984175,0.5361799597740173,0.10496339946985245,0.5106367468833923,0.5275664329528809,0.5611428916265574,0.41818669081892146
0,0.5320918598238639,0.4852144122123718,0.3131080043159005,0.28980244205625877,0.5761077404022217,0.16418367624282837,0.5926876068115234,0.40354129672050476,0.5486107241210636,0.42181225217166396
0,0.5460737978947013,0.4207461476325989,0.07435783664580206,0.43142755181513315,0.727004885673523,0.9248139262199402,0.5285987257957458,0.5756164193153381,0.49489317340605266,0.5291076646597567
0,0.5419464021601033,0.4557832181453705,0.061846448398863295,0.38088381137626764,0.6109793186187744,0.6295434236526489,0.6425666809082031,0.6806858777999878,0.5351244180233587,0.5021888007506298
0,0.7364373715444156,0.7109500169754028,0.6431337141891663,0.7054985119134495,0.7980818748474121,0.7292996048927307,0.7699019908905029,0.7281245589256287,0.7765561126086049,0.7281105366817666
0,0.6390015471478935,0.6735634207725525,0.14131854298911,0.4935381857399438,0.8120124936103821,0.3012232482433319,0.7195426225662231,0.6993748545646667,0.6890658682957512,0.5640902095100163
0,0.519543332965081,0.42265844345092773,0.054684129336160556,0.3053672097566181,0.49964892864227295,0.2533806562423706,0.18042431771755219,0.586131751537323,0.4657114315696045,0.35589106571735196
0,0.6390015471478935,0.6735634207725525,0.14131854298911,0.4935381857399438,0.8120124936103821,0.3012232482433319,0.7195426225662231,0.6993748545646667,0.6890658682957512,0.5640902095100163
0,0.6992219954578858,0.7193225622177124,0.6373340486639374,0.7144716228504597,0.7503219246864319,0.9409266114234924,0.816660463809967,0.8582984209060669,0.7765153358288639,0.7665436160060892
0,0.5295036866418308,0.45437729358673096,0.2973376249606445,0.3424410630147547,0.5489605069160461,0.40039554238319397,0.5084681510925293,0.573894202709198,0.5360397675006913,0.4582576475190728
0,0.3623183708752324,0.15703482925891876,0.034398109374238484,0.15767215223293027,0.29779377579689026,0.20202189683914185,0.3173917531967163,0.4082997441291809,0.2821765630104497,0.2433656487981734
0,0.6019465671073679,0.7539180517196655,0.8771527926739792,0.6759598124765729,0.8407042026519775,0.8445062637329102,0.7008957266807556,0.7959896922111511,0.7627710880064961,0.7601273424298305
1,0.6996265716261927,0.8110358715057373,0.9055577837767615,0.8173203071559441,0.7290003299713135,0.8211326003074646,0.5427775382995605,0.8770209550857544,0.8073416385659747,0.774730451623234
0,0.6930622699350009,0.6459658145904541,0.6647222056762562,0.4082291243825362,0.9238625168800354,0.9591673612594604,0.9664120078086853,0.9814903736114502,0.7777995086541756,0.7793753277856877
1,0.5972665880787098,0.6155823469161987,0.32715876514415915,0.3491891051337997,0.9424313902854919,0.7176904082298279,0.9900254011154175,0.7271412014961243,0.6885909779891767,0.6594028991611032
1,0.696239357715977,0.6487231850624084,0.6366870901136137,0.6244313793100814,0.6781871318817139,0.840770423412323,0.8712958097457886,0.7571308016777039,0.7518093058977865,0.7185000480484525
1,0.4919177866076481,0.48581463098526,0.3354333610540962,0.559935780344526,0.6521361470222473,0.5347858667373657,0.7719423770904541,0.49968525767326355,0.5421366736733003,0.5420691411686571
0,0.7057170123412843,0.6887511610984802,0.801447669692165,0.7339170372504619,0.8558366894721985,0.9465749859809875,0.9126755595207214,0.7655267715454102,0.7795399276468402,0.799886957715384
0,0.7057170123412843,0.6887511610984802,0.801447669692165,0.7339170372504619,0.8558366894721985,0.9465749859809875,0.9126755595207214,0.7655267715454102,0.7795399276468402,0.799886957715384
0,0.5528858177520916,0.47474443912506104,0.43486161364152426,0.3273151792098881,0.47054120898246765,0.3723815679550171,0.07463262230157852,0.5208698511123657,0.5288526239606197,0.4046888805269937
0,0.7467401888405554,0.8127973675727844,0.6662404277301087,0.8019614624251518,0.8580957055091858,0.9112299680709839,0.7745813131332397,0.8840605020523071,0.8180816072823294,0.8072239742380601
0,0.5980866122284668,0.516197681427002,0.2917403317219405,0.3796490224193208,0.6234872341156006,0.43662744760513306,0.5280945301055908,0.771594226360321,0.6142832231849586,0.5200885790197187
0,0.6454749954596166,0.49025967717170715,0.6741743567646115,0.7006731160733031,0.6571151614189148,0.6604847311973572,0.4311992824077606,0.7409161329269409,0.6375486258859767,0.624444404400605
0,0.5627571858199394,0.4365672469139099,0.6383589364864305,0.649735941982012,0.1949516236782074,0.4968266487121582,0.054377734661102295,0.3375279903411865,0.505841751289804,0.4205227192038654
0,0.44633350847818404,0.27315807342529297,0.06482066982150787,0.5091439161997184,0.09032019972801208,0.28217068314552307,0.04352985695004463,0.20986407995224,0.31597832347310745,0.24140650646104544
0,0.6495907738722159,0.5920833945274353,0.28567409866050303,0.7388094820704342,0.7098777294158936,0.7120553255081177,0.4806325137615204,0.7675840854644775,0.6485543817284813,0.6186714628215423
0,0.6083519418844812,0.4980143904685974,0.32263734898230995,0.5752085021564552,0.5853200554847717,0.12395457178354263,0.4920496344566345,0.6885647773742676,0.5999550296630477,0.4897424410011391
0,0.6083519418844812,0.4980143904685974,0.32263734898230995,0.5752085021564552,0.5853200554847717,0.12395457178354263,0.4920496344566345,0.6885647773742676,0.5999550296630477,0.4897424410011391
0,0.6429369942940645,0.6018550992012024,0.35944220329643933,0.6167244992533858,0.49059295654296875,0.46888479590415955,0.48045071959495544,0.6249384880065918,0.6526353948476685,0.537528070783299
1,0.4135045368232705,0.4356313645839691,0.4015520352386655,0.35465284234087396,0.32697436213493347,0.3876394033432007,0.35236531496047974,0.45312073826789856,0.45821129924513343,0.39084717234010524
1,0.6979017774998065,0.7944731712341309,0.36841655751850555,0.6633556057281268,0.7175278663635254,0.8675140142440796,0.3796074390411377,0.8147017359733582,0.7510831192675255,0.66464836030495
1,0.6979017774998065,0.7944731712341309,0.36841655751850555,0.6633556057281268,0.7175278663635254,0.8675140142440796,0.3796074390411377,0.8147017359733582,0.7510831192675255,0.66464836030495
1,0.5235202691750688,0.36347055435180664,0.5318617681942273,0.5683378657012335,0.8004619479179382,0.7530391216278076,0.14453831315040588,0.46663448214530945,0.4578180685594821,0.5181061200822132
0,0.4735250074056272,0.2551345229148865,0.16809846808303522,0.3235522000334526,0.5479938387870789,0.5278712511062622,0.21031999588012695,0.6589184403419495,0.3852896915502327,0.3964016408532382
0,0.6419570297878103,0.8968692421913147,0.9141638095340144,0.8850785792053002,0.8713149428367615,0.908186674118042,0.7567306160926819,0.9015210270881653,0.8253692159711284,0.8461551949307874
1,0.590852088493198,0.6816170811653137,0.6595509058231572,0.7676943383002331,0.7516434788703918,0.9223957061767578,0.9148892760276794,0.5139902830123901,0.704079979204709,0.7240504103789354
0,0.5305805634301595,0.5215295553207397,0.3858923645604452,0.5174443279073432,0.8160544633865356,0.8123072981834412,0.7017427682876587,0.6227666139602661,0.584952523788677,0.6134243640573913
0,0.4406530563332881,0.5573356747627258,0.615601170855048,0.6051649574319994,0.8303725123405457,0.8324909806251526,0.6228570938110352,0.648347020149231,0.5751869379033181,0.6427990549573268
0,0.394110175929289,0.41635486483573914,0.2959260228868624,0.2793885410334642,0.23925402760505676,0.2607319951057434,0.31100934743881226,0.49870091676712036,0.4347601423148378,0.3378772955062579
0,0.41579282509510784,0.17515526711940765,0.06847629456279658,0.15222644087544085,0.29002630710601807,0.46509870886802673,0.8261284828186035,0.4176609516143799,0.35260432603475456,0.3511127662324815
0,0.5907440195485786,0.7399375438690186,0.5941839724958109,0.7514761330965417,0.7731707692146301,0.6004263162612915,0.8750137686729431,0.8246192336082458,0.7455192603565851,0.7195036789043237
1,0.6354957659425987,0.26702913641929626,0.4445997653420805,0.5184946400059895,0.7975009679794312,0.9174237251281738,0.8909526467323303,0.8730184435844421,0.5645312189302778,0.6663743427235571
0,0.7409691267953376,0.8617839217185974,0.8710243869531022,0.7870484519024021,0.9237412810325623,0.8112420439720154,0.8607553243637085,0.9415686130523682,0.8495993397773776,0.8496681633587311
0,0.827940427678616,0.9122615456581116,0.9893571540998825,0.9599388792338718,0.9806818962097168,0.9570503830909729,0.9885016679763794,0.9805806875228882,0.8879407422970234,0.9488180501085723
1,0.7896147867200982,0.9104146361351013,0.8933225078449887,0.7131147502740812,0.9686715006828308,0.41445618867874146,0.9619988799095154,0.9867066740989685,0.8818211294260502,0.8315142001678013
0,0.6674410665852012,0.902248740196228,0.6850902080594508,0.7693679418539349,0.9283561110496521,0.879787802696228,0.8823957443237305,0.9887893199920654,0.8335169545910923,0.8384291866396194
0,0.6774040585746864,0.7338125705718994,0.9065428096850789,0.8126867659517972,0.8816734552383423,0.861975371837616,0.7802368998527527,0.9092896580696106,0.7923338817531014,0.819228246584669
0,0.718978932497877,0.7335404753684998,0.9238608534080999,0.7008748335159424,0.916573703289032,0.9049818515777588,0.8484094142913818,0.8976578116416931,0.8115140211666267,0.8291953816945785
0,0.8139543860609156,0.8872862458229065,0.9825635763981069,0.8658053940151466,0.9044826626777649,0.9463895559310913,0.9410886168479919,0.9315670728683472,0.8780605467163164,0.9082038561950523
