y_true,RandomForest,XGBoost,LightGBM,CatBoost,DeepMLP,ResidualMLP,TabTransformer,1D-CNN,StackingEnsemble,WeightedEnsemble
1,1.0,0.9994723200798035,0.9999992174863047,0.9997916861560011,0.9911751747131348,0.9993465542793274,0.97444087266922,0.9874958992004395,0.9991478249613845,0.9940049869388565
0,0.0,0.0005267710075713694,7.825136416932759e-07,0.00021318554164929078,0.24689815938472748,0.035124849528074265,0.04436808452010155,0.1287868320941925,0.0013313109373958747,0.05702309402881215
0,0.0,0.0005270296242088079,7.825136320223661e-07,0.0002078425841979467,0.25426486134529114,0.017845412716269493,0.04883100464940071,0.14204037189483643,0.0013356759495166805,0.0579992012659407
0,0.0,0.0005268302629701793,7.825136320223675e-07,0.00019901525481817416,0.2330082356929779,0.041713960468769073,0.01687360368669033,0.1528347134590149,0.001318506097187209,0.055728551316279004
0,0.0,0.0005268302629701793,7.825136320226582e-07,0.0003344746883477876,0.33396798372268677,0.08477061986923218,0.13970574736595154,0.2728208899497986,0.002231120295506704,0.10393679838203662
1,1.0,0.9994739890098572,0.9999992174863604,0.9997878997897545,0.9901697039604187,0.9989849925041199,0.998993456363678,0.9754160046577454,0.9991616732282688,0.995344723669858
0,0.0,0.000525991024915129,7.825136320223704e-07,0.0002153246625376634,0.24642211198806763,0.03357977792620659,0.06677405536174774,0.15530748665332794,0.0014214803998304053,0.06285328601001715
1,1.0,0.9994736313819885,0.9999992174863047,0.9997952039270334,0.9884476065635681,0.9998251795768738,0.9900175929069519,0.9805037975311279,0.9991565211478776,0.9947663137395042
0,0.0,0.000525991024915129,7.825136320223704e-07,0.0002153246625376634,0.24642211198806763,0.03357977792620659,0.06677405536174774,0.15530748665332794,0.0014214803998304053,0.06285328601001715
0,0.0,0.0005268302629701793,7.825136320226192e-07,0.00031264650048656124,0.30651167035102844,0.0758754163980484,0.1136012151837349,0.24644331634044647,0.001980607121075297,0.09286217954850223
0,0.0,0.0005268302629701793,7.825136320223675e-07,0.00019901525481817416,0.2330082356929779,0.041713960468769073,0.01687360368669033,0.1528347134590149,0.001318506097187209,0.055728551316279004
0,0.0,0.0005267710075713694,7.825136416932759e-07,0.00021318554164929078,0.24689815938472748,0.035124849528074265,0.04436808452010155,0.1287868320941925,0.0013313109373958747,0.05702309402881215
0,0.0,0.0005267710075713694,7.825136416933286e-07,0.0002712973034534296,0.26246756315231323,0.04629596322774887,0.07728515565395355,0.15635405480861664,0.00150320010436804,0.06788465408420186
0,0.0,0.000525991024915129,7.825136320223704e-07,0.0002153246625376634,0.24642211198806763,0.03357977792620659,0.06677405536174774,0.15530748665332794,0.0014214803998304053,0.06285328601001715
0,0.0,0.0005268302629701793,7.825136320223675e-07,0.00019901525481817416,0.2330082356929779,0.041713960468769073,0.01687360368669033,0.1528347134590149,0.001318506097187209,0.055728551316279004
1,1.0,0.9994729161262512,0.9999992174863047,0.9997079673470044,0.9927243590354919,0.9999096393585205,0.9597736597061157,0.9776272773742676,0.9991200355152318,0.9912159231478967
0,0.0,0.0005267710075713694,7.825136416932759e-07,0.00021318554164929078,0.24689815938472748,0.035124849528074265,0.04436808452010155,0.1287868320941925,0.0013313109373958747,0.05702309402881215
0,0.0,0.0005268302629701793,7.825136320223675e-07,0.00019901525481817416,0.2330082356929779,0.041713960468769073,0.01687360368669033,0.1528347134590149,0.001318506097187209,0.055728551316279004
0,0.0,0.000525991024915129,7.825136320223704e-07,0.0002153246625376634,0.24642211198806763,0.03357977792620659,0.06677405536174774,0.15530748665332794,0.0014214803998304053,0.06285328601001715
0,0.0,0.0005267710075713694,7.825136416933286e-07,0.0002712973034534296,0.26246756315231323,0.04629596322774887,0.07728515565395355,0.15635405480861664,0.00150320010436804,0.06788465408420186
0,0.0,0.0005267710075713694,7.825136416932759e-07,0.00021318554164929078,0.24689815938472748,0.035124849528074265,0.04436808452010155,0.1287868320941925,0.0013313109373958747,0.05702309402881215
0,0.0,0.0005265004001557827,7.825136320223661e-07,0.0002157688989936554,0.23106932640075684,0.06117621436715126,0.059165116399526596,0.1507226824760437,0.0014403341634213432,0.06286186754882409
0,0.0,0.0005267710075713694,7.825136416932759e-07,0.00021318554164929078,0.24689815938472748,0.035124849528074265,0.04436808452010155,0.1287868320941925,0.0013313109373958747,0.05702309402881215
0,0.0,0.0005268302629701793,7.825136320225469e-07,0.00022355173764407449,0.2657730281352997,0.056640129536390305,0.07193876802921295,0.19607828557491302,0.0016103052213910952,0.07390209507321707
1,1.0,0.9994736313819885,0.9999992174863047,0.9997952039270334,0.9884476065635681,0.9998251795768738,0.9900175929069519,0.9805037975311279,0.9991565211478776,0.9947663137395042
0,0.0,0.000525991024915129,7.825136320223704e-07,0.0002153246625376634,0.24642211198806763,0.03357977792620659,0.06677405536174774,0.15530748665332794,0.0014214803998304053,0.06285328601001715
0,0.0,0.0005267710075713694,7.825136416932759e-07,0.00021318554164929078,0.24689815938472748,0.035124849528074265,0.04436808452010155,0.1287868320941925,0.0013313109373958747,0.05702309402881215
0,0.0,0.0005270296242088079,7.825136320223661e-07,0.0002078425841979467,0.25426486134529114,0.017845412716269493,0.04883100464940071,0.14204037189483643,0.0013356759495166805,0.0579992012659407
0,0.0,0.0005268302629701793,7.825136320223675e-07,0.00019901525481817416,0.2330082356929779,0.041713960468769073,0.01687360368669033,0.1528347134590149,0.001318506097187209,0.055728551316279004
0,0.0,0.0005265004001557827,7.825136320223661e-07,0.0002157688989936554,0.23106932640075684,0.06117621436715126,0.059165116399526596,0.1507226824760437,0.0014403341634213432,0.06286186754882409
0,0.0,0.0005267710075713694,7.825136416932759e-07,0.00021318554164929078,0.24689815938472748,0.035124849528074265,0.04436808452010155,0.1287868320941925,0.0013313109373958747,0.05702309402881215
0,0.0,0.0005265004001557827,7.825136320223661e-07,0.0002157688989936554,0.23106932640075684,0.06117621436715126,0.059165116399526596,0.1507226824760437,0.0014403341634213432,0.06286186754882409
0,0.0,0.0005267710075713694,7.825136416933286e-07,0.0002712973034534296,0.26246756315231323,0.04629596322774887,0.07728515565395355,0.15635405480861664,0.00150320010436804,0.06788465408420186
0,0.0,0.0005267710075713694,7.825136416932759e-07,0.00021318554164929078,0.24689815938472748,0.035124849528074265,0.04436808452010155,0.1287868320941925,0.0013313109373958747,0.05702309402881215
0,0.0,0.000525991024915129,7.825136320223704e-07,0.0002153246625376634,0.24642211198806763,0.03357977792620659,0.06677405536174774,0.15530748665332794,0.0014214803998304053,0.06285328601001715
1,1.0,0.9994723200798035,0.9999992174863047,0.9997916861560011,0.9911751747131348,0.9993465542793274,0.97444087266922,0.9874958992004395,0.9991478249613845,0.9940049869388565
0,0.0,0.000525991024915129,7.825136320223704e-07,0.0002153246625376634,0.24642211198806763,0.03357977792620659,0.06677405536174774,0.15530748665332794,0.0014214803998304053,0.06285328601001715
1,1.0,0.9994729161262512,0.9999992174863047,0.9997864003871173,0.9844276309013367,0.9995207786560059,0.9505371451377869,0.9689883589744568,0.9990889112774854,0.9879172313017464
0,0.0,0.000525991024915129,7.825136320223704e-07,0.0002153246625376634,0.24642211198806763,0.03357977792620659,0.06677405536174774,0.15530748665332794,0.0014214803998304053,0.06285328601001715
0,0.0,0.0005270296242088079,7.825136320223661e-07,0.0002078425841979467,0.25426486134529114,0.017845412716269493,0.04883100464940071,0.14204037189483643,0.0013356759495166805,0.0579992012659407
0,0.0,0.0005270296242088079,7.825136320223661e-07,0.0002078425841979467,0.25426486134529114,0.017845412716269493,0.04883100464940071,0.14204037189483643,0.0013356759495166805,0.0579992012659407
0,0.0,0.0005270296242088079,7.825136320223661e-07,0.0002078425841979467,0.25426486134529114,0.017845412716269493,0.04883100464940071,0.14204037189483643,0.0013356759495166805,0.0579992012659407
1,1.0,0.9994739890098572,0.9999992174863604,0.9997878997897545,0.9901697039604187,0.9989849925041199,0.998993456363678,0.9754160046577454,0.9991616732282688,0.995344723669858
0,0.0,0.0005270296242088079,7.825136320223661e-07,0.0002078425841979467,0.25426486134529114,0.017845412716269493,0.04883100464940071,0.14204037189483643,0.0013356759495166805,0.0579992012659407
0,0.0,0.0005267710075713694,7.825136416932759e-07,0.00021318554164929078,0.24689815938472748,0.035124849528074265,0.04436808452010155,0.1287868320941925,0.0013313109373958747,0.05702309402881215
0,0.0,0.0005270296242088079,7.825136320223661e-07,0.0002078425841979467,0.25426486134529114,0.017845412716269493,0.04883100464940071,0.14204037189483643,0.0013356759495166805,0.0579992012659407
0,0.0,0.000525991024915129,7.825136320223704e-07,0.0002153246625376634,0.24642211198806763,0.03357977792620659,0.06677405536174774,0.15530748665332794,0.0014214803998304053,0.06285328601001715
0,0.0,0.0005265004001557827,7.825136320223661e-07,0.0002157688989936554,0.23106932640075684,0.06117621436715126,0.059165116399526596,0.1507226824760437,0.0014403341634213432,0.06286186754882409
0,0.0,0.0005268302629701793,7.825136320223675e-07,0.00019901525481817416,0.2330082356929779,0.041713960468769073,0.01687360368669033,0.1528347134590149,0.001318506097187209,0.055728551316279004
0,0.0,0.0005268302629701793,7.825136320223675e-07,0.00019901525481817416,0.2330082356929779,0.041713960468769073,0.01687360368669033,0.1528347134590149,0.001318506097187209,0.055728551316279004
0,0.0,0.0005267710075713694,7.825136416932759e-07,0.00021318554164929078,0.24689815938472748,0.035124849528074265,0.04436808452010155,0.1287868320941925,0.0013313109373958747,0.05702309402881215
0,0.0,0.0005268302629701793,7.825136320223675e-07,0.00019901525481817416,0.2330082356929779,0.041713960468769073,0.01687360368669033,0.1528347134590149,0.001318506097187209,0.055728551316279004
0,0.0,0.0005270296242088079,7.825136320223661e-07,0.0002078425841979467,0.25426486134529114,0.017845412716269493,0.04883100464940071,0.14204037189483643,0.0013356759495166805,0.0579992012659407
0,0.0,0.0005267710075713694,7.825136416935343e-07,0.0010874957688270562,0.3236061930656433,0.07172790169715881,0.11351871490478516,0.2292284369468689,0.0019595731041650174,0.09241744771964201
0,0.0,0.0005265004001557827,7.82513632022476e-07,0.00026560731278086713,0.25252726674079895,0.08219173550605774,0.06114814057946205,0.17925791442394257,0.0015951699984098585,0.07199986873812991
0,0.0,0.000525991024915129,7.825136320223704e-07,0.0002153246625376634,0.24642211198806763,0.03357977792620659,0.06677405536174774,0.15530748665332794,0.0014214803998304053,0.06285328601001715
0,0.0,0.000525991024915129,7.825136320223704e-07,0.0002153246625376634,0.24642211198806763,0.03357977792620659,0.06677405536174774,0.15530748665332794,0.0014214803998304053,0.06285328601001715
0,0.0,0.0005267710075713694,7.825136416932759e-07,0.00021318554164929078,0.24689815938472748,0.035124849528074265,0.04436808452010155,0.1287868320941925,0.0013313109373958747,0.05702309402881215
1,1.0,0.9994733929634094,0.9999992174863047,0.9994667431503546,0.8025639653205872,0.887911319732666,1.0,0.7491288185119629,0.998294789021407,0.929701070179124
0,0.0,0.0005265004001557827,7.825136320223661e-07,0.0002157688989936554,0.23106932640075684,0.06117621436715126,0.059165116399526596,0.1507226824760437,0.0014403341634213432,0.06286186754882409
0,0.0,0.0005265004001557827,7.825136320223661e-07,0.0002157688989936554,0.23106932640075684,0.06117621436715126,0.059165116399526596,0.1507226824760437,0.0014403341634213432,0.06286186754882409
0,0.0,0.0005267710075713694,7.825136416932759e-07,0.00021318554164929078,0.24689815938472748,0.035124849528074265,0.04436808452010155,0.1287868320941925,0.0013313109373958747,0.05702309402881215
0,0.0,0.0005267710075713694,7.825136416932759e-07,0.00021318554164929078,0.24689815938472748,0.035124849528074265,0.04436808452010155,0.1287868320941925,0.0013313109373958747,0.05702309402881215
0,0.0,0.0005270296242088079,7.825136320223661e-07,0.0002078425841979467,0.25426486134529114,0.017845412716269493,0.04883100464940071,0.14204037189483643,0.0013356759495166805,0.0579992012659407
0,0.0,0.0005267710075713694,7.825136416932759e-07,0.00021318554164929078,0.24689815938472748,0.035124849528074265,0.04436808452010155,0.1287868320941925,0.0013313109373958747,0.05702309402881215
0,0.0,0.0005268302629701793,7.825136320223675e-07,0.00019901525481817416,0.2330082356929779,0.041713960468769073,0.01687360368669033,0.1528347134590149,0.001318506097187209,0.055728551316279004
0,0.0,0.0005267710075713694,7.825136416932759e-07,0.00021318554164929078,0.24689815938472748,0.035124849528074265,0.04436808452010155,0.1287868320941925,0.0013313109373958747,0.05702309402881215
0,0.0,0.0005268302629701793,7.825136320223675e-07,0.00019901525481817416,0.2330082356929779,0.041713960468769073,0.01687360368669033,0.1528347134590149,0.001318506097187209,0.055728551316279004
1,1.0,0.9994739890098572,0.9999992174863604,0.9997878997897545,0.9901697039604187,0.9989849925041199,0.998993456363678,0.9754160046577454,0.9991616732282688,0.995344723669858
1,1.0,0.9994729161262512,0.9999992174863047,0.9993452233088667,0.8187158107757568,0.7731772065162659,0.9533193707466125,0.6587144136428833,0.9975298213073192,0.9003123030776369
1,1.0,0.9994733929634094,0.9999992174863047,0.9998014674999373,0.9852429628372192,0.9993225336074829,0.999871015548706,0.9864693880081177,0.9991715146135451,0.9962638094982654
0,0.0,0.0005270296242088079,7.825136320223661e-07,0.0002078425841979467,0.25426486134529114,0.017845412716269493,0.04883100464940071,0.14204037189483643,0.0013356759495166805,0.0579992012659407
0,0.0,0.0005267710075713694,7.825136416932759e-07,0.00021318554164929078,0.24689815938472748,0.035124849528074265,0.04436808452010155,0.1287868320941925,0.0013313109373958747,0.05702309402881215
0,0.0,0.0005268302629701793,7.825136320223675e-07,0.00019901525481817416,0.2330082356929779,0.041713960468769073,0.01687360368669033,0.1528347134590149,0.001318506097187209,0.055728551316279004
0,0.0,0.0005267710075713694,7.825136416932759e-07,0.00021318554164929078,0.24689815938472748,0.035124849528074265,0.04436808452010155,0.1287868320941925,0.0013313109373958747,0.05702309402881215
0,0.0,0.0005268302629701793,7.825136320223675e-07,0.00019901525481817416,0.2330082356929779,0.041713960468769073,0.01687360368669033,0.1528347134590149,0.001318506097187209,0.055728551316279004
0,0.0,0.0005268302629701793,7.825136320223675e-07,0.00019901525481817416,0.2330082356929779,0.041713960468769073,0.01687360368669033,0.1528347134590149,0.001318506097187209,0.055728551316279004
0,0.0,0.000525991024915129,7.825136320223704e-07,0.0002153246625376634,0.24642211198806763,0.03357977792620659,0.06677405536174774,0.15530748665332794,0.0014214803998304053,0.06285328601001715
0,0.0,0.000525991024915129,7.825136320223704e-07,0.0002153246625376634,0.24642211198806763,0.03357977792620659,0.06677405536174774,0.15530748665332794,0.0014214803998304053,0.06285328601001715
0,0.0,0.0005268302629701793,7.825136320223675e-07,0.00019901525481817416,0.2330082356929779,0.041713960468769073,0.01687360368669033,0.1528347134590149,0.001318506097187209,0.055728551316279004
0,0.0,0.000525991024915129,7.825136320223704e-07,0.0002153246625376634,0.24642211198806763,0.03357977792620659,0.06677405536174774,0.15530748665332794,0.0014214803998304053,0.06285328601001715
0,0.0,0.0005267710075713694,7.825136416932759e-07,0.00021318554164929078,0.24689815938472748,0.035124849528074265,0.04436808452010155,0.1287868320941925,0.0013313109373958747,0.05702309402881215
0,0.0,0.0005267710075713694,7.825136416932759e-07,0.00021318554164929078,0.24689815938472748,0.035124849528074265,0.04436808452010155,0.1287868320941925,0.0013313109373958747,0.05702309402881215
0,0.0,0.0005265004001557827,7.825136320223661e-07,0.0002157688989936554,0.23106932640075684,0.06117621436715126,0.059165116399526596,0.1507226824760437,0.0014403341634213432,0.06286186754882409
0,0.0,0.0005265004001557827,7.825136320223661e-07,0.0002157688989936554,0.23106932640075684,0.06117621436715126,0.059165116399526596,0.1507226824760437,0.0014403341634213432,0.06286186754882409
0,0.0,0.0005265004001557827,7.825136320223661e-07,0.0002157688989936554,0.23106932640075684,0.06117621436715126,0.059165116399526596,0.1507226824760437,0.0014403341634213432,0.06286186754882409
0,0.0,0.0005267710075713694,7.825136416934064e-07,0.0003543312934599608,0.2954631447792053,0.05750005319714546,0.09598930180072784,0.1960683912038803,0.0017245021091001657,0.08070861922590497
1,1.0,0.9994723200798035,0.9999992174863047,0.9997916861560011,0.9911751747131348,0.9993465542793274,0.97444087266922,0.9874958992004395,0.9991478249613845,0.9940049869388565
0,0.0,0.0005268302629701793,7.825136320223675e-07,0.00019901525481817416,0.2330082356929779,0.041713960468769073,0.01687360368669033,0.1528347134590149,0.001318506097187209,0.055728551316279004
0,0.0,0.000525991024915129,7.825136320223704e-07,0.0002153246625376634,0.24642211198806763,0.03357977792620659,0.06677405536174774,0.15530748665332794,0.0014214803998304053,0.06285328601001715
0,0.0,0.0005267710075713694,7.825136416932759e-07,0.00021318554164929078,0.24689815938472748,0.035124849528074265,0.04436808452010155,0.1287868320941925,0.0013313109373958747,0.05702309402881215
0,0.0,0.0005265004001557827,7.825136320223661e-07,0.0002157688989936554,0.23106932640075684,0.06117621436715126,0.059165116399526596,0.1507226824760437,0.0014403341634213432,0.06286186754882409
0,0.0,0.0005270296242088079,7.825136320223661e-07,0.0002078425841979467,0.25426486134529114,0.017845412716269493,0.04883100464940071,0.14204037189483643,0.0013356759495166805,0.0579992012659407
0,0.0,0.0005270296242088079,7.825136320223661e-07,0.0002078425841979467,0.25426486134529114,0.017845412716269493,0.04883100464940071,0.14204037189483643,0.0013356759495166805,0.0579992012659407
0,0.0,0.0005265004001557827,7.825136320223661e-07,0.0002157688989936554,0.23106932640075684,0.06117621436715126,0.059165116399526596,0.1507226824760437,0.0014403341634213432,0.06286186754882409
0,0.0,0.0005265004001557827,7.825136320223661e-07,0.0002157688989936554,0.23106932640075684,0.06117621436715126,0.059165116399526596,0.1507226824760437,0.0014403341634213432,0.06286186754882409
0,0.0,0.0005267710075713694,7.825136416932759e-07,0.00021318554164929078,0.24689815938472748,0.035124849528074265,0.04436808452010155,0.1287868320941925,0.0013313109373958747,0.05702309402881215
0,0.0,0.0005268302629701793,7.825136320223675e-07,0.00019901525481817416,0.2330082356929779,0.041713960468769073,0.01687360368669033,0.1528347134590149,0.001318506097187209,0.055728551316279004
0,0.0,0.000525991024915129,7.825136320223704e-07,0.0002153246625376634,0.24642211198806763,0.03357977792620659,0.06677405536174774,0.15530748665332794,0.0014214803998304053,0.06285328601001715
0,0.0,0.0005270296242088079,7.825136320223661e-07,0.0002078425841979467,0.25426486134529114,0.017845412716269493,0.04883100464940071,0.14204037189483643,0.0013356759495166805,0.0579992012659407
1,1.0,0.9994729161262512,0.9999992174863047,0.9997864003871173,0.9844276309013367,0.9995207786560059,0.9505371451377869,0.9689883589744568,0.9990889112774854,0.9879172313017464
0,0.0,0.0005265004001557827,7.825136320223661e-07,0.0002157688989936554,0.23106932640075684,0.06117621436715126,0.059165116399526596,0.1507226824760437,0.0014403341634213432,0.06286186754882409
0,0.0,0.0005267710075713694,7.825136416932759e-07,0.00021318554164929078,0.24689815938472748,0.035124849528074265,0.04436808452010155,0.1287868320941925,0.0013313109373958747,0.05702309402881215
1,1.0,0.9994729161262512,0.9999992174863047,0.9997079673470044,0.9927243590354919,0.9999096393585205,0.9597736597061157,0.9776272773742676,0.9991200355152318,0.9912159231478967
1,1.0,0.9994736313819885,0.9999992174863047,0.9997952039270334,0.9884476065635681,0.9998251795768738,0.9900175929069519,0.9805037975311279,0.9991565211478776,0.9947663137395042
0,0.0,0.0005267710075713694,7.825136416932759e-07,0.00021318554164929078,0.24689815938472748,0.035124849528074265,0.04436808452010155,0.1287868320941925,0.0013313109373958747,0.05702309402881215
0,0.0,0.0005265004001557827,7.825136320223661e-07,0.0002157688989936554,0.23106932640075684,0.06117621436715126,0.059165116399526596,0.1507226824760437,0.0014403341634213432,0.06286186754882409
1,1.0,0.9994723200798035,0.9999992174863047,0.9997916861560011,0.9911751747131348,0.9993465542793274,0.97444087266922,0.9874958992004395,0.9991478249613845,0.9940049869388565
0,0.0,0.0005268302629701793,7.825136320223675e-07,0.00019901525481817416,0.2330082356929779,0.041713960468769073,0.01687360368669033,0.1528347134590149,0.001318506097187209,0.055728551316279004
0,0.0,0.0005267710075713694,7.825136416932759e-07,0.00021318554164929078,0.24689815938472748,0.035124849528074265,0.04436808452010155,0.1287868320941925,0.0013313109373958747,0.05702309402881215
0,0.0,0.000525991024915129,7.825136320223704e-07,0.0002153246625376634,0.24642211198806763,0.03357977792620659,0.06677405536174774,0.15530748665332794,0.0014214803998304053,0.06285328601001715
1,1.0,0.9994739890098572,0.9999992174863604,0.9732862504176455,0.9990271329879761,0.9999998807907104,0.999774158000946,0.9974257349967957,0.999149662864296,0.996113259445198
0,0.0,0.0005268302629701793,7.825136320223675e-07,0.00019901525481817416,0.2330082356929779,0.041713960468769073,0.01687360368669033,0.1528347134590149,0.001318506097187209,0.055728551316279004
1,1.0,0.9994729161262512,0.9999992174863047,0.9997864003871173,0.9844276309013367,0.9995207786560059,0.9505371451377869,0.9689883589744568,0.9990889112774854,0.9879172313017464
0,0.0,0.0005265004001557827,7.825136320223661e-07,0.0002157688989936554,0.23106932640075684,0.06117621436715126,0.059165116399526596,0.1507226824760437,0.0014403341634213432,0.06286186754882409
0,0.0,0.0005267710075713694,7.825136416932759e-07,0.00021318554164929078,0.24689815938472748,0.035124849528074265,0.04436808452010155,0.1287868320941925,0.0013313109373958747,0.05702309402881215
0,0.0,0.0005265004001557827,7.825136320223661e-07,0.0002157688989936554,0.23106932640075684,0.06117621436715126,0.059165116399526596,0.1507226824760437,0.0014403341634213432,0.06286186754882409
0,0.0,0.0005268302629701793,7.825136320223675e-07,0.00019901525481817416,0.2330082356929779,0.041713960468769073,0.01687360368669033,0.1528347134590149,0.001318506097187209,0.055728551316279004
0,0.0,0.000525991024915129,7.825136320223704e-07,0.0002153246625376634,0.24642211198806763,0.03357977792620659,0.06677405536174774,0.15530748665332794,0.0014214803998304053,0.06285328601001715
0,0.0,0.0005267710075713694,7.825136416932759e-07,0.00021318554164929078,0.24689815938472748,0.035124849528074265,0.04436808452010155,0.1287868320941925,0.0013313109373958747,0.05702309402881215
0,0.0,0.0005267710075713694,7.825136416932759e-07,0.00021318554164929078,0.24689815938472748,0.035124849528074265,0.04436808452010155,0.1287868320941925,0.0013313109373958747,0.05702309402881215
0,0.0,0.0005268302629701793,7.825136320223675e-07,0.00019901525481817416,0.2330082356929779,0.041713960468769073,0.01687360368669033,0.1528347134590149,0.001318506097187209,0.055728551316279004
0,0.0,0.0005267710075713694,7.825136416932759e-07,0.00021318554164929078,0.24689815938472748,0.035124849528074265,0.04436808452010155,0.1287868320941925,0.0013313109373958747,0.05702309402881215
0,0.0,0.0005265004001557827,7.82513632022476e-07,0.00026560731278086713,0.25252726674079895,0.08219173550605774,0.06114814057946205,0.17925791442394257,0.0015951699984098585,0.07199986873812991
0,0.0,0.0005265004001557827,7.825136320223661e-07,0.0002157688989936554,0.23106932640075684,0.06117621436715126,0.059165116399526596,0.1507226824760437,0.0014403341634213432,0.06286186754882409
0,0.0,0.0005267710075713694,7.825136416933286e-07,0.0002712973034534296,0.26246756315231323,0.04629596322774887,0.07728515565395355,0.15635405480861664,0.00150320010436804,0.06788465408420186
0,0.0,0.0005268302629701793,7.825136320223675e-07,0.00019901525481817416,0.2330082356929779,0.041713960468769073,0.01687360368669033,0.1528347134590149,0.001318506097187209,0.055728551316279004
0,0.0,0.0005267710075713694,7.825136416934064e-07,0.0003543312934599608,0.2954631447792053,0.05750005319714546,0.09598930180072784,0.1960683912038803,0.0017245021091001657,0.08070861922590497
0,0.0,0.0005268302629701793,7.825136320223675e-07,0.00019901525481817416,0.2330082356929779,0.041713960468769073,0.01687360368669033,0.1528347134590149,0.001318506097187209,0.055728551316279004
0,0.0,0.0005265004001557827,7.825136320223661e-07,0.0002157688989936554,0.23106932640075684,0.06117621436715126,0.059165116399526596,0.1507226824760437,0.0014403341634213432,0.06286186754882409
0,0.0,0.0005270296242088079,7.825136320230293e-07,0.01861043396059121,0.41725465655326843,0.0213613398373127,0.05579173564910889,0.517539918422699,0.002845200305157729,0.12907341151007123
0,0.0,0.0005268302629701793,7.825136320223675e-07,0.00019901525481817416,0.2330082356929779,0.041713960468769073,0.01687360368669033,0.1528347134590149,0.001318506097187209,0.055728551316279004
0,0.0,0.0005265004001557827,7.825136320223661e-07,0.0002157688989936554,0.23106932640075684,0.06117621436715126,0.059165116399526596,0.1507226824760437,0.0014403341634213432,0.06286186754882409
0,0.0,0.0005270296242088079,7.825136320223661e-07,0.0002078425841979467,0.25426486134529114,0.017845412716269493,0.04883100464940071,0.14204037189483643,0.0013356759495166805,0.0579992012659407
0,0.0,0.0005267710075713694,7.825136416932759e-07,0.00021318554164929078,0.24689815938472748,0.035124849528074265,0.04436808452010155,0.1287868320941925,0.0013313109373958747,0.05702309402881215
0,0.0,0.000525991024915129,7.825136320225956e-07,0.00026875609996030407,0.2833360731601715,0.045261282473802567,0.06869415938854218,0.19185274839401245,0.0015933837665567591,0.07375970656057973
1,1.0,0.9994723200798035,0.9999992174863047,0.9997916861560011,0.9911751747131348,0.9993465542793274,0.97444087266922,0.9874958992004395,0.9991478249613845,0.9940049869388565
0,0.0,0.0005267710075713694,7.825136416932759e-07,0.00021318554164929078,0.24689815938472748,0.035124849528074265,0.04436808452010155,0.1287868320941925,0.0013313109373958747,0.05702309402881215
0,0.0,0.000525991024915129,7.825136320223704e-07,0.0002153246625376634,0.24642211198806763,0.03357977792620659,0.06677405536174774,0.15530748665332794,0.0014214803998304053,0.06285328601001715
0,0.0,0.0005268302629701793,7.825136320225469e-07,0.00022355173764407449,0.2657730281352997,0.056640129536390305,0.07193876802921295,0.19607828557491302,0.0016103052213910952,0.07390209507321707
0,0.0,0.0005268302629701793,7.825136320223675e-07,0.00019901525481817416,0.2330082356929779,0.041713960468769073,0.01687360368669033,0.1528347134590149,0.001318506097187209,0.055728551316279004
0,0.0,0.0005267710075713694,7.825136416935343e-07,0.0010874957688270562,0.3236061930656433,0.07172790169715881,0.11351871490478516,0.2292284369468689,0.0019595731041650174,0.09241744771964201
0,0.0001961812840956777,0.0005270296242088079,7.825136320226318e-07,0.00047121388352433556,0.3355054259300232,0.021999794989824295,0.05244607478380203,0.27086296677589417,0.001769885352247132,0.0853421008951974
0,0.0,0.0005270296242088079,7.825136320223661e-07,0.0002078425841979467,0.25426486134529114,0.017845412716269493,0.04883100464940071,0.14204037189483643,0.0013356759495166805,0.0579992012659407
0,0.0,0.0005268302629701793,7.825136320223675e-07,0.00019901525481817416,0.2330082356929779,0.041713960468769073,0.01687360368669033,0.1528347134590149,0.001318506097187209,0.055728551316279004
0,0.0,0.0005270296242088079,7.825136320223661e-07,0.0002078425841979467,0.25426486134529114,0.017845412716269493,0.04883100464940071,0.14204037189483643,0.0013356759495166805,0.0579992012659407
0,0.0,0.000525991024915129,7.825136320223704e-07,0.0002153246625376634,0.24642211198806763,0.03357977792620659,0.06677405536174774,0.15530748665332794,0.0014214803998304053,0.06285328601001715
0,0.0,0.0005267710075713694,7.825136416932759e-07,0.00021318554164929078,0.24689815938472748,0.035124849528074265,0.04436808452010155,0.1287868320941925,0.0013313109373958747,0.05702309402881215
0,0.0,0.000525991024915129,7.825136320223704e-07,0.0002153246625376634,0.24642211198806763,0.03357977792620659,0.06677405536174774,0.15530748665332794,0.0014214803998304053,0.06285328601001715
0,0.0,0.0005265004001557827,7.825136320223661e-07,0.0002157688989936554,0.23106932640075684,0.06117621436715126,0.059165116399526596,0.1507226824760437,0.0014403341634213432,0.06286186754882409
1,1.0,0.9994736313819885,0.9999992174863047,0.9997952039270334,0.9884476065635681,0.9998251795768738,0.9900175929069519,0.9805037975311279,0.9991565211478776,0.9947663137395042
0,0.0,0.0005268302629701793,7.825136320223675e-07,0.00019901525481817416,0.2330082356929779,0.041713960468769073,0.01687360368669033,0.1528347134590149,0.001318506097187209,0.055728551316279004
0,0.0,0.0005268302629701793,7.825136320223675e-07,0.00019901525481817416,0.2330082356929779,0.041713960468769073,0.01687360368669033,0.1528347134590149,0.001318506097187209,0.055728551316279004
0,0.0,0.000525991024915129,7.825136320223704e-07,0.0002153246625376634,0.24642211198806763,0.03357977792620659,0.06677405536174774,0.15530748665332794,0.0014214803998304053,0.06285328601001715
0,0.0,0.0005265004001557827,7.825136320223661e-07,0.0002157688989936554,0.23106932640075684,0.06117621436715126,0.059165116399526596,0.1507226824760437,0.0014403341634213432,0.06286186754882409
0,0.0,0.0005268302629701793,7.825136320223675e-07,0.00019901525481817416,0.2330082356929779,0.041713960468769073,0.01687360368669033,0.1528347134590149,0.001318506097187209,0.055728551316279004
1,1.0,0.9994733929634094,0.9999992174863047,0.9998014674999373,0.9852429628372192,0.9993225336074829,0.999871015548706,0.9864693880081177,0.9991715146135451,0.9962638094982654
0,0.0,0.0005270296242088079,7.825136320223661e-07,0.0002078425841979467,0.25426486134529114,0.017845412716269493,0.04883100464940071,0.14204037189483643,0.0013356759495166805,0.0579992012659407
1,1.0,0.9994723200798035,0.9999992174863047,0.9997916861560011,0.9911751747131348,0.9993465542793274,0.97444087266922,0.9874958992004395,0.9991478249613845,0.9940049869388565
1,1.0,0.9994739890098572,0.9999992174863604,0.9963917012729865,0.725508451461792,0.8180645108222961,0.4444413483142853,0.6575205326080322,0.9947442188015687,0.8310265586882639
0,0.0,0.000525991024915129,7.825136320223704e-07,0.0002153246625376634,0.24642211198806763,0.03357977792620659,0.06677405536174774,0.15530748665332794,0.0014214803998304053,0.06285328601001715
0,0.0,0.0005268302629701793,7.825136320223675e-07,0.00019901525481817416,0.2330082356929779,0.041713960468769073,0.01687360368669033,0.1528347134590149,0.001318506097187209,0.055728551316279004
0,0.0,0.0005267710075713694,7.825136416932759e-07,0.00021318554164929078,0.24689815938472748,0.035124849528074265,0.04436808452010155,0.1287868320941925,0.0013313109373958747,0.05702309402881215
0,0.0,0.000525991024915129,7.825136320223704e-07,0.0002153246625376634,0.24642211198806763,0.03357977792620659,0.06677405536174774,0.15530748665332794,0.0014214803998304053,0.06285328601001715
0,0.0,0.0005265004001557827,7.825136320223661e-07,0.0002157688989936554,0.23106932640075684,0.06117621436715126,0.059165116399526596,0.1507226824760437,0.0014403341634213432,0.06286186754882409
0,0.0,0.0005267710075713694,7.825136416932759e-07,0.00021318554164929078,0.24689815938472748,0.035124849528074265,0.04436808452010155,0.1287868320941925,0.0013313109373958747,0.05702309402881215
1,1.0,0.9994739890098572,0.9999992174863604,0.9997878997897545,0.9901697039604187,0.9989849925041199,0.998993456363678,0.9754160046577454,0.9991616732282688,0.995344723669858
0,0.0,0.0005267710075713694,7.825136416932759e-07,0.00021318554164929078,0.24689815938472748,0.035124849528074265,0.04436808452010155,0.1287868320941925,0.0013313109373958747,0.05702309402881215
0,0.0,0.0005270296242088079,7.825136320223661e-07,0.0002078425841979467,0.25426486134529114,0.017845412716269493,0.04883100464940071,0.14204037189483643,0.0013356759495166805,0.0579992012659407
0,0.0,0.0005267710075713694,7.825136416932759e-07,0.00021318554164929078,0.24689815938472748,0.035124849528074265,0.04436808452010155,0.1287868320941925,0.0013313109373958747,0.05702309402881215
0,0.0,0.0005265004001557827,7.825136320223661e-07,0.0002157688989936554,0.23106932640075684,0.06117621436715126,0.059165116399526596,0.1507226824760437,0.0014403341634213432,0.06286186754882409
0,0.0,0.000525991024915129,7.825136320225956e-07,0.00026875609996030407,0.2833360731601715,0.045261282473802567,0.06869415938854218,0.19185274839401245,0.0015933837665567591,0.07375970656057973
0,0.0,0.0005265004001557827,7.825136320223661e-07,0.0002157688989936554,0.23106932640075684,0.06117621436715126,0.059165116399526596,0.1507226824760437,0.0014403341634213432,0.06286186754882409
1,1.0,0.9994739890098572,0.9999992174863604,0.9994808746288985,0.8352836966514587,0.9142860174179077,0.9999521970748901,0.6804406642913818,0.9982700321959932,0.9284849935599255
1,1.0,0.9994733929634094,0.9999992174863047,0.9996583092421284,0.8874461650848389,0.961546003818512,0.9999963045120239,0.8685735464096069,0.9988404448869219,0.9645184556168882
0,0.0,0.0005268302629701793,7.825136320223675e-07,0.00019901525481817416,0.2330082356929779,0.041713960468769073,0.01687360368669033,0.1528347134590149,0.001318506097187209,0.055728551316279004
0,0.0,0.0005267710075713694,7.825136416932759e-07,0.00021318554164929078,0.24689815938472748,0.035124849528074265,0.04436808452010155,0.1287868320941925,0.0013313109373958747,0.05702309402881215
0,0.0,0.0005267710075713694,7.825136416932759e-07,0.00021318554164929078,0.24689815938472748,0.035124849528074265,0.04436808452010155,0.1287868320941925,0.0013313109373958747,0.05702309402881215
1,1.0,0.9994723200798035,0.9999992174863047,0.9997916861560011,0.9911751747131348,0.9993465542793274,0.97444087266922,0.9874958992004395,0.9991478249613845,0.9940049869388565
0,0.0,0.000525991024915129,7.825136320223704e-07,0.0002153246625376634,0.24642211198806763,0.03357977792620659,0.06677405536174774,0.15530748665332794,0.0014214803998304053,0.06285328601001715
0,0.0,0.0005267710075713694,7.825136416932759e-07,0.00021318554164929078,0.24689815938472748,0.035124849528074265,0.04436808452010155,0.1287868320941925,0.0013313109373958747,0.05702309402881215
1,1.0,0.9994739890098572,0.9999992174863604,0.9997878997897545,0.9901697039604187,0.9989849925041199,0.998993456363678,0.9754160046577454,0.9991616732282688,0.995344723669858
0,0.0,0.0005270296242088079,7.825136320223661e-07,0.0002078425841979467,0.25426486134529114,0.017845412716269493,0.04883100464940071,0.14204037189483643,0.0013356759495166805,0.0579992012659407
0,0.0,0.0005265004001557827,7.825136320225372e-07,0.0005049775944382831,0.32525771856307983,0.08661048859357834,0.06822589784860611,0.22710101306438446,0.0018803311641101,0.08856307720599399
0,0.0,0.0005268302629701793,7.825136320223675e-07,0.00019901525481817416,0.2330082356929779,0.041713960468769073,0.01687360368669033,0.1528347134590149,0.001318506097187209,0.055728551316279004
0,0.0,0.0005267710075713694,7.825136416932759e-07,0.00021318554164929078,0.24689815938472748,0.035124849528074265,0.04436808452010155,0.1287868320941925,0.0013313109373958747,0.05702309402881215
1,1.0,0.9994739890098572,0.9999992174863604,0.9997878997897545,0.9901697039604187,0.9989849925041199,0.998993456363678,0.9754160046577454,0.9991616732282688,0.995344723669858
0,0.0,0.0005267710075713694,7.825136416932759e-07,0.00021318554164929078,0.24689815938472748,0.035124849528074265,0.04436808452010155,0.1287868320941925,0.0013313109373958747,0.05702309402881215
0,0.0,0.0005270296242088079,7.825136320223661e-07,0.0002078425841979467,0.25426486134529114,0.017845412716269493,0.04883100464940071,0.14204037189483643,0.0013356759495166805,0.0579992012659407
1,1.0,0.9994723200798035,0.9999992174863047,0.9997916861560011,0.9911751747131348,0.9993465542793274,0.97444087266922,0.9874958992004395,0.9991478249613845,0.9940049869388565
0,0.0,0.0005270296242088079,7.825136320223661e-07,0.0002078425841979467,0.25426486134529114,0.017845412716269493,0.04883100464940071,0.14204037189483643,0.0013356759495166805,0.0579992012659407
0,0.0,0.0005270296242088079,7.825136320223661e-07,0.0002078425841979467,0.25426486134529114,0.017845412716269493,0.04883100464940071,0.14204037189483643,0.0013356759495166805,0.0579992012659407
0,0.0,0.0005267710075713694,7.825136416933286e-07,0.0002712973034534296,0.26246756315231323,0.04629596322774887,0.07728515565395355,0.15635405480861664,0.00150320010436804,0.06788465408420186
0,0.0,0.0005268302629701793,7.825136320223675e-07,0.00019901525481817416,0.2330082356929779,0.041713960468769073,0.01687360368669033,0.1528347134590149,0.001318506097187209,0.055728551316279004
1,1.0,0.9994739890098572,0.9999992174863604,0.9997284589696981,0.9110546708106995,0.9667242169380188,0.9997783303260803,0.8218282461166382,0.9988047343953981,0.9622497333667577
0,0.0,0.0005267710075713694,7.825136416932759e-07,0.00021318554164929078,0.24689815938472748,0.035124849528074265,0.04436808452010155,0.1287868320941925,0.0013313109373958747,0.05702309402881215
0,0.0,0.0005270296242088079,7.825136320223661e-07,0.0002078425841979467,0.25426486134529114,0.017845412716269493,0.04883100464940071,0.14204037189483643,0.0013356759495166805,0.0579992012659407
0,0.0,0.0005270296242088079,7.825136320223661e-07,0.0002078425841979467,0.25426486134529114,0.017845412716269493,0.04883100464940071,0.14204037189483643,0.0013356759495166805,0.0579992012659407
1,1.0,0.9994729161262512,0.9999992174863047,0.9988060701052263,0.7323434948921204,0.4773467481136322,0.17268618941307068,0.6188176274299622,0.9856769032546812,0.7513339903825518
0,0.0,0.0005270296242088079,7.825136320223661e-07,0.0002078425841979467,0.25426486134529114,0.017845412716269493,0.04883100464940071,0.14204037189483643,0.0013356759495166805,0.0579992012659407
0,0.0,0.0005270296242088079,7.825136320223661e-07,0.0002078425841979467,0.25426486134529114,0.017845412716269493,0.04883100464940071,0.14204037189483643,0.0013356759495166805,0.0579992012659407
0,0.0,0.0005265004001557827,7.825136320223661e-07,0.0002157688989936554,0.23106932640075684,0.06117621436715126,0.059165116399526596,0.1507226824760437,0.0014403341634213432,0.06286186754882409
1,1.0,0.9994739890098572,0.9999992174863604,0.9997878997897545,0.9901697039604187,0.9989849925041199,0.998993456363678,0.9754160046577454,0.9991616732282688,0.995344723669858
0,0.0,0.000525991024915129,7.825136320223704e-07,0.0002153246625376634,0.24642211198806763,0.03357977792620659,0.06677405536174774,0.15530748665332794,0.0014214803998304053,0.06285328601001715
0,0.0,0.000525991024915129,7.825136320223704e-07,0.0002153246625376634,0.24642211198806763,0.03357977792620659,0.06677405536174774,0.15530748665332794,0.0014214803998304053,0.06285328601001715
0,0.0,0.0005267710075713694,7.825136416932759e-07,0.00021318554164929078,0.24689815938472748,0.035124849528074265,0.04436808452010155,0.1287868320941925,0.0013313109373958747,0.05702309402881215
0,0.0,0.0005265004001557827,7.825136320223661e-07,0.0002157688989936554,0.23106932640075684,0.06117621436715126,0.059165116399526596,0.1507226824760437,0.0014403341634213432,0.06286186754882409
0,0.0,0.0005268302629701793,7.825136320223675e-07,0.00019901525481817416,0.2330082356929779,0.041713960468769073,0.01687360368669033,0.1528347134590149,0.001318506097187209,0.055728551316279004
0,0.0,0.0005267710075713694,7.825136416933286e-07,0.0002712973034534296,0.26246756315231323,0.04629596322774887,0.07728515565395355,0.15635405480861664,0.00150320010436804,0.06788465408420186
0,0.0,0.0005268302629701793,7.825136320223675e-07,0.00019901525481817416,0.2330082356929779,0.041713960468769073,0.01687360368669033,0.1528347134590149,0.001318506097187209,0.055728551316279004
0,0.0,0.0005267710075713694,7.825136416934064e-07,0.0003543312934599608,0.2954631447792053,0.05750005319714546,0.09598930180072784,0.1960683912038803,0.0017245021091001657,0.08070861922590497
0,0.0,0.0005270296242088079,7.825136320223661e-07,0.0002078425841979467,0.25426486134529114,0.017845412716269493,0.04883100464940071,0.14204037189483643,0.0013356759495166805,0.0579992012659407
0,0.0,0.0005267710075713694,7.825136416932759e-07,0.00021318554164929078,0.24689815938472748,0.035124849528074265,0.04436808452010155,0.1287868320941925,0.0013313109373958747,0.05702309402881215
0,0.0,0.000525991024915129,7.825136320223704e-07,0.0002153246625376634,0.24642211198806763,0.03357977792620659,0.06677405536174774,0.15530748665332794,0.0014214803998304053,0.06285328601001715
0,0.0,0.0005267710075713694,7.825136416932759e-07,0.00021318554164929078,0.24689815938472748,0.035124849528074265,0.04436808452010155,0.1287868320941925,0.0013313109373958747,0.05702309402881215
1,1.0,0.9994733929634094,0.9999992174863047,0.9998014674999373,0.9852429628372192,0.9993225336074829,0.999871015548706,0.9864693880081177,0.9991715146135451,0.9962638094982654
0,0.0,0.000525991024915129,7.825136320223704e-07,0.0002153246625376634,0.24642211198806763,0.03357977792620659,0.06677405536174774,0.15530748665332794,0.0014214803998304053,0.06285328601001715
0,0.0,0.0005268302629701793,7.825136320223675e-07,0.00019901525481817416,0.2330082356929779,0.041713960468769073,0.01687360368669033,0.1528347134590149,0.001318506097187209,0.055728551316279004
0,0.0,0.0005268302629701793,7.825136320223675e-07,0.00019901525481817416,0.2330082356929779,0.041713960468769073,0.01687360368669033,0.1528347134590149,0.001318506097187209,0.055728551316279004
1,1.0,0.9994739890098572,0.9999992174863604,0.9997878997897545,0.9901697039604187,0.9989849925041199,0.998993456363678,0.9754160046577454,0.9991616732282688,0.995344723669858
0,0.0,0.0005265004001557827,7.825136320223661e-07,0.0002157688989936554,0.23106932640075684,0.06117621436715126,0.059165116399526596,0.1507226824760437,0.0014403341634213432,0.06286186754882409
0,0.0001961812840956777,0.0005270296242088079,7.82513632022551e-07,0.0003539642902512132,0.316898912191391,0.026437321677803993,0.050851814448833466,0.23193660378456116,0.0016511523709808326,0.0784761035595745
0,0.0,0.0005268302629701793,7.825136320223675e-07,0.00019901525481817416,0.2330082356929779,0.041713960468769073,0.01687360368669033,0.1528347134590149,0.001318506097187209,0.055728551316279004
1,1.0,0.9994736313819885,0.9999992174863047,0.9997952039270334,0.9884476065635681,0.9998251795768738,0.9900175929069519,0.9805037975311279,0.9991565211478776,0.9947663137395042
0,0.0,0.0005265004001557827,7.825136320223661e-07,0.0002157688989936554,0.23106932640075684,0.06117621436715126,0.059165116399526596,0.1507226824760437,0.0014403341634213432,0.06286186754882409
0,0.0,0.0005268302629701793,7.825136320223675e-07,0.00019901525481817416,0.2330082356929779,0.041713960468769073,0.01687360368669033,0.1528347134590149,0.001318506097187209,0.055728551316279004
0,0.0,0.0005270296242088079,7.825136320223661e-07,0.0002078425841979467,0.25426486134529114,0.017845412716269493,0.04883100464940071,0.14204037189483643,0.0013356759495166805,0.0579992012659407
0,0.0,0.000525991024915129,7.825136320223704e-07,0.0002153246625376634,0.24642211198806763,0.03357977792620659,0.06677405536174774,0.15530748665332794,0.0014214803998304053,0.06285328601001715
1,1.0,0.9994729161262512,0.9999992174863047,0.9996952651286762,0.8935242891311646,0.9528198838233948,0.959873378276825,0.8032092452049255,0.9986446055536926,0.9510644392415589
0,0.0,0.000525991024915129,7.825136320225956e-07,0.00026875609996030407,0.2833360731601715,0.045261282473802567,0.06869415938854218,0.19185274839401245,0.0015933837665567591,0.07375970656057973
1,1.0,0.9994733929634094,0.9999992174863047,0.9998014674999373,0.9852429628372192,0.9993225336074829,0.999871015548706,0.9864693880081177,0.9991715146135451,0.9962638094982654
0,0.0,0.0005267710075713694,7.825136416932759e-07,0.00021318554164929078,0.24689815938472748,0.035124849528074265,0.04436808452010155,0.1287868320941925,0.0013313109373958747,0.05702309402881215
0,0.0,0.0005270296242088079,7.825136320223661e-07,0.0002078425841979467,0.25426486134529114,0.017845412716269493,0.04883100464940071,0.14204037189483643,0.0013356759495166805,0.0579992012659407
0,0.0,0.000525991024915129,7.825136320223704e-07,0.0002153246625376634,0.24642211198806763,0.03357977792620659,0.06677405536174774,0.15530748665332794,0.0014214803998304053,0.06285328601001715
0,0.0,0.000525991024915129,7.825136320223704e-07,0.0002153246625376634,0.24642211198806763,0.03357977792620659,0.06677405536174774,0.15530748665332794,0.0014214803998304053,0.06285328601001715
0,0.0,0.0005267710075713694,7.825136416932759e-07,0.00021318554164929078,0.24689815938472748,0.035124849528074265,0.04436808452010155,0.1287868320941925,0.0013313109373958747,0.05702309402881215
0,0.0,0.0005268302629701793,7.825136320223675e-07,0.00019901525481817416,0.2330082356929779,0.041713960468769073,0.01687360368669033,0.1528347134590149,0.001318506097187209,0.055728551316279004
1,1.0,0.9994736313819885,0.9999992174863047,0.9997952039270334,0.9884476065635681,0.9998251795768738,0.9900175929069519,0.9805037975311279,0.9991565211478776,0.9947663137395042
0,0.0,0.0005267710075713694,7.825136416932759e-07,0.00021318554164929078,0.24689815938472748,0.035124849528074265,0.04436808452010155,0.1287868320941925,0.0013313109373958747,0.05702309402881215
1,1.0,0.9994729161262512,0.9999992174863047,0.9997079673470044,0.9927243590354919,0.9999096393585205,0.9597736597061157,0.9776272773742676,0.9991200355152318,0.9912159231478967
0,0.0,0.0005267710075713694,7.825136416934064e-07,0.0003543312934599608,0.2954631447792053,0.05750005319714546,0.09598930180072784,0.1960683912038803,0.0017245021091001657,0.08070861922590497
0,0.0,0.000525991024915129,7.825136320225956e-07,0.00026875609996030407,0.2833360731601715,0.045261282473802567,0.06869415938854218,0.19185274839401245,0.0015933837665567591,0.07375970656057973
0,0.0001961812840956777,0.0005270296242088079,7.82513632022551e-07,0.0003539642902512132,0.316898912191391,0.026437321677803993,0.050851814448833466,0.23193660378456116,0.0016511523709808326,0.0784761035595745
0,0.0,0.0005267710075713694,7.825136416932759e-07,0.00021318554164929078,0.24689815938472748,0.035124849528074265,0.04436808452010155,0.1287868320941925,0.0013313109373958747,0.05702309402881215
0,0.0,0.000525991024915129,7.825136320223704e-07,0.0002153246625376634,0.24642211198806763,0.03357977792620659,0.06677405536174774,0.15530748665332794,0.0014214803998304053,0.06285328601001715
0,0.0,0.000525991024915129,7.825136320223704e-07,0.0002153246625376634,0.24642211198806763,0.03357977792620659,0.06677405536174774,0.15530748665332794,0.0014214803998304053,0.06285328601001715
0,0.0,0.0005268302629701793,7.825136320223675e-07,0.00019901525481817416,0.2330082356929779,0.041713960468769073,0.01687360368669033,0.1528347134590149,0.001318506097187209,0.055728551316279004
0,0.0,0.0005268302629701793,7.825136320225469e-07,0.00022355173764407449,0.2657730281352997,0.056640129536390305,0.07193876802921295,0.19607828557491302,0.0016103052213910952,0.07390209507321707
0,0.0,0.0005265004001557827,7.825136320223661e-07,0.0002157688989936554,0.23106932640075684,0.06117621436715126,0.059165116399526596,0.1507226824760437,0.0014403341634213432,0.06286186754882409
0,0.0,0.0005270296242088079,7.825136320227763e-07,0.003855618204434336,0.37180060148239136,0.019639674574136734,0.0541633702814579,0.32740890979766846,0.0020029330938899055,0.09729194263203736
0,0.0,0.0005267710075713694,7.825136416933286e-07,0.0002712973034534296,0.26246756315231323,0.04629596322774887,0.07728515565395355,0.15635405480861664,0.00150320010436804,0.06788465408420186
0,0.0,0.0005267710075713694,7.825136416932759e-07,0.00021318554164929078,0.24689815938472748,0.035124849528074265,0.04436808452010155,0.1287868320941925,0.0013313109373958747,0.05702309402881215
0,0.0,0.0005270296242088079,7.825136320223661e-07,0.0002078425841979467,0.25426486134529114,0.017845412716269493,0.04883100464940071,0.14204037189483643,0.0013356759495166805,0.0579992012659407
1,1.0,0.9994723200798035,0.9999992174863047,0.9997916861560011,0.9911751747131348,0.9993465542793274,0.97444087266922,0.9874958992004395,0.9991478249613845,0.9940049869388565
0,0.0,0.0005270296242088079,7.825136320223661e-07,0.0002078425841979467,0.25426486134529114,0.017845412716269493,0.04883100464940071,0.14204037189483643,0.0013356759495166805,0.0579992012659407
0,0.0,0.0005270296242088079,7.825136320225039e-07,0.00023530647812990732,0.2798534631729126,0.026064515113830566,0.048301566392183304,0.17793382704257965,0.0014634573887450455,0.06666726973451943
0,0.0,0.0005265004001557827,7.825136320223661e-07,0.0002157688989936554,0.23106932640075684,0.06117621436715126,0.059165116399526596,0.1507226824760437,0.0014403341634213432,0.06286186754882409
0,0.0,0.0005270296242088079,7.825136320223661e-07,0.0002078425841979467,0.25426486134529114,0.017845412716269493,0.04883100464940071,0.14204037189483643,0.0013356759495166805,0.0579992012659407
0,0.0,0.0005267710075713694,7.825136416932759e-07,0.00021318554164929078,0.24689815938472748,0.035124849528074265,0.04436808452010155,0.1287868320941925,0.0013313109373958747,0.05702309402881215
0,0.0,0.0005265004001557827,7.825136320223661e-07,0.0002157688989936554,0.23106932640075684,0.06117621436715126,0.059165116399526596,0.1507226824760437,0.0014403341634213432,0.06286186754882409
1,1.0,0.9994739890098572,0.9999992174863604,0.9997878997897545,0.9901697039604187,0.9989849925041199,0.998993456363678,0.9754160046577454,0.9991616732282688,0.995344723669858
0,0.0,0.0005265004001557827,7.825136320223661e-07,0.0002157688989936554,0.23106932640075684,0.06117621436715126,0.059165116399526596,0.1507226824760437,0.0014403341634213432,0.06286186754882409
1,1.0,0.9994723200798035,0.9999992174863047,0.9997916861560011,0.9911751747131348,0.9993465542793274,0.97444087266922,0.9874958992004395,0.9991478249613845,0.9940049869388565
0,0.0,0.0005270296242088079,7.825136320223661e-07,0.0002078425841979467,0.25426486134529114,0.017845412716269493,0.04883100464940071,0.14204037189483643,0.0013356759495166805,0.0579992012659407
0,0.0,0.0005265004001557827,7.82513632022476e-07,0.00026560731278086713,0.25252726674079895,0.08219173550605774,0.06114814057946205,0.17925791442394257,0.0015951699984098585,0.07199986873812991
0,0.0,0.0005267710075713694,7.825136416932759e-07,0.00021318554164929078,0.24689815938472748,0.035124849528074265,0.04436808452010155,0.1287868320941925,0.0013313109373958747,0.05702309402881215
1,1.0,0.9994739890098572,0.9999992174863604,0.9997878997897545,0.9901697039604187,0.9989849925041199,0.998993456363678,0.9754160046577454,0.9991616732282688,0.995344723669858
0,0.0,0.0005265004001557827,7.825136320223661e-07,0.0002157688989936554,0.23106932640075684,0.06117621436715126,0.059165116399526596,0.1507226824760437,0.0014403341634213432,0.06286186754882409
0,0.0,0.0005265004001557827,7.825136320223661e-07,0.0002157688989936554,0.23106932640075684,0.06117621436715126,0.059165116399526596,0.1507226824760437,0.0014403341634213432,0.06286186754882409
1,1.0,0.9994739890098572,0.9999992174863604,0.9997878997897545,0.9901697039604187,0.9989849925041199,0.998993456363678,0.9754160046577454,0.9991616732282688,0.995344723669858
0,0.0,0.0005267710075713694,7.825136416932759e-07,0.00021318554164929078,0.24689815938472748,0.035124849528074265,0.04436808452010155,0.1287868320941925,0.0013313109373958747,0.05702309402881215
0,0.0,0.0005265004001557827,7.825136320223661e-07,0.0002157688989936554,0.23106932640075684,0.06117621436715126,0.059165116399526596,0.1507226824760437,0.0014403341634213432,0.06286186754882409
0,0.0,0.0005270296242088079,7.825136320223661e-07,0.0002078425841979467,0.25426486134529114,0.017845412716269493,0.04883100464940071,0.14204037189483643,0.0013356759495166805,0.0579992012659407
0,0.0,0.0005268302629701793,7.825136320223675e-07,0.00019901525481817416,0.2330082356929779,0.041713960468769073,0.01687360368669033,0.1528347134590149,0.001318506097187209,0.055728551316279004
1,1.0,0.9994733929634094,0.9999992174863047,0.9998014674999373,0.9852429628372192,0.9993225336074829,0.999871015548706,0.9864693880081177,0.9991715146135451,0.9962638094982654
0,0.0,0.000525991024915129,7.825136320223704e-07,0.0002153246625376634,0.24642211198806763,0.03357977047562599,0.06677405536174774,0.15530748665332794,0.001421480381707247,0.06285328508006569
1,1.0,0.9994729161262512,0.9999992174863047,0.9997864003871173,0.9844276309013367,0.9995207786560059,0.9505371451377869,0.9689883589744568,0.9990889112774854,0.9879172313017464
0,0.0,0.0005268302629701793,7.825136320223675e-07,0.00019901525481817416,0.2330082356929779,0.041713960468769073,0.01687360368669033,0.1528347134590149,0.001318506097187209,0.055728551316279004
0,0.0,0.0005267710075713694,7.825136416932759e-07,0.00021318554164929078,0.24689815938472748,0.035124849528074265,0.04436808452010155,0.1287868320941925,0.0013313109373958747,0.05702309402881215
0,0.0,0.0005270296242088079,7.825136320223661e-07,0.0002078425841979467,0.25426486134529114,0.017845412716269493,0.04883100464940071,0.14204037189483643,0.0013356759495166805,0.0579992012659407
0,0.0,0.0005270296242088079,7.825136320223661e-07,0.0002078425841979467,0.25426486134529114,0.017845412716269493,0.04883100464940071,0.14204037189483643,0.0013356759495166805,0.0579992012659407
0,0.0,0.0005267710075713694,7.825136416932759e-07,0.00021318554164929078,0.24689815938472748,0.035124849528074265,0.04436808452010155,0.1287868320941925,0.0013313109373958747,0.05702309402881215
0,0.0,0.0005270296242088079,7.825136320223661e-07,0.0002078425841979467,0.25426486134529114,0.017845412716269493,0.04883100464940071,0.14204037189483643,0.0013356759495166805,0.0579992012659407
0,0.0,0.0005267710075713694,7.825136416933286e-07,0.0002712973034534296,0.26246756315231323,0.04629596322774887,0.07728515565395355,0.15635405480861664,0.00150320010436804,0.06788465408420186
1,1.0,0.9994739890098572,0.9999992174863604,0.9997878997897545,0.9901697039604187,0.9989849925041199,0.998993456363678,0.9754160046577454,0.9991616732282688,0.995344723669858
0,0.0,0.0005268302629701793,7.825136320223675e-07,0.00019901525481817416,0.2330082356929779,0.041713960468769073,0.01687360368669033,0.1528347134590149,0.001318506097187209,0.055728551316279004
0,0.0,0.0005265004001557827,7.825136320223661e-07,0.0002157688989936554,0.23106932640075684,0.06117621436715126,0.059165116399526596,0.1507226824760437,0.0014403341634213432,0.06286186754882409
0,0.0,0.0005268302629701793,7.825136320223675e-07,0.00019901525481817416,0.2330082356929779,0.041713960468769073,0.01687360368669033,0.1528347134590149,0.001318506097187209,0.055728551316279004
0,0.0,0.0005265004001557827,7.825136320223661e-07,0.0002157688989936554,0.23106932640075684,0.06117621436715126,0.059165116399526596,0.1507226824760437,0.0014403341634213432,0.06286186754882409
1,1.0,0.9994733929634094,0.9999992174863047,0.9998014674999373,0.9852429628372192,0.9993225336074829,0.999871015548706,0.9864693880081177,0.9991715146135451,0.9962638094982654
0,0.0,0.0005265004001557827,7.825136320223661e-07,0.0002157688989936554,0.23106932640075684,0.06117621436715126,0.059165116399526596,0.1507226824760437,0.0014403341634213432,0.06286186754882409
0,0.0001961812840956777,0.0005270296242088079,7.82513632022551e-07,0.0003539642902512132,0.316898912191391,0.02643733099102974,0.050851814448833466,0.23193660378456116,0.0016511523972889816,0.07847610472201383
0,0.0,0.0005270296242088079,7.825136320223661e-07,0.0002078425841979467,0.25426486134529114,0.017845412716269493,0.04883100464940071,0.14204037189483643,0.0013356759495166805,0.0579992012659407
0,0.0,0.0005268302629701793,7.825136320223675e-07,0.00019901525481817416,0.2330082356929779,0.041713960468769073,0.01687360368669033,0.1528347134590149,0.001318506097187209,0.055728551316279004
0,0.0,0.000525991024915129,7.825136320223704e-07,0.0002153246625376634,0.24642211198806763,0.03357977047562599,0.06677405536174774,0.15530748665332794,0.001421480381707247,0.06285328508006569
1,1.0,0.9994723200798035,0.9999992174863047,0.9996659385590926,0.921167254447937,0.9680293202400208,0.9815295338630676,0.8690860271453857,0.9988663878390708,0.9673445057419003
0,0.0,0.0005268302629701793,7.825136320223675e-07,0.00019901525481817416,0.2330082356929779,0.041713960468769073,0.01687360368669033,0.1528347134590149,0.001318506097187209,0.055728551316279004
0,0.0,0.0005268302629701793,7.825136320223675e-07,0.00019901525481817416,0.2330082356929779,0.041713960468769073,0.01687360368669033,0.1528347134590149,0.001318506097187209,0.055728551316279004
0,0.0,0.0005265004001557827,7.825136320223661e-07,0.0002157688989936554,0.23106932640075684,0.06117621436715126,0.059165116399526596,0.1507226824760437,0.0014403341634213432,0.06286186754882409
0,0.0,0.0005265004001557827,7.825136320223661e-07,0.0002157688989936554,0.23106932640075684,0.06117621436715126,0.059165116399526596,0.1507226824760437,0.0014403341634213432,0.06286186754882409
0,0.0,0.0005268302629701793,7.825136320223675e-07,0.00019901525481817416,0.2330082356929779,0.041713960468769073,0.01687360368669033,0.1528347134590149,0.001318506097187209,0.055728551316279004
0,0.0,0.0005270296242088079,7.825136320223661e-07,0.0002078425841979467,0.25426486134529114,0.017845412716269493,0.04883100464940071,0.14204037189483643,0.0013356759495166805,0.0579992012659407
0,0.0,0.0005268302629701793,7.825136320223675e-07,0.00019901525481817416,0.2330082356929779,0.041713960468769073,0.01687360368669033,0.1528347134590149,0.001318506097187209,0.055728551316279004
0,0.0,0.0005267710075713694,7.825136416932759e-07,0.00021318554164929078,0.24689815938472748,0.035124849528074265,0.04436808452010155,0.1287868320941925,0.0013313109373958747,0.05702309402881215
0,0.0,0.0005267710075713694,7.825136416933286e-07,0.0002712973034534296,0.26246756315231323,0.04629596322774887,0.07728515565395355,0.15635405480861664,0.00150320010436804,0.06788465408420186
1,1.0,0.9994723200798035,0.9999992174863047,0.9997916861560011,0.9911751747131348,0.9993465542793274,0.97444087266922,0.9874958992004395,0.9991478249613845,0.9940049869388565
0,0.0,0.0005268302629701793,7.825136320223675e-07,0.00019901525481817416,0.2330082356929779,0.041713960468769073,0.01687360368669033,0.1528347134590149,0.001318506097187209,0.055728551316279004
0,0.0,0.0005268302629701793,7.825136320223675e-07,0.00019901525481817416,0.2330082356929779,0.041713960468769073,0.01687360368669033,0.1528347134590149,0.001318506097187209,0.055728551316279004
1,1.0,0.9994733929634094,0.9999992174863047,0.9869001142315293,0.6693090200424194,0.5100870132446289,0.20928436517715454,0.8381192088127136,0.989540057111617,0.778009486632026
0,0.0,0.000525991024915129,7.825136320225956e-07,0.00026875609996030407,0.2833360731601715,0.045261282473802567,0.06869415938854218,0.19185274839401245,0.0015933837665567591,0.07375970656057973
1,1.0,0.9994729161262512,0.9999992174863047,0.9997864003871173,0.9844276309013367,0.9995207786560059,0.9505371451377869,0.9689883589744568,0.9990889112774854,0.9879172313017464
0,0.0,0.0005268302629701793,7.825136320223675e-07,0.00019901525481817416,0.2330082356929779,0.041713960468769073,0.01687360368669033,0.1528347134590149,0.001318506097187209,0.055728551316279004
0,0.0,0.0005268302629701793,7.825136320223675e-07,0.00019901525481817416,0.2330082356929779,0.041713960468769073,0.01687360368669033,0.1528347134590149,0.001318506097187209,0.055728551316279004
0,0.0,0.0005265004001557827,7.825136320223661e-07,0.0002157688989936554,0.23106932640075684,0.06117621436715126,0.059165116399526596,0.1507226824760437,0.0014403341634213432,0.06286186754882409
0,0.0,0.0005268302629701793,7.825136320223675e-07,0.00019901525481817416,0.2330082356929779,0.041713960468769073,0.01687360368669033,0.1528347134590149,0.001318506097187209,0.055728551316279004
1,1.0,0.9994739890098572,0.9999992174863604,0.9997878997897545,0.9901697039604187,0.9989849925041199,0.998993456363678,0.9754160046577454,0.9991616732282688,0.995344723669858
0,0.0,0.0005265004001557827,7.825136320223661e-07,0.0002157688989936554,0.23106932640075684,0.06117621436715126,0.059165116399526596,0.1507226824760437,0.0014403341634213432,0.06286186754882409
0,0.0,0.0005267710075713694,7.825136416932759e-07,0.00021318554164929078,0.24689815938472748,0.035124849528074265,0.04436808452010155,0.1287868320941925,0.0013313109373958747,0.05702309402881215
0,0.0,0.0005270296242088079,7.825136320223661e-07,0.0002078425841979467,0.25426486134529114,0.017845412716269493,0.04883100464940071,0.14204037189483643,0.0013356759495166805,0.0579992012659407
0,0.0,0.0005267710075713694,7.825136416932759e-07,0.00021318554164929078,0.24689815938472748,0.035124849528074265,0.04436808452010155,0.1287868320941925,0.0013313109373958747,0.05702309402881215
0,0.0,0.0005267710075713694,7.825136416932759e-07,0.00021318554164929078,0.24689815938472748,0.035124849528074265,0.04436808452010155,0.1287868320941925,0.0013313109373958747,0.05702309402881215
0,0.0,0.0005268302629701793,7.825136320223675e-07,0.00019901525481817416,0.2330082356929779,0.041713960468769073,0.01687360368669033,0.1528347134590149,0.001318506097187209,0.055728551316279004
0,0.0,0.0005268302629701793,7.825136320225469e-07,0.00022355173764407449,0.2657730281352997,0.056640129536390305,0.07193876802921295,0.19607828557491302,0.0016103052213910952,0.07390209507321707
0,0.0,0.0005268302629701793,7.825136320223675e-07,0.00019901525481817416,0.2330082356929779,0.041713960468769073,0.01687360368669033,0.1528347134590149,0.001318506097187209,0.055728551316279004
0,0.0,0.0005268302629701793,7.825136320223675e-07,0.00019901525481817416,0.2330082356929779,0.041713960468769073,0.01687360368669033,0.1528347134590149,0.001318506097187209,0.055728551316279004
1,1.0,0.9994723200798035,0.9999992174863047,0.9997916861560011,0.9911751747131348,0.9993465542793274,0.97444087266922,0.9874958992004395,0.9991478249613845,0.9940049869388565
0,0.0,0.0005270296242088079,7.825136320223661e-07,0.0002078425841979467,0.25426486134529114,0.017845412716269493,0.04883100464940071,0.14204037189483643,0.0013356759495166805,0.0579992012659407
0,0.0,0.0005265004001557827,7.825136320223661e-07,0.0002157688989936554,0.23106932640075684,0.06117621436715126,0.059165116399526596,0.1507226824760437,0.0014403341634213432,0.06286186754882409
0,0.0,0.0005270296242088079,7.825136320223661e-07,0.0002078425841979467,0.25426486134529114,0.017845412716269493,0.04883100464940071,0.14204037189483643,0.0013356759495166805,0.0579992012659407
1,1.0,0.9994723200798035,0.9999992174863047,0.9997916861560011,0.9911751747131348,0.9993465542793274,0.97444087266922,0.9874958992004395,0.9991478249613845,0.9940049869388565
0,0.0,0.0005268302629701793,7.825136320223675e-07,0.00019901525481817416,0.2330082356929779,0.041713960468769073,0.01687360368669033,0.1528347134590149,0.001318506097187209,0.055728551316279004
1,1.0,0.9994723200798035,0.9999992174863047,0.9997916861560011,0.9911751747131348,0.9993465542793274,0.97444087266922,0.9874958992004395,0.9991478249613845,0.9940049869388565
0,0.0,0.000525991024915129,7.825136320231237e-07,0.02292672700619739,0.4804658591747284,0.02171359397470951,0.08138643205165863,0.3755556344985962,0.0026226261844402693,0.12294654619282656
0,0.0,0.0005268302629701793,7.825136320223675e-07,0.00019901525481817416,0.2330082356929779,0.041713960468769073,0.01687360368669033,0.1528347134590149,0.001318506097187209,0.055728551316279004
1,1.0,0.9994733929634094,0.9999992174863047,0.9996583092421284,0.8874461650848389,0.961546003818512,0.9999963045120239,0.8685735464096069,0.9988404448869219,0.9645184556168882
0,0.0,0.0005267710075713694,7.825136416932759e-07,0.00021318554164929078,0.24689815938472748,0.035124849528074265,0.04436808452010155,0.1287868320941925,0.0013313109373958747,0.05702309402881215
0,0.0,0.0005268302629701793,7.825136320223675e-07,0.00019901525481817416,0.2330082356929779,0.041713960468769073,0.01687360368669033,0.1528347134590149,0.001318506097187209,0.055728551316279004
0,0.0,0.000525991024915129,7.825136320223704e-07,0.0002153246625376634,0.24642211198806763,0.03357977792620659,0.06677405536174774,0.15530748665332794,0.0014214803998304053,0.06285328601001715
0,0.0,0.0005265004001557827,7.825136320223661e-07,0.0002157688989936554,0.23106932640075684,0.06117621436715126,0.059165116399526596,0.1507226824760437,0.0014403341634213432,0.06286186754882409
0,0.0,0.0005270296242088079,7.825136320223661e-07,0.0002078425841979467,0.25426486134529114,0.017845412716269493,0.04883100464940071,0.14204037189483643,0.0013356759495166805,0.0579992012659407
0,0.0,0.0005267710075713694,7.825136416934064e-07,0.0003543312934599608,0.2954631447792053,0.05750005319714546,0.09598930180072784,0.1960683912038803,0.0017245021091001657,0.08070861922590497
0,0.0,0.000525991024915129,7.825136320228153e-07,0.000770335116281798,0.368388295173645,0.05134563893079758,0.07683192938566208,0.2701053321361542,0.0019957432995074947,0.09604832375920633
0,0.0,0.0005265004001557827,7.825136320223661e-07,0.0002157688989936554,0.23106932640075684,0.06117621436715126,0.059165116399526596,0.1507226824760437,0.0014403341634213432,0.06286186754882409
0,0.0,0.0005268302629701793,7.825136320223675e-07,0.00019901525481817416,0.2330082356929779,0.041713960468769073,0.01687360368669033,0.1528347134590149,0.001318506097187209,0.055728551316279004
0,0.0,0.0005270296242088079,7.825136320223661e-07,0.0002078425841979467,0.25426486134529114,0.017845412716269493,0.04883100464940071,0.14204037189483643,0.0013356759495166805,0.0579992012659407
0,0.0,0.0005265004001557827,7.825136320223661e-07,0.0002157688989936554,0.23106932640075684,0.06117621436715126,0.059165116399526596,0.1507226824760437,0.0014403341634213432,0.06286186754882409
0,0.0,0.0005270296242088079,7.825136320225039e-07,0.00023530647812990732,0.2798534631729126,0.026064515113830566,0.048301566392183304,0.17793382704257965,0.0014634573887450455,0.06666726973451943
0,0.0,0.0005270296242088079,7.825136320223661e-07,0.0002078425841979467,0.25426486134529114,0.017845412716269493,0.04883100464940071,0.14204037189483643,0.0013356759495166805,0.0579992012659407
0,0.0,0.0005267710075713694,7.825136416932759e-07,0.00021318554164929078,0.24689815938472748,0.035124849528074265,0.04436808452010155,0.1287868320941925,0.0013313109373958747,0.05702309402881215
0,0.0,0.0005268302629701793,7.825136320223675e-07,0.00019901525481817416,0.2330082356929779,0.041713960468769073,0.01687360368669033,0.1528347134590149,0.001318506097187209,0.055728551316279004
0,0.0,0.000525991024915129,7.825136320223704e-07,0.0002153246625376634,0.24642211198806763,0.03357977792620659,0.06677405536174774,0.15530748665332794,0.0014214803998304053,0.06285328601001715
0,0.0,0.0005270296242088079,7.825136320223661e-07,0.0002078425841979467,0.25426486134529114,0.017845412716269493,0.04883100464940071,0.14204037189483643,0.0013356759495166805,0.0579992012659407
0,0.0,0.0005265004001557827,7.825136320223661e-07,0.0002157688989936554,0.23106932640075684,0.06117621436715126,0.059165116399526596,0.1507226824760437,0.0014403341634213432,0.06286186754882409
0,0.0,0.0005265004001557827,7.825136320223661e-07,0.0002157688989936554,0.23106932640075684,0.06117621436715126,0.059165116399526596,0.1507226824760437,0.0014403341634213432,0.06286186754882409
0,0.0,0.0005268302629701793,7.825136320223675e-07,0.00019901525481817416,0.2330082356929779,0.041713960468769073,0.01687360368669033,0.1528347134590149,0.001318506097187209,0.055728551316279004
0,0.0,0.000525991024915129,7.825136320223704e-07,0.0002153246625376634,0.24642211198806763,0.03357977792620659,0.06677405536174774,0.15530748665332794,0.0014214803998304053,0.06285328601001715
0,0.0,0.000525991024915129,7.825136320223704e-07,0.0002153246625376634,0.24642211198806763,0.03357977792620659,0.06677405536174774,0.15530748665332794,0.0014214803998304053,0.06285328601001715
0,0.0,0.0005270296242088079,7.825136320223661e-07,0.0002078425841979467,0.25426486134529114,0.017845412716269493,0.04883100464940071,0.14204037189483643,0.0013356759495166805,0.0579992012659407
0,0.0,0.0005268302629701793,7.825136320223675e-07,0.00019901525481817416,0.2330082356929779,0.041713960468769073,0.01687360368669033,0.1528347134590149,0.001318506097187209,0.055728551316279004
1,1.0,0.9994736313819885,0.9999992174863047,0.9997952039270334,0.9884476065635681,0.9998251795768738,0.9900175929069519,0.9805037975311279,0.9991565211478776,0.9947663137395042
0,0.0,0.0005267710075713694,7.825136416932759e-07,0.00021318554164929078,0.24689815938472748,0.035124849528074265,0.04436808452010155,0.1287868320941925,0.0013313109373958747,0.05702309402881215
1,1.0,0.9994723200798035,0.9999992174863047,0.9997916861560011,0.9911751747131348,0.9993465542793274,0.97444087266922,0.9874958992004395,0.9991478249613845,0.9940049869388565
0,0.0,0.0005265004001557827,7.825136320223661e-07,0.0002157688989936554,0.23106932640075684,0.06117621436715126,0.059165116399526596,0.1507226824760437,0.0014403341634213432,0.06286186754882409
0,0.0,0.0005265004001557827,7.825136320223661e-07,0.0002157688989936554,0.23106932640075684,0.06117621436715126,0.059165116399526596,0.1507226824760437,0.0014403341634213432,0.06286186754882409
1,1.0,0.9994739890098572,0.9999992174863604,0.9997878997897545,0.9901697039604187,0.9989849925041199,0.998993456363678,0.9754160046577454,0.9991616732282688,0.995344723669858
0,0.0,0.000525991024915129,7.825136320223704e-07,0.0002153246625376634,0.24642211198806763,0.03357977792620659,0.06677405536174774,0.15530748665332794,0.0014214803998304053,0.06285328601001715
0,0.0,0.0005270296242088079,7.825136320223661e-07,0.0002078425841979467,0.25426486134529114,0.017845412716269493,0.04883100464940071,0.14204037189483643,0.0013356759495166805,0.0579992012659407
1,1.0,0.9994723200798035,0.9999992174863047,0.9997916861560011,0.9911751747131348,0.9993465542793274,0.97444087266922,0.9874958992004395,0.9991478249613845,0.9940049869388565
0,0.0,0.000525991024915129,7.825136320223704e-07,0.0002153246625376634,0.24642211198806763,0.03357977792620659,0.06677405536174774,0.15530748665332794,0.0014214803998304053,0.06285328601001715
0,0.0,0.0005267710075713694,7.825136416932759e-07,0.00021318554164929078,0.24689815938472748,0.035124849528074265,0.04436808452010155,0.1287868320941925,0.0013313109373958747,0.05702309402881215
0,0.0,0.0005265004001557827,7.825136320223661e-07,0.0002157688989936554,0.23106932640075684,0.06117621436715126,0.059165116399526596,0.1507226824760437,0.0014403341634213432,0.06286186754882409
0,0.0,0.000525991024915129,7.825136320223704e-07,0.0002153246625376634,0.24642211198806763,0.03357977792620659,0.06677405536174774,0.15530748665332794,0.0014214803998304053,0.06285328601001715
0,0.0,0.0005265004001557827,7.825136320223661e-07,0.0002157688989936554,0.23106932640075684,0.06117621436715126,0.059165116399526596,0.1507226824760437,0.0014403341634213432,0.06286186754882409
0,0.0,0.0005270296242088079,7.825136320223661e-07,0.0002078425841979467,0.25426486134529114,0.017845412716269493,0.04883100464940071,0.14204037189483643,0.0013356759495166805,0.0579992012659407
0,0.0,0.000525991024915129,7.825136320223704e-07,0.0002153246625376634,0.24642211198806763,0.03357977792620659,0.06677405536174774,0.15530748665332794,0.0014214803998304053,0.06285328601001715
1,1.0,0.9994736313819885,0.9999992174863047,0.9997952039270334,0.9884476065635681,0.9998251795768738,0.9900175929069519,0.9805037975311279,0.9991565211478776,0.9947663137395042
0,0.0,0.0005270296242088079,7.825136320223661e-07,0.0002078425841979467,0.25426486134529114,0.017845412716269493,0.04883100464940071,0.14204037189483643,0.0013356759495166805,0.0579992012659407
0,0.0,0.000525991024915129,7.825136320223704e-07,0.0002153246625376634,0.24642211198806763,0.03357977792620659,0.06677405536174774,0.15530748665332794,0.0014214803998304053,0.06285328601001715
0,0.0,0.0005267710075713694,7.825136416932759e-07,0.00021318554164929078,0.24689815938472748,0.035124849528074265,0.04436808452010155,0.1287868320941925,0.0013313109373958747,0.05702309402881215
1,1.0,0.9994736313819885,0.9999992174863047,0.9997952039270334,0.9884476065635681,0.9998251795768738,0.9900175929069519,0.9805037975311279,0.9991565211478776,0.9947663137395042
0,0.0,0.0005265004001557827,7.825136320224983e-07,0.00034306343497182115,0.29399335384368896,0.09009140729904175,0.06539028137922287,0.21500004827976227,0.0017894075116928376,0.08319326017132586
0,0.0,0.0005268302629701793,7.825136320226192e-07,0.00031264650048656124,0.30651167035102844,0.0758754163980484,0.1136012151837349,0.24644331634044647,0.001980607121075297,0.09286217954850223
0,0.0,0.0005268302629701793,7.825136320223675e-07,0.00019901525481817416,0.2330082356929779,0.041713960468769073,0.01687360368669033,0.1528347134590149,0.001318506097187209,0.055728551316279004
0,0.0,0.0005267710075713694,7.825136416932759e-07,0.00021318554164929078,0.24689815938472748,0.035124849528074265,0.04436808452010155,0.1287868320941925,0.0013313109373958747,0.05702309402881215
0,0.0,0.0005265004001557827,7.825136320223661e-07,0.0002157688989936554,0.23106932640075684,0.06117621436715126,0.059165116399526596,0.1507226824760437,0.0014403341634213432,0.06286186754882409
0,0.0,0.0005270296242088079,7.825136320225039e-07,0.00023530647812990732,0.2798534631729126,0.026064515113830566,0.048301566392183304,0.17793382704257965,0.0014634573887450455,0.06666726973451943
0,0.0,0.0005265004001557827,7.825136320223661e-07,0.0002157688989936554,0.23106932640075684,0.06117621436715126,0.059165116399526596,0.1507226824760437,0.0014403341634213432,0.06286186754882409
0,0.0,0.0005265004001557827,7.825136320223661e-07,0.0002157688989936554,0.23106932640075684,0.06117621436715126,0.059165116399526596,0.1507226824760437,0.0014403341634213432,0.06286186754882409
0,0.0,0.0005270296242088079,7.825136320223661e-07,0.0002078425841979467,0.25426486134529114,0.017845412716269493,0.04883100464940071,0.14204037189483643,0.0013356759495166805,0.0579992012659407
0,0.0,0.000525991024915129,7.825136320223704e-07,0.0002153246625376634,0.24642211198806763,0.03357977792620659,0.06677405536174774,0.15530748665332794,0.0014214803998304053,0.06285328601001715
1,1.0,0.9994729161262512,0.9999992174863047,0.9993452233088667,0.8187158107757568,0.7731772065162659,0.9533193707466125,0.6587144136428833,0.9975298213073192,0.9003123030776369
0,0.0,0.0005267710075713694,7.825136416932759e-07,0.00021318554164929078,0.24689815938472748,0.035124849528074265,0.04436808452010155,0.1287868320941925,0.0013313109373958747,0.05702309402881215
0,0.0,0.0005265004001557827,7.825136320223661e-07,0.0002157688989936554,0.23106932640075684,0.06117621436715126,0.059165116399526596,0.1507226824760437,0.0014403341634213432,0.06286186754882409
0,0.0,0.0005270296242088079,7.825136320223661e-07,0.0002078425841979467,0.25426486134529114,0.017845412716269493,0.04883100464940071,0.14204037189483643,0.0013356759495166805,0.0579992012659407
0,0.0,0.0005265004001557827,7.825136320223661e-07,0.0002157688989936554,0.23106932640075684,0.06117621436715126,0.059165116399526596,0.1507226824760437,0.0014403341634213432,0.06286186754882409
0,0.0,0.0005267710075713694,7.825136416932759e-07,0.00021318554164929078,0.24689815938472748,0.035124849528074265,0.04436808452010155,0.1287868320941925,0.0013313109373958747,0.05702309402881215
0,0.0,0.0005268302629701793,7.825136320223675e-07,0.00019901525481817416,0.2330082356929779,0.041713960468769073,0.01687360368669033,0.1528347134590149,0.001318506097187209,0.055728551316279004
0,0.0,0.0005267710075713694,7.825136416932759e-07,0.00021318554164929078,0.24689815938472748,0.035124849528074265,0.04436808452010155,0.1287868320941925,0.0013313109373958747,0.05702309402881215
0,0.0,0.0005267710075713694,7.825136416932759e-07,0.00021318554164929078,0.24689815938472748,0.035124849528074265,0.04436808452010155,0.1287868320941925,0.0013313109373958747,0.05702309402881215
0,0.0,0.0005268302629701793,7.825136320223675e-07,0.00019901525481817416,0.2330082356929779,0.041713960468769073,0.01687360368669033,0.1528347134590149,0.001318506097187209,0.055728551316279004
1,1.0,0.9994733929634094,0.9999992174863047,0.9998014674999373,0.9852429628372192,0.9993225336074829,0.999871015548706,0.9864693880081177,0.9991715146135451,0.9962638094982654
1,1.0,0.9994739890098572,0.9999992174863604,0.9997878997897545,0.9901697039604187,0.9989849925041199,0.998993456363678,0.9754160046577454,0.9991616732282688,0.995344723669858
0,0.0,0.000525991024915129,7.825136320223704e-07,0.0002153246625376634,0.24642211198806763,0.03357977792620659,0.06677405536174774,0.15530748665332794,0.0014214803998304053,0.06285328601001715
0,0.0,0.0005270296242088079,7.825136320223661e-07,0.0002078425841979467,0.25426486134529114,0.017845412716269493,0.04883100464940071,0.14204037189483643,0.0013356759495166805,0.0579992012659407
0,0.0,0.0005270296242088079,7.825136320223661e-07,0.0002078425841979467,0.25426486134529114,0.017845412716269493,0.04883100464940071,0.14204037189483643,0.0013356759495166805,0.0579992012659407
0,0.0,0.0005270296242088079,7.825136320223661e-07,0.0002078425841979467,0.25426486134529114,0.017845412716269493,0.04883100464940071,0.14204037189483643,0.0013356759495166805,0.0579992012659407
1,1.0,0.9994736313819885,0.9999992174863047,0.9997952039270334,0.9884476065635681,0.9998251795768738,0.9900175929069519,0.9805037975311279,0.9991565211478776,0.9947663137395042
1,1.0,0.9994736313819885,0.9999992174863047,0.9988470329179543,0.9982524514198303,0.9999984502792358,0.995274543762207,0.9951061010360718,0.9991869963566063,0.9983749688075438
0,0.0,0.0005267710075713694,7.825136416932759e-07,0.00021318554164929078,0.24689815938472748,0.035124849528074265,0.04436808452010155,0.1287868320941925,0.0013313109373958747,0.05702309402881215
1,1.0,0.9994723200798035,0.9999992174863047,0.9997916861560011,0.9911751747131348,0.9993465542793274,0.97444087266922,0.9874958992004395,0.9991478249613845,0.9940049869388565
0,0.0,0.0005268302629701793,7.825136320223675e-07,0.00019901525481817416,0.2330082356929779,0.041713960468769073,0.01687360368669033,0.1528347134590149,0.001318506097187209,0.055728551316279004
0,0.0,0.0005265004001557827,7.825136320223661e-07,0.0002157688989936554,0.23106932640075684,0.06117621436715126,0.059165116399526596,0.1507226824760437,0.0014403341634213432,0.06286186754882409
0,0.0,0.0005268302629701793,7.825136320223675e-07,0.00019901525481817416,0.2330082356929779,0.041713960468769073,0.01687360368669033,0.1528347134590149,0.001318506097187209,0.055728551316279004
0,0.0,0.000525991024915129,7.825136320223704e-07,0.0002153246625376634,0.24642211198806763,0.03357977792620659,0.06677405536174774,0.15530748665332794,0.0014214803998304053,0.06285328601001715
0,0.0,0.0005268302629701793,7.825136320223675e-07,0.00019901525481817416,0.2330082356929779,0.041713960468769073,0.01687360368669033,0.1528347134590149,0.001318506097187209,0.055728551316279004
0,0.0,0.0005265004001557827,7.825136320223661e-07,0.0002157688989936554,0.23106932640075684,0.06117621436715126,0.059165116399526596,0.1507226824760437,0.0014403341634213432,0.06286186754882409
1,1.0,0.9994729161262512,0.9999992174863047,0.9997864003871173,0.9844276309013367,0.9995207786560059,0.9505371451377869,0.9689883589744568,0.9990889112774854,0.9879172313017464
0,0.0,0.0005267710075713694,7.825136416932759e-07,0.00021318554164929078,0.24689815938472748,0.035124849528074265,0.04436808452010155,0.1287868320941925,0.0013313109373958747,0.05702309402881215
0,0.0,0.0005268302629701793,7.825136320223675e-07,0.00019901525481817416,0.2330082356929779,0.041713960468769073,0.01687360368669033,0.1528347134590149,0.001318506097187209,0.055728551316279004
0,0.0,0.0005270296242088079,7.825136320223661e-07,0.0002078425841979467,0.25426486134529114,0.017845412716269493,0.04883100464940071,0.14204037189483643,0.0013356759495166805,0.0579992012659407
0,0.0,0.0005268302629701793,7.825136320223675e-07,0.00019901525481817416,0.2330082356929779,0.041713960468769073,0.01687360368669033,0.1528347134590149,0.001318506097187209,0.055728551316279004
1,1.0,0.9994739890098572,0.9999992174863604,0.993186795532474,0.900536060333252,0.9951819777488708,0.2437465339899063,0.9236976504325867,0.9970326121341203,0.883293703844383
0,0.0,0.0005267710075713694,7.825136416932759e-07,0.00021318554164929078,0.24689815938472748,0.035124849528074265,0.04436808452010155,0.1287868320941925,0.0013313109373958747,0.05702309402881215
0,0.0,0.0005270296242088079,7.825136320223661e-07,0.0002078425841979467,0.25426486134529114,0.017845412716269493,0.04883100464940071,0.14204037189483643,0.0013356759495166805,0.0579992012659407
0,0.0,0.000525991024915129,7.825136320223704e-07,0.0002153246625376634,0.24642211198806763,0.03357977792620659,0.06677405536174774,0.15530748665332794,0.0014214803998304053,0.06285328601001715
0,0.0,0.0005270296242088079,7.825136320223661e-07,0.0002078425841979467,0.25426486134529114,0.017845412716269493,0.04883100464940071,0.14204037189483643,0.0013356759495166805,0.0579992012659407
0,0.0,0.0005270296242088079,7.825136320223661e-07,0.0002078425841979467,0.25426486134529114,0.017845412716269493,0.04883100464940071,0.14204037189483643,0.0013356759495166805,0.0579992012659407
1,1.0,0.9994739890098572,0.9999992174863604,0.9997878997897545,0.9901697039604187,0.9989849925041199,0.998993456363678,0.9754160046577454,0.9991616732282688,0.995344723669858
0,0.0,0.000525991024915129,7.825136320223704e-07,0.0002153246625376634,0.24642211198806763,0.03357977792620659,0.06677405536174774,0.15530748665332794,0.0014214803998304053,0.06285328601001715
0,0.0,0.0005265004001557827,7.825136320223661e-07,0.0002157688989936554,0.23106932640075684,0.06117621436715126,0.059165116399526596,0.1507226824760437,0.0014403341634213432,0.06286186754882409
0,0.0,0.0005265004001557827,7.825136320223661e-07,0.0002157688989936554,0.23106932640075684,0.06117621436715126,0.059165116399526596,0.1507226824760437,0.0014403341634213432,0.06286186754882409
0,0.0,0.0005267710075713694,7.825136416932759e-07,0.00021318554164929078,0.24689815938472748,0.035124849528074265,0.04436808452010155,0.1287868320941925,0.0013313109373958747,0.05702309402881215
0,0.0,0.0005268302629701793,7.825136320223675e-07,0.00019901525481817416,0.2330082356929779,0.041713960468769073,0.01687360368669033,0.1528347134590149,0.001318506097187209,0.055728551316279004
1,1.0,0.9994723200798035,0.9999992174863047,0.9997916861560011,0.9911751747131348,0.9993465542793274,0.97444087266922,0.9874958992004395,0.9991478249613845,0.9940049869388565
0,0.0,0.000525991024915129,7.825136320225956e-07,0.00026875609996030407,0.2833360731601715,0.045261282473802567,0.06869415938854218,0.19185274839401245,0.0015933837665567591,0.07375970656057973
0,0.0,0.0005265004001557827,7.825136320223661e-07,0.0002157688989936554,0.23106932640075684,0.06117621436715126,0.059165116399526596,0.1507226824760437,0.0014403341634213432,0.06286186754882409
0,0.0,0.0005270296242088079,7.825136320223661e-07,0.0002078425841979467,0.25426486134529114,0.017845412716269493,0.04883100464940071,0.14204037189483643,0.0013356759495166805,0.0579992012659407
1,1.0,0.9994723200798035,0.9999992174863047,0.9997916861560011,0.9911751747131348,0.9993465542793274,0.97444087266922,0.9874958992004395,0.9991478249613845,0.9940049869388565
0,0.0,0.0005265004001557827,7.825136320223661e-07,0.0002157688989936554,0.23106932640075684,0.06117621436715126,0.059165116399526596,0.1507226824760437,0.0014403341634213432,0.06286186754882409
0,0.0,0.0005268302629701793,7.825136320223675e-07,0.00019901525481817416,0.2330082356929779,0.041713960468769073,0.01687360368669033,0.1528347134590149,0.001318506097187209,0.055728551316279004
0,0.0,0.0005267710075713694,7.825136416934064e-07,0.0003543312934599608,0.2954631447792053,0.05750005319714546,0.09598930180072784,0.1960683912038803,0.0017245021091001657,0.08070861922590497
0,0.0,0.0005268302629701793,7.825136320223675e-07,0.00019901525481817416,0.2330082356929779,0.041713960468769073,0.01687360368669033,0.1528347134590149,0.001318506097187209,0.055728551316279004
0,0.0,0.000525991024915129,7.825136320223704e-07,0.0002153246625376634,0.24642211198806763,0.03357977792620659,0.06677405536174774,0.15530748665332794,0.0014214803998304053,0.06285328601001715
0,0.0,0.0005270296242088079,7.825136320223661e-07,0.0002078425841979467,0.25426486134529114,0.017845412716269493,0.04883100464940071,0.14204037189483643,0.0013356759495166805,0.0579992012659407
1,1.0,0.9994736313819885,0.9999992174863047,0.9997952039270334,0.9884476065635681,0.9998251795768738,0.9900175929069519,0.9805037975311279,0.9991565211478776,0.9947663137395042
0,0.0,0.0005265004001557827,7.825136320223661e-07,0.0002157688989936554,0.23106932640075684,0.06117621436715126,0.059165116399526596,0.1507226824760437,0.0014403341634213432,0.06286186754882409
1,1.0,0.9994739890098572,0.9999992174863604,0.9997878997897545,0.9901697039604187,0.9989849925041199,0.998993456363678,0.9754160046577454,0.9991616732282688,0.995344723669858
0,0.0,0.0005265004001557827,7.825136320223661e-07,0.0002157688989936554,0.23106932640075684,0.06117621436715126,0.059165116399526596,0.1507226824760437,0.0014403341634213432,0.06286186754882409
0,0.0,0.000525991024915129,7.825136320223704e-07,0.0002153246625376634,0.24642211198806763,0.03357977792620659,0.06677405536174774,0.15530748665332794,0.0014214803998304053,0.06285328601001715
1,1.0,0.9994739890098572,0.9999992174863604,0.9997878997897545,0.9901697039604187,0.9989849925041199,0.998993456363678,0.9754160046577454,0.9991616732282688,0.995344723669858
0,0.0,0.0005265004001557827,7.825136320223661e-07,0.0002157688989936554,0.23106932640075684,0.06117621436715126,0.059165116399526596,0.1507226824760437,0.0014403341634213432,0.06286186754882409
0,0.0,0.0005265004001557827,7.825136320223661e-07,0.0002157688989936554,0.23106932640075684,0.06117621436715126,0.059165116399526596,0.1507226824760437,0.0014403341634213432,0.06286186754882409
0,0.0,0.0005268302629701793,7.825136320225469e-07,0.00022355173764407449,0.2657730281352997,0.056640129536390305,0.07193876802921295,0.19607828557491302,0.0016103052213910952,0.07390209507321707
0,0.0,0.0005267710075713694,7.825136416932759e-07,0.00021318554164929078,0.24689815938472748,0.035124849528074265,0.04436808452010155,0.1287868320941925,0.0013313109373958747,0.05702309402881215
0,0.0,0.0005265004001557827,7.82513632022476e-07,0.00026560731278086713,0.25252726674079895,0.08219173550605774,0.06114814057946205,0.17925791442394257,0.0015951699984098585,0.07199986873812991
0,0.0,0.0005265004001557827,7.825136320223661e-07,0.0002157688989936554,0.23106932640075684,0.06117621436715126,0.059165116399526596,0.1507226824760437,0.0014403341634213432,0.06286186754882409
0,0.0,0.0005270296242088079,7.825136320223661e-07,0.0002078425841979467,0.25426486134529114,0.017845412716269493,0.04883100464940071,0.14204037189483643,0.0013356759495166805,0.0579992012659407
1,1.0,0.9994723200798035,0.9999992174863047,0.9997916861560011,0.9911751747131348,0.9993465542793274,0.97444087266922,0.9874958992004395,0.9991478249613845,0.9940049869388565
0,0.0,0.0005270296242088079,7.825136320223661e-07,0.0002078425841979467,0.25426486134529114,0.017845412716269493,0.04883100464940071,0.14204037189483643,0.0013356759495166805,0.0579992012659407
0,0.0,0.0005268302629701793,7.825136320223675e-07,0.00019901525481817416,0.2330082356929779,0.041713960468769073,0.01687360368669033,0.1528347134590149,0.001318506097187209,0.055728551316279004
0,0.0,0.000525991024915129,7.825136320223704e-07,0.0002153246625376634,0.24642211198806763,0.03357977792620659,0.06677405536174774,0.15530748665332794,0.0014214803998304053,0.06285328601001715
0,0.0,0.0005268302629701793,7.825136320223675e-07,0.00019901525481817416,0.2330082356929779,0.041713960468769073,0.01687360368669033,0.1528347134590149,0.001318506097187209,0.055728551316279004
0,0.0,0.0005265004001557827,7.82513632022604e-07,0.0009109357167351005,0.34387528896331787,0.08278220146894455,0.0700756162405014,0.22874200344085693,0.0019177001261444127,0.09090311085082922
0,0.0,0.0005265004001557827,7.82513632022476e-07,0.00026560731278086713,0.25252726674079895,0.08219173550605774,0.06114814057946205,0.17925791442394257,0.0015951699984098585,0.07199986873812991
0,0.0,0.0005270296242088079,7.825136320223661e-07,0.0002078425841979467,0.25426486134529114,0.017845412716269493,0.04883100464940071,0.14204037189483643,0.0013356759495166805,0.0579992012659407
0,0.0,0.0005270296242088079,7.825136320223661e-07,0.0002078425841979467,0.25426486134529114,0.017845412716269493,0.04883100464940071,0.14204037189483643,0.0013356759495166805,0.0579992012659407
1,1.0,0.9994723200798035,0.9999992174863047,0.9996317042302971,0.996103048324585,0.9998866319656372,0.9814132452011108,0.9930712580680847,0.9991677514567959,0.9962273705789735
1,1.0,0.9994723200798035,0.9999992174863047,0.9997916861560011,0.9911751747131348,0.9993465542793274,0.97444087266922,0.9874958992004395,0.9991478249613845,0.9940049869388565
0,0.0,0.0005265004001557827,7.825136320223661e-07,0.0002157688989936554,0.23106932640075684,0.06117621436715126,0.059165116399526596,0.1507226824760437,0.0014403341634213432,0.06286186754882409
0,0.0,0.0005268302629701793,7.825136320226192e-07,0.00031264650048656124,0.30651167035102844,0.0758754163980484,0.1136012151837349,0.24644331634044647,0.001980607121075297,0.09286217954850223
0,0.0,0.0005265004001557827,7.825136320223661e-07,0.0002157688989936554,0.23106932640075684,0.06117621436715126,0.059165116399526596,0.1507226824760437,0.0014403341634213432,0.06286186754882409
0,0.0,0.0005270296242088079,7.825136320223661e-07,0.0002078425841979467,0.25426486134529114,0.017845412716269493,0.04883100464940071,0.14204037189483643,0.0013356759495166805,0.0579992012659407
0,0.0,0.0005265004001557827,7.825136320223661e-07,0.0002157688989936554,0.23106932640075684,0.06117621436715126,0.059165116399526596,0.1507226824760437,0.0014403341634213432,0.06286186754882409
0,0.0,0.0005265004001557827,7.825136320223661e-07,0.0002157688989936554,0.23106932640075684,0.06117621436715126,0.059165116399526596,0.1507226824760437,0.0014403341634213432,0.06286186754882409
0,0.0,0.000525991024915129,7.825136320223704e-07,0.0002153246625376634,0.24642211198806763,0.03357977792620659,0.06677405536174774,0.15530748665332794,0.0014214803998304053,0.06285328601001715
0,0.0,0.0005265004001557827,7.82513632022604e-07,0.0009109357167351005,0.34387528896331787,0.08278220146894455,0.0700756162405014,0.22874200344085693,0.0019177001261444127,0.09090311085082922
0,0.0,0.0005268302629701793,7.825136320223675e-07,0.00019901525481817416,0.2330082356929779,0.041713960468769073,0.01687360368669033,0.1528347134590149,0.001318506097187209,0.055728551316279004
0,0.0,0.0005270296242088079,7.825136320223661e-07,0.0002078425841979467,0.25426486134529114,0.017845412716269493,0.04883100464940071,0.14204037189483643,0.0013356759495166805,0.0579992012659407
0,0.0,0.0005268302629701793,7.825136320223675e-07,0.00019901525481817416,0.2330082356929779,0.041713960468769073,0.01687360368669033,0.1528347134590149,0.001318506097187209,0.055728551316279004
0,0.0,0.0005268302629701793,7.825136320223675e-07,0.00019901525481817416,0.2330082356929779,0.041713960468769073,0.01687360368669033,0.1528347134590149,0.001318506097187209,0.055728551316279004
0,0.0,0.0005270296242088079,7.825136320223661e-07,0.0002078425841979467,0.25426486134529114,0.017845412716269493,0.04883100464940071,0.14204037189483643,0.0013356759495166805,0.0579992012659407
0,0.0,0.0005270296242088079,7.825136320223661e-07,0.0002078425841979467,0.25426486134529114,0.017845412716269493,0.04883100464940071,0.14204037189483643,0.0013356759495166805,0.0579992012659407
1,1.0,0.9994729161262512,0.9999992174863047,0.9997864003871173,0.9844276309013367,0.9995207786560059,0.9505371451377869,0.9689883589744568,0.9990889112774854,0.9879172313017464
0,0.0,0.0005268302629701793,7.825136320226192e-07,0.00031264650048656124,0.30651167035102844,0.0758754163980484,0.1136012151837349,0.24644331634044647,0.001980607121075297,0.09286217954850223
0,0.0,0.000525991024915129,7.825136320223704e-07,0.0002153246625376634,0.24642211198806763,0.03357977792620659,0.06677405536174774,0.15530748665332794,0.0014214803998304053,0.06285328601001715
0,0.0,0.0005267710075713694,7.825136416932759e-07,0.00021318554164929078,0.24689815938472748,0.035124849528074265,0.04436808452010155,0.1287868320941925,0.0013313109373958747,0.05702309402881215
0,0.0,0.0005268302629701793,7.825136320223675e-07,0.00019901525481817416,0.2330082356929779,0.041713960468769073,0.01687360368669033,0.1528347134590149,0.001318506097187209,0.055728551316279004
1,1.0,0.9994733929634094,0.9999992174863047,0.9998014674999373,0.9852429628372192,0.9993225336074829,0.999871015548706,0.9864693880081177,0.9991715146135451,0.9962638094982654
0,0.0,0.0005270296242088079,7.825136320223661e-07,0.0002078425841979467,0.25426486134529114,0.017845412716269493,0.04883100464940071,0.14204037189483643,0.0013356759495166805,0.0579992012659407
0,0.0,0.0005265004001557827,7.825136320223661e-07,0.0002157688989936554,0.23106932640075684,0.06117621436715126,0.059165116399526596,0.1507226824760437,0.0014403341634213432,0.06286186754882409
0,0.0,0.0005267710075713694,7.825136416933286e-07,0.0002712973034534296,0.26246756315231323,0.04629596322774887,0.07728515565395355,0.15635405480861664,0.00150320010436804,0.06788465408420186
0,0.0,0.0005270296242088079,7.825136320223661e-07,0.0002078425841979467,0.25426486134529114,0.017845412716269493,0.04883100464940071,0.14204037189483643,0.0013356759495166805,0.0579992012659407
0,0.0,0.0005270296242088079,7.825136320223661e-07,0.0002078425841979467,0.25426486134529114,0.017845412716269493,0.04883100464940071,0.14204037189483643,0.0013356759495166805,0.0579992012659407
0,0.0,0.0005270296242088079,7.825136320227345e-07,0.0013976005550000682,0.35413601994514465,0.01911582238972187,0.05346328765153885,0.2968945801258087,0.0018694129159317512,0.09079533961070904
0,0.0,0.0005270296242088079,7.825136320223661e-07,0.0002078425841979467,0.25426486134529114,0.017845412716269493,0.04883100464940071,0.14204037189483643,0.0013356759495166805,0.0579992012659407
0,0.0,0.000525991024915129,7.825136320223704e-07,0.0002153246625376634,0.24642211198806763,0.03357977792620659,0.06677405536174774,0.15530748665332794,0.0014214803998304053,0.06285328601001715
0,0.0,0.0005267710075713694,7.825136416932759e-07,0.00021318554164929078,0.24689815938472748,0.035124849528074265,0.04436808452010155,0.1287868320941925,0.0013313109373958747,0.05702309402881215
0,0.0,0.0005268302629701793,7.825136320223675e-07,0.00019901525481817416,0.2330082356929779,0.041713960468769073,0.01687360368669033,0.1528347134590149,0.001318506097187209,0.055728551316279004
0,0.0,0.0005265004001557827,7.825136320223661e-07,0.0002157688989936554,0.23106932640075684,0.06117621436715126,0.059165116399526596,0.1507226824760437,0.0014403341634213432,0.06286186754882409
0,0.0,0.000525991024915129,7.825136320223704e-07,0.0002153246625376634,0.24642211198806763,0.03357977792620659,0.06677405536174774,0.15530748665332794,0.0014214803998304053,0.06285328601001715
0,0.0,0.000525991024915129,7.825136320223704e-07,0.0002153246625376634,0.24642211198806763,0.03357977792620659,0.06677405536174774,0.15530748665332794,0.0014214803998304053,0.06285328601001715
0,0.0,0.0005270296242088079,7.825136320223661e-07,0.0002078425841979467,0.25426486134529114,0.017845412716269493,0.04883100464940071,0.14204037189483643,0.0013356759495166805,0.0579992012659407
0,0.0,0.0005268302629701793,7.825136320223675e-07,0.00019901525481817416,0.2330082356929779,0.041713960468769073,0.01687360368669033,0.1528347134590149,0.001318506097187209,0.055728551316279004
0,0.0,0.0005265004001557827,7.825136320223661e-07,0.0002157688989936554,0.23106932640075684,0.06117621436715126,0.059165116399526596,0.1507226824760437,0.0014403341634213432,0.06286186754882409
1,1.0,0.9994733929634094,0.9999992174863047,0.9998014674999373,0.9852429628372192,0.9993225336074829,0.999871015548706,0.9864693880081177,0.9991715146135451,0.9962638094982654
0,0.0,0.0005265004001557827,7.82513632022476e-07,0.00026560731278086713,0.25252726674079895,0.08219173550605774,0.06114814057946205,0.17925791442394257,0.0015951699984098585,0.07199986873812991
0,0.0,0.0005265004001557827,7.825136320223661e-07,0.0002157688989936554,0.23106932640075684,0.06117621436715126,0.059165116399526596,0.1507226824760437,0.0014403341634213432,0.06286186754882409
0,0.0,0.0005265004001557827,7.825136320228624e-07,0.022896563267145426,0.5055881142616272,0.28648293018341064,0.07585355639457703,0.339926153421402,0.004001326472139847,0.15399394838617342
0,0.0001961812840956777,0.0005270296242088079,7.82513632022551e-07,0.0003539642902512132,0.316898912191391,0.026437321677803993,0.050851814448833466,0.23193660378456116,0.0016511523709808326,0.0784761035595745
0,0.0,0.0005270296242088079,7.825136320223661e-07,0.0002078425841979467,0.25426486134529114,0.017845412716269493,0.04883100464940071,0.14204037189483643,0.0013356759495166805,0.0579992012659407
0,0.0,0.000525991024915129,7.825136320223704e-07,0.0002153246625376634,0.24642211198806763,0.03357977792620659,0.06677405536174774,0.15530748665332794,0.0014214803998304053,0.06285328601001715
0,0.0,0.000525991024915129,7.825136320223704e-07,0.0002153246625376634,0.24642211198806763,0.03357977792620659,0.06677405536174774,0.15530748665332794,0.0014214803998304053,0.06285328601001715
0,0.0,0.0005270296242088079,7.825136320223661e-07,0.0002078425841979467,0.25426486134529114,0.017845412716269493,0.04883100464940071,0.14204037189483643,0.0013356759495166805,0.0579992012659407
0,0.0,0.000525991024915129,7.825136320223704e-07,0.0002153246625376634,0.24642211198806763,0.03357977792620659,0.06677405536174774,0.15530748665332794,0.0014214803998304053,0.06285328601001715
0,0.0,0.0005267710075713694,7.825136416932759e-07,0.00021318554164929078,0.24689815938472748,0.035124849528074265,0.04436808452010155,0.1287868320941925,0.0013313109373958747,0.05702309402881215
0,0.0,0.0005265004001557827,7.825136320223661e-07,0.0002157688989936554,0.23106932640075684,0.06117621436715126,0.059165116399526596,0.1507226824760437,0.0014403341634213432,0.06286186754882409
0,0.0,0.000525991024915129,7.825136320223704e-07,0.0002153246625376634,0.24642211198806763,0.03357977792620659,0.06677405536174774,0.15530748665332794,0.0014214803998304053,0.06285328601001715
0,0.0,0.0005267710075713694,7.825136416932759e-07,0.00021318554164929078,0.24689815938472748,0.035124849528074265,0.04436808452010155,0.1287868320941925,0.0013313109373958747,0.05702309402881215
1,1.0,0.9994729161262512,0.9999992174863047,0.9997864003871173,0.9844276309013367,0.9995207786560059,0.9505371451377869,0.9689883589744568,0.9990889112774854,0.9879172313017464
0,0.0,0.0005270296242088079,7.825136320223661e-07,0.0002078425841979467,0.25426486134529114,0.017845412716269493,0.04883100464940071,0.14204037189483643,0.0013356759495166805,0.0579992012659407
0,0.0,0.0005267710075713694,7.825136416933286e-07,0.0002712973034534296,0.26246756315231323,0.04629596322774887,0.07728515565395355,0.15635405480861664,0.00150320010436804,0.06788465408420186
0,0.0,0.0005268302629701793,7.825136320223675e-07,0.00019901525481817416,0.2330082356929779,0.041713960468769073,0.01687360368669033,0.1528347134590149,0.001318506097187209,0.055728551316279004
0,0.0001961812840956777,0.0005270296242088079,7.825136320226318e-07,0.00047121388352433556,0.3355054259300232,0.021999794989824295,0.05244607478380203,0.27086296677589417,0.001769885352247132,0.0853421008951974
0,0.0,0.0005270296242088079,7.825136320223661e-07,0.0002078425841979467,0.25426486134529114,0.017845412716269493,0.04883100464940071,0.14204037189483643,0.0013356759495166805,0.0579992012659407
1,1.0,0.9994733929634094,0.9999992174863047,0.9998014674999373,0.9852429628372192,0.9993225336074829,0.999871015548706,0.9864693880081177,0.9991715146135451,0.9962638094982654
1,1.0,0.9994723200798035,0.9999992174863047,0.9996659385590926,0.921167254447937,0.9680293202400208,0.9815295338630676,0.8690860271453857,0.9988663878390708,0.9673445057419003
0,0.0,0.0005268302629701793,7.825136320223675e-07,0.00019901525481817416,0.2330082356929779,0.041713960468769073,0.01687360368669033,0.1528347134590149,0.001318506097187209,0.055728551316279004
1,1.0,0.9994729161262512,0.9999992174863047,0.9997864003871173,0.9844276309013367,0.9995207786560059,0.9505371451377869,0.9689883589744568,0.9990889112774854,0.9879172313017464
0,0.0,0.0005265004001557827,7.825136320223661e-07,0.0002157688989936554,0.23106932640075684,0.06117621436715126,0.059165116399526596,0.1507226824760437,0.0014403341634213432,0.06286186754882409
1,1.0,0.9994736313819885,0.9999992174863047,0.9997952039270334,0.9884476065635681,0.9998251795768738,0.9900175929069519,0.9805037975311279,0.9991565211478776,0.9947663137395042
0,0.0,0.0005270296242088079,7.825136320223661e-07,0.0002078425841979467,0.25426486134529114,0.017845412716269493,0.04883100464940071,0.14204037189483643,0.0013356759495166805,0.0579992012659407
0,0.0,0.0005265004001557827,7.825136320223661e-07,0.0002157688989936554,0.23106932640075684,0.06117621436715126,0.059165116399526596,0.1507226824760437,0.0014403341634213432,0.06286186754882409
0,0.0,0.0005267710075713694,7.825136416932759e-07,0.00021318554164929078,0.24689815938472748,0.035124849528074265,0.04436808452010155,0.1287868320941925,0.0013313109373958747,0.05702309402881215
0,0.0,0.000525991024915129,7.825136320223704e-07,0.0002153246625376634,0.24642211198806763,0.03357977792620659,0.06677405536174774,0.15530748665332794,0.0014214803998304053,0.06285328601001715
0,0.0,0.0005270296242088079,7.825136320223661e-07,0.0002078425841979467,0.25426486134529114,0.017845412716269493,0.04883100464940071,0.14204037189483643,0.0013356759495166805,0.0579992012659407
0,0.0,0.0005270296242088079,7.825136320223661e-07,0.0002078425841979467,0.25426486134529114,0.017845412716269493,0.04883100464940071,0.14204037189483643,0.0013356759495166805,0.0579992012659407
0,0.0,0.0005265004001557827,7.825136320224983e-07,0.00034306343497182115,0.29399335384368896,0.09009140729904175,0.06539028137922287,0.21500004827976227,0.0017894075116928376,0.08319326017132586
0,0.0,0.0005270296242088079,7.825136320223661e-07,0.0002078425841979467,0.25426486134529114,0.017845412716269493,0.04883100464940071,0.14204037189483643,0.0013356759495166805,0.0579992012659407
0,0.0,0.0005267710075713694,7.825136416932759e-07,0.00021318554164929078,0.24689815938472748,0.035124849528074265,0.04436808452010155,0.1287868320941925,0.0013313109373958747,0.05702309402881215
0,0.0,0.0005267710075713694,7.825136416932759e-07,0.00021318554164929078,0.24689815938472748,0.035124849528074265,0.04436808452010155,0.1287868320941925,0.0013313109373958747,0.05702309402881215
0,0.0,0.0005270296242088079,7.825136320223661e-07,0.0002078425841979467,0.25426486134529114,0.017845412716269493,0.04883100464940071,0.14204037189483643,0.0013356759495166805,0.0579992012659407
1,1.0,0.9994733929634094,0.9999992174863047,0.9869001142315293,0.6693090200424194,0.5100870132446289,0.20928436517715454,0.8381192088127136,0.989540057111617,0.778009486632026
0,0.0,0.000525991024915129,7.825136320223704e-07,0.0002153246625376634,0.24642211198806763,0.03357977792620659,0.06677405536174774,0.15530748665332794,0.0014214803998304053,0.06285328601001715
0,0.0,0.0005268302629701793,7.825136320223675e-07,0.00019901525481817416,0.2330082356929779,0.041713960468769073,0.01687360368669033,0.1528347134590149,0.001318506097187209,0.055728551316279004
0,0.0,0.000525991024915129,7.825136320223704e-07,0.0002153246625376634,0.24642211198806763,0.03357977792620659,0.06677405536174774,0.15530748665332794,0.0014214803998304053,0.06285328601001715
0,0.0,0.0005267710075713694,7.825136416932759e-07,0.00021318554164929078,0.24689815938472748,0.035124849528074265,0.04436808452010155,0.1287868320941925,0.0013313109373958747,0.05702309402881215
1,1.0,0.9994739890098572,0.9999992174863604,0.9997878997897545,0.9901697039604187,0.9989849925041199,0.998993456363678,0.9754160046577454,0.9991616732282688,0.995344723669858
1,1.0,0.9994739890098572,0.9999992174863604,0.9997878997897545,0.9901697039604187,0.9989849925041199,0.998993456363678,0.9754160046577454,0.9991616732282688,0.995344723669858
0,0.0,0.000525991024915129,7.825136320223704e-07,0.0002153246625376634,0.24642211198806763,0.03357977792620659,0.06677405536174774,0.15530748665332794,0.0014214803998304053,0.06285328601001715
0,0.0,0.0005265004001557827,7.825136320223661e-07,0.0002157688989936554,0.23106932640075684,0.06117621436715126,0.059165116399526596,0.1507226824760437,0.0014403341634213432,0.06286186754882409
0,0.0,0.0005265004001557827,7.825136320223661e-07,0.0002157688989936554,0.23106932640075684,0.06117621436715126,0.059165116399526596,0.1507226824760437,0.0014403341634213432,0.06286186754882409
0,0.0,0.0005265004001557827,7.825136320223661e-07,0.0002157688989936554,0.23106932640075684,0.06117621436715126,0.059165116399526596,0.1507226824760437,0.0014403341634213432,0.06286186754882409
0,0.0,0.0005265004001557827,7.825136320223661e-07,0.0002157688989936554,0.23106932640075684,0.06117621436715126,0.059165116399526596,0.1507226824760437,0.0014403341634213432,0.06286186754882409
1,1.0,0.9994723200798035,0.9999992174863047,0.9996317042302971,0.996103048324585,0.9998866319656372,0.9814132452011108,0.9930712580680847,0.9991677514567959,0.9962273705789735
0,0.0,0.000525991024915129,7.825136320225956e-07,0.00026875609996030407,0.2833360731601715,0.045261282473802567,0.06869415938854218,0.19185274839401245,0.0015933837665567591,0.07375970656057973
1,1.0,0.9994739890098572,0.9999992174863604,0.9997878997897545,0.9901697039604187,0.9989849925041199,0.998993456363678,0.9754160046577454,0.9991616732282688,0.995344723669858
0,0.0,0.0005265004001557827,7.825136320223661e-07,0.0002157688989936554,0.23106932640075684,0.06117621436715126,0.059165116399526596,0.1507226824760437,0.0014403341634213432,0.06286186754882409
0,0.0,0.000525991024915129,7.825136320223704e-07,0.0002153246625376634,0.24642211198806763,0.03357977047562599,0.06677405536174774,0.15530748665332794,0.001421480381707247,0.06285328508006569
0,0.0,0.0005267710075713694,7.825136416932759e-07,0.00021318554164929078,0.24689815938472748,0.035124849528074265,0.04436808452010155,0.1287868320941925,0.0013313109373958747,0.05702309402881215
0,0.0,0.0005268302629701793,7.825136320223675e-07,0.00019901525481817416,0.2330082356929779,0.041713960468769073,0.01687360368669033,0.1528347134590149,0.001318506097187209,0.055728551316279004
0,0.0,0.0005267710075713694,7.825136416932759e-07,0.00021318554164929078,0.24689815938472748,0.035124849528074265,0.04436808452010155,0.1287868320941925,0.0013313109373958747,0.05702309402881215
0,0.0,0.0005268302629701793,7.825136320223675e-07,0.00019901525481817416,0.2330082356929779,0.041713960468769073,0.01687360368669033,0.1528347134590149,0.001318506097187209,0.055728551316279004
1,1.0,0.9994736313819885,0.9999992174863047,0.9997952039270334,0.9884476065635681,0.9998251795768738,0.9900175929069519,0.9805037975311279,0.9991565211478776,0.9947663137395042
0,0.0,0.0005267710075713694,7.825136416932759e-07,0.00021318554164929078,0.24689815938472748,0.035124849528074265,0.04436808452010155,0.1287868320941925,0.0013313109373958747,0.05702309402881215
0,0.0,0.0005270296242088079,7.825136320223661e-07,0.0002078425841979467,0.25426486134529114,0.017845412716269493,0.04883100464940071,0.14204037189483643,0.0013356759495166805,0.0579992012659407
0,0.0,0.0005265004001557827,7.825136320223661e-07,0.0002157688989936554,0.23106932640075684,0.06117621436715126,0.059165116399526596,0.1507226824760437,0.0014403341634213432,0.06286186754882409
0,0.0,0.0005265004001557827,7.82513632022476e-07,0.00026560731278086713,0.25252726674079895,0.08219173550605774,0.06114814057946205,0.17925791442394257,0.0015951699984098585,0.07199986873812991
0,0.0,0.000525991024915129,7.825136320223704e-07,0.0002153246625376634,0.24642211198806763,0.03357977792620659,0.06677405536174774,0.15530748665332794,0.0014214803998304053,0.06285328601001715
0,0.0,0.0005268302629701793,7.825136320223675e-07,0.00019901525481817416,0.2330082356929779,0.041713960468769073,0.01687360368669033,0.1528347134590149,0.001318506097187209,0.055728551316279004
0,0.0,0.0005267710075713694,7.825136416933286e-07,0.0002712973034534296,0.26246756315231323,0.04629596322774887,0.07728515565395355,0.15635405480861664,0.00150320010436804,0.06788465408420186
0,0.0,0.0005268302629701793,7.825136320223675e-07,0.00019901525481817416,0.2330082356929779,0.041713960468769073,0.01687360368669033,0.1528347134590149,0.001318506097187209,0.055728551316279004
0,0.0,0.0005267710075713694,7.825136416932759e-07,0.00021318554164929078,0.24689815938472748,0.035124849528074265,0.04436808452010155,0.1287868320941925,0.0013313109373958747,0.05702309402881215
0,0.0,0.0005270296242088079,7.825136320223661e-07,0.0002078425841979467,0.25426486134529114,0.017845412716269493,0.04883100464940071,0.14204037189483643,0.0013356759495166805,0.0579992012659407
1,1.0,0.9994733929634094,0.9999992174863047,0.9998014674999373,0.9852429628372192,0.9993225336074829,0.999871015548706,0.9864693880081177,0.9991715146135451,0.9962638094982654
1,1.0,0.9994739890098572,0.9999992174863604,0.9895349403736566,0.6688565015792847,0.665061354637146,0.08437459170818329,0.737055778503418,0.9890355515020979,0.7695783283565345
0,0.0,0.0005268302629701793,7.825136320223675e-07,0.00019901525481817416,0.2330082356929779,0.041713960468769073,0.01687360368669033,0.1528347134590149,0.001318506097187209,0.055728551316279004
0,0.0,0.000525991024915129,7.825136320228153e-07,0.000770335116281798,0.368388295173645,0.05134563893079758,0.07683192938566208,0.2701053321361542,0.0019957432995074947,0.09604832375920633
0,0.0,0.000525991024915129,7.825136320223704e-07,0.0002153246625376634,0.24642211198806763,0.03357977792620659,0.06677405536174774,0.15530748665332794,0.0014214803998304053,0.06285328601001715
1,1.0,0.9994733929634094,0.9999992174863047,0.9998014674999373,0.9852429628372192,0.9993225336074829,0.999871015548706,0.9864693880081177,0.9991715146135451,0.9962638094982654
0,0.0,0.0005267710075713694,7.825136416932759e-07,0.00021318554164929078,0.24689815938472748,0.035124849528074265,0.04436808452010155,0.1287868320941925,0.0013313109373958747,0.05702309402881215
0,0.0,0.0005265004001557827,7.825136320223661e-07,0.0002157688989936554,0.23106932640075684,0.06117621436715126,0.059165116399526596,0.1507226824760437,0.0014403341634213432,0.06286186754882409
0,0.0,0.0005270296242088079,7.825136320223661e-07,0.0002078425841979467,0.25426486134529114,0.017845412716269493,0.04883100464940071,0.14204037189483643,0.0013356759495166805,0.0579992012659407
0,0.0,0.0005267710075713694,7.825136416932759e-07,0.00021318554164929078,0.24689815938472748,0.035124849528074265,0.04436808452010155,0.1287868320941925,0.0013313109373958747,0.05702309402881215
0,0.0,0.0005267710075713694,7.825136416932759e-07,0.00021318554164929078,0.24689815938472748,0.035124849528074265,0.04436808452010155,0.1287868320941925,0.0013313109373958747,0.05702309402881215
0,0.0,0.0005265004001557827,7.825136320223661e-07,0.0002157688989936554,0.23106932640075684,0.06117621436715126,0.059165116399526596,0.1507226824760437,0.0014403341634213432,0.06286186754882409
0,0.0,0.0005265004001557827,7.825136320223661e-07,0.0002157688989936554,0.23106932640075684,0.06117621436715126,0.059165116399526596,0.1507226824760437,0.0014403341634213432,0.06286186754882409
0,0.0,0.0005270296242088079,7.825136320227763e-07,0.003855618204434336,0.37180060148239136,0.019639674574136734,0.0541633702814579,0.32740890979766846,0.0020029330938899055,0.09729194263203736
1,1.0,0.9994723200798035,0.9999992174863047,0.9981441235263419,0.7406930327415466,0.7983807325363159,0.09649762511253357,0.8035328388214111,0.9928820235061518,0.8061231870175645
0,0.0,0.0005265004001557827,7.825136320223661e-07,0.0002157688989936554,0.23106932640075684,0.06117621436715126,0.059165116399526596,0.1507226824760437,0.0014403341634213432,0.06286186754882409
0,0.0,0.000525991024915129,7.825136320223704e-07,0.0002153246625376634,0.24642211198806763,0.03357977792620659,0.06677405536174774,0.15530748665332794,0.0014214803998304053,0.06285328601001715
0,0.0,0.0005267710075713694,7.825136416932759e-07,0.00021318554164929078,0.24689815938472748,0.035124849528074265,0.04436808452010155,0.1287868320941925,0.0013313109373958747,0.05702309402881215
0,0.0,0.000525991024915129,7.825136320223704e-07,0.0002153246625376634,0.24642211198806763,0.03357977792620659,0.06677405536174774,0.15530748665332794,0.0014214803998304053,0.06285328601001715
0,0.0,0.0005265004001557827,7.825136320223661e-07,0.0002157688989936554,0.23106932640075684,0.06117621436715126,0.059165116399526596,0.1507226824760437,0.0014403341634213432,0.06286186754882409
1,1.0,0.9994739890098572,0.9999992174863604,0.9997878997897545,0.9901697039604187,0.9989849925041199,0.998993456363678,0.9754160046577454,0.9991616732282688,0.995344723669858
0,0.0,0.0005267710075713694,7.825136416932759e-07,0.00021318554164929078,0.24689815938472748,0.035124849528074265,0.04436808452010155,0.1287868320941925,0.0013313109373958747,0.05702309402881215
0,0.0,0.000525991024915129,7.825136320223704e-07,0.0002153246625376634,0.24642211198806763,0.03357977792620659,0.06677405536174774,0.15530748665332794,0.0014214803998304053,0.06285328601001715
0,0.0,0.0005270296242088079,7.825136320223661e-07,0.0002078425841979467,0.25426486134529114,0.017845412716269493,0.04883100464940071,0.14204037189483643,0.0013356759495166805,0.0579992012659407
0,0.0,0.0005268302629701793,7.825136320225469e-07,0.00022355173764407449,0.2657730281352997,0.056640129536390305,0.07193876802921295,0.19607828557491302,0.0016103052213910952,0.07390209507321707
0,0.0,0.0005265004001557827,7.825136320223661e-07,0.0002157688989936554,0.23106932640075684,0.06117621436715126,0.059165116399526596,0.1507226824760437,0.0014403341634213432,0.06286186754882409
0,0.0,0.0005267710075713694,7.825136416932759e-07,0.00021318554164929078,0.24689815938472748,0.035124849528074265,0.04436808452010155,0.1287868320941925,0.0013313109373958747,0.05702309402881215
0,0.0,0.0005270296242088079,7.825136320225039e-07,0.00023530647812990732,0.2798534631729126,0.026064515113830566,0.048301566392183304,0.17793382704257965,0.0014634573887450455,0.06666726973451943
0,0.0,0.000525991024915129,7.825136320223704e-07,0.0002153246625376634,0.24642211198806763,0.03357977792620659,0.06677405536174774,0.15530748665332794,0.0014214803998304053,0.06285328601001715
0,0.0,0.0005268302629701793,7.825136320226192e-07,0.00031264650048656124,0.30651167035102844,0.0758754163980484,0.1136012151837349,0.24644331634044647,0.001980607121075297,0.09286217954850223
0,0.0,0.0005265004001557827,7.825136320223661e-07,0.0002157688989936554,0.23106932640075684,0.06117621436715126,0.059165116399526596,0.1507226824760437,0.0014403341634213432,0.06286186754882409
0,0.0,0.0005270296242088079,7.825136320223661e-07,0.0002078425841979467,0.25426486134529114,0.017845412716269493,0.04883100464940071,0.14204037189483643,0.0013356759495166805,0.0579992012659407
0,0.0,0.0005270296242088079,7.825136320223661e-07,0.0002078425841979467,0.25426486134529114,0.017845412716269493,0.04883100464940071,0.14204037189483643,0.0013356759495166805,0.0579992012659407
0,0.0,0.000525991024915129,7.825136320223704e-07,0.0002153246625376634,0.24642211198806763,0.03357977792620659,0.06677405536174774,0.15530748665332794,0.0014214803998304053,0.06285328601001715
1,1.0,0.9994736313819885,0.9999992174863047,0.9997952039270334,0.9884476065635681,0.9998251795768738,0.9900175929069519,0.9805037975311279,0.9991565211478776,0.9947663137395042
1,1.0,0.9994733929634094,0.9999992174863047,0.9998014674999373,0.9852429628372192,0.9993225336074829,0.999871015548706,0.9864693880081177,0.9991715146135451,0.9962638094982654
0,0.0,0.0005270296242088079,7.825136320223661e-07,0.0002078425841979467,0.25426486134529114,0.017845412716269493,0.04883100464940071,0.14204037189483643,0.0013356759495166805,0.0579992012659407
0,0.0,0.0005265004001557827,7.825136320223661e-07,0.0002157688989936554,0.23106932640075684,0.06117621436715126,0.059165116399526596,0.1507226824760437,0.0014403341634213432,0.06286186754882409
0,0.0,0.0005267710075713694,7.825136416932759e-07,0.00021318554164929078,0.24689815938472748,0.035124849528074265,0.04436808452010155,0.1287868320941925,0.0013313109373958747,0.05702309402881215
0,0.0,0.0005270296242088079,7.825136320223661e-07,0.0002078425841979467,0.25426486134529114,0.017845412716269493,0.04883100464940071,0.14204037189483643,0.0013356759495166805,0.0579992012659407
1,1.0,0.9994733929634094,0.9999992174863047,0.9998014674999373,0.9852429628372192,0.9993225336074829,0.999871015548706,0.9864693880081177,0.9991715146135451,0.9962638094982654
0,0.0,0.000525991024915129,7.825136320223704e-07,0.0002153246625376634,0.24642211198806763,0.03357977792620659,0.06677405536174774,0.15530748665332794,0.0014214803998304053,0.06285328601001715
0,0.0,0.0005265004001557827,7.825136320223661e-07,0.0002157688989936554,0.23106932640075684,0.06117621436715126,0.059165116399526596,0.1507226824760437,0.0014403341634213432,0.06286186754882409
0,0.0,0.000525991024915129,7.825136320223704e-07,0.0002153246625376634,0.24642211198806763,0.03357977792620659,0.06677405536174774,0.15530748665332794,0.0014214803998304053,0.06285328601001715
1,1.0,0.9994736313819885,0.9999992174863047,0.9997952039270334,0.9884476065635681,0.9998251795768738,0.9900175929069519,0.9805037975311279,0.9991565211478776,0.9947663137395042
0,0.0,0.0005267710075713694,7.825136416932759e-07,0.00021318554164929078,0.24689815938472748,0.035124849528074265,0.04436808452010155,0.1287868320941925,0.0013313109373958747,0.05702309402881215
0,0.0,0.0005268302629701793,7.825136320223675e-07,0.00019901525481817416,0.2330082356929779,0.041713960468769073,0.01687360368669033,0.1528347134590149,0.001318506097187209,0.055728551316279004
0,0.0,0.0005267710075713694,7.825136416933286e-07,0.0002712973034534296,0.26246756315231323,0.04629596322774887,0.07728515565395355,0.15635405480861664,0.00150320010436804,0.06788465408420186
0,0.0,0.000525991024915129,7.825136320223704e-07,0.0002153246625376634,0.24642211198806763,0.03357977792620659,0.06677405536174774,0.15530748665332794,0.0014214803998304053,0.06285328601001715
0,0.0,0.0005267710075713694,7.825136416932759e-07,0.00021318554164929078,0.24689815938472748,0.035124849528074265,0.04436808452010155,0.1287868320941925,0.0013313109373958747,0.05702309402881215
0,0.0,0.0005270296242088079,7.825136320227763e-07,0.003855618204434336,0.37180060148239136,0.019639674574136734,0.0541633702814579,0.32740890979766846,0.0020029330938899055,0.09729194263203736
0,0.0,0.0005265004001557827,7.825136320223661e-07,0.0002157688989936554,0.23106932640075684,0.06117621436715126,0.059165116399526596,0.1507226824760437,0.0014403341634213432,0.06286186754882409
0,0.0,0.0005268302629701793,7.825136320223675e-07,0.00019901525481817416,0.2330082356929779,0.041713960468769073,0.01687360368669033,0.1528347134590149,0.001318506097187209,0.055728551316279004
0,0.0,0.0005267710075713694,7.825136416932759e-07,0.00021318554164929078,0.24689815938472748,0.035124849528074265,0.04436808452010155,0.1287868320941925,0.0013313109373958747,0.05702309402881215
0,0.0,0.000525991024915129,7.825136320226651e-07,0.0003864084158956572,0.3297906816005707,0.05629097297787666,0.072733074426651,0.2374628484249115,0.001831440406999502,0.08718528625734825
1,1.0,0.9994733929634094,0.9999992174863047,0.9996583092421284,0.8874461650848389,0.961546003818512,0.9999963045120239,0.8685735464096069,0.9988404448869219,0.9645184556168882
0,0.0,0.0005267710075713694,7.825136416932759e-07,0.00021318554164929078,0.24689815938472748,0.035124849528074265,0.04436808452010155,0.1287868320941925,0.0013313109373958747,0.05702309402881215
0,0.0,0.0005267710075713694,7.825136416932759e-07,0.00021318554164929078,0.24689815938472748,0.035124849528074265,0.04436808452010155,0.1287868320941925,0.0013313109373958747,0.05702309402881215
0,0.0,0.0005267710075713694,7.825136416932759e-07,0.00021318554164929078,0.24689815938472748,0.035124849528074265,0.04436808452010155,0.1287868320941925,0.0013313109373958747,0.05702309402881215
1,1.0,0.9994723200798035,0.9999992174863047,0.9997916861560011,0.9911751747131348,0.9993465542793274,0.97444087266922,0.9874958992004395,0.9991478249613845,0.9940049869388565
0,0.0,0.0005270296242088079,7.825136320223661e-07,0.0002078425841979467,0.25426486134529114,0.017845412716269493,0.04883100464940071,0.14204037189483643,0.0013356759495166805,0.0579992012659407
0,0.0,0.0005268302629701793,7.825136320223675e-07,0.00019901525481817416,0.2330082356929779,0.041713960468769073,0.01687360368669033,0.1528347134590149,0.001318506097187209,0.055728551316279004
0,0.0,0.0005267710075713694,7.825136416932759e-07,0.00021318554164929078,0.24689815938472748,0.035124849528074265,0.04436808452010155,0.1287868320941925,0.0013313109373958747,0.05702309402881215
0,0.0,0.000525991024915129,7.825136320225956e-07,0.00026875609996030407,0.2833360731601715,0.045261282473802567,0.06869415938854218,0.19185274839401245,0.0015933837665567591,0.07375970656057973
0,0.0,0.0005268302629701793,7.825136320225469e-07,0.00022355173764407449,0.2657730281352997,0.056640129536390305,0.07193876802921295,0.19607828557491302,0.0016103052213910952,0.07390209507321707
1,1.0,0.9994733929634094,0.9999992174863047,0.9997176039730915,0.9927707314491272,0.9999163150787354,0.9999953508377075,0.9924675822257996,0.9991859901353143,0.9980377080328444
0,0.0,0.0005270296242088079,7.825136320223661e-07,0.0002078425841979467,0.25426486134529114,0.017845412716269493,0.04883100464940071,0.14204037189483643,0.0013356759495166805,0.0579992012659407
0,0.0,0.0005265004001557827,7.825136320223661e-07,0.0002157688989936554,0.23106932640075684,0.06117621436715126,0.059165116399526596,0.1507226824760437,0.0014403341634213432,0.06286186754882409
1,1.0,0.9994739890098572,0.9999992174863604,0.9997878997897545,0.9901697039604187,0.9989849925041199,0.998993456363678,0.9754160046577454,0.9991616732282688,0.995344723669858
1,1.0,0.9994736313819885,0.9999992174863047,0.9975527943127007,0.989840030670166,0.9999914169311523,0.9908832907676697,0.9839641451835632,0.999159047548319,0.995220663063482
0,0.0,0.0005268302629701793,7.825136320223675e-07,0.00019901525481817416,0.2330082356929779,0.041713960468769073,0.01687360368669033,0.1528347134590149,0.001318506097187209,0.055728551316279004
0,0.0,0.000525991024915129,7.825136320223704e-07,0.0002153246625376634,0.24642211198806763,0.03357977792620659,0.06677405536174774,0.15530748665332794,0.0014214803998304053,0.06285328601001715
0,0.0,0.000525991024915129,7.825136320223704e-07,0.0002153246625376634,0.24642211198806763,0.03357977792620659,0.06677405536174774,0.15530748665332794,0.0014214803998304053,0.06285328601001715
0,0.0,0.000525991024915129,7.825136320223704e-07,0.0002153246625376634,0.24642211198806763,0.03357977792620659,0.06677405536174774,0.15530748665332794,0.0014214803998304053,0.06285328601001715
1,1.0,0.9994729161262512,0.9999992174863047,0.9997864003871173,0.9844276309013367,0.9995207786560059,0.9505371451377869,0.9689883589744568,0.9990889112774854,0.9879172313017464
0,0.0,0.000525991024915129,7.825136320225956e-07,0.00026875609996030407,0.2833360731601715,0.045261282473802567,0.06869415938854218,0.19185274839401245,0.0015933837665567591,0.07375970656057973
0,0.0,0.0005265004001557827,7.825136320223661e-07,0.0002157688989936554,0.23106932640075684,0.06117621436715126,0.059165116399526596,0.1507226824760437,0.0014403341634213432,0.06286186754882409
0,0.0,0.000525991024915129,7.825136320223704e-07,0.0002153246625376634,0.24642211198806763,0.03357977792620659,0.06677405536174774,0.15530748665332794,0.0014214803998304053,0.06285328601001715
1,1.0,0.9994723200798035,0.9999992174863047,0.9997916861560011,0.9911751747131348,0.9993465542793274,0.97444087266922,0.9874958992004395,0.9991478249613845,0.9940049869388565
0,0.0,0.000525991024915129,7.825136320223704e-07,0.0002153246625376634,0.24642211198806763,0.03357977792620659,0.06677405536174774,0.15530748665332794,0.0014214803998304053,0.06285328601001715
0,0.0,0.0005265004001557827,7.825136320223661e-07,0.0002157688989936554,0.23106932640075684,0.06117621436715126,0.059165116399526596,0.1507226824760437,0.0014403341634213432,0.06286186754882409
0,0.0,0.0005270296242088079,7.825136320230293e-07,0.01144451287611554,0.4104712903499603,0.02077549882233143,0.055592820048332214,0.4785001873970032,0.0026306498812725602,0.12233650827483036
0,0.0,0.0005270296242088079,7.825136320223661e-07,0.0002078425841979467,0.25426486134529114,0.017845412716269493,0.04883100464940071,0.14204037189483643,0.0013356759495166805,0.0579992012659407
0,0.0,0.000525991024915129,7.825136320225956e-07,0.00026875609996030407,0.2833360731601715,0.045261282473802567,0.06869415938854218,0.19185274839401245,0.0015933837665567591,0.07375970656057973
0,0.0,0.0005265004001557827,7.825136320223661e-07,0.0002157688989936554,0.23106932640075684,0.06117621436715126,0.059165116399526596,0.1507226824760437,0.0014403341634213432,0.06286186754882409
1,1.0,0.9994729161262512,0.9999992174863047,0.9997864003871173,0.9844276309013367,0.9995207786560059,0.9505371451377869,0.9689883589744568,0.9990889112774854,0.9879172313017464
0,0.0,0.0005268302629701793,7.825136320223675e-07,0.00019901525481817416,0.2330082356929779,0.041713960468769073,0.01687360368669033,0.1528347134590149,0.001318506097187209,0.055728551316279004
0,0.0,0.0005267710075713694,7.825136416932759e-07,0.00021318554164929078,0.24689815938472748,0.035124849528074265,0.04436808452010155,0.1287868320941925,0.0013313109373958747,0.05702309402881215
0,0.0,0.0005265004001557827,7.825136320224983e-07,0.00034306343497182115,0.29399335384368896,0.09009140729904175,0.06539028137922287,0.21500004827976227,0.0017894075116928376,0.08319326017132586
0,0.0,0.0005270296242088079,7.825136320223661e-07,0.0002078425841979467,0.25426486134529114,0.017845412716269493,0.04883100464940071,0.14204037189483643,0.0013356759495166805,0.0579992012659407
0,0.0,0.000525991024915129,7.825136320223704e-07,0.0002153246625376634,0.24642211198806763,0.03357977792620659,0.06677405536174774,0.15530748665332794,0.0014214803998304053,0.06285328601001715
0,0.0,0.0005268302629701793,7.825136320223675e-07,0.00019901525481817416,0.2330082356929779,0.041713960468769073,0.01687360368669033,0.1528347134590149,0.001318506097187209,0.055728551316279004
0,0.0,0.0005265004001557827,7.825136320223661e-07,0.0002157688989936554,0.23106932640075684,0.06117621436715126,0.059165116399526596,0.1507226824760437,0.0014403341634213432,0.06286186754882409
0,0.0,0.0005270296242088079,7.825136320223661e-07,0.0002078425841979467,0.25426486134529114,0.017845412716269493,0.04883100464940071,0.14204037189483643,0.0013356759495166805,0.0579992012659407
0,0.0,0.0005270296242088079,7.825136320223661e-07,0.0002078425841979467,0.25426486134529114,0.017845412716269493,0.04883100464940071,0.14204037189483643,0.0013356759495166805,0.0579992012659407
0,0.0,0.0005265004001557827,7.825136320223661e-07,0.0002157688989936554,0.23106932640075684,0.06117621436715126,0.059165116399526596,0.1507226824760437,0.0014403341634213432,0.06286186754882409
0,0.0,0.0005265004001557827,7.825136320223661e-07,0.0002157688989936554,0.23106932640075684,0.06117621436715126,0.059165116399526596,0.1507226824760437,0.0014403341634213432,0.06286186754882409
1,1.0,0.9994739890098572,0.9999992174863604,0.9997878997897545,0.9901697039604187,0.9989849925041199,0.998993456363678,0.9754160046577454,0.9991616732282688,0.995344723669858
0,0.0,0.0005270296242088079,7.825136320223661e-07,0.0002078425841979467,0.25426486134529114,0.017845412716269493,0.04883100464940071,0.14204037189483643,0.0013356759495166805,0.0579992012659407
0,0.0,0.000525991024915129,7.825136320223704e-07,0.0002153246625376634,0.24642211198806763,0.03357977792620659,0.06677405536174774,0.15530748665332794,0.0014214803998304053,0.06285328601001715
0,0.0,0.0005267710075713694,7.825136416932759e-07,0.00021318554164929078,0.24689815938472748,0.035124849528074265,0.04436808452010155,0.1287868320941925,0.0013313109373958747,0.05702309402881215
1,1.0,0.9994723200798035,0.9999992174863047,0.9997916861560011,0.9911751747131348,0.9993465542793274,0.97444087266922,0.9874958992004395,0.9991478249613845,0.9940049869388565
0,0.0,0.0005265004001557827,7.825136320223661e-07,0.0002157688989936554,0.23106932640075684,0.06117621436715126,0.059165116399526596,0.1507226824760437,0.0014403341634213432,0.06286186754882409
1,1.0,0.9994736313819885,0.9999992174863047,0.9997952039270334,0.9884476065635681,0.9998251795768738,0.9900175929069519,0.9805037975311279,0.9991565211478776,0.9947663137395042
0,0.0,0.0005268302629701793,7.825136320223675e-07,0.00019901525481817416,0.2330082356929779,0.041713960468769073,0.01687360368669033,0.1528347134590149,0.001318506097187209,0.055728551316279004
1,1.0,0.9994723200798035,0.9999992174863047,0.9997916861560011,0.9911751747131348,0.9993465542793274,0.97444087266922,0.9874958992004395,0.9991478249613845,0.9940049869388565
0,0.0,0.000525991024915129,7.825136320223704e-07,0.0002153246625376634,0.24642211198806763,0.03357977792620659,0.06677405536174774,0.15530748665332794,0.0014214803998304053,0.06285328601001715
0,0.0,0.0005265004001557827,7.825136320223661e-07,0.0002157688989936554,0.23106932640075684,0.06117621436715126,0.059165116399526596,0.1507226824760437,0.0014403341634213432,0.06286186754882409
0,0.0,0.0005270296242088079,7.825136320223661e-07,0.0002078425841979467,0.25426486134529114,0.017845412716269493,0.04883100464940071,0.14204037189483643,0.0013356759495166805,0.0579992012659407
0,0.0,0.0005268302629701793,7.825136320223675e-07,0.00019901525481817416,0.2330082356929779,0.041713960468769073,0.01687360368669033,0.1528347134590149,0.001318506097187209,0.055728551316279004
0,0.0,0.0005265004001557827,7.825136320223661e-07,0.0002157688989936554,0.23106932640075684,0.06117621436715126,0.059165116399526596,0.1507226824760437,0.0014403341634213432,0.06286186754882409
0,0.0,0.0005270296242088079,7.825136320223661e-07,0.0002078425841979467,0.25426486134529114,0.017845412716269493,0.04883100464940071,0.14204037189483643,0.0013356759495166805,0.0579992012659407
1,1.0,0.9994723200798035,0.9999992174863047,0.9997916861560011,0.9911751747131348,0.9993465542793274,0.97444087266922,0.9874958992004395,0.9991478249613845,0.9940049869388565
1,1.0,0.9994736313819885,0.9999992174863047,0.9997952039270334,0.9884476065635681,0.9998251795768738,0.9900175929069519,0.9805037975311279,0.9991565211478776,0.9947663137395042
0,0.0,0.000525991024915129,7.825136320223704e-07,0.0002153246625376634,0.24642211198806763,0.03357977792620659,0.06677405536174774,0.15530748665332794,0.0014214803998304053,0.06285328601001715
0,0.0,0.0005268302629701793,7.825136320223675e-07,0.00019901525481817416,0.2330082356929779,0.041713960468769073,0.01687360368669033,0.1528347134590149,0.001318506097187209,0.055728551316279004
0,0.0,0.0005267710075713694,7.825136416932759e-07,0.00021318554164929078,0.24689815938472748,0.035124849528074265,0.04436808452010155,0.1287868320941925,0.0013313109373958747,0.05702309402881215
0,0.0,0.0005268302629701793,7.825136320223675e-07,0.00019901525481817416,0.2330082356929779,0.041713960468769073,0.01687360368669033,0.1528347134590149,0.001318506097187209,0.055728551316279004
0,0.0,0.000525991024915129,7.825136320223704e-07,0.0002153246625376634,0.24642211198806763,0.03357977792620659,0.06677405536174774,0.15530748665332794,0.0014214803998304053,0.06285328601001715
0,0.0,0.0005268302629701793,7.82513632023064e-07,0.019226385550603353,0.4166676104068756,0.14953495562076569,0.20377510786056519,0.5640358924865723,0.004661975291292926,0.16912937422996188
1,1.0,0.9994733929634094,0.9999992174863047,0.9998014674999373,0.9852429628372192,0.9993225336074829,0.999871015548706,0.9864693880081177,0.9991715146135451,0.9962638094982654
0,0.0,0.0005268302629701793,7.825136320223675e-07,0.00019901525481817416,0.2330082356929779,0.041713960468769073,0.01687360368669033,0.1528347134590149,0.001318506097187209,0.055728551316279004
0,0.0,0.0005267710075713694,7.825136416933286e-07,0.0002712973034534296,0.26246756315231323,0.04629596322774887,0.07728515565395355,0.15635405480861664,0.00150320010436804,0.06788465408420186
0,0.0,0.0005270296242088079,7.825136320225039e-07,0.00023530647812990732,0.2798534631729126,0.026064515113830566,0.048301566392183304,0.17793382704257965,0.0014634573887450455,0.06666726973451943
0,0.0,0.0005265004001557827,7.82513632022476e-07,0.00026560731278086713,0.25252726674079895,0.08219173550605774,0.06114814057946205,0.17925791442394257,0.0015951699984098585,0.07199986873812991
0,0.0,0.000525991024915129,7.825136320223704e-07,0.0002153246625376634,0.24642211198806763,0.03357977792620659,0.06677405536174774,0.15530748665332794,0.0014214803998304053,0.06285328601001715
0,0.0,0.0005268302629701793,7.825136320223675e-07,0.00019901525481817416,0.2330082356929779,0.041713960468769073,0.01687360368669033,0.1528347134590149,0.001318506097187209,0.055728551316279004
0,0.0,0.0005268302629701793,7.825136320223675e-07,0.00019901525481817416,0.2330082356929779,0.041713960468769073,0.01687360368669033,0.1528347134590149,0.001318506097187209,0.055728551316279004
0,0.0,0.000525991024915129,7.825136320223704e-07,0.0002153246625376634,0.24642211198806763,0.03357977792620659,0.06677405536174774,0.15530748665332794,0.0014214803998304053,0.06285328601001715
1,1.0,0.9994723200798035,0.9999992174863047,0.9714958949202854,1.0,1.0,0.45042717456817627,1.0,0.9981450584293226,0.9286618659968943
1,1.0,0.9994723200798035,0.9999992174863047,0.9997916861560011,0.9911751747131348,0.9993465542793274,0.97444087266922,0.9874958992004395,0.9991478249613845,0.9940049869388565
1,1.0,0.9994733929634094,0.9999992174863047,0.9998014674999373,0.9852429628372192,0.9993225336074829,0.999871015548706,0.9864693880081177,0.9991715146135451,0.9962638094982654
0,0.0,0.000525991024915129,7.825136320223704e-07,0.0002153246625376634,0.24642211198806763,0.03357977792620659,0.06677405536174774,0.15530748665332794,0.0014214803998304053,0.06285328601001715
0,0.0,0.000525991024915129,7.825136320223704e-07,0.0002153246625376634,0.24642211198806763,0.03357977792620659,0.06677405536174774,0.15530748665332794,0.0014214803998304053,0.06285328601001715
0,0.0,0.0005267710075713694,7.825136416932759e-07,0.00021318554164929078,0.24689815938472748,0.035124849528074265,0.04436808452010155,0.1287868320941925,0.0013313109373958747,0.05702309402881215
0,0.0,0.0005268302629701793,7.825136320223675e-07,0.00019901525481817416,0.2330082356929779,0.041713960468769073,0.01687360368669033,0.1528347134590149,0.001318506097187209,0.055728551316279004
0,0.0,0.000525991024915129,7.825136320223704e-07,0.0002153246625376634,0.24642211198806763,0.03357977792620659,0.06677405536174774,0.15530748665332794,0.0014214803998304053,0.06285328601001715
0,0.0,0.0005265004001557827,7.825136320223661e-07,0.0002157688989936554,0.23106932640075684,0.06117621436715126,0.059165116399526596,0.1507226824760437,0.0014403341634213432,0.06286186754882409
0,0.0,0.0005270296242088079,7.825136320223661e-07,0.0002078425841979467,0.25426486134529114,0.017845412716269493,0.04883100464940071,0.14204037189483643,0.0013356759495166805,0.0579992012659407
0,0.0,0.0005267710075713694,7.825136416932759e-07,0.00021318554164929078,0.24689815938472748,0.035124849528074265,0.04436808452010155,0.1287868320941925,0.0013313109373958747,0.05702309402881215
0,0.0,0.0005268302629701793,7.825136320223675e-07,0.00019901525481817416,0.2330082356929779,0.041713960468769073,0.01687360368669033,0.1528347134590149,0.001318506097187209,0.055728551316279004
0,0.0,0.0005270296242088079,7.825136320223661e-07,0.0002078425841979467,0.25426486134529114,0.017845412716269493,0.04883100464940071,0.14204037189483643,0.0013356759495166805,0.0579992012659407
1,1.0,0.9994739890098572,0.9999992174863604,0.999627984404766,0.9959194660186768,0.9999275207519531,0.9997556805610657,0.9847896695137024,0.9991796733803671,0.9974312133369578
0,0.0,0.0005265004001557827,7.82513632022476e-07,0.00026560731278086713,0.25252726674079895,0.08219173550605774,0.06114814057946205,0.17925791442394257,0.0015951699984098585,0.07199986873812991
0,0.0,0.000525991024915129,7.825136320223704e-07,0.0002153246625376634,0.24642211198806763,0.03357977792620659,0.06677405536174774,0.15530748665332794,0.0014214803998304053,0.06285328601001715
0,0.0,0.0005265004001557827,7.825136320223661e-07,0.0002157688989936554,0.23106932640075684,0.06117621436715126,0.059165116399526596,0.1507226824760437,0.0014403341634213432,0.06286186754882409
1,1.0,0.9994733929634094,0.9999992174863047,0.9998014674999373,0.9852429628372192,0.9993225336074829,0.999871015548706,0.9864693880081177,0.9991715146135451,0.9962638094982654
1,1.0,0.9994739890098572,0.9999992174863604,0.9997878997897545,0.9901697039604187,0.9989849925041199,0.998993456363678,0.9754160046577454,0.9991616732282688,0.995344723669858
1,1.0,0.9994739890098572,0.9999992174863604,0.999627984404766,0.9959194660186768,0.9999275207519531,0.9997556805610657,0.9847896695137024,0.9991796733803671,0.9974312133369578
0,0.0,0.000525991024915129,7.825136320223704e-07,0.0002153246625376634,0.24642211198806763,0.03357977792620659,0.06677405536174774,0.15530748665332794,0.0014214803998304053,0.06285328601001715
0,0.0,0.0005267710075713694,7.825136416932759e-07,0.00021318554164929078,0.24689815938472748,0.035124849528074265,0.04436808452010155,0.1287868320941925,0.0013313109373958747,0.05702309402881215
0,0.0,0.0005268302629701793,7.825136320223675e-07,0.00019901525481817416,0.2330082356929779,0.041713960468769073,0.01687360368669033,0.1528347134590149,0.001318506097187209,0.055728551316279004
0,0.0,0.0005267710075713694,7.825136416933286e-07,0.0002712973034534296,0.26246756315231323,0.04629596322774887,0.07728515565395355,0.15635405480861664,0.00150320010436804,0.06788465408420186
1,1.0,0.9994729161262512,0.9999992174863047,0.9997079673470044,0.9927243590354919,0.9999096393585205,0.9597736597061157,0.9776272773742676,0.9991200355152318,0.9912159231478967
0,0.0,0.000525991024915129,7.825136320223704e-07,0.0002153246625376634,0.24642211198806763,0.03357977792620659,0.06677405536174774,0.15530748665332794,0.0014214803998304053,0.06285328601001715
1,1.0,0.9994733929634094,0.9999992174863047,0.9998014674999373,0.9852429628372192,0.9993225336074829,0.999871015548706,0.9864693880081177,0.9991715146135451,0.9962638094982654
0,0.0,0.000525991024915129,7.825136320226651e-07,0.0003864084158956572,0.3297906816005707,0.05629097297787666,0.072733074426651,0.2374628484249115,0.001831440406999502,0.08718528625734825
0,0.0,0.0005267710075713694,7.825136416932759e-07,0.00021318554164929078,0.24689815938472748,0.035124849528074265,0.04436808452010155,0.1287868320941925,0.0013313109373958747,0.05702309402881215
1,1.0,0.9994723200798035,0.9999992174863047,0.9995102551030332,0.9850784540176392,0.999213457107544,0.982383131980896,0.9694762825965881,0.9991294770609418,0.9919098286746194
0,0.0,0.0005267710075713694,7.825136416932759e-07,0.00021318554164929078,0.24689815938472748,0.035124849528074265,0.04436808452010155,0.1287868320941925,0.0013313109373958747,0.05702309402881215
0,0.0,0.000525991024915129,7.825136320225956e-07,0.00026875609996030407,0.2833360731601715,0.045261282473802567,0.06869415938854218,0.19185274839401245,0.0015933837665567591,0.07375970656057973
1,1.0,0.9994733929634094,0.9999992174863047,0.9998014674999373,0.9852429628372192,0.9993225336074829,0.999871015548706,0.9864693880081177,0.9991715146135451,0.9962638094982654
0,0.0,0.000525991024915129,7.825136320223704e-07,0.0002153246625376634,0.24642211198806763,0.03357977792620659,0.06677405536174774,0.15530748665332794,0.0014214803998304053,0.06285328601001715
0,0.0,0.0005268302629701793,7.825136320223675e-07,0.00019901525481817416,0.2330082356929779,0.041713960468769073,0.01687360368669033,0.1528347134590149,0.001318506097187209,0.055728551316279004
0,0.0,0.000525991024915129,7.825136320223704e-07,0.0002153246625376634,0.24642211198806763,0.03357977792620659,0.06677405536174774,0.15530748665332794,0.0014214803998304053,0.06285328601001715
0,0.0,0.0005270296242088079,7.825136320223661e-07,0.0002078425841979467,0.25426486134529114,0.017845412716269493,0.04883100464940071,0.14204037189483643,0.0013356759495166805,0.0579992012659407
0,0.0,0.0005267710075713694,7.825136416932759e-07,0.00021318554164929078,0.24689815938472748,0.035124849528074265,0.04436808452010155,0.1287868320941925,0.0013313109373958747,0.05702309402881215
0,0.0,0.000525991024915129,7.825136320223704e-07,0.0002153246625376634,0.24642211198806763,0.03357977792620659,0.06677405536174774,0.15530748665332794,0.0014214803998304053,0.06285328601001715
0,0.0,0.0005265004001557827,7.825136320223661e-07,0.0002157688989936554,0.23106932640075684,0.06117621436715126,0.059165116399526596,0.1507226824760437,0.0014403341634213432,0.06286186754882409
1,1.0,0.9994739890098572,0.9999992174863604,0.9997878997897545,0.9901697039604187,0.9989849925041199,0.998993456363678,0.9754160046577454,0.9991616732282688,0.995344723669858
0,0.0,0.0005270296242088079,7.825136320225039e-07,0.00023530647812990732,0.2798534631729126,0.026064515113830566,0.048301566392183304,0.17793382704257965,0.0014634573887450455,0.06666726973451943
0,0.0,0.000525991024915129,7.825136320223704e-07,0.0002153246625376634,0.24642211198806763,0.03357977792620659,0.06677405536174774,0.15530748665332794,0.0014214803998304053,0.06285328601001715
1,1.0,0.9994736313819885,0.9999992174863047,0.9997952039270334,0.9884476065635681,0.9998251795768738,0.9900175929069519,0.9805037975311279,0.9991565211478776,0.9947663137395042
0,0.0,0.000525991024915129,7.825136320223704e-07,0.0002153246625376634,0.24642211198806763,0.03357977792620659,0.06677405536174774,0.15530748665332794,0.0014214803998304053,0.06285328601001715
0,0.0,0.0005268302629701793,7.825136320223675e-07,0.00019901525481817416,0.2330082356929779,0.041713960468769073,0.01687360368669033,0.1528347134590149,0.001318506097187209,0.055728551316279004
0,0.0,0.0005267710075713694,7.825136416932759e-07,0.00021318554164929078,0.24689815938472748,0.035124849528074265,0.04436808452010155,0.1287868320941925,0.0013313109373958747,0.05702309402881215
1,1.0,0.9994739890098572,0.9999992174863604,0.9997878997897545,0.9901697039604187,0.9989849925041199,0.998993456363678,0.9754160046577454,0.9991616732282688,0.995344723669858
0,0.0,0.0005265004001557827,7.825136320223661e-07,0.0002157688989936554,0.23106932640075684,0.06117621436715126,0.059165116399526596,0.1507226824760437,0.0014403341634213432,0.06286186754882409
0,0.0,0.0005270296242088079,7.825136320223661e-07,0.0002078425841979467,0.25426486134529114,0.017845412716269493,0.04883100464940071,0.14204037189483643,0.0013356759495166805,0.0579992012659407
0,0.0,0.0005270296242088079,7.825136320223661e-07,0.0002078425841979467,0.25426486134529114,0.017845412716269493,0.04883100464940071,0.14204037189483643,0.0013356759495166805,0.0579992012659407
0,0.0,0.0005267710075713694,7.825136416933286e-07,0.0002712973034534296,0.26246756315231323,0.04629596322774887,0.07728515565395355,0.15635405480861664,0.00150320010436804,0.06788465408420186
0,0.0,0.0005270296242088079,7.825136320223661e-07,0.0002078425841979467,0.25426486134529114,0.017845412716269493,0.04883100464940071,0.14204037189483643,0.0013356759495166805,0.0579992012659407
0,0.0,0.000525991024915129,7.825136320223704e-07,0.0002153246625376634,0.24642211198806763,0.03357977047562599,0.06677405536174774,0.15530748665332794,0.001421480381707247,0.06285328508006569
0,0.0,0.0005265004001557827,7.825136320223661e-07,0.0002157688989936554,0.23106932640075684,0.06117621436715126,0.059165116399526596,0.1507226824760437,0.0014403341634213432,0.06286186754882409
0,0.0,0.0005270296242088079,7.825136320223661e-07,0.0002078425841979467,0.25426486134529114,0.017845412716269493,0.04883100464940071,0.14204037189483643,0.0013356759495166805,0.0579992012659407
1,1.0,0.9994739890098572,0.9999992174863604,0.9903559445199255,0.9718016982078552,0.9999035596847534,0.3548501133918762,0.9817776679992676,0.9978419418416455,0.913423141806729
0,0.0,0.0005267710075713694,7.825136416932759e-07,0.00021318554164929078,0.24689815938472748,0.035124849528074265,0.04436808452010155,0.1287868320941925,0.0013313109373958747,0.05702309402881215
0,0.0,0.0005267710075713694,7.825136416932759e-07,0.00021318554164929078,0.24689815938472748,0.035124849528074265,0.04436808452010155,0.1287868320941925,0.0013313109373958747,0.05702309402881215
0,0.0,0.0005267710075713694,7.825136416934064e-07,0.0003543312934599608,0.2954631447792053,0.05750005319714546,0.09598930180072784,0.1960683912038803,0.0017245021091001657,0.08070861922590497
0,0.0,0.000525991024915129,7.825136320227735e-07,0.0005686352419313889,0.3491221070289612,0.057607945054769516,0.07524468749761581,0.2585746645927429,0.0019384106598986334,0.09274976992213878
0,0.0,0.0005268302629701793,7.825136320223675e-07,0.00019901525481817416,0.2330082356929779,0.041713960468769073,0.01687360368669033,0.1528347134590149,0.001318506097187209,0.055728551316279004
0,0.0,0.0005267710075713694,7.825136416932759e-07,0.00021318554164929078,0.24689815938472748,0.035124849528074265,0.04436808452010155,0.1287868320941925,0.0013313109373958747,0.05702309402881215
0,0.0,0.0005270296242088079,7.825136320223661e-07,0.0002078425841979467,0.25426486134529114,0.017845412716269493,0.04883100464940071,0.14204037189483643,0.0013356759495166805,0.0579992012659407
0,0.0,0.0005265004001557827,7.825136320223661e-07,0.0002157688989936554,0.23106932640075684,0.06117621436715126,0.059165116399526596,0.1507226824760437,0.0014403341634213432,0.06286186754882409
0,0.0,0.000525991024915129,7.825136320225956e-07,0.00026875609996030407,0.2833360731601715,0.045261282473802567,0.06869415938854218,0.19185274839401245,0.0015933837665567591,0.07375970656057973
0,0.0,0.0005265004001557827,7.82513632022476e-07,0.00026560731278086713,0.25252726674079895,0.08219173550605774,0.06114814057946205,0.17925791442394257,0.0015951699984098585,0.07199986873812991
0,0.0,0.0005270296242088079,7.825136320223661e-07,0.0002078425841979467,0.25426486134529114,0.017845412716269493,0.04883100464940071,0.14204037189483643,0.0013356759495166805,0.0579992012659407
0,0.0,0.0005265004001557827,7.825136320223661e-07,0.0002157688989936554,0.23106932640075684,0.06117621436715126,0.059165116399526596,0.1507226824760437,0.0014403341634213432,0.06286186754882409
0,0.0,0.0005267710075713694,7.825136416932759e-07,0.00021318554164929078,0.24689815938472748,0.035124849528074265,0.04436808452010155,0.1287868320941925,0.0013313109373958747,0.05702309402881215
0,0.0,0.0005267710075713694,7.825136416932759e-07,0.00021318554164929078,0.24689815938472748,0.035124849528074265,0.04436808452010155,0.1287868320941925,0.0013313109373958747,0.05702309402881215
0,0.0,0.0005270296242088079,7.825136320223661e-07,0.0002078425841979467,0.25426486134529114,0.017845412716269493,0.04883100464940071,0.14204037189483643,0.0013356759495166805,0.0579992012659407
0,0.0,0.0005270296242088079,7.825136320223661e-07,0.0002078425841979467,0.25426486134529114,0.017845412716269493,0.04883100464940071,0.14204037189483643,0.0013356759495166805,0.0579992012659407
0,0.0,0.0005267710075713694,7.825136416932759e-07,0.00021318554164929078,0.24689815938472748,0.035124849528074265,0.04436808452010155,0.1287868320941925,0.0013313109373958747,0.05702309402881215
1,1.0,0.9994729161262512,0.9999992174863047,0.9997864003871173,0.9844276309013367,0.9995207786560059,0.9505371451377869,0.9689883589744568,0.9990889112774854,0.9879172313017464
0,0.0,0.000525991024915129,7.825136320223704e-07,0.0002153246625376634,0.24642211198806763,0.03357977792620659,0.06677405536174774,0.15530748665332794,0.0014214803998304053,0.06285328601001715
0,0.0,0.0005270296242088079,7.825136320225039e-07,0.00023530647812990732,0.2798534631729126,0.026064515113830566,0.048301566392183304,0.17793382704257965,0.0014634573887450455,0.06666726973451943
0,0.0,0.0005268302629701793,7.825136320223675e-07,0.00019901525481817416,0.2330082356929779,0.041713960468769073,0.01687360368669033,0.1528347134590149,0.001318506097187209,0.055728551316279004
0,0.0,0.000525991024915129,7.825136320223704e-07,0.0002153246625376634,0.24642211198806763,0.03357977792620659,0.06677405536174774,0.15530748665332794,0.0014214803998304053,0.06285328601001715
0,0.0,0.0005265004001557827,7.825136320223661e-07,0.0002157688989936554,0.23106932640075684,0.06117621436715126,0.059165116399526596,0.1507226824760437,0.0014403341634213432,0.06286186754882409
1,1.0,0.9994739890098572,0.9999992174863604,0.9997878997897545,0.9901697039604187,0.9989849925041199,0.998993456363678,0.9754160046577454,0.9991616732282688,0.995344723669858
0,0.0,0.0005270296242088079,7.825136320223661e-07,0.0002078425841979467,0.25426486134529114,0.017845412716269493,0.04883100464940071,0.14204037189483643,0.0013356759495166805,0.0579992012659407
0,0.0,0.000525991024915129,7.825136320225956e-07,0.00026875609996030407,0.2833360731601715,0.045261282473802567,0.06869415938854218,0.19185274839401245,0.0015933837665567591,0.07375970656057973
0,0.0,0.0005267710075713694,7.825136416932759e-07,0.00021318554164929078,0.24689815938472748,0.035124849528074265,0.04436808452010155,0.1287868320941925,0.0013313109373958747,0.05702309402881215
0,0.0,0.0005265004001557827,7.825136320223661e-07,0.0002157688989936554,0.23106932640075684,0.06117621436715126,0.059165116399526596,0.1507226824760437,0.0014403341634213432,0.06286186754882409
0,0.0,0.000525991024915129,7.825136320223704e-07,0.0002153246625376634,0.24642211198806763,0.03357977792620659,0.06677405536174774,0.15530748665332794,0.0014214803998304053,0.06285328601001715
0,0.0,0.000525991024915129,7.825136320223704e-07,0.0002153246625376634,0.24642211198806763,0.03357977792620659,0.06677405536174774,0.15530748665332794,0.0014214803998304053,0.06285328601001715
0,0.0,0.000525991024915129,7.825136320223704e-07,0.0002153246625376634,0.24642211198806763,0.03357977792620659,0.06677405536174774,0.15530748665332794,0.0014214803998304053,0.06285328601001715
0,0.0,0.0005265004001557827,7.825136320223661e-07,0.0002157688989936554,0.23106932640075684,0.06117621436715126,0.059165116399526596,0.1507226824760437,0.0014403341634213432,0.06286186754882409
0,0.0,0.0005268302629701793,7.825136320223675e-07,0.00019901525481817416,0.2330082356929779,0.041713960468769073,0.01687360368669033,0.1528347134590149,0.001318506097187209,0.055728551316279004
0,0.0,0.0005265004001557827,7.825136320223661e-07,0.0002157688989936554,0.23106932640075684,0.06117621436715126,0.059165116399526596,0.1507226824760437,0.0014403341634213432,0.06286186754882409
0,0.0,0.0005270296242088079,7.825136320223661e-07,0.0002078425841979467,0.25426486134529114,0.017845412716269493,0.04883100464940071,0.14204037189483643,0.0013356759495166805,0.0579992012659407
0,0.0,0.0005268302629701793,7.825136320223675e-07,0.00019901525481817416,0.2330082356929779,0.041713960468769073,0.01687360368669033,0.1528347134590149,0.001318506097187209,0.055728551316279004
1,1.0,0.9994723200798035,0.9999992174863047,0.9996317042302971,0.996103048324585,0.9998866319656372,0.9814132452011108,0.9930712580680847,0.9991677514567959,0.9962273705789735
0,0.0,0.0005268302629701793,7.825136320223675e-07,0.00019901525481817416,0.2330082356929779,0.041713960468769073,0.01687360368669033,0.1528347134590149,0.001318506097187209,0.055728551316279004
0,0.0,0.0005267710075713694,7.825136416933286e-07,0.0002712973034534296,0.26246756315231323,0.04629596322774887,0.07728515565395355,0.15635405480861664,0.00150320010436804,0.06788465408420186
0,0.0,0.0005265004001557827,7.825136320223661e-07,0.0002157688989936554,0.23106932640075684,0.06117621436715126,0.059165116399526596,0.1507226824760437,0.0014403341634213432,0.06286186754882409
0,0.0,0.0005270296242088079,7.825136320223661e-07,0.0002078425841979467,0.25426486134529114,0.017845412716269493,0.04883100464940071,0.14204037189483643,0.0013356759495166805,0.0579992012659407
0,0.0,0.0005270296242088079,7.825136320223661e-07,0.0002078425841979467,0.25426486134529114,0.017845412716269493,0.04883100464940071,0.14204037189483643,0.0013356759495166805,0.0579992012659407
0,0.0,0.000525991024915129,7.825136320223704e-07,0.0002153246625376634,0.24642211198806763,0.03357977792620659,0.06677405536174774,0.15530748665332794,0.0014214803998304053,0.06285328601001715
0,0.0,0.0005268302629701793,7.825136320223675e-07,0.00019901525481817416,0.2330082356929779,0.041713960468769073,0.01687360368669033,0.1528347134590149,0.001318506097187209,0.055728551316279004
0,0.0,0.0005270296242088079,7.825136320223661e-07,0.0002078425841979467,0.25426486134529114,0.017845412716269493,0.04883100464940071,0.14204037189483643,0.0013356759495166805,0.0579992012659407
1,1.0,0.9994723200798035,0.9999992174863047,0.9997916861560011,0.9911751747131348,0.9993465542793274,0.97444087266922,0.9874958992004395,0.9991478249613845,0.9940049869388565
0,0.0,0.0005267710075713694,7.825136416932759e-07,0.00021318554164929078,0.24689815938472748,0.035124849528074265,0.04436808452010155,0.1287868320941925,0.0013313109373958747,0.05702309402881215
0,0.0,0.0005267710075713694,7.825136416932759e-07,0.00021318554164929078,0.24689815938472748,0.035124849528074265,0.04436808452010155,0.1287868320941925,0.0013313109373958747,0.05702309402881215
0,0.0,0.0005267710075713694,7.825136416932759e-07,0.00021318554164929078,0.24689815938472748,0.035124849528074265,0.04436808452010155,0.1287868320941925,0.0013313109373958747,0.05702309402881215
0,0.0,0.0005267710075713694,7.825136416932759e-07,0.00021318554164929078,0.24689815938472748,0.035124849528074265,0.04436808452010155,0.1287868320941925,0.0013313109373958747,0.05702309402881215
0,0.0,0.0005268302629701793,7.825136320223675e-07,0.00019901525481817416,0.2330082356929779,0.041713960468769073,0.01687360368669033,0.1528347134590149,0.001318506097187209,0.055728551316279004
0,0.0,0.0005268302629701793,7.825136320223675e-07,0.00019901525481817416,0.2330082356929779,0.041713960468769073,0.01687360368669033,0.1528347134590149,0.001318506097187209,0.055728551316279004
1,1.0,0.9994739890098572,0.9999992174863604,0.9997878997897545,0.9901697039604187,0.9989849925041199,0.998993456363678,0.9754160046577454,0.9991616732282688,0.995344723669858
0,0.0,0.0005270296242088079,7.825136320223661e-07,0.0002078425841979467,0.25426486134529114,0.017845412716269493,0.04883100464940071,0.14204037189483643,0.0013356759495166805,0.0579992012659407
0,0.0,0.0005270296242088079,7.825136320225039e-07,0.00023530647812990732,0.2798534631729126,0.026064515113830566,0.048301566392183304,0.17793382704257965,0.0014634573887450455,0.06666726973451943
0,0.0,0.0005267710075713694,7.825136416932759e-07,0.00021318554164929078,0.24689815938472748,0.035124849528074265,0.04436808452010155,0.1287868320941925,0.0013313109373958747,0.05702309402881215
0,0.0,0.0005265004001557827,7.825136320223661e-07,0.0002157688989936554,0.23106932640075684,0.06117621436715126,0.059165116399526596,0.1507226824760437,0.0014403341634213432,0.06286186754882409
1,1.0,0.9994729161262512,0.9999992174863047,0.9997864003871173,0.9844276309013367,0.9995207786560059,0.9505371451377869,0.9689883589744568,0.9990889112774854,0.9879172313017464
0,0.0,0.0005268302629701793,7.825136320223675e-07,0.00019901525481817416,0.2330082356929779,0.041713960468769073,0.01687360368669033,0.1528347134590149,0.001318506097187209,0.055728551316279004
0,0.0,0.0005270296242088079,7.825136320225039e-07,0.00023530647812990732,0.2798534631729126,0.026064515113830566,0.048301566392183304,0.17793382704257965,0.0014634573887450455,0.06666726973451943
0,0.0,0.0005268302629701793,7.825136320223675e-07,0.00019901525481817416,0.2330082356929779,0.041713960468769073,0.01687360368669033,0.1528347134590149,0.001318506097187209,0.055728551316279004
0,0.0,0.0005267710075713694,7.825136416934064e-07,0.0003543312934599608,0.2954631447792053,0.05750005319714546,0.09598930180072784,0.1960683912038803,0.0017245021091001657,0.08070861922590497
0,0.0,0.0005265004001557827,7.825136320223661e-07,0.0002157688989936554,0.23106932640075684,0.06117621436715126,0.059165116399526596,0.1507226824760437,0.0014403341634213432,0.06286186754882409
0,0.0,0.0005265004001557827,7.825136320223661e-07,0.0002157688989936554,0.23106932640075684,0.06117621436715126,0.059165116399526596,0.1507226824760437,0.0014403341634213432,0.06286186754882409
1,1.0,0.9994723200798035,0.9999992174863047,0.9997916861560011,0.9911751747131348,0.9993465542793274,0.97444087266922,0.9874958992004395,0.9991478249613845,0.9940049869388565
0,0.0,0.0005270296242088079,7.825136320223661e-07,0.0002078425841979467,0.25426486134529114,0.017845412716269493,0.04883100464940071,0.14204037189483643,0.0013356759495166805,0.0579992012659407
0,0.0,0.0005265004001557827,7.825136320223661e-07,0.0002157688989936554,0.23106932640075684,0.06117621436715126,0.059165116399526596,0.1507226824760437,0.0014403341634213432,0.06286186754882409
0,0.0,0.000525991024915129,7.825136320223704e-07,0.0002153246625376634,0.24642211198806763,0.03357977792620659,0.06677405536174774,0.15530748665332794,0.0014214803998304053,0.06285328601001715
1,1.0,0.9994739890098572,0.9999992174863604,0.9997878997897545,0.9901697039604187,0.9989849925041199,0.998993456363678,0.9754160046577454,0.9991616732282688,0.995344723669858
1,1.0,0.9994736313819885,0.9999992174863047,0.9997952039270334,0.9884476065635681,0.9998251795768738,0.9900175929069519,0.9805037975311279,0.9991565211478776,0.9947663137395042
0,0.0,0.0005267710075713694,7.825136416932759e-07,0.00021318554164929078,0.24689815938472748,0.035124849528074265,0.04436808452010155,0.1287868320941925,0.0013313109373958747,0.05702309402881215
0,0.0,0.0005265004001557827,7.825136320223661e-07,0.0002157688989936554,0.23106932640075684,0.06117621436715126,0.059165116399526596,0.1507226824760437,0.0014403341634213432,0.06286186754882409
0,0.0,0.0005265004001557827,7.825136320223661e-07,0.0002157688989936554,0.23106932640075684,0.06117621436715126,0.059165116399526596,0.1507226824760437,0.0014403341634213432,0.06286186754882409
0,0.0,0.0005265004001557827,7.825136320223661e-07,0.0002157688989936554,0.23106932640075684,0.06117621436715126,0.059165116399526596,0.1507226824760437,0.0014403341634213432,0.06286186754882409
1,1.0,0.9994723200798035,0.9999992174863047,0.9997916861560011,0.9911751747131348,0.9993465542793274,0.97444087266922,0.9874958992004395,0.9991478249613845,0.9940049869388565
0,0.0,0.0005265004001557827,7.825136320223661e-07,0.0002157688989936554,0.23106932640075684,0.06117621436715126,0.059165116399526596,0.1507226824760437,0.0014403341634213432,0.06286186754882409
0,0.0,0.000525991024915129,7.825136320225956e-07,0.00026875609996030407,0.2833360731601715,0.045261282473802567,0.06869415938854218,0.19185274839401245,0.0015933837665567591,0.07375970656057973
1,1.0,0.9994729161262512,0.9999992174863047,0.9997864003871173,0.9844276309013367,0.9995207786560059,0.9505371451377869,0.9689883589744568,0.9990889112774854,0.9879172313017464
0,0.0,0.0005268302629701793,7.825136320223675e-07,0.00019901525481817416,0.2330082356929779,0.041713960468769073,0.01687360368669033,0.1528347134590149,0.001318506097187209,0.055728551316279004
0,0.0,0.0005270296242088079,7.825136320223661e-07,0.0002078425841979467,0.25426486134529114,0.017845412716269493,0.04883100464940071,0.14204037189483643,0.0013356759495166805,0.0579992012659407
0,0.0,0.0005270296242088079,7.825136320223661e-07,0.0002078425841979467,0.25426486134529114,0.017845412716269493,0.04883100464940071,0.14204037189483643,0.0013356759495166805,0.0579992012659407
0,0.0,0.0005268302629701793,7.825136320223675e-07,0.00019901525481817416,0.2330082356929779,0.041713960468769073,0.01687360368669033,0.1528347134590149,0.001318506097187209,0.055728551316279004
0,0.0,0.0005267710075713694,7.825136416932759e-07,0.00021318554164929078,0.24689815938472748,0.035124849528074265,0.04436808452010155,0.1287868320941925,0.0013313109373958747,0.05702309402881215
0,0.0,0.0005270296242088079,7.825136320223661e-07,0.0002078425841979467,0.25426486134529114,0.017845412716269493,0.04883100464940071,0.14204037189483643,0.0013356759495166805,0.0579992012659407
0,0.0,0.0005267710075713694,7.825136416932759e-07,0.00021318554164929078,0.24689815938472748,0.035124849528074265,0.04436808452010155,0.1287868320941925,0.0013313109373958747,0.05702309402881215
0,0.0,0.0005267710075713694,7.825136416932759e-07,0.00021318554164929078,0.24689815938472748,0.035124849528074265,0.04436808452010155,0.1287868320941925,0.0013313109373958747,0.05702309402881215
0,0.0,0.0005267710075713694,7.825136416932759e-07,0.00021318554164929078,0.24689815938472748,0.035124849528074265,0.04436808452010155,0.1287868320941925,0.0013313109373958747,0.05702309402881215
1,1.0,0.9994739890098572,0.9999992174863604,0.9997878997897545,0.9901697039604187,0.9989849925041199,0.998993456363678,0.9754160046577454,0.9991616732282688,0.995344723669858
1,1.0,0.9994729161262512,0.9999992174863047,0.9997864003871173,0.9844276309013367,0.9995207786560059,0.9505371451377869,0.9689883589744568,0.9990889112774854,0.9879172313017464
0,0.0,0.0005265004001557827,7.825136320223661e-07,0.0002157688989936554,0.23106932640075684,0.06117621436715126,0.059165116399526596,0.1507226824760437,0.0014403341634213432,0.06286186754882409
0,0.0,0.0005268302629701793,7.825136320223675e-07,0.00019901525481817416,0.2330082356929779,0.041713960468769073,0.01687360368669033,0.1528347134590149,0.001318506097187209,0.055728551316279004
0,0.0,0.0005268302629701793,7.825136320223675e-07,0.00019901525481817416,0.2330082356929779,0.041713960468769073,0.01687360368669033,0.1528347134590149,0.001318506097187209,0.055728551316279004
0,0.0,0.0005267710075713694,7.825136416932759e-07,0.00021318554164929078,0.24689815938472748,0.035124849528074265,0.04436808452010155,0.1287868320941925,0.0013313109373958747,0.05702309402881215
0,0.0,0.0005265004001557827,7.82513632022476e-07,0.00026560731278086713,0.25252726674079895,0.08219173550605774,0.06114814057946205,0.17925791442394257,0.0015951699984098585,0.07199986873812991
0,0.0,0.0005265004001557827,7.82513632022476e-07,0.00026560731278086713,0.25252726674079895,0.08219173550605774,0.06114814057946205,0.17925791442394257,0.0015951699984098585,0.07199986873812991
1,1.0,0.9994739890098572,0.9999992174863604,0.9997878997897545,0.9901697039604187,0.9989849925041199,0.998993456363678,0.9754160046577454,0.9991616732282688,0.995344723669858
1,1.0,0.9994739890098572,0.9999992174863604,0.9997878997897545,0.9901697039604187,0.9989849925041199,0.998993456363678,0.9754160046577454,0.9991616732282688,0.995344723669858
1,1.0,0.9994723200798035,0.9999992174863047,0.9997916861560011,0.9911751747131348,0.9993465542793274,0.97444087266922,0.9874958992004395,0.9991478249613845,0.9940049869388565
0,0.0,0.000525991024915129,7.825136320223704e-07,0.0002153246625376634,0.24642211198806763,0.03357977792620659,0.06677405536174774,0.15530748665332794,0.0014214803998304053,0.06285328601001715
1,1.0,0.9994733929634094,0.9999992174863047,0.9994667431503546,0.8025639653205872,0.887911319732666,1.0,0.7491288185119629,0.998294789021407,0.929701070179124
0,0.0,0.000525991024915129,7.825136320223704e-07,0.0002153246625376634,0.24642211198806763,0.03357977792620659,0.06677405536174774,0.15530748665332794,0.0014214803998304053,0.06285328601001715
0,0.0,0.0005270296242088079,7.825136320225039e-07,0.00023530647812990732,0.2798534631729126,0.026064515113830566,0.048301566392183304,0.17793382704257965,0.0014634573887450455,0.06666726973451943
0,0.0,0.000525991024915129,7.825136320225956e-07,0.00026875609996030407,0.2833360731601715,0.045261282473802567,0.06869415938854218,0.19185274839401245,0.0015933837665567591,0.07375970656057973
0,0.0,0.000525991024915129,7.825136320223704e-07,0.0002153246625376634,0.24642211198806763,0.03357977792620659,0.06677405536174774,0.15530748665332794,0.0014214803998304053,0.06285328601001715
0,0.0,0.0005270296242088079,7.825136320223661e-07,0.0002078425841979467,0.25426486134529114,0.017845412716269493,0.04883100464940071,0.14204037189483643,0.0013356759495166805,0.0579992012659407
1,1.0,0.9994739890098572,0.9999992174863604,0.9997878997897545,0.9901697039604187,0.9989849925041199,0.998993456363678,0.9754160046577454,0.9991616732282688,0.995344723669858
0,0.0,0.0005270296242088079,7.825136320223661e-07,0.0002078425841979467,0.25426486134529114,0.017845412716269493,0.04883100464940071,0.14204037189483643,0.0013356759495166805,0.0579992012659407
0,0.0,0.0005267710075713694,7.825136416932759e-07,0.00021318554164929078,0.24689815938472748,0.035124849528074265,0.04436808452010155,0.1287868320941925,0.0013313109373958747,0.05702309402881215
0,0.0,0.000525991024915129,7.825136320223704e-07,0.0002153246625376634,0.24642211198806763,0.03357977792620659,0.06677405536174774,0.15530748665332794,0.0014214803998304053,0.06285328601001715
1,1.0,0.9994723200798035,0.9999992174863047,0.9997916861560011,0.9911751747131348,0.9993465542793274,0.97444087266922,0.9874958992004395,0.9991478249613845,0.9940049869388565
0,0.0,0.0005267710075713694,7.825136416934064e-07,0.0003543312934599608,0.2954631447792053,0.05750005319714546,0.09598930180072784,0.1960683912038803,0.0017245021091001657,0.08070861922590497
0,0.0,0.0005267710075713694,7.825136416932759e-07,0.00021318554164929078,0.24689815938472748,0.035124849528074265,0.04436808452010155,0.1287868320941925,0.0013313109373958747,0.05702309402881215
0,0.0,0.000525991024915129,7.825136320223704e-07,0.0002153246625376634,0.24642211198806763,0.03357977792620659,0.06677405536174774,0.15530748665332794,0.0014214803998304053,0.06285328601001715
0,0.0,0.0005265004001557827,7.825136320223661e-07,0.0002157688989936554,0.23106932640075684,0.06117621436715126,0.059165116399526596,0.1507226824760437,0.0014403341634213432,0.06286186754882409
0,0.0,0.0005268302629701793,7.825136320223675e-07,0.00019901525481817416,0.2330082356929779,0.041713960468769073,0.01687360368669033,0.1528347134590149,0.001318506097187209,0.055728551316279004
0,0.0,0.0005267710075713694,7.825136416932759e-07,0.00021318554164929078,0.24689815938472748,0.035124849528074265,0.04436808452010155,0.1287868320941925,0.0013313109373958747,0.05702309402881215
1,1.0,0.9994733929634094,0.9999992174863047,0.9997176039730915,0.9927707314491272,0.9999163150787354,0.9999953508377075,0.9924675822257996,0.9991859901353143,0.9980377080328444
0,0.0,0.0005268302629701793,7.825136320223675e-07,0.00019901525481817416,0.2330082356929779,0.041713960468769073,0.01687360368669033,0.1528347134590149,0.001318506097187209,0.055728551316279004
1,1.0,0.9994739890098572,0.9999992174863604,0.9997878997897545,0.9901697039604187,0.9989849925041199,0.998993456363678,0.9754160046577454,0.9991616732282688,0.995344723669858
0,0.0,0.0005265004001557827,7.825136320223661e-07,0.0002157688989936554,0.23106932640075684,0.06117621436715126,0.059165116399526596,0.1507226824760437,0.0014403341634213432,0.06286186754882409
0,0.0,0.0005268302629701793,7.825136320225469e-07,0.00022355173764407449,0.2657730281352997,0.056640129536390305,0.07193876802921295,0.19607828557491302,0.0016103052213910952,0.07390209507321707
0,0.0,0.0005265004001557827,7.825136320223661e-07,0.0002157688989936554,0.23106932640075684,0.06117621436715126,0.059165116399526596,0.1507226824760437,0.0014403341634213432,0.06286186754882409
0,0.0,0.0005270296242088079,7.825136320223661e-07,0.0002078425841979467,0.25426486134529114,0.017845412716269493,0.04883100464940071,0.14204037189483643,0.0013356759495166805,0.0579992012659407
0,0.0,0.0005268302629701793,7.825136320223675e-07,0.00019901525481817416,0.2330082356929779,0.041713960468769073,0.01687360368669033,0.1528347134590149,0.001318506097187209,0.055728551316279004
0,0.0,0.0005268302629701793,7.825136320223675e-07,0.00019901525481817416,0.2330082356929779,0.041713960468769073,0.01687360368669033,0.1528347134590149,0.001318506097187209,0.055728551316279004
1,1.0,0.9994729161262512,0.9999992174863047,0.9997864003871173,0.9844276309013367,0.9995207786560059,0.9505371451377869,0.9689883589744568,0.9990889112774854,0.9879172313017464
0,0.0,0.0005265004001557827,7.825136320223661e-07,0.0002157688989936554,0.23106932640075684,0.06117621436715126,0.059165116399526596,0.1507226824760437,0.0014403341634213432,0.06286186754882409
0,0.0,0.0005265004001557827,7.825136320223661e-07,0.0002157688989936554,0.23106932640075684,0.06117621436715126,0.059165116399526596,0.1507226824760437,0.0014403341634213432,0.06286186754882409
1,1.0,0.9994733929634094,0.9999992174863047,0.9995354281257954,0.9494476318359375,0.9979890584945679,1.0,0.943204402923584,0.9990823861783767,0.9861731300028955
0,0.0,0.000525991024915129,7.825136320225956e-07,0.00026875609996030407,0.2833360731601715,0.045261282473802567,0.06869415938854218,0.19185274839401245,0.0015933837665567591,0.07375970656057973
1,1.0,0.9994736313819885,0.9999992174863047,0.9996411536633151,0.9013952612876892,0.9895763397216797,0.9943095445632935,0.8488097190856934,0.9988721379741826,0.9665868586709614
0,0.0,0.0005270296242088079,7.825136320223661e-07,0.0002078425841979467,0.25426486134529114,0.017845412716269493,0.04883100464940071,0.14204037189483643,0.0013356759495166805,0.0579992012659407
0,0.0,0.0005270296242088079,7.825136320223661e-07,0.0002078425841979467,0.25426486134529114,0.017845412716269493,0.04883100464940071,0.14204037189483643,0.0013356759495166805,0.0579992012659407
0,0.0,0.000525991024915129,7.825136320223704e-07,0.0002153246625376634,0.24642211198806763,0.03357977792620659,0.06677405536174774,0.15530748665332794,0.0014214803998304053,0.06285328601001715
0,0.0,0.000525991024915129,7.825136320223704e-07,0.0002153246625376634,0.24642211198806763,0.03357977792620659,0.06677405536174774,0.15530748665332794,0.0014214803998304053,0.06285328601001715
0,0.0,0.0005265004001557827,7.825136320223661e-07,0.0002157688989936554,0.23106932640075684,0.06117621436715126,0.059165116399526596,0.1507226824760437,0.0014403341634213432,0.06286186754882409
0,0.0,0.0005270296242088079,7.825136320223661e-07,0.0002078425841979467,0.25426486134529114,0.017845412716269493,0.04883100464940071,0.14204037189483643,0.0013356759495166805,0.0579992012659407
0,0.0,0.0005265004001557827,7.825136320223661e-07,0.0002157688989936554,0.23106932640075684,0.06117621436715126,0.059165116399526596,0.1507226824760437,0.0014403341634213432,0.06286186754882409
0,0.0,0.000525991024915129,7.825136320223704e-07,0.0002153246625376634,0.24642211198806763,0.03357977792620659,0.06677405536174774,0.15530748665332794,0.0014214803998304053,0.06285328601001715
0,0.0,0.0005268302629701793,7.825136320223675e-07,0.00019901525481817416,0.2330082356929779,0.041713960468769073,0.01687360368669033,0.1528347134590149,0.001318506097187209,0.055728551316279004
0,0.0,0.000525991024915129,7.825136320223704e-07,0.0002153246625376634,0.24642211198806763,0.03357977792620659,0.06677405536174774,0.15530748665332794,0.0014214803998304053,0.06285328601001715
0,0.0,0.0005268302629701793,7.825136320223675e-07,0.00019901525481817416,0.2330082356929779,0.041713960468769073,0.01687360368669033,0.1528347134590149,0.001318506097187209,0.055728551316279004
0,0.0,0.0005270296242088079,7.825136320223661e-07,0.0002078425841979467,0.25426486134529114,0.017845412716269493,0.04883100464940071,0.14204037189483643,0.0013356759495166805,0.0579992012659407
0,0.0,0.000525991024915129,7.825136320223704e-07,0.0002153246625376634,0.24642211198806763,0.03357977792620659,0.06677405536174774,0.15530748665332794,0.0014214803998304053,0.06285328601001715
0,0.0,0.000525991024915129,7.825136320226651e-07,0.0003864084158956572,0.3297906816005707,0.05629097297787666,0.072733074426651,0.2374628484249115,0.001831440406999502,0.08718528625734825
0,0.0,0.0005268302629701793,7.825136320223675e-07,0.00019901525481817416,0.2330082356929779,0.041713960468769073,0.01687360368669033,0.1528347134590149,0.001318506097187209,0.055728551316279004
0,0.0,0.000525991024915129,7.825136320223704e-07,0.0002153246625376634,0.24642211198806763,0.03357977792620659,0.06677405536174774,0.15530748665332794,0.0014214803998304053,0.06285328601001715
0,0.0,0.0005267710075713694,7.825136416932759e-07,0.00021318554164929078,0.24689815938472748,0.035124849528074265,0.04436808452010155,0.1287868320941925,0.0013313109373958747,0.05702309402881215
0,0.0,0.0005268302629701793,7.825136320227832e-07,0.0007730715055523358,0.3458363711833954,0.08936066925525665,0.15715254843235016,0.29684263467788696,0.0024168108006468255,0.11121086532924807
0,0.0,0.000525991024915129,7.825136320223704e-07,0.0002153246625376634,0.24642211198806763,0.03357977792620659,0.06677405536174774,0.15530748665332794,0.0014214803998304053,0.06285328601001715
0,0.0,0.000525991024915129,7.825136320223704e-07,0.0002153246625376634,0.24642211198806763,0.03357977792620659,0.06677405536174774,0.15530748665332794,0.0014214803998304053,0.06285328601001715
0,0.0,0.0005268302629701793,7.825136320225469e-07,0.00022355173764407449,0.2657730281352997,0.056640129536390305,0.07193876802921295,0.19607828557491302,0.0016103052213910952,0.07390209507321707
0,0.0,0.0005265004001557827,7.825136320223661e-07,0.0002157688989936554,0.23106932640075684,0.06117621436715126,0.059165116399526596,0.1507226824760437,0.0014403341634213432,0.06286186754882409
0,0.0,0.0005267710075713694,7.825136416932759e-07,0.00021318554164929078,0.24689815938472748,0.035124849528074265,0.04436808452010155,0.1287868320941925,0.0013313109373958747,0.05702309402881215
0,0.0,0.0005265004001557827,7.825136320223661e-07,0.0002157688989936554,0.23106932640075684,0.06117621436715126,0.059165116399526596,0.1507226824760437,0.0014403341634213432,0.06286186754882409
1,1.0,0.9994739890098572,0.9999992174863604,0.9997878997897545,0.9901697039604187,0.9989849925041199,0.998993456363678,0.9754160046577454,0.9991616732282688,0.995344723669858
0,0.0,0.0005267710075713694,7.825136416932759e-07,0.00021318554164929078,0.24689815938472748,0.03512484207749367,0.04436808452010155,0.1287868320941925,0.0013313109204207989,0.05702309309886069
0,0.0,0.0005270296242088079,7.825136320223661e-07,0.0002078425841979467,0.25426486134529114,0.017845412716269493,0.04883100464940071,0.14204037189483643,0.0013356759495166805,0.0579992012659407
1,1.0,0.9994723200798035,0.9999992174863047,0.9997916861560011,0.9911751747131348,0.9993465542793274,0.97444087266922,0.9874958992004395,0.9991478249613845,0.9940049869388565
0,0.0,0.0005267710075713694,7.825136416932759e-07,0.00021318554164929078,0.24689815938472748,0.035124849528074265,0.04436808452010155,0.1287868320941925,0.0013313109373958747,0.05702309402881215
0,0.0,0.000525991024915129,7.825136320223704e-07,0.0002153246625376634,0.24642211198806763,0.03357977792620659,0.06677405536174774,0.15530748665332794,0.0014214803998304053,0.06285328601001715
0,0.0,0.0005267710075713694,7.825136416932759e-07,0.00021318554164929078,0.24689815938472748,0.035124849528074265,0.04436808452010155,0.1287868320941925,0.0013313109373958747,0.05702309402881215
0,0.0,0.0005267710075713694,7.825136416937457e-07,0.017560539119225598,0.3841701149940491,0.23413634300231934,0.13180194795131683,0.38226068019866943,0.0036352906787746934,0.14376840403221153
0,0.0,0.0005267710075713694,7.825136416932759e-07,0.00021318554164929078,0.24689815938472748,0.035124849528074265,0.04436808452010155,0.1287868320941925,0.0013313109373958747,0.05702309402881215
0,0.0,0.000525991024915129,7.825136320223704e-07,0.0002153246625376634,0.24642211198806763,0.03357977792620659,0.06677405536174774,0.15530748665332794,0.0014214803998304053,0.06285328601001715
0,0.0,0.0005268302629701793,7.825136320223675e-07,0.00019901525481817416,0.2330082356929779,0.041713960468769073,0.01687360368669033,0.1528347134590149,0.001318506097187209,0.055728551316279004
0,0.0,0.0005270296242088079,7.825136320223661e-07,0.0002078425841979467,0.25426486134529114,0.017845412716269493,0.04883100464940071,0.14204037189483643,0.0013356759495166805,0.0579992012659407
0,0.0,0.000525991024915129,7.825136320225956e-07,0.00026875609996030407,0.2833360731601715,0.045261282473802567,0.06869415938854218,0.19185274839401245,0.0015933837665567591,0.07375970656057973
0,0.0,0.0005265004001557827,7.825136320223661e-07,0.0002157688989936554,0.23106932640075684,0.06117621436715126,0.059165116399526596,0.1507226824760437,0.0014403341634213432,0.06286186754882409
0,0.0,0.0005270296242088079,7.825136320223661e-07,0.0002078425841979467,0.25426486134529114,0.017845412716269493,0.04883100464940071,0.14204037189483643,0.0013356759495166805,0.0579992012659407
0,0.0,0.0005270296242088079,7.825136320223661e-07,0.0002078425841979467,0.25426486134529114,0.017845412716269493,0.04883100464940071,0.14204037189483643,0.0013356759495166805,0.0579992012659407
0,0.0,0.000525991024915129,7.825136320223704e-07,0.0002153246625376634,0.24642211198806763,0.03357977792620659,0.06677405536174774,0.15530748665332794,0.0014214803998304053,0.06285328601001715
1,1.0,0.9994729161262512,0.9999992174863047,0.9997864003871173,0.9844276309013367,0.9995207786560059,0.9505371451377869,0.9689883589744568,0.9990889112774854,0.9879172313017464
0,0.0,0.0005270296242088079,7.825136320223661e-07,0.0002078425841979467,0.25426486134529114,0.017845412716269493,0.04883100464940071,0.14204037189483643,0.0013356759495166805,0.0579992012659407
1,1.0,0.9994739890098572,0.9999992174863604,0.9997878997897545,0.9901697039604187,0.9989849925041199,0.998993456363678,0.9754160046577454,0.9991616732282688,0.995344723669858
0,0.0,0.000525991024915129,7.825136320226651e-07,0.0003864084158956572,0.3297906816005707,0.05629097297787666,0.072733074426651,0.2374628484249115,0.001831440406999502,0.08718528625734825
0,0.0,0.000525991024915129,7.825136320223704e-07,0.0002153246625376634,0.24642211198806763,0.03357977792620659,0.06677405536174774,0.15530748665332794,0.0014214803998304053,0.06285328601001715
0,0.0,0.0005270296242088079,7.825136320223661e-07,0.0002078425841979467,0.25426486134529114,0.017845412716269493,0.04883100464940071,0.14204037189483643,0.0013356759495166805,0.0579992012659407
0,0.0,0.0005265004001557827,7.825136320223661e-07,0.0002157688989936554,0.23106932640075684,0.06117621436715126,0.059165116399526596,0.1507226824760437,0.0014403341634213432,0.06286186754882409
0,0.0,0.000525991024915129,7.825136320223704e-07,0.0002153246625376634,0.24642211198806763,0.03357977792620659,0.06677405536174774,0.15530748665332794,0.0014214803998304053,0.06285328601001715
1,1.0,0.9994739890098572,0.9999992174863604,0.9997878997897545,0.9901697039604187,0.9989849925041199,0.998993456363678,0.9754160046577454,0.9991616732282688,0.995344723669858
0,0.0,0.0005267710075713694,7.825136416932759e-07,0.00021318554164929078,0.24689815938472748,0.035124849528074265,0.04436808452010155,0.1287868320941925,0.0013313109373958747,0.05702309402881215
0,0.0,0.000525991024915129,7.825136320223704e-07,0.0002153246625376634,0.24642211198806763,0.03357977792620659,0.06677405536174774,0.15530748665332794,0.0014214803998304053,0.06285328601001715
0,0.0,0.0005270296242088079,7.825136320227763e-07,0.003855618204434336,0.37180060148239136,0.019639674574136734,0.0541633702814579,0.32740890979766846,0.0020029330938899055,0.09729194263203736
0,0.0,0.0005267710075713694,7.825136416932759e-07,0.00021318554164929078,0.24689815938472748,0.035124849528074265,0.04436808452010155,0.1287868320941925,0.0013313109373958747,0.05702309402881215
1,1.0,0.9994723200798035,0.9999992174863047,0.9975211926008601,0.9407233595848083,0.997491717338562,0.5651333928108215,0.9509733319282532,0.9982907182193601,0.9321692371706921
0,0.0,0.000525991024915129,7.825136320223704e-07,0.0002153246625376634,0.24642211198806763,0.03357977792620659,0.06677405536174774,0.15530748665332794,0.0014214803998304053,0.06285328601001715
0,0.0,0.0005268302629701793,7.825136320223675e-07,0.00019901525481817416,0.2330082356929779,0.041713960468769073,0.01687360368669033,0.1528347134590149,0.001318506097187209,0.055728551316279004
0,0.0,0.0005265004001557827,7.825136320223661e-07,0.0002157688989936554,0.23106932640075684,0.06117621436715126,0.059165116399526596,0.1507226824760437,0.0014403341634213432,0.06286186754882409
0,0.0,0.0005268302629701793,7.825136320223675e-07,0.00019901525481817416,0.2330082356929779,0.041713960468769073,0.01687360368669033,0.1528347134590149,0.001318506097187209,0.055728551316279004
0,0.0,0.000525991024915129,7.825136320223704e-07,0.0002153246625376634,0.24642211198806763,0.03357977792620659,0.06677405536174774,0.15530748665332794,0.0014214803998304053,0.06285328601001715
0,0.0,0.0005267710075713694,7.825136416932759e-07,0.00021318554164929078,0.24689815938472748,0.035124849528074265,0.04436808452010155,0.1287868320941925,0.0013313109373958747,0.05702309402881215
0,0.0,0.000525991024915129,7.825136320225956e-07,0.00026875609996030407,0.2833360731601715,0.045261282473802567,0.06869415938854218,0.19185274839401245,0.0015933837665567591,0.07375970656057973
0,0.0,0.0005268302629701793,7.825136320223675e-07,0.00019901525481817416,0.2330082356929779,0.041713960468769073,0.01687360368669033,0.1528347134590149,0.001318506097187209,0.055728551316279004
1,1.0,0.9994729161262512,0.9999992174863047,0.9997864003871173,0.9844276309013367,0.9995207786560059,0.9505371451377869,0.9689883589744568,0.9990889112774854,0.9879172313017464
0,0.0,0.0005268302629701793,7.825136320223675e-07,0.00019901525481817416,0.2330082356929779,0.041713960468769073,0.01687360368669033,0.1528347134590149,0.001318506097187209,0.055728551316279004
0,0.0,0.0005267710075713694,7.825136416932759e-07,0.00021318554164929078,0.24689815938472748,0.035124849528074265,0.04436808452010155,0.1287868320941925,0.0013313109373958747,0.05702309402881215
1,1.0,0.9994739890098572,0.9999992174863604,0.9997878997897545,0.9901697039604187,0.9989849925041199,0.998993456363678,0.9754160046577454,0.9991616732282688,0.995344723669858
0,0.0,0.0005267710075713694,7.825136416932759e-07,0.00021318554164929078,0.24689815938472748,0.035124849528074265,0.04436808452010155,0.1287868320941925,0.0013313109373958747,0.05702309402881215
0,0.0,0.000525991024915129,7.825136320223704e-07,0.0002153246625376634,0.24642211198806763,0.03357977792620659,0.06677405536174774,0.15530748665332794,0.0014214803998304053,0.06285328601001715
0,0.0,0.000525991024915129,7.825136320223704e-07,0.0002153246625376634,0.24642211198806763,0.03357977792620659,0.06677405536174774,0.15530748665332794,0.0014214803998304053,0.06285328601001715
0,0.0,0.0005270296242088079,7.825136320223661e-07,0.0002078425841979467,0.25426486134529114,0.017845412716269493,0.04883100464940071,0.14204037189483643,0.0013356759495166805,0.0579992012659407
0,0.0,0.0005265004001557827,7.825136320223661e-07,0.0002157688989936554,0.23106932640075684,0.06117621436715126,0.059165116399526596,0.1507226824760437,0.0014403341634213432,0.06286186754882409
1,1.0,0.9994729161262512,0.9999992174863047,0.9997864003871173,0.9844276309013367,0.9995207786560059,0.9505371451377869,0.9689883589744568,0.9990889112774854,0.9879172313017464
0,0.0,0.0005267710075713694,7.825136416932759e-07,0.00021318554164929078,0.24689815938472748,0.035124849528074265,0.04436808452010155,0.1287868320941925,0.0013313109373958747,0.05702309402881215
0,0.0,0.0005268302629701793,7.825136320223675e-07,0.00019901525481817416,0.2330082356929779,0.041713960468769073,0.01687360368669033,0.1528347134590149,0.001318506097187209,0.055728551316279004
0,0.0,0.0005268302629701793,7.825136320223675e-07,0.00019901525481817416,0.2330082356929779,0.041713960468769073,0.01687360368669033,0.1528347134590149,0.001318506097187209,0.055728551316279004
0,0.0,0.0005267710075713694,7.825136416932759e-07,0.00021318554164929078,0.24689815938472748,0.035124849528074265,0.04436808452010155,0.1287868320941925,0.0013313109373958747,0.05702309402881215
0,0.0,0.0005268302629701793,7.825136320223675e-07,0.00019901525481817416,0.2330082356929779,0.041713960468769073,0.01687360368669033,0.1528347134590149,0.001318506097187209,0.055728551316279004
0,0.0,0.0005270296242088079,7.825136320223661e-07,0.0002078425841979467,0.25426486134529114,0.017845412716269493,0.04883100464940071,0.14204037189483643,0.0013356759495166805,0.0579992012659407
1,1.0,0.9994723200798035,0.9999992174863047,0.9997916861560011,0.9911751747131348,0.9993465542793274,0.97444087266922,0.9874958992004395,0.9991478249613845,0.9940049869388565
0,0.0,0.0005268302629701793,7.825136320223675e-07,0.00019901525481817416,0.2330082356929779,0.041713960468769073,0.01687360368669033,0.1528347134590149,0.001318506097187209,0.055728551316279004
1,1.0,0.9994729161262512,0.9999992174863047,0.9997864003871173,0.9844276309013367,0.9995207786560059,0.9505371451377869,0.9689883589744568,0.9990889112774854,0.9879172313017464
0,0.0,0.0005267710075713694,7.825136416933286e-07,0.0002712973034534296,0.26246756315231323,0.04629596322774887,0.07728515565395355,0.15635405480861664,0.00150320010436804,0.06788465408420186
0,0.0,0.000525991024915129,7.825136320223704e-07,0.0002153246625376634,0.24642211198806763,0.03357977792620659,0.06677405536174774,0.15530748665332794,0.0014214803998304053,0.06285328601001715
0,0.0,0.0005270296242088079,7.825136320223661e-07,0.0002078425841979467,0.25426486134529114,0.017845412716269493,0.04883100464940071,0.14204037189483643,0.0013356759495166805,0.0579992012659407
0,0.0,0.0005265004001557827,7.825136320223661e-07,0.0002157688989936554,0.23106932640075684,0.06117621436715126,0.059165116399526596,0.1507226824760437,0.0014403341634213432,0.06286186754882409
1,1.0,0.9994729161262512,0.9999992174863047,0.9997864003871173,0.9844276309013367,0.9995207786560059,0.9505371451377869,0.9689883589744568,0.9990889112774854,0.9879172313017464
0,0.0,0.0005267710075713694,7.825136416932759e-07,0.00021318554164929078,0.24689815938472748,0.035124849528074265,0.04436808452010155,0.1287868320941925,0.0013313109373958747,0.05702309402881215
0,0.0,0.0005268302629701793,7.825136320223675e-07,0.00019901525481817416,0.2330082356929779,0.041713960468769073,0.01687360368669033,0.1528347134590149,0.001318506097187209,0.055728551316279004
0,0.0,0.0005270296242088079,7.825136320223661e-07,0.0002078425841979467,0.25426486134529114,0.017845412716269493,0.04883100464940071,0.14204037189483643,0.0013356759495166805,0.0579992012659407
1,1.0,0.9994729161262512,0.9999992174863047,0.9997864003871173,0.9844276309013367,0.9995207786560059,0.9505371451377869,0.9689883589744568,0.9990889112774854,0.9879172313017464
0,0.0,0.0005265004001557827,7.825136320223661e-07,0.0002157688989936554,0.23106932640075684,0.06117621436715126,0.059165116399526596,0.1507226824760437,0.0014403341634213432,0.06286186754882409
0,0.0,0.0005270296242088079,7.825136320223661e-07,0.0002078425841979467,0.25426486134529114,0.017845412716269493,0.04883100464940071,0.14204037189483643,0.0013356759495166805,0.0579992012659407
0,0.0,0.0005265004001557827,7.825136320223661e-07,0.0002157688989936554,0.23106932640075684,0.06117621436715126,0.059165116399526596,0.1507226824760437,0.0014403341634213432,0.06286186754882409
1,1.0,0.9994729161262512,0.9999992174863047,0.9997864003871173,0.9844276309013367,0.9995207786560059,0.9505371451377869,0.9689883589744568,0.9990889112774854,0.9879172313017464
0,0.0,0.0005267710075713694,7.825136416932759e-07,0.00021318554164929078,0.24689815938472748,0.035124849528074265,0.04436808452010155,0.1287868320941925,0.0013313109373958747,0.05702309402881215
0,0.0,0.0005265004001557827,7.825136320223661e-07,0.0002157688989936554,0.23106932640075684,0.06117621436715126,0.059165116399526596,0.1507226824760437,0.0014403341634213432,0.06286186754882409
0,0.0,0.000525991024915129,7.825136320223704e-07,0.0002153246625376634,0.24642211198806763,0.03357977047562599,0.06677405536174774,0.15530748665332794,0.001421480381707247,0.06285328508006569
0,0.0,0.0005268302629701793,7.825136320223675e-07,0.00019901525481817416,0.2330082356929779,0.041713960468769073,0.01687360368669033,0.1528347134590149,0.001318506097187209,0.055728551316279004
0,0.0,0.000525991024915129,7.825136320223704e-07,0.0002153246625376634,0.24642211198806763,0.03357977047562599,0.06677405536174774,0.15530748665332794,0.001421480381707247,0.06285328508006569
0,0.0,0.000525991024915129,7.825136320223704e-07,0.0002153246625376634,0.24642211198806763,0.03357977792620659,0.06677405536174774,0.15530748665332794,0.0014214803998304053,0.06285328601001715
0,0.0,0.0005265004001557827,7.825136320223661e-07,0.0002157688989936554,0.23106932640075684,0.06117621436715126,0.059165116399526596,0.1507226824760437,0.0014403341634213432,0.06286186754882409
1,1.0,0.9994729161262512,0.9999992174863047,0.9997864003871173,0.9844276309013367,0.9995207786560059,0.9505371451377869,0.9689883589744568,0.9990889112774854,0.9879172313017464
0,0.0,0.0005270296242088079,7.825136320223661e-07,0.0002078425841979467,0.25426486134529114,0.017845412716269493,0.04883100464940071,0.14204037189483643,0.0013356759495166805,0.0579992012659407
0,0.0,0.0005265004001557827,7.825136320223661e-07,0.0002157688989936554,0.23106932640075684,0.06117621436715126,0.059165116399526596,0.1507226824760437,0.0014403341634213432,0.06286186754882409
0,0.0,0.0005267710075713694,7.825136416932759e-07,0.00021318554164929078,0.24689815938472748,0.035124849528074265,0.04436808452010155,0.1287868320941925,0.0013313109373958747,0.05702309402881215
0,0.0,0.0005268302629701793,7.825136320223675e-07,0.00019901525481817416,0.2330082356929779,0.041713960468769073,0.01687360368669033,0.1528347134590149,0.001318506097187209,0.055728551316279004
1,1.0,0.9994733929634094,0.9999992174863047,0.9998014674999373,0.9852429628372192,0.9993225336074829,0.999871015548706,0.9864693880081177,0.9991715146135451,0.9962638094982654
0,0.0,0.0005265004001557827,7.825136320223661e-07,0.0002157688989936554,0.23106932640075684,0.06117621436715126,0.059165116399526596,0.1507226824760437,0.0014403341634213432,0.06286186754882409
0,0.0,0.000525991024915129,7.825136320223704e-07,0.0002153246625376634,0.24642211198806763,0.03357977792620659,0.06677405536174774,0.15530748665332794,0.0014214803998304053,0.06285328601001715
0,0.0,0.0005268302629701793,7.825136320223675e-07,0.00019901525481817416,0.2330082356929779,0.041713960468769073,0.01687360368669033,0.1528347134590149,0.001318506097187209,0.055728551316279004
0,0.0,0.0005270296242088079,7.825136320223661e-07,0.0002078425841979467,0.25426486134529114,0.017845412716269493,0.04883100464940071,0.14204037189483643,0.0013356759495166805,0.0579992012659407
0,0.0,0.0005265004001557827,7.825136320223661e-07,0.0002157688989936554,0.23106932640075684,0.06117621436715126,0.059165116399526596,0.1507226824760437,0.0014403341634213432,0.06286186754882409
0,0.0,0.0005268302629701793,7.825136320223675e-07,0.00019901525481817416,0.2330082356929779,0.041713960468769073,0.01687360368669033,0.1528347134590149,0.001318506097187209,0.055728551316279004
0,0.0,0.0005270296242088079,7.825136320223661e-07,0.0002078425841979467,0.25426486134529114,0.017845412716269493,0.04883100464940071,0.14204037189483643,0.0013356759495166805,0.0579992012659407
0,0.0,0.000525991024915129,7.825136320223704e-07,0.0002153246625376634,0.24642211198806763,0.03357977792620659,0.06677404046058655,0.15530748665332794,0.0014214803697305922,0.06285328417441982
1,1.0,0.9994733929634094,0.9999992174863047,0.9943565225487037,0.7192025184631348,0.4412911832332611,0.2027219980955124,0.9652449488639832,0.9907187058189584,0.791728701761009
0,0.0,0.0005270296242088079,7.825136320223661e-07,0.0002078425841979467,0.25426486134529114,0.017845412716269493,0.04883100464940071,0.14204037189483643,0.0013356759495166805,0.0579992012659407
0,0.0,0.0005267710075713694,7.825136416932759e-07,0.00021318554164929078,0.24689815938472748,0.035124849528074265,0.04436808452010155,0.1287868320941925,0.0013313109373958747,0.05702309402881215
1,1.0,0.9994733929634094,0.9999992174863047,0.9998014674999373,0.9852429628372192,0.9993225336074829,0.999871015548706,0.9864693880081177,0.9991715146135451,0.9962638094982654
0,0.0,0.000525991024915129,7.825136320223704e-07,0.0002153246625376634,0.24642211198806763,0.03357977792620659,0.06677405536174774,0.15530748665332794,0.0014214803998304053,0.06285328601001715
1,1.0,0.9994736313819885,0.9999992174863047,0.9997952039270334,0.9884476065635681,0.9998251795768738,0.9900175929069519,0.9805037975311279,0.9991565211478776,0.9947663137395042
0,0.0,0.0005268302629701793,7.825136320223675e-07,0.00019901525481817416,0.2330082356929779,0.041713960468769073,0.01687360368669033,0.1528347134590149,0.001318506097187209,0.055728551316279004
1,1.0,0.9994736313819885,0.9999992174863047,0.9997952039270334,0.9884476065635681,0.9998251795768738,0.9900175929069519,0.9805037975311279,0.9991565211478776,0.9947663137395042
0,0.0,0.0005267710075713694,7.825136416932759e-07,0.00021318554164929078,0.24689815938472748,0.035124849528074265,0.04436808452010155,0.1287868320941925,0.0013313109373958747,0.05702309402881215
0,0.0,0.0005265004001557827,7.825136320223661e-07,0.0002157688989936554,0.23106932640075684,0.06117621436715126,0.059165116399526596,0.1507226824760437,0.0014403341634213432,0.06286186754882409
1,1.0,0.9994723200798035,0.9999992174863047,0.9997916861560011,0.9911751747131348,0.9993465542793274,0.97444087266922,0.9874958992004395,0.9991478249613845,0.9940049869388565
0,0.0,0.0005267710075713694,7.825136416932759e-07,0.00021318554164929078,0.24689815938472748,0.035124849528074265,0.04436808452010155,0.1287868320941925,0.0013313109373958747,0.05702309402881215
0,0.0,0.0005267710075713694,7.825136416932759e-07,0.00021318554164929078,0.24689815938472748,0.035124849528074265,0.04436808452010155,0.1287868320941925,0.0013313109373958747,0.05702309402881215
0,0.0,0.0005268302629701793,7.825136320223675e-07,0.00019901525481817416,0.2330082356929779,0.041713960468769073,0.01687360368669033,0.1528347134590149,0.001318506097187209,0.055728551316279004
1,1.0,0.9994729161262512,0.9999992174863047,0.9997864003871173,0.9844276309013367,0.9995207786560059,0.9505371451377869,0.9689883589744568,0.9990889112774854,0.9879172313017464
0,0.0,0.000525991024915129,7.825136320223704e-07,0.0002153246625376634,0.24642211198806763,0.03357977792620659,0.06677405536174774,0.15530748665332794,0.0014214803998304053,0.06285328601001715
0,0.0,0.0005265004001557827,7.825136320223661e-07,0.0002157688989936554,0.23106932640075684,0.06117621436715126,0.059165116399526596,0.1507226824760437,0.0014403341634213432,0.06286186754882409
0,0.0,0.0005268302629701793,7.825136320223675e-07,0.00019901525481817416,0.2330082356929779,0.041713960468769073,0.01687360368669033,0.1528347134590149,0.001318506097187209,0.055728551316279004
0,0.0,0.0005265004001557827,7.825136320223661e-07,0.0002157688989936554,0.23106932640075684,0.06117621436715126,0.059165116399526596,0.1507226824760437,0.0014403341634213432,0.06286186754882409
0,0.0,0.0005267710075713694,7.825136416934064e-07,0.0003543312934599608,0.2954631447792053,0.05750005319714546,0.09598930180072784,0.1960683912038803,0.0017245021091001657,0.08070861922590497
1,1.0,0.9994733929634094,0.9999992174863047,0.9996583092421284,0.8874461650848389,0.961546003818512,0.9999963045120239,0.8685735464096069,0.9988404448869219,0.9645184556168882
0,0.0,0.0005265004001557827,7.825136320224983e-07,0.00034306343497182115,0.29399335384368896,0.09009140729904175,0.06539028137922287,0.21500004827976227,0.0017894075116928376,0.08319326017132586
0,0.0,0.0005270296242088079,7.825136320223661e-07,0.0002078425841979467,0.25426486134529114,0.017845412716269493,0.04883100464940071,0.14204037189483643,0.0013356759495166805,0.0579992012659407
0,0.0,0.0005268302629701793,7.825136320223675e-07,0.00019901525481817416,0.2330082356929779,0.041713960468769073,0.01687360368669033,0.1528347134590149,0.001318506097187209,0.055728551316279004
0,0.0,0.0005265004001557827,7.825136320223661e-07,0.0002157688989936554,0.23106932640075684,0.06117621436715126,0.059165116399526596,0.1507226824760437,0.0014403341634213432,0.06286186754882409
0,0.0,0.000525991024915129,7.825136320223704e-07,0.0002153246625376634,0.24642211198806763,0.03357977792620659,0.06677405536174774,0.15530748665332794,0.0014214803998304053,0.06285328601001715
0,0.0,0.0005267710075713694,7.825136416932759e-07,0.00021318554164929078,0.24689815938472748,0.035124849528074265,0.04436808452010155,0.1287868320941925,0.0013313109373958747,0.05702309402881215
0,0.0,0.0005265004001557827,7.825136320223661e-07,0.0002157688989936554,0.23106932640075684,0.06117621436715126,0.059165116399526596,0.1507226824760437,0.0014403341634213432,0.06286186754882409
0,0.0,0.0005268302629701793,7.825136320223675e-07,0.00019901525481817416,0.2330082356929779,0.041713960468769073,0.01687360368669033,0.1528347134590149,0.001318506097187209,0.055728551316279004
0,0.0,0.0005270296242088079,7.825136320225039e-07,0.00023530647812990732,0.2798534631729126,0.026064515113830566,0.048301566392183304,0.17793382704257965,0.0014634573887450455,0.06666726973451943
0,0.0,0.0005268302629701793,7.825136320223675e-07,0.00019901525481817416,0.2330082356929779,0.041713960468769073,0.01687360368669033,0.1528347134590149,0.001318506097187209,0.055728551316279004
0,0.0,0.0005270296242088079,7.825136320223661e-07,0.0002078425841979467,0.25426486134529114,0.017845412716269493,0.04883100464940071,0.14204037189483643,0.0013356759495166805,0.0579992012659407
0,0.0,0.000525991024915129,7.825136320223704e-07,0.0002153246625376634,0.24642211198806763,0.03357977792620659,0.06677405536174774,0.15530748665332794,0.0014214803998304053,0.06285328601001715
0,0.0,0.0005265004001557827,7.82513632022476e-07,0.00026560731278086713,0.25252726674079895,0.08219173550605774,0.06114812567830086,0.17925791442394257,0.0015951699646380476,0.07199986690253257
0,0.0,0.0005267710075713694,7.825136416932759e-07,0.00021318554164929078,0.24689815938472748,0.035124849528074265,0.04436808452010155,0.1287868320941925,0.0013313109373958747,0.05702309402881215
0,0.0,0.0005265004001557827,7.825136320225372e-07,0.0005049775944382831,0.32525771856307983,0.08661048859357834,0.06822589784860611,0.22710101306438446,0.0018803311641101,0.08856307720599399
1,1.0,0.9994739890098572,0.9999992174863604,0.9997284589696981,0.9110546708106995,0.9667242169380188,0.9997783303260803,0.8218282461166382,0.9988047343953981,0.9622497333667577
0,0.0,0.000525991024915129,7.825136320223704e-07,0.0002153246625376634,0.24642211198806763,0.03357977792620659,0.06677405536174774,0.15530748665332794,0.0014214803998304053,0.06285328601001715
0,0.0,0.000525991024915129,7.825136320223704e-07,0.0002153246625376634,0.24642211198806763,0.03357977792620659,0.06677405536174774,0.15530748665332794,0.0014214803998304053,0.06285328601001715
0,0.0,0.0005270296242088079,7.825136320223661e-07,0.0002078425841979467,0.25426486134529114,0.017845412716269493,0.04883100464940071,0.14204037189483643,0.0013356759495166805,0.0579992012659407
0,0.0,0.0005267710075713694,7.825136416933286e-07,0.0002712973034534296,0.26246756315231323,0.04629596322774887,0.07728515565395355,0.15635405480861664,0.00150320010436804,0.06788465408420186
0,0.0,0.0005270296242088079,7.825136320223661e-07,0.0002078425841979467,0.25426486134529114,0.017845412716269493,0.04883100464940071,0.14204037189483643,0.0013356759495166805,0.0579992012659407
0,0.0,0.000525991024915129,7.825136320223704e-07,0.0002153246625376634,0.24642211198806763,0.03357977792620659,0.06677405536174774,0.15530748665332794,0.0014214803998304053,0.06285328601001715
0,0.0,0.0005268302629701793,7.825136320223675e-07,0.00019901525481817416,0.2330082356929779,0.041713960468769073,0.01687360368669033,0.1528347134590149,0.001318506097187209,0.055728551316279004
0,0.0,0.0005267710075713694,7.825136416932759e-07,0.00021318554164929078,0.24689815938472748,0.035124849528074265,0.04436808452010155,0.1287868320941925,0.0013313109373958747,0.05702309402881215
1,1.0,0.9994736313819885,0.9999992174863047,0.9969107804351387,0.748388946056366,0.9780266284942627,0.1469656080007553,0.7621120810508728,0.9948613125114862,0.8303838154449704
0,0.0,0.0005265004001557827,7.825136320223661e-07,0.0002157688989936554,0.23106932640075684,0.06117621436715126,0.059165116399526596,0.1507226824760437,0.0014403341634213432,0.06286186754882409
0,0.0,0.0005267710075713694,7.825136416932759e-07,0.00021318554164929078,0.24689815938472748,0.035124849528074265,0.04436808452010155,0.1287868320941925,0.0013313109373958747,0.05702309402881215
0,0.0,0.0005265004001557827,7.825136320223661e-07,0.0002157688989936554,0.23106932640075684,0.06117621436715126,0.059165116399526596,0.1507226824760437,0.0014403341634213432,0.06286186754882409
0,0.0,0.0005270296242088079,7.825136320223661e-07,0.0002078425841979467,0.25426486134529114,0.017845412716269493,0.04883100464940071,0.14204037189483643,0.0013356759495166805,0.0579992012659407
0,0.0,0.0005265004001557827,7.825136320223661e-07,0.0002157688989936554,0.23106932640075684,0.06117621436715126,0.059165116399526596,0.1507226824760437,0.0014403341634213432,0.06286186754882409
0,0.0,0.0005268302629701793,7.825136320223675e-07,0.00019901525481817416,0.2330082356929779,0.041713960468769073,0.01687360368669033,0.1528347134590149,0.001318506097187209,0.055728551316279004
1,1.0,0.9994729161262512,0.9999992174863047,0.9920752962777488,0.9615597724914551,0.969563364982605,0.059282656759023666,0.9775034189224243,0.996495848644624,0.8716229426503375
0,0.0,0.0005270296242088079,7.825136320223661e-07,0.0002078425841979467,0.25426486134529114,0.017845412716269493,0.04883100464940071,0.14204037189483643,0.0013356759495166805,0.0579992012659407
0,0.0,0.0005268302629701793,7.825136320223675e-07,0.00019901525481817416,0.2330082356929779,0.041713960468769073,0.01687360368669033,0.1528347134590149,0.001318506097187209,0.055728551316279004
1,1.0,0.9994723200798035,0.9999992174863047,0.9997916861560011,0.9911751747131348,0.9993465542793274,0.97444087266922,0.9874958992004395,0.9991478249613845,0.9940049869388565
0,0.0,0.0005268302629701793,7.82513632023064e-07,0.008467032382821734,0.3734135925769806,0.09632551670074463,0.18549732863903046,0.39216986298561096,0.00304583249577813,0.13193522506192917
1,1.0,0.9994723200798035,0.9999992174863047,0.9997916861560011,0.9911751747131348,0.9993465542793274,0.97444087266922,0.9874958992004395,0.9991478249613845,0.9940049869388565
0,0.0,0.0005268302629701793,7.825136320223675e-07,0.00019901525481817416,0.2330082356929779,0.041713960468769073,0.01687360368669033,0.1528347134590149,0.001318506097187209,0.055728551316279004
0,0.0,0.0005267710075713694,7.825136416932759e-07,0.00021318554164929078,0.24689815938472748,0.035124849528074265,0.04436808452010155,0.1287868320941925,0.0013313109373958747,0.05702309402881215
0,0.0,0.0005270296242088079,7.825136320225039e-07,0.00023530647812990732,0.2798534631729126,0.026064515113830566,0.048301566392183304,0.17793382704257965,0.0014634573887450455,0.06666726973451943
1,1.0,0.9994723200798035,0.9999992174863047,0.9997916861560011,0.9911751747131348,0.9993465542793274,0.97444087266922,0.9874958992004395,0.9991478249613845,0.9940049869388565
0,0.0,0.0005265004001557827,7.82513632022476e-07,0.00026560731278086713,0.25252726674079895,0.08219173550605774,0.06114814057946205,0.17925791442394257,0.0015951699984098585,0.07199986873812991
0,0.0,0.000525991024915129,7.825136320223704e-07,0.0002153246625376634,0.24642211198806763,0.03357977792620659,0.06677405536174774,0.15530748665332794,0.0014214803998304053,0.06285328601001715
0,0.0,0.0005265004001557827,7.825136320223661e-07,0.0002157688989936554,0.23106932640075684,0.06117621436715126,0.059165116399526596,0.1507226824760437,0.0014403341634213432,0.06286186754882409
0,0.0,0.000525991024915129,7.825136320223704e-07,0.0002153246625376634,0.24642211198806763,0.03357977792620659,0.06677405536174774,0.15530748665332794,0.0014214803998304053,0.06285328601001715
0,0.0,0.0005267710075713694,7.825136416932759e-07,0.00021318554164929078,0.24689815938472748,0.035124849528074265,0.04436808452010155,0.1287868320941925,0.0013313109373958747,0.05702309402881215
0,0.0,0.000525991024915129,7.825136320223704e-07,0.0002153246625376634,0.24642211198806763,0.03357977792620659,0.06677405536174774,0.15530748665332794,0.0014214803998304053,0.06285328601001715
0,0.0,0.0005268302629701793,7.825136320223675e-07,0.00019901525481817416,0.2330082356929779,0.041713960468769073,0.01687360368669033,0.1528347134590149,0.001318506097187209,0.055728551316279004
1,1.0,0.9994729161262512,0.9999992174863047,0.988636803723169,0.9867826700210571,0.9998935461044312,0.29307278990745544,0.9841146469116211,0.9976813734751498,0.9077667421346305
0,0.0,0.0005265004001557827,7.825136320223661e-07,0.0002157688989936554,0.23106932640075684,0.06117621436715126,0.059165116399526596,0.1507226824760437,0.0014403341634213432,0.06286186754882409
0,0.0,0.0005265004001557827,7.825136320223661e-07,0.0002157688989936554,0.23106932640075684,0.06117621436715126,0.059165116399526596,0.1507226824760437,0.0014403341634213432,0.06286186754882409
0,0.0,0.0005270296242088079,7.825136320223661e-07,0.0002078425841979467,0.25426486134529114,0.017845412716269493,0.04883100464940071,0.14204037189483643,0.0013356759495166805,0.0579992012659407
0,0.0,0.0005270296242088079,7.825136320223661e-07,0.0002078425841979467,0.25426486134529114,0.017845412716269493,0.04883100464940071,0.14204037189483643,0.0013356759495166805,0.0579992012659407
0,0.0,0.0005265004001557827,7.825136320223661e-07,0.0002157688989936554,0.23106932640075684,0.06117621436715126,0.059165116399526596,0.1507226824760437,0.0014403341634213432,0.06286186754882409
1,1.0,0.9994733929634094,0.9999992174863047,0.9997176039730915,0.9927707314491272,0.9999163150787354,0.9999953508377075,0.9924675822257996,0.9991859901353143,0.9980377080328444
0,0.0,0.0005270296242088079,7.825136320223661e-07,0.0002078425841979467,0.25426486134529114,0.017845412716269493,0.04883100464940071,0.14204037189483643,0.0013356759495166805,0.0579992012659407
0,0.0,0.000525991024915129,7.825136320223704e-07,0.0002153246625376634,0.24642211198806763,0.03357977792620659,0.06677405536174774,0.15530748665332794,0.0014214803998304053,0.06285328601001715
0,0.0,0.0005270296242088079,7.825136320225039e-07,0.00023530647812990732,0.2798534631729126,0.026064511388540268,0.048301566392183304,0.17793382704257965,0.0014634573794162658,0.0666672692695437
0,0.0,0.0005265004001557827,7.825136320223661e-07,0.0002157688989936554,0.23106932640075684,0.06117621436715126,0.059165116399526596,0.1507226824760437,0.0014403341634213432,0.06286186754882409
0,0.0,0.0005267710075713694,7.825136416932759e-07,0.00021318554164929078,0.24689815938472748,0.035124849528074265,0.04436808452010155,0.1287868320941925,0.0013313109373958747,0.05702309402881215
0,0.0,0.0005267710075713694,7.825136416933286e-07,0.0002712973034534296,0.26246756315231323,0.04629596322774887,0.07728515565395355,0.15635405480861664,0.00150320010436804,0.06788465408420186
0,0.0,0.0005270296242088079,7.825136320223661e-07,0.0002078425841979467,0.25426486134529114,0.017845412716269493,0.04883100464940071,0.14204037189483643,0.0013356759495166805,0.0579992012659407
0,0.0,0.000525991024915129,7.825136320223704e-07,0.0002153246625376634,0.24642211198806763,0.03357977792620659,0.06677405536174774,0.15530748665332794,0.0014214803998304053,0.06285328601001715
0,0.0,0.0005265004001557827,7.825136320223661e-07,0.0002157688989936554,0.23106932640075684,0.06117621436715126,0.059165116399526596,0.1507226824760437,0.0014403341634213432,0.06286186754882409
0,0.0,0.0005268302629701793,7.825136320223675e-07,0.00019901525481817416,0.2330082356929779,0.041713960468769073,0.01687360368669033,0.1528347134590149,0.001318506097187209,0.055728551316279004
0,0.0,0.0005270296242088079,7.825136320223661e-07,0.0002078425841979467,0.25426486134529114,0.017845412716269493,0.04883100464940071,0.14204037189483643,0.0013356759495166805,0.0579992012659407
0,0.0,0.0005265004001557827,7.825136320223661e-07,0.0002157688989936554,0.23106932640075684,0.06117621436715126,0.059165116399526596,0.1507226824760437,0.0014403341634213432,0.06286186754882409
0,0.0001961812840956777,0.0005270296242088079,7.82513632022551e-07,0.0003539642902512132,0.316898912191391,0.02643733099102974,0.050851814448833466,0.23193660378456116,0.0016511523972889816,0.07847610472201383
0,0.0,0.0005265004001557827,7.825136320223661e-07,0.0002157688989936554,0.23106932640075684,0.06117621436715126,0.059165116399526596,0.1507226824760437,0.0014403341634213432,0.06286186754882409
0,0.0,0.0005270296242088079,7.825136320223661e-07,0.0002078425841979467,0.25426486134529114,0.017845412716269493,0.04883100464940071,0.14204037189483643,0.0013356759495166805,0.0579992012659407
0,0.0,0.0005265004001557827,7.825136320223661e-07,0.0002157688989936554,0.23106932640075684,0.06117621436715126,0.059165116399526596,0.1507226824760437,0.0014403341634213432,0.06286186754882409
1,1.0,0.9994729161262512,0.9999992174863047,0.9987438730600285,0.9881567358970642,0.999675989151001,0.9396359324455261,0.9558458924293518,0.999059598915937,0.9852840072265591
1,1.0,0.9994739890098572,0.9999992174863604,0.9997878997897545,0.9901697039604187,0.9989849925041199,0.998993456363678,0.9754160046577454,0.9991616732282688,0.995344723669858
0,0.0,0.0005265004001557827,7.825136320223661e-07,0.0002157688989936554,0.23106932640075684,0.06117621436715126,0.059165116399526596,0.1507226824760437,0.0014403341634213432,0.06286186754882409
0,0.0,0.0005268302629701793,7.825136320223675e-07,0.00019901525481817416,0.2330082356929779,0.041713960468769073,0.01687360368669033,0.1528347134590149,0.001318506097187209,0.055728551316279004
0,0.0,0.0005270296242088079,7.825136320223661e-07,0.0002078425841979467,0.25426486134529114,0.017845412716269493,0.04883100464940071,0.14204037189483643,0.0013356759495166805,0.0579992012659407
0,0.0,0.0005268302629701793,7.825136320223675e-07,0.00019901525481817416,0.2330082356929779,0.041713960468769073,0.01687360368669033,0.1528347134590149,0.001318506097187209,0.055728551316279004
0,0.0,0.0005270296242088079,7.825136320223661e-07,0.0002078425841979467,0.25426486134529114,0.017845412716269493,0.04883100464940071,0.14204037189483643,0.0013356759495166805,0.0579992012659407
0,0.0,0.0005268302629701793,7.825136320223675e-07,0.00019901525481817416,0.2330082356929779,0.041713960468769073,0.01687360368669033,0.1528347134590149,0.001318506097187209,0.055728551316279004
0,0.0,0.0005265004001557827,7.825136320223661e-07,0.0002157688989936554,0.23106932640075684,0.06117621436715126,0.059165116399526596,0.1507226824760437,0.0014403341634213432,0.06286186754882409
0,0.0,0.0005268302629701793,7.825136320223675e-07,0.00019901525481817416,0.2330082356929779,0.041713960468769073,0.01687360368669033,0.1528347134590149,0.001318506097187209,0.055728551316279004
0,0.0,0.0005267710075713694,7.825136416932759e-07,0.00021318554164929078,0.24689815938472748,0.035124849528074265,0.04436808452010155,0.1287868320941925,0.0013313109373958747,0.05702309402881215
1,1.0,0.9994729161262512,0.9999992174863047,0.9953557141031452,0.6669425368309021,0.35664066672325134,0.060192737728357315,0.6381516456604004,0.9783742075177949,0.7162026901519076
0,0.0001961812840956777,0.0005270296242088079,7.82513632022551e-07,0.0003539642902512132,0.316898912191391,0.026437321677803993,0.050851814448833466,0.23193660378456116,0.0016511523709808326,0.0784761035595745
0,0.0,0.0005267710075713694,7.825136416932759e-07,0.00021318554164929078,0.24689815938472748,0.035124849528074265,0.04436808452010155,0.1287868320941925,0.0013313109373958747,0.05702309402881215
0,0.0,0.0005265004001557827,7.825136320223661e-07,0.0002157688989936554,0.23106932640075684,0.06117621436715126,0.059165116399526596,0.1507226824760437,0.0014403341634213432,0.06286186754882409
0,0.0,0.0005268302629701793,7.825136320223675e-07,0.00019901525481817416,0.2330082356929779,0.041713960468769073,0.01687360368669033,0.1528347134590149,0.001318506097187209,0.055728551316279004
0,0.0,0.0005268302629701793,7.82513632023064e-07,0.022836144275208112,0.4371582269668579,0.16041818261146545,0.2077924758195877,0.6256073117256165,0.005361048430833704,0.18171699487577886
0,0.0,0.0005265004001557827,7.825136320223661e-07,0.0002157688989936554,0.23106932640075684,0.06117621436715126,0.059165116399526596,0.1507226824760437,0.0014403341634213432,0.06286186754882409
0,0.0,0.0005268302629701793,7.825136320223675e-07,0.00019901525481817416,0.2330082356929779,0.041713960468769073,0.01687360368669033,0.1528347134590149,0.001318506097187209,0.055728551316279004
0,0.0,0.0005265004001557827,7.825136320223661e-07,0.0002157688989936554,0.23106932640075684,0.06117621436715126,0.059165116399526596,0.1507226824760437,0.0014403341634213432,0.06286186754882409
0,0.0,0.0005265004001557827,7.825136320223661e-07,0.0002157688989936554,0.23106932640075684,0.06117621436715126,0.059165116399526596,0.1507226824760437,0.0014403341634213432,0.06286186754882409
0,0.0,0.0005265004001557827,7.825136320223661e-07,0.0002157688989936554,0.23106932640075684,0.06117621436715126,0.059165116399526596,0.1507226824760437,0.0014403341634213432,0.06286186754882409
0,0.0,0.0005265004001557827,7.825136320223661e-07,0.0002157688989936554,0.23106932640075684,0.06117621436715126,0.059165116399526596,0.1507226824760437,0.0014403341634213432,0.06286186754882409
0,0.0,0.0005265004001557827,7.825136320223661e-07,0.0002157688989936554,0.23106932640075684,0.06117621436715126,0.059165116399526596,0.1507226824760437,0.0014403341634213432,0.06286186754882409
0,0.0,0.0005265004001557827,7.825136320223661e-07,0.0002157688989936554,0.23106932640075684,0.06117621436715126,0.059165116399526596,0.1507226824760437,0.0014403341634213432,0.06286186754882409
1,1.0,0.9994733929634094,0.9999992174863047,0.9998014674999373,0.9852429628372192,0.9993225336074829,0.999871015548706,0.9864693880081177,0.9991715146135451,0.9962638094982654
0,0.0,0.000525991024915129,7.825136320223704e-07,0.0002153246625376634,0.24642211198806763,0.03357977792620659,0.06677405536174774,0.15530748665332794,0.0014214803998304053,0.06285328601001715
0,0.0,0.0005265004001557827,7.825136320223661e-07,0.0002157688989936554,0.23106932640075684,0.06117621436715126,0.059165116399526596,0.1507226824760437,0.0014403341634213432,0.06286186754882409
0,0.0,0.0005270296242088079,7.825136320225039e-07,0.00023530647812990732,0.2798534631729126,0.026064515113830566,0.048301566392183304,0.17793382704257965,0.0014634573887450455,0.06666726973451943
0,0.0,0.0005267710075713694,7.825136416932759e-07,0.00021318554164929078,0.24689815938472748,0.035124849528074265,0.04436808452010155,0.1287868320941925,0.0013313109373958747,0.05702309402881215
0,0.0,0.0005267710075713694,7.825136416932759e-07,0.00021318554164929078,0.24689815938472748,0.035124849528074265,0.04436808452010155,0.1287868320941925,0.0013313109373958747,0.05702309402881215
1,1.0,0.9994736313819885,0.9999992174863047,0.9996411536633151,0.9013952612876892,0.9895763397216797,0.9943095445632935,0.8488097190856934,0.9988721379741826,0.9665868586709614
0,0.0,0.0005267710075713694,7.825136416932759e-07,0.00021318554164929078,0.24689815938472748,0.035124849528074265,0.04436808452010155,0.1287868320941925,0.0013313109373958747,0.05702309402881215
0,0.0,0.0005267710075713694,7.825136416932759e-07,0.00021318554164929078,0.24689815938472748,0.035124849528074265,0.04436808452010155,0.1287868320941925,0.0013313109373958747,0.05702309402881215
0,0.0,0.0005268302629701793,7.825136320223675e-07,0.00019901525481817416,0.2330082356929779,0.041713960468769073,0.01687360368669033,0.1528347134590149,0.001318506097187209,0.055728551316279004
0,0.0,0.0005265004001557827,7.825136320223661e-07,0.0002157688989936554,0.23106932640075684,0.06117621436715126,0.059165116399526596,0.1507226824760437,0.0014403341634213432,0.06286186754882409
1,1.0,0.9994739890098572,0.9999992174863604,0.9970686778522471,0.9874671101570129,0.9999032020568848,0.9998749494552612,0.9684614539146423,0.9991484022738315,0.9940170766926449
0,0.0,0.0005265004001557827,7.825136320223661e-07,0.0002157688989936554,0.23106932640075684,0.06117621436715126,0.059165116399526596,0.1507226824760437,0.0014403341634213432,0.06286186754882409
0,0.0,0.000525991024915129,7.825136320223704e-07,0.0002153246625376634,0.24642211198806763,0.03357977792620659,0.06677405536174774,0.15530748665332794,0.0014214803998304053,0.06285328601001715
0,0.0,0.0005268302629701793,7.825136320223675e-07,0.00019901525481817416,0.2330082356929779,0.041713960468769073,0.01687360368669033,0.1528347134590149,0.001318506097187209,0.055728551316279004
0,0.0,0.000525991024915129,7.825136320223704e-07,0.0002153246625376634,0.24642211198806763,0.03357977792620659,0.06677405536174774,0.15530748665332794,0.0014214803998304053,0.06285328601001715
1,1.0,0.9994723200798035,0.9999992174863047,0.9997916861560011,0.9911751747131348,0.9993465542793274,0.97444087266922,0.9874958992004395,0.9991478249613845,0.9940049869388565
0,0.0,0.0005265004001557827,7.825136320223661e-07,0.0002157688989936554,0.23106932640075684,0.06117621436715126,0.059165116399526596,0.1507226824760437,0.0014403341634213432,0.06286186754882409
0,0.0,0.0005268302629701793,7.825136320223675e-07,0.00019901525481817416,0.2330082356929779,0.041713960468769073,0.01687360368669033,0.1528347134590149,0.001318506097187209,0.055728551316279004
0,0.0,0.0005268302629701793,7.825136320223675e-07,0.00019901525481817416,0.2330082356929779,0.041713960468769073,0.01687360368669033,0.1528347134590149,0.001318506097187209,0.055728551316279004
0,0.0,0.0005270296242088079,7.825136320223661e-07,0.0002078425841979467,0.25426486134529114,0.017845412716269493,0.04883100464940071,0.14204037189483643,0.0013356759495166805,0.0579992012659407
0,0.0,0.0005268302629701793,7.825136320223675e-07,0.00019901525481817416,0.2330082356929779,0.041713960468769073,0.01687360368669033,0.1528347134590149,0.001318506097187209,0.055728551316279004
0,0.0,0.0005265004001557827,7.825136320223661e-07,0.0002157688989936554,0.23106932640075684,0.06117621436715126,0.059165116399526596,0.1507226824760437,0.0014403341634213432,0.06286186754882409
1,1.0,0.9994729161262512,0.9999992174863047,0.9997864003871173,0.9844276309013367,0.9995207786560059,0.9505371451377869,0.9689883589744568,0.9990889112774854,0.9879172313017464
0,0.0,0.0005268302629701793,7.825136320223675e-07,0.00019901525481817416,0.2330082356929779,0.041713960468769073,0.01687360368669033,0.1528347134590149,0.001318506097187209,0.055728551316279004
0,0.0,0.0005268302629701793,7.825136320223675e-07,0.00019901525481817416,0.2330082356929779,0.041713960468769073,0.01687360368669033,0.1528347134590149,0.001318506097187209,0.055728551316279004
0,0.0,0.0005265004001557827,7.825136320223661e-07,0.0002157688989936554,0.23106932640075684,0.06117621436715126,0.059165116399526596,0.1507226824760437,0.0014403341634213432,0.06286186754882409
0,0.0,0.0005267710075713694,7.825136416932759e-07,0.00021318554164929078,0.24689815938472748,0.035124849528074265,0.04436808452010155,0.1287868320941925,0.0013313109373958747,0.05702309402881215
0,0.0,0.0005268302629701793,7.825136320223675e-07,0.00019901525481817416,0.2330082356929779,0.041713960468769073,0.01687360368669033,0.1528347134590149,0.001318506097187209,0.055728551316279004
0,0.0,0.0005270296242088079,7.825136320223661e-07,0.0002078425841979467,0.25426486134529114,0.017845412716269493,0.04883100464940071,0.14204037189483643,0.0013356759495166805,0.0579992012659407
0,0.0,0.0005265004001557827,7.825136320223661e-07,0.0002157688989936554,0.23106932640075684,0.06117621436715126,0.059165116399526596,0.1507226824760437,0.0014403341634213432,0.06286186754882409
1,1.0,0.9994736313819885,0.9999992174863047,0.9996411536633151,0.9013952612876892,0.9895763397216797,0.9943095445632935,0.8488097190856934,0.9988721379741826,0.9665868586709614
0,0.0,0.0005270296242088079,7.825136320223661e-07,0.0002078425841979467,0.25426486134529114,0.017845412716269493,0.04883100464940071,0.14204037189483643,0.0013356759495166805,0.0579992012659407
0,0.0,0.0005267710075713694,7.825136416933286e-07,0.0002712973034534296,0.26246756315231323,0.04629596322774887,0.07728515565395355,0.15635405480861664,0.00150320010436804,0.06788465408420186
0,0.0,0.0005268302629701793,7.825136320226582e-07,0.0003344746883477876,0.33396798372268677,0.08477061986923218,0.13970574736595154,0.2728208899497986,0.002231120295506704,0.10393679838203662
0,0.0,0.0005268302629701793,7.825136320223675e-07,0.00019901525481817416,0.2330082356929779,0.041713960468769073,0.01687360368669033,0.1528347134590149,0.001318506097187209,0.055728551316279004
0,0.0,0.0005268302629701793,7.825136320223675e-07,0.00019901525481817416,0.2330082356929779,0.041713960468769073,0.01687360368669033,0.1528347134590149,0.001318506097187209,0.055728551316279004
1,1.0,0.9994736313819885,0.9999992174863047,0.9996411536633151,0.9013952612876892,0.9895763397216797,0.9943095445632935,0.8488097190856934,0.9988721379741826,0.9665868586709614
0,0.0,0.0005265004001557827,7.825136320223661e-07,0.0002157688989936554,0.23106932640075684,0.06117621436715126,0.059165116399526596,0.1507226824760437,0.0014403341634213432,0.06286186754882409
0,0.0,0.000525991024915129,7.825136320223704e-07,0.0002153246625376634,0.24642211198806763,0.03357977792620659,0.06677405536174774,0.15530748665332794,0.0014214803998304053,0.06285328601001715
0,0.0,0.0005267710075713694,7.825136416932759e-07,0.00021318554164929078,0.24689815938472748,0.035124849528074265,0.04436808452010155,0.1287868320941925,0.0013313109373958747,0.05702309402881215
0,0.0,0.0005267710075713694,7.825136416933286e-07,0.0002712973034534296,0.26246756315231323,0.04629596322774887,0.07728515565395355,0.15635405480861664,0.00150320010436804,0.06788465408420186
0,0.0,0.0005265004001557827,7.825136320223661e-07,0.0002157688989936554,0.23106932640075684,0.06117621436715126,0.059165116399526596,0.1507226824760437,0.0014403341634213432,0.06286186754882409
0,0.0,0.0005265004001557827,7.825136320223661e-07,0.0002157688989936554,0.23106932640075684,0.06117621436715126,0.059165116399526596,0.1507226824760437,0.0014403341634213432,0.06286186754882409
0,0.0,0.0005268302629701793,7.825136320223675e-07,0.00019901525481817416,0.2330082356929779,0.041713960468769073,0.01687360368669033,0.1528347134590149,0.001318506097187209,0.055728551316279004
0,0.0,0.0005267710075713694,7.825136416932759e-07,0.00021318554164929078,0.24689815938472748,0.035124849528074265,0.04436808452010155,0.1287868320941925,0.0013313109373958747,0.05702309402881215
0,0.0,0.0005268302629701793,7.825136320223675e-07,0.00019901525481817416,0.2330082356929779,0.041713960468769073,0.01687360368669033,0.1528347134590149,0.001318506097187209,0.055728551316279004
0,0.0,0.0005270296242088079,7.825136320223661e-07,0.0002078425841979467,0.25426486134529114,0.017845412716269493,0.04883100464940071,0.14204037189483643,0.0013356759495166805,0.0579992012659407
1,1.0,0.9994736313819885,0.9999992174863047,0.9997952039270334,0.9884476065635681,0.9998251795768738,0.9900175929069519,0.9805037975311279,0.9991565211478776,0.9947663137395042
0,0.0,0.0005265004001557827,7.825136320223661e-07,0.0002157688989936554,0.23106932640075684,0.06117621436715126,0.059165116399526596,0.1507226824760437,0.0014403341634213432,0.06286186754882409
1,1.0,0.9994739890098572,0.9999992174863604,0.9997878997897545,0.9901697039604187,0.9989849925041199,0.998993456363678,0.9754160046577454,0.9991616732282688,0.995344723669858
0,0.0,0.0005268302629701793,7.825136320223675e-07,0.00019901525481817416,0.2330082356929779,0.041713960468769073,0.01687360368669033,0.1528347134590149,0.001318506097187209,0.055728551316279004
0,0.0,0.0005267710075713694,7.825136416932759e-07,0.00021318554164929078,0.24689815938472748,0.035124849528074265,0.04436808452010155,0.1287868320941925,0.0013313109373958747,0.05702309402881215
0,0.0,0.0005265004001557827,7.825136320223661e-07,0.0002157688989936554,0.23106932640075684,0.06117621436715126,0.059165116399526596,0.1507226824760437,0.0014403341634213432,0.06286186754882409
0,0.0,0.0005270296242088079,7.825136320225039e-07,0.00023530647812990732,0.2798534631729126,0.026064515113830566,0.048301566392183304,0.17793382704257965,0.0014634573887450455,0.06666726973451943
0,0.0,0.0005270296242088079,7.825136320223661e-07,0.0002078425841979467,0.25426486134529114,0.017845412716269493,0.04883100464940071,0.14204037189483643,0.0013356759495166805,0.0579992012659407
0,0.0,0.000525991024915129,7.825136320223704e-07,0.0002153246625376634,0.24642211198806763,0.03357977792620659,0.06677405536174774,0.15530748665332794,0.0014214803998304053,0.06285328601001715
0,0.0,0.0005270296242088079,7.825136320223661e-07,0.0002078425841979467,0.25426486134529114,0.017845412716269493,0.04883100464940071,0.14204037189483643,0.0013356759495166805,0.0579992012659407
0,0.0,0.0005265004001557827,7.825136320223661e-07,0.0002157688989936554,0.23106932640075684,0.06117621436715126,0.059165116399526596,0.1507226824760437,0.0014403341634213432,0.06286186754882409
0,0.0,0.0005270296242088079,7.825136320223661e-07,0.0002078425841979467,0.25426486134529114,0.017845412716269493,0.04883100464940071,0.14204037189483643,0.0013356759495166805,0.0579992012659407
0,0.0,0.000525991024915129,7.825136320223704e-07,0.0002153246625376634,0.24642211198806763,0.03357977792620659,0.06677405536174774,0.15530748665332794,0.0014214803998304053,0.06285328601001715
0,0.0,0.000525991024915129,7.825136320223704e-07,0.0002153246625376634,0.24642211198806763,0.03357977792620659,0.06677405536174774,0.15530748665332794,0.0014214803998304053,0.06285328601001715
0,0.0,0.0005270296242088079,7.825136320223661e-07,0.0002078425841979467,0.25426486134529114,0.017845412716269493,0.04883100464940071,0.14204037189483643,0.0013356759495166805,0.0579992012659407
0,0.0,0.0005267710075713694,7.825136416933286e-07,0.0002712973034534296,0.26246756315231323,0.04629596322774887,0.07728515565395355,0.15635405480861664,0.00150320010436804,0.06788465408420186
0,0.0,0.0005268302629701793,7.825136320223675e-07,0.00019901525481817416,0.2330082356929779,0.041713960468769073,0.01687360368669033,0.1528347134590149,0.001318506097187209,0.055728551316279004
1,1.0,0.9994723200798035,0.9999992174863047,0.9997916861560011,0.9911751747131348,0.9993465542793274,0.97444087266922,0.9874958992004395,0.9991478249613845,0.9940049869388565
0,0.0,0.0005267710075713694,7.825136416932759e-07,0.00021318554164929078,0.24689815938472748,0.035124849528074265,0.04436808452010155,0.1287868320941925,0.0013313109373958747,0.05702309402881215
0,0.0,0.000525991024915129,7.825136320223704e-07,0.0002153246625376634,0.24642211198806763,0.03357977792620659,0.06677405536174774,0.15530748665332794,0.0014214803998304053,0.06285328601001715
0,0.0,0.0005267710075713694,7.825136416932759e-07,0.00021318554164929078,0.24689815938472748,0.035124849528074265,0.04436808452010155,0.1287868320941925,0.0013313109373958747,0.05702309402881215
0,0.0,0.000525991024915129,7.825136320223704e-07,0.0002153246625376634,0.24642211198806763,0.03357977792620659,0.06677405536174774,0.15530748665332794,0.0014214803998304053,0.06285328601001715
1,1.0,0.9994736313819885,0.9999992174863047,0.9997337633543573,0.9947050213813782,0.9999799728393555,0.9941549897193909,0.9891952276229858,0.9991773288000098,0.9971607553673136
0,0.0,0.0005270296242088079,7.825136320223661e-07,0.0002078425841979467,0.25426486134529114,0.017845412716269493,0.04883100464940071,0.14204037189483643,0.0013356759495166805,0.0579992012659407
1,1.0,0.9994736313819885,0.9999992174863047,0.9997952039270334,0.9884476065635681,0.9998251795768738,0.9900175929069519,0.9805037975311279,0.9991565211478776,0.9947663137395042
0,0.0,0.0005268302629701793,7.825136320223675e-07,0.00019901525481817416,0.2330082356929779,0.041713960468769073,0.01687360368669033,0.1528347134590149,0.001318506097187209,0.055728551316279004
0,0.0,0.0005270296242088079,7.825136320223661e-07,0.0002078425841979467,0.25426486134529114,0.017845412716269493,0.04883100464940071,0.14204037189483643,0.0013356759495166805,0.0579992012659407
0,0.0,0.0005270296242088079,7.825136320223661e-07,0.0002078425841979467,0.25426486134529114,0.017845412716269493,0.04883100464940071,0.14204037189483643,0.0013356759495166805,0.0579992012659407
0,0.0,0.000525991024915129,7.825136320223704e-07,0.0002153246625376634,0.24642211198806763,0.03357977792620659,0.06677405536174774,0.15530748665332794,0.0014214803998304053,0.06285328601001715
1,1.0,0.9994729161262512,0.9999992174863047,0.9997864003871173,0.9844276309013367,0.9995207786560059,0.9505371451377869,0.9689883589744568,0.9990889112774854,0.9879172313017464
0,0.0,0.0005267710075713694,7.825136416932759e-07,0.00021318554164929078,0.24689815938472748,0.035124849528074265,0.04436808452010155,0.1287868320941925,0.0013313109373958747,0.05702309402881215
0,0.0,0.000525991024915129,7.825136320225956e-07,0.00026875609996030407,0.2833360731601715,0.045261282473802567,0.06869415938854218,0.19185274839401245,0.0015933837665567591,0.07375970656057973
0,0.0,0.0005268302629701793,7.825136320223675e-07,0.00019901525481817416,0.2330082356929779,0.041713960468769073,0.01687360368669033,0.1528347134590149,0.001318506097187209,0.055728551316279004
0,0.0,0.0005268302629701793,7.825136320223675e-07,0.00019901525481817416,0.2330082356929779,0.041713960468769073,0.01687360368669033,0.1528347134590149,0.001318506097187209,0.055728551316279004
0,0.0,0.000525991024915129,7.825136320223704e-07,0.0002153246625376634,0.24642211198806763,0.03357977792620659,0.06677405536174774,0.15530748665332794,0.0014214803998304053,0.06285328601001715
0,0.0,0.000525991024915129,7.825136320223704e-07,0.0002153246625376634,0.24642211198806763,0.03357977792620659,0.06677405536174774,0.15530748665332794,0.0014214803998304053,0.06285328601001715
0,0.0,0.0005268302629701793,7.825136320223675e-07,0.00019901525481817416,0.2330082356929779,0.041713960468769073,0.01687360368669033,0.1528347134590149,0.001318506097187209,0.055728551316279004
0,0.0,0.0005270296242088079,7.825136320223661e-07,0.0002078425841979467,0.25426486134529114,0.017845412716269493,0.04883100464940071,0.14204037189483643,0.0013356759495166805,0.0579992012659407
1,1.0,0.9994736313819885,0.9999992174863047,0.9951896563616145,0.9371591210365295,0.9997321963310242,0.06292615830898285,0.9782738089561462,0.996625623189096,0.8732658923816073
0,0.0,0.0005268302629701793,7.825136320223675e-07,0.00019901525481817416,0.2330082356929779,0.041713960468769073,0.01687360368669033,0.1528347134590149,0.001318506097187209,0.055728551316279004
0,0.0,0.0005270296242088079,7.825136320223661e-07,0.0002078425841979467,0.25426486134529114,0.017845412716269493,0.04883100464940071,0.14204037189483643,0.0013356759495166805,0.0579992012659407
0,0.0,0.0005267710075713694,7.825136416932759e-07,0.00021318554164929078,0.24689815938472748,0.035124849528074265,0.04436808452010155,0.1287868320941925,0.0013313109373958747,0.05702309402881215
1,1.0,0.9994736313819885,0.9999992174863047,0.9997952039270334,0.9884476065635681,0.9998251795768738,0.9900175929069519,0.9805037975311279,0.9991565211478776,0.9947663137395042
0,0.0,0.0005270296242088079,7.825136320223661e-07,0.0002078425841979467,0.25426486134529114,0.017845412716269493,0.04883100464940071,0.14204037189483643,0.0013356759495166805,0.0579992012659407
0,0.0,0.0005267710075713694,7.825136416932759e-07,0.00021318554164929078,0.24689815938472748,0.035124849528074265,0.04436808452010155,0.1287868320941925,0.0013313109373958747,0.05702309402881215
0,0.0,0.0005270296242088079,7.825136320223661e-07,0.0002078425841979467,0.25426486134529114,0.017845412716269493,0.04883100464940071,0.14204037189483643,0.0013356759495166805,0.0579992012659407
0,0.0,0.0005265004001557827,7.825136320223661e-07,0.0002157688989936554,0.23106932640075684,0.06117621436715126,0.059165116399526596,0.1507226824760437,0.0014403341634213432,0.06286186754882409
0,0.0,0.0005267710075713694,7.825136416932759e-07,0.00021318554164929078,0.24689815938472748,0.035124849528074265,0.04436808452010155,0.1287868320941925,0.0013313109373958747,0.05702309402881215
0,0.0,0.0005268302629701793,7.825136320223675e-07,0.00019901525481817416,0.2330082356929779,0.041713960468769073,0.01687360368669033,0.1528347134590149,0.001318506097187209,0.055728551316279004
0,0.0,0.0005265004001557827,7.825136320223661e-07,0.0002157688989936554,0.23106932640075684,0.06117621436715126,0.059165116399526596,0.1507226824760437,0.0014403341634213432,0.06286186754882409
0,0.0,0.0005265004001557827,7.825136320224983e-07,0.00034306343497182115,0.29399335384368896,0.09009140729904175,0.06539028137922287,0.21500004827976227,0.0017894075116928376,0.08319326017132586
0,0.0,0.0005270296242088079,7.825136320223661e-07,0.0002078425841979467,0.25426486134529114,0.017845412716269493,0.04883100464940071,0.14204037189483643,0.0013356759495166805,0.0579992012659407
1,1.0,0.9994736313819885,0.9999992174863047,0.9817042737967414,0.9999995231628418,1.0,0.0506591834127903,1.0,0.9967996556236485,0.8806961791299557
0,0.0,0.0005268302629701793,7.825136320223675e-07,0.00019901525481817416,0.2330082356929779,0.041713960468769073,0.01687360368669033,0.1528347134590149,0.001318506097187209,0.055728551316279004
0,0.0,0.0005270296242088079,7.825136320223661e-07,0.0002078425841979467,0.25426486134529114,0.017845412716269493,0.04883100464940071,0.14204037189483643,0.0013356759495166805,0.0579992012659407
0,0.0,0.0005270296242088079,7.825136320223661e-07,0.0002078425841979467,0.25426486134529114,0.017845412716269493,0.04883100464940071,0.14204037189483643,0.0013356759495166805,0.0579992012659407
0,0.0,0.0005268302629701793,7.825136320223675e-07,0.00019901525481817416,0.2330082356929779,0.041713960468769073,0.01687360368669033,0.1528347134590149,0.001318506097187209,0.055728551316279004
0,0.0,0.0005267710075713694,7.825136416932759e-07,0.00021318554164929078,0.24689815938472748,0.035124849528074265,0.04436808452010155,0.1287868320941925,0.0013313109373958747,0.05702309402881215
0,0.0,0.0005267710075713694,7.825136416933286e-07,0.0002712973034534296,0.26246756315231323,0.04629596322774887,0.07728515565395355,0.15635405480861664,0.00150320010436804,0.06788465408420186
0,0.0,0.0005270296242088079,7.825136320223661e-07,0.0002078425841979467,0.25426486134529114,0.017845412716269493,0.04883100464940071,0.14204037189483643,0.0013356759495166805,0.0579992012659407
0,0.0,0.0005267710075713694,7.825136416933286e-07,0.0002712973034534296,0.26246756315231323,0.04629596322774887,0.07728515565395355,0.15635405480861664,0.00150320010436804,0.06788465408420186
0,0.0,0.0005268302629701793,7.825136320223675e-07,0.00019901525481817416,0.2330082356929779,0.041713960468769073,0.01687360368669033,0.1528347134590149,0.001318506097187209,0.055728551316279004
0,0.0,0.0005270296242088079,7.825136320223661e-07,0.0002078425841979467,0.25426486134529114,0.017845412716269493,0.04883100464940071,0.14204037189483643,0.0013356759495166805,0.0579992012659407
0,0.0,0.0005265004001557827,7.825136320223661e-07,0.0002157688989936554,0.23106932640075684,0.06117621436715126,0.059165116399526596,0.1507226824760437,0.0014403341634213432,0.06286186754882409
0,0.0,0.0005270296242088079,7.825136320225039e-07,0.00023530647812990732,0.2798534631729126,0.026064515113830566,0.048301566392183304,0.17793382704257965,0.0014634573887450455,0.06666726973451943
0,0.0,0.0005270296242088079,7.825136320223661e-07,0.0002078425841979467,0.25426486134529114,0.017845412716269493,0.04883100464940071,0.14204037189483643,0.0013356759495166805,0.0579992012659407
0,0.0,0.0005268302629701793,7.825136320223675e-07,0.00019901525481817416,0.2330082356929779,0.041713960468769073,0.01687360368669033,0.1528347134590149,0.001318506097187209,0.055728551316279004
0,0.0,0.000525991024915129,7.825136320223704e-07,0.0002153246625376634,0.24642211198806763,0.03357977792620659,0.06677405536174774,0.15530748665332794,0.0014214803998304053,0.06285328601001715
0,0.0,0.0005270296242088079,7.825136320223661e-07,0.0002078425841979467,0.25426486134529114,0.017845412716269493,0.04883100464940071,0.14204037189483643,0.0013356759495166805,0.0579992012659407
0,0.0,0.0005268302629701793,7.825136320223675e-07,0.00019901525481817416,0.2330082356929779,0.041713960468769073,0.01687360368669033,0.1528347134590149,0.001318506097187209,0.055728551316279004
0,0.0,0.0005270296242088079,7.825136320223661e-07,0.0002078425841979467,0.25426486134529114,0.017845412716269493,0.04883100464940071,0.14204037189483643,0.0013356759495166805,0.0579992012659407
0,0.0,0.000525991024915129,7.825136320223704e-07,0.0002153246625376634,0.24642211198806763,0.03357977792620659,0.06677405536174774,0.15530748665332794,0.0014214803998304053,0.06285328601001715
0,0.0,0.0005268302629701793,7.825136320223675e-07,0.00019901525481817416,0.2330082356929779,0.041713960468769073,0.01687360368669033,0.1528347134590149,0.001318506097187209,0.055728551316279004
0,0.0,0.0005268302629701793,7.825136320223675e-07,0.00019901525481817416,0.2330082356929779,0.041713960468769073,0.01687360368669033,0.1528347134590149,0.001318506097187209,0.055728551316279004
0,0.0,0.0005265004001557827,7.825136320223661e-07,0.0002157688989936554,0.23106932640075684,0.06117621436715126,0.059165116399526596,0.1507226824760437,0.0014403341634213432,0.06286186754882409
1,1.0,0.9994733929634094,0.9999992174863047,0.9990949466686223,0.7474513649940491,0.8396344184875488,0.9999997615814209,0.7328999042510986,0.9979859901653242,0.9146877173205719
0,0.0,0.0005267710075713694,7.825136416932759e-07,0.00021318554164929078,0.24689815938472748,0.035124849528074265,0.04436808452010155,0.1287868320941925,0.0013313109373958747,0.05702309402881215
0,0.0,0.0005267710075713694,7.825136416932759e-07,0.00021318554164929078,0.24689815938472748,0.035124849528074265,0.04436808452010155,0.1287868320941925,0.0013313109373958747,0.05702309402881215
0,0.0,0.0005265004001557827,7.82513632022476e-07,0.00026560731278086713,0.25252726674079895,0.08219173550605774,0.06114814057946205,0.17925791442394257,0.0015951699984098585,0.07199986873812991
0,0.0,0.0005268302629701793,7.825136320223675e-07,0.00019901525481817416,0.2330082356929779,0.041713960468769073,0.01687360368669033,0.1528347134590149,0.001318506097187209,0.055728551316279004
0,0.0,0.000525991024915129,7.825136320223704e-07,0.0002153246625376634,0.24642211198806763,0.03357977792620659,0.06677405536174774,0.15530748665332794,0.0014214803998304053,0.06285328601001715
0,0.0,0.0005265004001557827,7.825136320223661e-07,0.0002157688989936554,0.23106932640075684,0.06117621436715126,0.059165116399526596,0.1507226824760437,0.0014403341634213432,0.06286186754882409
0,0.0,0.0005270296242088079,7.825136320223661e-07,0.0002078425841979467,0.25426486134529114,0.017845412716269493,0.04883100464940071,0.14204037189483643,0.0013356759495166805,0.0579992012659407
1,1.0,0.9994733929634094,0.9999992174863047,0.9998014674999373,0.9852429628372192,0.9993225336074829,0.999871015548706,0.9864693880081177,0.9991715146135451,0.9962638094982654
0,0.0,0.0005268302629701793,7.825136320223675e-07,0.00019901525481817416,0.2330082356929779,0.041713960468769073,0.01687360368669033,0.1528347134590149,0.001318506097187209,0.055728551316279004
0,0.0,0.0005270296242088079,7.825136320223661e-07,0.0002078425841979467,0.25426486134529114,0.017845412716269493,0.04883100464940071,0.14204037189483643,0.0013356759495166805,0.0579992012659407
1,1.0,0.9994733929634094,0.9999992174863047,0.9998014674999373,0.9852429628372192,0.9993225336074829,0.999871015548706,0.9864693880081177,0.9991715146135451,0.9962638094982654
0,0.0,0.000525991024915129,7.825136320225956e-07,0.00026875609996030407,0.2833360731601715,0.045261282473802567,0.06869415938854218,0.19185274839401245,0.0015933837665567591,0.07375970656057973
0,0.0,0.0005265004001557827,7.825136320223661e-07,0.0002157688989936554,0.23106932640075684,0.06117621436715126,0.059165116399526596,0.1507226824760437,0.0014403341634213432,0.06286186754882409
0,0.0,0.0005267710075713694,7.825136416934064e-07,0.0003543312934599608,0.2954631447792053,0.05750005319714546,0.09598930180072784,0.1960683912038803,0.0017245021091001657,0.08070861922590497
0,0.0,0.0005268302629701793,7.825136320223675e-07,0.00019901525481817416,0.2330082356929779,0.041713960468769073,0.01687360368669033,0.1528347134590149,0.001318506097187209,0.055728551316279004
0,0.0001961812840956777,0.0005270296242088079,7.82513632022551e-07,0.0003539642902512132,0.316898912191391,0.026437321677803993,0.050851814448833466,0.23193660378456116,0.0016511523709808326,0.0784761035595745
0,0.0,0.0005270296242088079,7.825136320223661e-07,0.0002078425841979467,0.25426486134529114,0.017845412716269493,0.04883100464940071,0.14204037189483643,0.0013356759495166805,0.0579992012659407
0,0.0,0.0005270296242088079,7.825136320223661e-07,0.0002078425841979467,0.25426486134529114,0.017845412716269493,0.04883100464940071,0.14204037189483643,0.0013356759495166805,0.0579992012659407
0,0.0,0.0005268302629701793,7.825136320223675e-07,0.00019901525481817416,0.2330082356929779,0.041713960468769073,0.01687360368669033,0.1528347134590149,0.001318506097187209,0.055728551316279004
1,1.0,0.9994736313819885,0.9999992174863047,0.9996411536633151,0.9013952612876892,0.9895763397216797,0.9943095445632935,0.8488097190856934,0.9988721379741826,0.9665868586709614
0,0.0,0.0005267710075713694,7.825136416934399e-07,0.0005111388030542087,0.31177571415901184,0.06597816199064255,0.10675448924303055,0.2137177437543869,0.001854292750682908,0.08736829860629847
0,0.0,0.0005267710075713694,7.825136416932759e-07,0.00021318554164929078,0.24689815938472748,0.035124849528074265,0.04436808452010155,0.1287868320941925,0.0013313109373958747,0.05702309402881215
0,0.0,0.0005268302629701793,7.825136320223675e-07,0.00019901525481817416,0.2330082356929779,0.041713960468769073,0.01687360368669033,0.1528347134590149,0.001318506097187209,0.055728551316279004
0,0.0,0.000525991024915129,7.825136320223704e-07,0.0002153246625376634,0.24642211198806763,0.03357977792620659,0.06677405536174774,0.15530748665332794,0.0014214803998304053,0.06285328601001715
0,0.0,0.0005265004001557827,7.825136320223661e-07,0.0002157688989936554,0.23106932640075684,0.06117621436715126,0.059165116399526596,0.1507226824760437,0.0014403341634213432,0.06286186754882409
0,0.0,0.000525991024915129,7.825136320223704e-07,0.0002153246625376634,0.24642211198806763,0.03357977792620659,0.06677405536174774,0.15530748665332794,0.0014214803998304053,0.06285328601001715
0,0.0,0.0005267710075713694,7.825136416932759e-07,0.00021318554164929078,0.24689815938472748,0.035124849528074265,0.04436808452010155,0.1287868320941925,0.0013313109373958747,0.05702309402881215
0,0.0,0.000525991024915129,7.825136320225956e-07,0.00026875609996030407,0.2833360731601715,0.045261282473802567,0.06869415938854218,0.19185274839401245,0.0015933837665567591,0.07375970656057973
0,0.0,0.0005265004001557827,7.825136320223661e-07,0.0002157688989936554,0.23106932640075684,0.06117621436715126,0.059165116399526596,0.1507226824760437,0.0014403341634213432,0.06286186754882409
0,0.0,0.0005268302629701793,7.825136320223675e-07,0.00019901525481817416,0.2330082356929779,0.041713960468769073,0.01687360368669033,0.1528347134590149,0.001318506097187209,0.055728551316279004
0,0.0,0.0005268302629701793,7.825136320223675e-07,0.00019901525481817416,0.2330082356929779,0.041713960468769073,0.01687360368669033,0.1528347134590149,0.001318506097187209,0.055728551316279004
0,0.0,0.0005268302629701793,7.825136320223675e-07,0.00019901525481817416,0.2330082356929779,0.041713960468769073,0.01687360368669033,0.1528347134590149,0.001318506097187209,0.055728551316279004
0,0.0,0.0005270296242088079,7.825136320223661e-07,0.0002078425841979467,0.25426486134529114,0.017845412716269493,0.04883100464940071,0.14204037189483643,0.0013356759495166805,0.0579992012659407
0,0.0,0.0005267710075713694,7.825136416932759e-07,0.00021318554164929078,0.24689815938472748,0.035124849528074265,0.04436808452010155,0.1287868320941925,0.0013313109373958747,0.05702309402881215
0,0.0,0.000525991024915129,7.825136320223704e-07,0.0002153246625376634,0.24642211198806763,0.03357977792620659,0.06677405536174774,0.15530748665332794,0.0014214803998304053,0.06285328601001715
1,1.0,0.9994736313819885,0.9999992174863047,0.9988470329179543,0.9982524514198303,0.9999984502792358,0.995274543762207,0.9951061010360718,0.9991869963566063,0.9983749688075438
0,0.0,0.0005265004001557827,7.825136320223661e-07,0.0002157688989936554,0.23106932640075684,0.06117621436715126,0.059165116399526596,0.1507226824760437,0.0014403341634213432,0.06286186754882409
0,0.0,0.0005265004001557827,7.825136320223661e-07,0.0002157688989936554,0.23106932640075684,0.06117621436715126,0.059165116399526596,0.1507226824760437,0.0014403341634213432,0.06286186754882409
0,0.0,0.0005265004001557827,7.825136320223661e-07,0.0002157688989936554,0.23106932640075684,0.06117621436715126,0.059165116399526596,0.1507226824760437,0.0014403341634213432,0.06286186754882409
0,0.0,0.0005270296242088079,7.825136320223661e-07,0.0002078425841979467,0.25426486134529114,0.017845412716269493,0.04883100464940071,0.14204037189483643,0.0013356759495166805,0.0579992012659407
0,0.0,0.000525991024915129,7.825136320223704e-07,0.0002153246625376634,0.24642211198806763,0.03357977792620659,0.06677405536174774,0.15530748665332794,0.0014214803998304053,0.06285328601001715
0,0.0,0.0005268302629701793,7.825136320223675e-07,0.00019901525481817416,0.2330082356929779,0.041713960468769073,0.01687360368669033,0.1528347134590149,0.001318506097187209,0.055728551316279004
0,0.0,0.000525991024915129,7.825136320223704e-07,0.0002153246625376634,0.24642211198806763,0.03357977792620659,0.06677405536174774,0.15530748665332794,0.0014214803998304053,0.06285328601001715
0,0.0,0.0005267710075713694,7.825136416932759e-07,0.00021318554164929078,0.24689815938472748,0.035124849528074265,0.04436808452010155,0.1287868320941925,0.0013313109373958747,0.05702309402881215
0,0.0,0.000525991024915129,7.825136320223704e-07,0.0002153246625376634,0.24642211198806763,0.03357977792620659,0.06677405536174774,0.15530748665332794,0.0014214803998304053,0.06285328601001715
0,0.0,0.000525991024915129,7.825136320223704e-07,0.0002153246625376634,0.24642211198806763,0.03357977792620659,0.06677405536174774,0.15530748665332794,0.0014214803998304053,0.06285328601001715
0,0.0,0.0005265004001557827,7.825136320223661e-07,0.0002157688989936554,0.23106932640075684,0.06117621436715126,0.059165116399526596,0.1507226824760437,0.0014403341634213432,0.06286186754882409
0,0.0,0.000525991024915129,7.825136320226651e-07,0.0003864084158956572,0.3297906816005707,0.05629097297787666,0.072733074426651,0.2374628484249115,0.001831440406999502,0.08718528625734825
0,0.0,0.0005265004001557827,7.825136320223661e-07,0.0002157688989936554,0.23106932640075684,0.06117621436715126,0.059165116399526596,0.1507226824760437,0.0014403341634213432,0.06286186754882409
0,0.0,0.000525991024915129,7.825136320225956e-07,0.00026875609996030407,0.2833360731601715,0.045261282473802567,0.06869415938854218,0.19185274839401245,0.0015933837665567591,0.07375970656057973
0,0.0,0.0005268302629701793,7.825136320223675e-07,0.00019901525481817416,0.2330082356929779,0.041713960468769073,0.01687360368669033,0.1528347134590149,0.001318506097187209,0.055728551316279004
0,0.0,0.000525991024915129,7.825136320223704e-07,0.0002153246625376634,0.24642211198806763,0.03357977792620659,0.06677405536174774,0.15530748665332794,0.0014214803998304053,0.06285328601001715
0,0.0,0.0005270296242088079,7.825136320223661e-07,0.0002078425841979467,0.25426486134529114,0.017845412716269493,0.04883100464940071,0.14204037189483643,0.0013356759495166805,0.0579992012659407
0,0.0,0.0005265004001557827,7.825136320223661e-07,0.0002157688989936554,0.23106932640075684,0.06117621436715126,0.059165116399526596,0.1507226824760437,0.0014403341634213432,0.06286186754882409
1,1.0,0.9994723200798035,0.9999992174863047,0.9997916861560011,0.9911751747131348,0.9993465542793274,0.97444087266922,0.9874958992004395,0.9991478249613845,0.9940049869388565
0,0.0,0.000525991024915129,7.825136320223704e-07,0.0002153246625376634,0.24642211198806763,0.03357977047562599,0.06677405536174774,0.15530748665332794,0.001421480381707247,0.06285328508006569
0,0.0,0.0005265004001557827,7.825136320223661e-07,0.0002157688989936554,0.23106932640075684,0.06117621436715126,0.059165116399526596,0.1507226824760437,0.0014403341634213432,0.06286186754882409
0,0.0,0.0005268302629701793,7.825136320223675e-07,0.00019901525481817416,0.2330082356929779,0.041713960468769073,0.01687360368669033,0.1528347134590149,0.001318506097187209,0.055728551316279004
0,0.0,0.0005267710075713694,7.825136416932759e-07,0.00021318554164929078,0.24689815938472748,0.035124849528074265,0.04436808452010155,0.1287868320941925,0.0013313109373958747,0.05702309402881215
1,1.0,0.9994736313819885,0.9999992174863047,0.9996411536633151,0.9013952612876892,0.9895763397216797,0.9943095445632935,0.8488097190856934,0.9988721379741826,0.9665868586709614
0,0.0,0.0005268302629701793,7.825136320223675e-07,0.00019901525481817416,0.2330082356929779,0.041713960468769073,0.01687360368669033,0.1528347134590149,0.001318506097187209,0.055728551316279004
0,0.0,0.0005270296242088079,7.825136320223661e-07,0.0002078425841979467,0.25426486134529114,0.017845412716269493,0.04883100464940071,0.14204037189483643,0.0013356759495166805,0.0579992012659407
0,0.0,0.0005268302629701793,7.825136320225469e-07,0.00022355173764407449,0.2657730281352997,0.056640129536390305,0.07193876802921295,0.19607828557491302,0.0016103052213910952,0.07390209507321707
0,0.0,0.0005270296242088079,7.825136320223661e-07,0.0002078425841979467,0.25426486134529114,0.017845412716269493,0.04883100464940071,0.14204037189483643,0.0013356759495166805,0.0579992012659407
0,0.0,0.0005268302629701793,7.825136320223675e-07,0.00019901525481817416,0.2330082356929779,0.041713960468769073,0.01687360368669033,0.1528347134590149,0.001318506097187209,0.055728551316279004
0,0.0,0.0005270296242088079,7.825136320225039e-07,0.00023530647812990732,0.2798534631729126,0.026064515113830566,0.048301566392183304,0.17793382704257965,0.0014634573887450455,0.06666726973451943
0,0.0,0.000525991024915129,7.825136320223704e-07,0.0002153246625376634,0.24642211198806763,0.03357977792620659,0.06677405536174774,0.15530748665332794,0.0014214803998304053,0.06285328601001715
0,0.0,0.0005268302629701793,7.825136320225469e-07,0.00022355173764407449,0.2657730281352997,0.056640129536390305,0.07193876802921295,0.19607828557491302,0.0016103052213910952,0.07390209507321707
1,1.0,0.9994739890098572,0.9999992174863604,0.9997878997897545,0.9901697039604187,0.9989849925041199,0.998993456363678,0.9754160046577454,0.9991616732282688,0.995344723669858
0,0.0,0.0005270296242088079,7.825136320223661e-07,0.0002078425841979467,0.25426486134529114,0.017845412716269493,0.04883100464940071,0.14204037189483643,0.0013356759495166805,0.0579992012659407
0,0.0,0.0005268302629701793,7.825136320223675e-07,0.00019901525481817416,0.2330082356929779,0.041713960468769073,0.01687360368669033,0.1528347134590149,0.001318506097187209,0.055728551316279004
0,0.0,0.0005267710075713694,7.825136416932759e-07,0.00021318554164929078,0.24689815938472748,0.035124849528074265,0.04436808452010155,0.1287868320941925,0.0013313109373958747,0.05702309402881215
0,0.0,0.0005270296242088079,7.825136320223661e-07,0.0002078425841979467,0.25426486134529114,0.017845412716269493,0.04883100464940071,0.14204037189483643,0.0013356759495166805,0.0579992012659407
0,0.0,0.000525991024915129,7.825136320226651e-07,0.0003864084158956572,0.3297906816005707,0.05629097297787666,0.072733074426651,0.2374628484249115,0.001831440406999502,0.08718528625734825
0,0.0,0.0005270296242088079,7.825136320223661e-07,0.0002078425841979467,0.25426486134529114,0.017845412716269493,0.04883100464940071,0.14204037189483643,0.0013356759495166805,0.0579992012659407
0,0.0,0.000525991024915129,7.825136320225956e-07,0.00026875609996030407,0.2833360731601715,0.045261282473802567,0.06869415938854218,0.19185274839401245,0.0015933837665567591,0.07375970656057973
0,0.0,0.0005268302629701793,7.825136320223675e-07,0.00019901525481817416,0.2330082356929779,0.041713960468769073,0.01687360368669033,0.1528347134590149,0.001318506097187209,0.055728551316279004
0,0.0,0.0005267710075713694,7.825136416932759e-07,0.00021318554164929078,0.24689815938472748,0.035124849528074265,0.04436808452010155,0.1287868320941925,0.0013313109373958747,0.05702309402881215
0,0.0,0.0005265004001557827,7.82513632022476e-07,0.00026560731278086713,0.25252726674079895,0.08219173550605774,0.06114814057946205,0.17925791442394257,0.0015951699984098585,0.07199986873812991
0,0.0,0.0005270296242088079,7.825136320225039e-07,0.00023530647812990732,0.2798534631729126,0.026064515113830566,0.048301566392183304,0.17793382704257965,0.0014634573887450455,0.06666726973451943
0,0.0,0.0005268302629701793,7.825136320223675e-07,0.00019901525481817416,0.2330082356929779,0.041713960468769073,0.01687360368669033,0.1528347134590149,0.001318506097187209,0.055728551316279004
1,1.0,0.9994729161262512,0.9999992174863047,0.9997864003871173,0.9844276309013367,0.9995207786560059,0.9505371451377869,0.9689883589744568,0.9990889112774854,0.9879172313017464
0,0.0,0.0005270296242088079,7.825136320223661e-07,0.0002078425841979467,0.25426486134529114,0.017845412716269493,0.04883100464940071,0.14204037189483643,0.0013356759495166805,0.0579992012659407
1,1.0,0.9994729161262512,0.9999992174863047,0.9927829719674885,0.8681196570396423,0.8292871713638306,0.061562176793813705,0.8939618468284607,0.994489851462793,0.8323059256700955
0,0.0,0.0005268302629701793,7.825136320223675e-07,0.00019901525481817416,0.2330082356929779,0.041713960468769073,0.01687360368669033,0.1528347134590149,0.001318506097187209,0.055728551316279004
1,1.0,0.9994733929634094,0.9999992174863047,0.9996583092421284,0.8874461650848389,0.961546003818512,0.9999963045120239,0.8685735464096069,0.9988404448869219,0.9645184556168882
0,0.0,0.0005270296242088079,7.825136320223661e-07,0.0002078425841979467,0.25426486134529114,0.017845412716269493,0.04883100464940071,0.14204037189483643,0.0013356759495166805,0.0579992012659407
0,0.0,0.000525991024915129,7.825136320223704e-07,0.0002153246625376634,0.24642211198806763,0.03357977792620659,0.06677405536174774,0.15530748665332794,0.0014214803998304053,0.06285328601001715
0,0.0,0.0005267710075713694,7.825136416932759e-07,0.00021318554164929078,0.24689815938472748,0.035124849528074265,0.04436808452010155,0.1287868320941925,0.0013313109373958747,0.05702309402881215
0,0.0,0.000525991024915129,7.825136320223704e-07,0.0002153246625376634,0.24642211198806763,0.03357977792620659,0.06677405536174774,0.15530748665332794,0.0014214803998304053,0.06285328601001715
0,0.0,0.0005265004001557827,7.825136320223661e-07,0.0002157688989936554,0.23106932640075684,0.06117621436715126,0.059165116399526596,0.1507226824760437,0.0014403341634213432,0.06286186754882409
0,0.0,0.0005265004001557827,7.825136320223661e-07,0.0002157688989936554,0.23106932640075684,0.06117621436715126,0.059165116399526596,0.1507226824760437,0.0014403341634213432,0.06286186754882409
0,0.0,0.0005267710075713694,7.825136416932759e-07,0.00021318554164929078,0.24689815938472748,0.035124849528074265,0.04436808452010155,0.1287868320941925,0.0013313109373958747,0.05702309402881215
0,0.0,0.0005268302629701793,7.825136320223675e-07,0.00019901525481817416,0.2330082356929779,0.041713960468769073,0.01687360368669033,0.1528347134590149,0.001318506097187209,0.055728551316279004
1,1.0,0.9994736313819885,0.9999992174863047,0.9997952039270334,0.9884476065635681,0.9998251795768738,0.9900175929069519,0.9805037975311279,0.9991565211478776,0.9947663137395042
0,0.0,0.0005268302629701793,7.825136320225469e-07,0.00022355173764407449,0.2657730281352997,0.056640129536390305,0.07193876802921295,0.19607828557491302,0.0016103052213910952,0.07390209507321707
0,0.0,0.0005265004001557827,7.825136320223661e-07,0.0002157688989936554,0.23106932640075684,0.06117621436715126,0.059165116399526596,0.1507226824760437,0.0014403341634213432,0.06286186754882409
0,0.0,0.0005268302629701793,7.825136320223675e-07,0.00019901525481817416,0.2330082356929779,0.041713960468769073,0.01687360368669033,0.1528347134590149,0.001318506097187209,0.055728551316279004
1,1.0,0.9994733929634094,0.9999992174863047,0.9998014674999373,0.9852429628372192,0.9993225336074829,0.999871015548706,0.9864693880081177,0.9991715146135451,0.9962638094982654
1,1.0,0.9994736313819885,0.9999992174863047,0.9997952039270334,0.9884476065635681,0.9998251795768738,0.9900175929069519,0.9805037975311279,0.9991565211478776,0.9947663137395042
0,0.0,0.0005267710075713694,7.825136416933286e-07,0.0002712973034534296,0.26246756315231323,0.04629596322774887,0.07728515565395355,0.15635405480861664,0.00150320010436804,0.06788465408420186
0,0.0,0.0005267710075713694,7.825136416932759e-07,0.00021318554164929078,0.24689815938472748,0.035124849528074265,0.04436808452010155,0.1287868320941925,0.0013313109373958747,0.05702309402881215
0,0.0,0.0005268302629701793,7.825136320225469e-07,0.00022355173764407449,0.2657730281352997,0.056640129536390305,0.07193876802921295,0.19607828557491302,0.0016103052213910952,0.07390209507321707
0,0.0,0.0005270296242088079,7.825136320225039e-07,0.00023530647812990732,0.2798534631729126,0.026064515113830566,0.048301566392183304,0.17793382704257965,0.0014634573887450455,0.06666726973451943
0,0.0,0.0005267710075713694,7.825136416932759e-07,0.00021318554164929078,0.24689815938472748,0.035124849528074265,0.04436808452010155,0.1287868320941925,0.0013313109373958747,0.05702309402881215
0,0.0,0.0005267710075713694,7.825136416932759e-07,0.00021318554164929078,0.24689815938472748,0.035124849528074265,0.04436808452010155,0.1287868320941925,0.0013313109373958747,0.05702309402881215
0,0.0,0.0005268302629701793,7.825136320223675e-07,0.00019901525481817416,0.2330082356929779,0.041713960468769073,0.01687360368669033,0.1528347134590149,0.001318506097187209,0.055728551316279004
0,0.0,0.000525991024915129,7.825136320223704e-07,0.0002153246625376634,0.24642211198806763,0.03357977792620659,0.06677405536174774,0.15530748665332794,0.0014214803998304053,0.06285328601001715
0,0.0,0.000525991024915129,7.825136320223704e-07,0.0002153246625376634,0.24642211198806763,0.03357977792620659,0.06677405536174774,0.15530748665332794,0.0014214803998304053,0.06285328601001715
0,0.0,0.0005270296242088079,7.825136320223661e-07,0.0002078425841979467,0.25426486134529114,0.017845412716269493,0.04883100464940071,0.14204037189483643,0.0013356759495166805,0.0579992012659407
0,0.0,0.0005270296242088079,7.825136320223661e-07,0.0002078425841979467,0.25426486134529114,0.017845412716269493,0.04883100464940071,0.14204037189483643,0.0013356759495166805,0.0579992012659407
0,0.0,0.0005267710075713694,7.825136416932759e-07,0.00021318554164929078,0.24689815938472748,0.035124849528074265,0.04436808452010155,0.1287868320941925,0.0013313109373958747,0.05702309402881215
0,0.0,0.0005267710075713694,7.825136416933286e-07,0.0002712973034534296,0.26246756315231323,0.04629596322774887,0.07728515565395355,0.15635405480861664,0.00150320010436804,0.06788465408420186
0,0.0,0.000525991024915129,7.825136320223704e-07,0.0002153246625376634,0.24642211198806763,0.03357977792620659,0.06677405536174774,0.15530748665332794,0.0014214803998304053,0.06285328601001715
1,1.0,0.9994739890098572,0.9999992174863604,0.9997878997897545,0.9901697039604187,0.9989849925041199,0.998993456363678,0.9754160046577454,0.9991616732282688,0.995344723669858
0,0.0,0.0005265004001557827,7.825136320223661e-07,0.0002157688989936554,0.23106932640075684,0.06117621436715126,0.059165116399526596,0.1507226824760437,0.0014403341634213432,0.06286186754882409
0,0.0,0.0005270296242088079,7.825136320230293e-07,0.028419833436494693,0.5847300291061401,0.07886911183595657,0.05696534365415573,0.8933869004249573,0.006493167159346626,0.20570241918929016
0,0.0,0.0005270296242088079,7.825136320223661e-07,0.0002078425841979467,0.25426486134529114,0.017845412716269493,0.04883100464940071,0.14204037189483643,0.0013356759495166805,0.0579992012659407
0,0.0,0.000525991024915129,7.825136320223704e-07,0.0002153246625376634,0.24642211198806763,0.03357977792620659,0.06677405536174774,0.15530748665332794,0.0014214803998304053,0.06285328601001715
0,0.0,0.000525991024915129,7.825136320223704e-07,0.0002153246625376634,0.24642211198806763,0.03357977792620659,0.06677405536174774,0.15530748665332794,0.0014214803998304053,0.06285328601001715
0,0.0,0.000525991024915129,7.825136320223704e-07,0.0002153246625376634,0.24642211198806763,0.03357977792620659,0.06677405536174774,0.15530748665332794,0.0014214803998304053,0.06285328601001715
1,1.0,0.9994729161262512,0.9999992174863047,0.9997864003871173,0.9844276309013367,0.9995207786560059,0.9505371451377869,0.9689883589744568,0.9990889112774854,0.9879172313017464
0,0.0001961812840956777,0.0005270296242088079,7.82513632022551e-07,0.0003539642902512132,0.316898912191391,0.026437321677803993,0.050851814448833466,0.23193660378456116,0.0016511523709808326,0.0784761035595745
0,0.0,0.0005267710075713694,7.825136416932759e-07,0.00021318554164929078,0.24689815938472748,0.035124849528074265,0.04436808452010155,0.1287868320941925,0.0013313109373958747,0.05702309402881215
0,0.0,0.0005265004001557827,7.825136320223661e-07,0.0002157688989936554,0.23106932640075684,0.06117621436715126,0.059165116399526596,0.1507226824760437,0.0014403341634213432,0.06286186754882409
0,0.0,0.0005268302629701793,7.825136320223675e-07,0.00019901525481817416,0.2330082356929779,0.041713960468769073,0.01687360368669033,0.1528347134590149,0.001318506097187209,0.055728551316279004
0,0.0,0.0005267710075713694,7.825136416933286e-07,0.0002712973034534296,0.26246756315231323,0.04629596322774887,0.07728515565395355,0.15635405480861664,0.00150320010436804,0.06788465408420186
0,0.0,0.0005268302629701793,7.825136320223675e-07,0.00019901525481817416,0.2330082356929779,0.041713960468769073,0.01687360368669033,0.1528347134590149,0.001318506097187209,0.055728551316279004
0,0.0,0.000525991024915129,7.825136320223704e-07,0.0002153246625376634,0.24642211198806763,0.03357977792620659,0.06677405536174774,0.15530748665332794,0.0014214803998304053,0.06285328601001715
0,0.0,0.0005265004001557827,7.825136320223661e-07,0.0002157688989936554,0.23106932640075684,0.06117621436715126,0.059165116399526596,0.1507226824760437,0.0014403341634213432,0.06286186754882409
0,0.0,0.0005270296242088079,7.825136320223661e-07,0.0002078425841979467,0.25426486134529114,0.017845412716269493,0.04883100464940071,0.14204037189483643,0.0013356759495166805,0.0579992012659407
0,0.0,0.0005270296242088079,7.825136320223661e-07,0.0002078425841979467,0.25426486134529114,0.017845412716269493,0.04883100464940071,0.14204037189483643,0.0013356759495166805,0.0579992012659407
0,0.0,0.0005268302629701793,7.825136320223675e-07,0.00019901525481817416,0.2330082356929779,0.041713960468769073,0.01687360368669033,0.1528347134590149,0.001318506097187209,0.055728551316279004
0,0.0,0.0005268302629701793,7.825136320223675e-07,0.00019901525481817416,0.2330082356929779,0.041713960468769073,0.01687360368669033,0.1528347134590149,0.001318506097187209,0.055728551316279004
0,0.0,0.0005267710075713694,7.825136416932759e-07,0.00021318554164929078,0.24689815938472748,0.035124849528074265,0.04436808452010155,0.1287868320941925,0.0013313109373958747,0.05702309402881215
1,1.0,0.9994723200798035,0.9999992174863047,0.9997916861560011,0.9911751747131348,0.9993465542793274,0.97444087266922,0.9874958992004395,0.9991478249613845,0.9940049869388565
0,0.0,0.0005268302629701793,7.825136320223675e-07,0.00019901525481817416,0.2330082356929779,0.041713960468769073,0.01687360368669033,0.1528347134590149,0.001318506097187209,0.055728551316279004
0,0.0,0.0005270296242088079,7.825136320223661e-07,0.0002078425841979467,0.25426486134529114,0.017845412716269493,0.04883100464940071,0.14204037189483643,0.0013356759495166805,0.0579992012659407
0,0.0,0.0005268302629701793,7.825136320223675e-07,0.00019901525481817416,0.2330082356929779,0.041713960468769073,0.01687360368669033,0.1528347134590149,0.001318506097187209,0.055728551316279004
0,0.0,0.000525991024915129,7.825136320223704e-07,0.0002153246625376634,0.24642211198806763,0.03357977792620659,0.06677405536174774,0.15530748665332794,0.0014214803998304053,0.06285328601001715
0,0.0,0.000525991024915129,7.825136320223704e-07,0.0002153246625376634,0.24642211198806763,0.03357977792620659,0.06677405536174774,0.15530748665332794,0.0014214803998304053,0.06285328601001715
0,0.0,0.0005265004001557827,7.825136320223661e-07,0.0002157688989936554,0.23106932640075684,0.06117621436715126,0.059165116399526596,0.1507226824760437,0.0014403341634213432,0.06286186754882409
0,0.0,0.000525991024915129,7.825136320223704e-07,0.0002153246625376634,0.24642211198806763,0.03357977792620659,0.06677405536174774,0.15530748665332794,0.0014214803998304053,0.06285328601001715
0,0.0,0.0005267710075713694,7.825136416932759e-07,0.00021318554164929078,0.24689815938472748,0.035124849528074265,0.04436808452010155,0.1287868320941925,0.0013313109373958747,0.05702309402881215
0,0.0,0.0005265004001557827,7.825136320223661e-07,0.0002157688989936554,0.23106932640075684,0.06117621436715126,0.059165116399526596,0.1507226824760437,0.0014403341634213432,0.06286186754882409
0,0.0,0.0005270296242088079,7.825136320223661e-07,0.0002078425841979467,0.25426486134529114,0.017845412716269493,0.04883100464940071,0.14204037189483643,0.0013356759495166805,0.0579992012659407
0,0.0,0.0005270296242088079,7.825136320223661e-07,0.0002078425841979467,0.25426486134529114,0.017845412716269493,0.04883100464940071,0.14204037189483643,0.0013356759495166805,0.0579992012659407
0,0.0,0.0005265004001557827,7.82513632022476e-07,0.00026560731278086713,0.25252726674079895,0.08219173550605774,0.06114814057946205,0.17925791442394257,0.0015951699984098585,0.07199986873812991
0,0.0,0.0005270296242088079,7.825136320223661e-07,0.0002078425841979467,0.25426486134529114,0.017845412716269493,0.04883100464940071,0.14204037189483643,0.0013356759495166805,0.0579992012659407
0,0.0,0.0005267710075713694,7.825136416932759e-07,0.00021318554164929078,0.24689815938472748,0.035124849528074265,0.04436808452010155,0.1287868320941925,0.0013313109373958747,0.05702309402881215
0,0.0,0.0005265004001557827,7.825136320223661e-07,0.0002157688989936554,0.23106932640075684,0.06117621436715126,0.059165116399526596,0.1507226824760437,0.0014403341634213432,0.06286186754882409
0,0.0,0.0005270296242088079,7.825136320225039e-07,0.00023530647812990732,0.2798534631729126,0.026064515113830566,0.048301566392183304,0.17793382704257965,0.0014634573887450455,0.06666726973451943
0,0.0,0.0005267710075713694,7.825136416932759e-07,0.00021318554164929078,0.24689815938472748,0.035124849528074265,0.04436808452010155,0.1287868320941925,0.0013313109373958747,0.05702309402881215
0,0.0,0.000525991024915129,7.825136320223704e-07,0.0002153246625376634,0.24642211198806763,0.03357977792620659,0.06677405536174774,0.15530748665332794,0.0014214803998304053,0.06285328601001715
0,0.0,0.0005267710075713694,7.825136416933286e-07,0.0002712973034534296,0.26246756315231323,0.04629596322774887,0.07728515565395355,0.15635405480861664,0.00150320010436804,0.06788465408420186
0,0.0,0.0005270296242088079,7.825136320223661e-07,0.0002078425841979467,0.25426486134529114,0.017845412716269493,0.04883100464940071,0.14204037189483643,0.0013356759495166805,0.0579992012659407
0,0.0,0.0005268302629701793,7.825136320223675e-07,0.00019901525481817416,0.2330082356929779,0.041713960468769073,0.01687360368669033,0.1528347134590149,0.001318506097187209,0.055728551316279004
0,0.0,0.0005267710075713694,7.825136416932759e-07,0.00021318554164929078,0.24689815938472748,0.035124849528074265,0.04436808452010155,0.1287868320941925,0.0013313109373958747,0.05702309402881215
0,0.0,0.000525991024915129,7.825136320223704e-07,0.0002153246625376634,0.24642211198806763,0.03357977792620659,0.06677405536174774,0.15530748665332794,0.0014214803998304053,0.06285328601001715
0,0.0,0.0005265004001557827,7.825136320223661e-07,0.0002157688989936554,0.23106932640075684,0.06117621436715126,0.059165116399526596,0.1507226824760437,0.0014403341634213432,0.06286186754882409
0,0.0,0.0005268302629701793,7.825136320225469e-07,0.00022355173764407449,0.2657730281352997,0.056640129536390305,0.07193876802921295,0.19607828557491302,0.0016103052213910952,0.07390209507321707
0,0.0,0.000525991024915129,7.825136320223704e-07,0.0002153246625376634,0.24642211198806763,0.03357977792620659,0.06677405536174774,0.15530748665332794,0.0014214803998304053,0.06285328601001715
0,0.0,0.000525991024915129,7.825136320223704e-07,0.0002153246625376634,0.24642211198806763,0.03357977792620659,0.06677405536174774,0.15530748665332794,0.0014214803998304053,0.06285328601001715
0,0.0,0.0005270296242088079,7.825136320223661e-07,0.0002078425841979467,0.25426486134529114,0.017845412716269493,0.04883100464940071,0.14204037189483643,0.0013356759495166805,0.0579992012659407
0,0.0,0.0005267710075713694,7.825136416933286e-07,0.0002712973034534296,0.26246756315231323,0.04629596322774887,0.07728515565395355,0.15635405480861664,0.00150320010436804,0.06788465408420186
1,1.0,0.9994736313819885,0.9999992174863047,0.9899903774174261,0.9987733960151672,1.0,0.05162985250353813,0.9999285936355591,0.9968562513165355,0.8816917429724421
0,0.0,0.0005267710075713694,7.825136416932759e-07,0.00021318554164929078,0.24689815938472748,0.035124849528074265,0.04436808452010155,0.1287868320941925,0.0013313109373958747,0.05702309402881215
0,0.0,0.000525991024915129,7.825136320223704e-07,0.0002153246625376634,0.24642211198806763,0.03357977792620659,0.06677405536174774,0.15530748665332794,0.0014214803998304053,0.06285328601001715
0,0.0,0.0005268302629701793,7.825136320223675e-07,0.00019901525481817416,0.2330082356929779,0.041713960468769073,0.01687360368669033,0.1528347134590149,0.001318506097187209,0.055728551316279004
0,0.0,0.0005270296242088079,7.825136320223661e-07,0.0002078425841979467,0.25426486134529114,0.017845412716269493,0.04883100464940071,0.14204037189483643,0.0013356759495166805,0.0579992012659407
0,0.0,0.000525991024915129,7.825136320223704e-07,0.0002153246625376634,0.24642211198806763,0.03357977792620659,0.06677405536174774,0.15530748665332794,0.0014214803998304053,0.06285328601001715
0,0.0,0.0005265004001557827,7.825136320223661e-07,0.0002157688989936554,0.23106932640075684,0.06117621436715126,0.059165116399526596,0.1507226824760437,0.0014403341634213432,0.06286186754882409
0,0.0,0.0005265004001557827,7.825136320223661e-07,0.0002157688989936554,0.23106932640075684,0.06117621436715126,0.059165116399526596,0.1507226824760437,0.0014403341634213432,0.06286186754882409
0,0.0,0.0005268302629701793,7.825136320223675e-07,0.00019901525481817416,0.2330082356929779,0.041713960468769073,0.01687360368669033,0.1528347134590149,0.001318506097187209,0.055728551316279004
0,0.0,0.0005267710075713694,7.825136416932759e-07,0.00021318554164929078,0.24689815938472748,0.035124849528074265,0.04436808452010155,0.1287868320941925,0.0013313109373958747,0.05702309402881215
0,0.0,0.0005270296242088079,7.825136320223661e-07,0.0002078425841979467,0.25426486134529114,0.017845412716269493,0.04883100464940071,0.14204037189483643,0.0013356759495166805,0.0579992012659407
0,0.0,0.000525991024915129,7.825136320223704e-07,0.0002153246625376634,0.24642211198806763,0.03357977792620659,0.06677405536174774,0.15530748665332794,0.0014214803998304053,0.06285328601001715
0,0.0,0.0005268302629701793,7.825136320223675e-07,0.00019901525481817416,0.2330082356929779,0.041713960468769073,0.01687360368669033,0.1528347134590149,0.001318506097187209,0.055728551316279004
0,0.0,0.0005268302629701793,7.825136320223675e-07,0.00019901525481817416,0.2330082356929779,0.041713960468769073,0.01687360368669033,0.1528347134590149,0.001318506097187209,0.055728551316279004
0,0.0,0.000525991024915129,7.825136320223704e-07,0.0002153246625376634,0.24642211198806763,0.03357977792620659,0.06677405536174774,0.15530748665332794,0.0014214803998304053,0.06285328601001715
0,0.0,0.0005265004001557827,7.825136320223661e-07,0.0002157688989936554,0.23106932640075684,0.06117621436715126,0.059165116399526596,0.1507226824760437,0.0014403341634213432,0.06286186754882409
0,0.0,0.0005267710075713694,7.825136416932759e-07,0.00021318554164929078,0.24689815938472748,0.035124849528074265,0.04436808452010155,0.1287868320941925,0.0013313109373958747,0.05702309402881215
0,0.0,0.000525991024915129,7.825136320223704e-07,0.0002153246625376634,0.24642211198806763,0.03357977792620659,0.06677405536174774,0.15530748665332794,0.0014214803998304053,0.06285328601001715
0,0.0,0.0005265004001557827,7.825136320223661e-07,0.0002157688989936554,0.23106932640075684,0.06117621436715126,0.059165116399526596,0.1507226824760437,0.0014403341634213432,0.06286186754882409
0,0.0,0.0005265004001557827,7.825136320223661e-07,0.0002157688989936554,0.23106932640075684,0.06117621436715126,0.059165116399526596,0.1507226824760437,0.0014403341634213432,0.06286186754882409
0,0.0,0.000525991024915129,7.825136320223704e-07,0.0002153246625376634,0.24642211198806763,0.03357977792620659,0.06677405536174774,0.15530748665332794,0.0014214803998304053,0.06285328601001715
0,0.0,0.0005265004001557827,7.825136320223661e-07,0.0002157688989936554,0.23106932640075684,0.06117621436715126,0.059165116399526596,0.1507226824760437,0.0014403341634213432,0.06286186754882409
0,0.0,0.0005265004001557827,7.825136320223661e-07,0.0002157688989936554,0.23106932640075684,0.06117621436715126,0.059165116399526596,0.1507226824760437,0.0014403341634213432,0.06286186754882409
0,0.0,0.0005267710075713694,7.825136416932759e-07,0.00021318554164929078,0.24689815938472748,0.035124849528074265,0.04436808452010155,0.1287868320941925,0.0013313109373958747,0.05702309402881215
0,0.0,0.0005270296242088079,7.825136320223661e-07,0.0002078425841979467,0.25426486134529114,0.017845412716269493,0.04883100464940071,0.14204037189483643,0.0013356759495166805,0.0579992012659407
0,0.0,0.0005270296242088079,7.825136320223661e-07,0.0002078425841979467,0.25426486134529114,0.017845412716269493,0.04883100464940071,0.14204037189483643,0.0013356759495166805,0.0579992012659407
0,0.0,0.0005265004001557827,7.825136320223661e-07,0.0002157688989936554,0.23106932640075684,0.06117621436715126,0.059165116399526596,0.1507226824760437,0.0014403341634213432,0.06286186754882409
0,0.0,0.0005270296242088079,7.825136320223661e-07,0.0002078425841979467,0.25426486134529114,0.017845412716269493,0.04883100464940071,0.14204037189483643,0.0013356759495166805,0.0579992012659407
0,0.0,0.000525991024915129,7.825136320223704e-07,0.0002153246625376634,0.24642211198806763,0.03357977792620659,0.06677405536174774,0.15530748665332794,0.0014214803998304053,0.06285328601001715
0,0.0,0.0005268302629701793,7.825136320225469e-07,0.00022355173764407449,0.2657730281352997,0.056640129536390305,0.07193876802921295,0.19607828557491302,0.0016103052213910952,0.07390209507321707
0,0.0,0.000525991024915129,7.825136320223704e-07,0.0002153246625376634,0.24642211198806763,0.03357977792620659,0.06677405536174774,0.15530748665332794,0.0014214803998304053,0.06285328601001715
1,1.0,0.9994739890098572,0.9999992174863604,0.9997878997897545,0.9901697039604187,0.9989849925041199,0.998993456363678,0.9754160046577454,0.9991616732282688,0.995344723669858
0,0.0,0.000525991024915129,7.825136320223704e-07,0.0002153246625376634,0.24642211198806763,0.03357977792620659,0.06677405536174774,0.15530748665332794,0.0014214803998304053,0.06285328601001715
0,0.0,0.0005265004001557827,7.825136320223661e-07,0.0002157688989936554,0.23106932640075684,0.06117621436715126,0.059165116399526596,0.1507226824760437,0.0014403341634213432,0.06286186754882409
0,0.0,0.0005270296242088079,7.825136320223661e-07,0.0002078425841979467,0.25426486134529114,0.017845412716269493,0.04883100464940071,0.14204037189483643,0.0013356759495166805,0.0579992012659407
1,1.0,0.9994733929634094,0.9999992174863047,0.9998014674999373,0.9852429628372192,0.9993225336074829,0.999871015548706,0.9864693880081177,0.9991715146135451,0.9962638094982654
0,0.0,0.0005267710075713694,7.825136416933286e-07,0.0002712973034534296,0.26246756315231323,0.04629596322774887,0.07728515565395355,0.15635405480861664,0.00150320010436804,0.06788465408420186
0,0.0,0.0005268302629701793,7.825136320226192e-07,0.00031264650048656124,0.30651167035102844,0.0758754163980484,0.1136012151837349,0.24644331634044647,0.001980607121075297,0.09286217954850223
0,0.0,0.000525991024915129,7.825136320223704e-07,0.0002153246625376634,0.24642211198806763,0.03357977792620659,0.06677405536174774,0.15530748665332794,0.0014214803998304053,0.06285328601001715
0,0.0,0.0005265004001557827,7.825136320223661e-07,0.0002157688989936554,0.23106932640075684,0.06117621436715126,0.059165116399526596,0.1507226824760437,0.0014403341634213432,0.06286186754882409
0,0.0,0.000525991024915129,7.825136320223704e-07,0.0002153246625376634,0.24642211198806763,0.03357977792620659,0.06677405536174774,0.15530748665332794,0.0014214803998304053,0.06285328601001715
0,0.0,0.0005268302629701793,7.825136320223675e-07,0.00019901525481817416,0.2330082356929779,0.041713960468769073,0.01687360368669033,0.1528347134590149,0.001318506097187209,0.055728551316279004
0,0.0,0.0005267710075713694,7.825136416932759e-07,0.00021318554164929078,0.24689815938472748,0.035124849528074265,0.04436808452010155,0.1287868320941925,0.0013313109373958747,0.05702309402881215
1,1.0,0.9994733929634094,0.9999992174863047,0.9998014674999373,0.9852429628372192,0.9993225336074829,0.999871015548706,0.9864693880081177,0.9991715146135451,0.9962638094982654
0,0.0,0.0005267710075713694,7.825136416932759e-07,0.00021318554164929078,0.24689815938472748,0.035124849528074265,0.04436808452010155,0.1287868320941925,0.0013313109373958747,0.05702309402881215
0,0.0,0.0005268302629701793,7.825136320223675e-07,0.00019901525481817416,0.2330082356929779,0.041713960468769073,0.01687360368669033,0.1528347134590149,0.001318506097187209,0.055728551316279004
0,0.0,0.0005267710075713694,7.825136416932759e-07,0.00021318554164929078,0.24689815938472748,0.035124849528074265,0.04436808452010155,0.1287868320941925,0.0013313109373958747,0.05702309402881215
1,1.0,0.9994733929634094,0.9999992174863047,0.9998014674999373,0.9852429628372192,0.9993225336074829,0.999871015548706,0.9864693880081177,0.9991715146135451,0.9962638094982654
1,1.0,0.9994729161262512,0.9999992174863047,0.9997864003871173,0.9844276309013367,0.9995207786560059,0.9505371451377869,0.9689883589744568,0.9990889112774854,0.9879172313017464
0,0.0,0.0005265004001557827,7.82513632022476e-07,0.00026560731278086713,0.25252726674079895,0.08219173550605774,0.06114814057946205,0.17925791442394257,0.0015951699984098585,0.07199986873812991
0,0.0,0.0005265004001557827,7.825136320223661e-07,0.0002157688989936554,0.23106932640075684,0.06117621436715126,0.059165116399526596,0.1507226824760437,0.0014403341634213432,0.06286186754882409
1,1.0,0.9994458556175232,0.9999992174863047,0.9915759936278083,0.7904455661773682,0.586976945400238,0.0675731673836708,0.6741923689842224,0.9878113400249192,0.7653794311778518
0,0.0,0.0005270296242088079,7.825136320223661e-07,0.0002078425841979467,0.25426486134529114,0.017845412716269493,0.04883100464940071,0.14204037189483643,0.0013356759495166805,0.0579992012659407
1,1.0,0.9994729161262512,0.9999992174863047,0.9997864003871173,0.9844276309013367,0.9995207786560059,0.9505371451377869,0.9689883589744568,0.9990889112774854,0.9879172313017464
0,0.0,0.0005270296242088079,7.825136320223661e-07,0.0002078425841979467,0.25426486134529114,0.017845412716269493,0.04883100464940071,0.14204037189483643,0.0013356759495166805,0.0579992012659407
0,0.0,0.000525991024915129,7.825136320223704e-07,0.0002153246625376634,0.24642211198806763,0.03357977792620659,0.06677405536174774,0.15530748665332794,0.0014214803998304053,0.06285328601001715
0,0.0,0.0005267710075713694,7.825136416932759e-07,0.00021318554164929078,0.24689815938472748,0.035124849528074265,0.04436808452010155,0.1287868320941925,0.0013313109373958747,0.05702309402881215
0,0.0,0.0005267710075713694,7.825136416932759e-07,0.00021318554164929078,0.24689815938472748,0.035124849528074265,0.04436808452010155,0.1287868320941925,0.0013313109373958747,0.05702309402881215
0,0.0,0.0005265004001557827,7.825136320223661e-07,0.0002157688989936554,0.23106932640075684,0.06117621436715126,0.059165116399526596,0.1507226824760437,0.0014403341634213432,0.06286186754882409
0,0.0,0.0005265004001557827,7.825136320223661e-07,0.0002157688989936554,0.23106932640075684,0.06117621436715126,0.059165116399526596,0.1507226824760437,0.0014403341634213432,0.06286186754882409
0,0.0,0.0005270296242088079,7.825136320223661e-07,0.0002078425841979467,0.25426486134529114,0.017845412716269493,0.04883100464940071,0.14204037189483643,0.0013356759495166805,0.0579992012659407
1,1.0,0.9994733929634094,0.9999992174863047,0.9998014674999373,0.9852429628372192,0.9993225336074829,0.999871015548706,0.9864693880081177,0.9991715146135451,0.9962638094982654
0,0.0,0.000525991024915129,7.825136320223704e-07,0.0002153246625376634,0.24642211198806763,0.03357977792620659,0.06677405536174774,0.15530748665332794,0.0014214803998304053,0.06285328601001715
0,0.0,0.0005267710075713694,7.825136416932759e-07,0.00021318554164929078,0.24689815938472748,0.035124849528074265,0.04436808452010155,0.1287868320941925,0.0013313109373958747,0.05702309402881215
0,0.0,0.0005265004001557827,7.825136320223661e-07,0.0002157688989936554,0.23106932640075684,0.06117621436715126,0.059165116399526596,0.1507226824760437,0.0014403341634213432,0.06286186754882409
0,0.0,0.0005268302629701793,7.825136320223675e-07,0.00019901525481817416,0.2330082356929779,0.041713960468769073,0.01687360368669033,0.1528347134590149,0.001318506097187209,0.055728551316279004
0,0.0,0.0005270296242088079,7.825136320225039e-07,0.00023530647812990732,0.2798534631729126,0.026064515113830566,0.048301566392183304,0.17793382704257965,0.0014634573887450455,0.06666726973451943
0,0.0,0.0005267710075713694,7.825136416932759e-07,0.00021318554164929078,0.24689815938472748,0.035124849528074265,0.04436808452010155,0.1287868320941925,0.0013313109373958747,0.05702309402881215
0,0.0,0.0005267710075713694,7.825136416932759e-07,0.00021318554164929078,0.24689815938472748,0.035124849528074265,0.04436808452010155,0.1287868320941925,0.0013313109373958747,0.05702309402881215
0,0.0,0.0005265004001557827,7.825136320223661e-07,0.0002157688989936554,0.23106932640075684,0.06117621436715126,0.059165116399526596,0.1507226824760437,0.0014403341634213432,0.06286186754882409
0,0.0,0.0005267710075713694,7.825136416932759e-07,0.00021318554164929078,0.24689815938472748,0.03512484207749367,0.04436808452010155,0.1287868320941925,0.0013313109204207989,0.05702309309886069
0,0.0,0.000525991024915129,7.825136320223704e-07,0.0002153246625376634,0.24642211198806763,0.03357977792620659,0.06677405536174774,0.15530748665332794,0.0014214803998304053,0.06285328601001715
0,0.0,0.0005265004001557827,7.825136320223661e-07,0.0002157688989936554,0.23106932640075684,0.06117621436715126,0.059165116399526596,0.1507226824760437,0.0014403341634213432,0.06286186754882409
0,0.0,0.0005270296242088079,7.825136320223661e-07,0.0002078425841979467,0.25426486134529114,0.017845412716269493,0.04883100464940071,0.14204037189483643,0.0013356759495166805,0.0579992012659407
0,0.0,0.0005270296242088079,7.825136320225039e-07,0.00023530647812990732,0.2798534631729126,0.026064515113830566,0.048301566392183304,0.17793382704257965,0.0014634573887450455,0.06666726973451943
1,1.0,0.9994729161262512,0.9999992174863047,0.9997864003871173,0.9844276309013367,0.9995207786560059,0.9505371451377869,0.9689883589744568,0.9990889112774854,0.9879172313017464
0,0.0,0.0005265004001557827,7.825136320223661e-07,0.0002157688989936554,0.23106932640075684,0.06117621436715126,0.059165116399526596,0.1507226824760437,0.0014403341634213432,0.06286186754882409
0,0.0,0.0005268302629701793,7.825136320223675e-07,0.00019901525481817416,0.2330082356929779,0.041713960468769073,0.01687360368669033,0.1528347134590149,0.001318506097187209,0.055728551316279004
0,0.0,0.000525991024915129,7.825136320223704e-07,0.0002153246625376634,0.24642211198806763,0.03357977792620659,0.06677405536174774,0.15530748665332794,0.0014214803998304053,0.06285328601001715
1,1.0,0.9994736313819885,0.9999992174863047,0.9997952039270334,0.9884476065635681,0.9998251795768738,0.9900175929069519,0.9805037975311279,0.9991565211478776,0.9947663137395042
1,1.0,0.9994739890098572,0.9999992174863604,0.9997878997897545,0.9901697039604187,0.9989849925041199,0.998993456363678,0.9754160046577454,0.9991616732282688,0.995344723669858
0,0.0,0.0005270296242088079,7.825136320225039e-07,0.00023530647812990732,0.2798534631729126,0.026064515113830566,0.048301566392183304,0.17793382704257965,0.0014634573887450455,0.06666726973451943
0,0.0,0.000525991024915129,7.825136320223704e-07,0.0002153246625376634,0.24642211198806763,0.03357977792620659,0.06677405536174774,0.15530748665332794,0.0014214803998304053,0.06285328601001715
0,0.0,0.0005265004001557827,7.825136320223661e-07,0.0002157688989936554,0.23106932640075684,0.06117621436715126,0.059165116399526596,0.1507226824760437,0.0014403341634213432,0.06286186754882409
0,0.0,0.0005267710075713694,7.825136416932759e-07,0.00021318554164929078,0.24689815938472748,0.035124849528074265,0.04436808452010155,0.1287868320941925,0.0013313109373958747,0.05702309402881215
0,0.0,0.0005265004001557827,7.825136320223661e-07,0.0002157688989936554,0.23106932640075684,0.06117621436715126,0.059165116399526596,0.1507226824760437,0.0014403341634213432,0.06286186754882409
0,0.0,0.0005265004001557827,7.825136320223661e-07,0.0002157688989936554,0.23106932640075684,0.06117621436715126,0.059165116399526596,0.1507226824760437,0.0014403341634213432,0.06286186754882409
0,0.0,0.0005270296242088079,7.825136320223661e-07,0.0002078425841979467,0.25426486134529114,0.017845412716269493,0.04883100464940071,0.14204037189483643,0.0013356759495166805,0.0579992012659407
0,0.0,0.0005265004001557827,7.825136320223661e-07,0.0002157688989936554,0.23106932640075684,0.06117621436715126,0.059165116399526596,0.1507226824760437,0.0014403341634213432,0.06286186754882409
1,1.0,0.9994733929634094,0.9999992174863047,0.9990193696958433,0.997042715549469,0.9999951124191284,0.9999996423721313,0.9966272115707397,0.99919337059584,0.9990171172701581
0,0.0,0.000525991024915129,7.825136320223704e-07,0.0002153246625376634,0.24642211198806763,0.03357977792620659,0.06677405536174774,0.15530748665332794,0.0014214803998304053,0.06285328601001715
0,0.0,0.0005267710075713694,7.825136416932759e-07,0.00021318554164929078,0.24689815938472748,0.035124849528074265,0.04436808452010155,0.1287868320941925,0.0013313109373958747,0.05702309402881215
0,0.0,0.0005268302629701793,7.825136320223675e-07,0.00019901525481817416,0.2330082356929779,0.041713960468769073,0.01687360368669033,0.1528347134590149,0.001318506097187209,0.055728551316279004
0,0.0,0.000525991024915129,7.825136320225956e-07,0.00026875609996030407,0.2833360731601715,0.045261282473802567,0.06869415938854218,0.19185274839401245,0.0015933837665567591,0.07375970656057973
0,0.0,0.0005270296242088079,7.825136320223661e-07,0.0002078425841979467,0.25426486134529114,0.017845412716269493,0.04883100464940071,0.14204037189483643,0.0013356759495166805,0.0579992012659407
0,0.0,0.0005270296242088079,7.825136320223661e-07,0.0002078425841979467,0.25426486134529114,0.017845412716269493,0.04883100464940071,0.14204037189483643,0.0013356759495166805,0.0579992012659407
0,0.0,0.0005270296242088079,7.825136320223661e-07,0.0002078425841979467,0.25426486134529114,0.017845412716269493,0.04883100464940071,0.14204037189483643,0.0013356759495166805,0.0579992012659407
0,0.0,0.000525991024915129,7.825136320223704e-07,0.0002153246625376634,0.24642211198806763,0.03357977792620659,0.06677405536174774,0.15530748665332794,0.0014214803998304053,0.06285328601001715
0,0.0,0.0005267710075713694,7.825136416932759e-07,0.00021318554164929078,0.24689815938472748,0.035124849528074265,0.04436808452010155,0.1287868320941925,0.0013313109373958747,0.05702309402881215
0,0.0,0.0005268302629701793,7.825136320223675e-07,0.00019901525481817416,0.2330082356929779,0.041713960468769073,0.01687360368669033,0.1528347134590149,0.001318506097187209,0.055728551316279004
0,0.0,0.000525991024915129,7.825136320223704e-07,0.0002153246625376634,0.24642211198806763,0.03357977792620659,0.06677405536174774,0.15530748665332794,0.0014214803998304053,0.06285328601001715
0,0.0,0.0005270296242088079,7.825136320223661e-07,0.0002078425841979467,0.25426486134529114,0.017845412716269493,0.04883100464940071,0.14204037189483643,0.0013356759495166805,0.0579992012659407
0,0.0001961812840956777,0.0005270296242088079,7.825136320226318e-07,0.00047121388352433556,0.3355054259300232,0.021999794989824295,0.05244607478380203,0.27086296677589417,0.001769885352247132,0.0853421008951974
0,0.0,0.0005265004001557827,7.825136320223661e-07,0.0002157688989936554,0.23106932640075684,0.06117621436715126,0.059165116399526596,0.1507226824760437,0.0014403341634213432,0.06286186754882409
0,0.0,0.0005267710075713694,7.825136416932759e-07,0.00021318554164929078,0.24689815938472748,0.035124849528074265,0.04436808452010155,0.1287868320941925,0.0013313109373958747,0.05702309402881215
1,1.0,0.9994729161262512,0.9999992174863047,0.9997864003871173,0.9844276309013367,0.9995207786560059,0.9505371451377869,0.9689883589744568,0.9990889112774854,0.9879172313017464
0,0.0,0.0005270296242088079,7.825136320223661e-07,0.0002078425841979467,0.25426486134529114,0.017845412716269493,0.04883100464940071,0.14204037189483643,0.0013356759495166805,0.0579992012659407
0,0.0,0.0005265004001557827,7.825136320223661e-07,0.0002157688989936554,0.23106932640075684,0.06117621436715126,0.059165116399526596,0.1507226824760437,0.0014403341634213432,0.06286186754882409
0,0.0,0.0005267710075713694,7.825136416933286e-07,0.0002712973034534296,0.26246756315231323,0.04629596322774887,0.07728515565395355,0.15635405480861664,0.00150320010436804,0.06788465408420186
0,0.0,0.000525991024915129,7.825136320225956e-07,0.00026875609996030407,0.2833360731601715,0.045261282473802567,0.06869415938854218,0.19185274839401245,0.0015933837665567591,0.07375970656057973
0,0.0,0.0005267710075713694,7.825136416932759e-07,0.00021318554164929078,0.24689815938472748,0.035124849528074265,0.04436808452010155,0.1287868320941925,0.0013313109373958747,0.05702309402881215
0,0.0,0.0005267710075713694,7.825136416932759e-07,0.00021318554164929078,0.24689815938472748,0.035124849528074265,0.04436808452010155,0.1287868320941925,0.0013313109373958747,0.05702309402881215
0,0.0,0.0005268302629701793,7.825136320225469e-07,0.00022355173764407449,0.2657730281352997,0.056640129536390305,0.07193876802921295,0.19607828557491302,0.0016103052213910952,0.07390209507321707
1,1.0,0.9994739890098572,0.9999992174863604,0.9994808746288985,0.8352836966514587,0.9142860174179077,0.9999521970748901,0.6804406642913818,0.9982700321959932,0.9284849935599255
1,1.0,0.9994739890098572,0.9999992174863604,0.9997878997897545,0.9901697039604187,0.9989849925041199,0.998993456363678,0.9754160046577454,0.9991616732282688,0.995344723669858
0,0.0,0.0005267710075713694,7.825136416932759e-07,0.00021318554164929078,0.24689815938472748,0.035124849528074265,0.04436808452010155,0.1287868320941925,0.0013313109373958747,0.05702309402881215
0,0.0,0.0005270296242088079,7.825136320225039e-07,0.00023530647812990732,0.2798534631729126,0.026064511388540268,0.048301566392183304,0.17793382704257965,0.0014634573794162658,0.0666672692695437
1,1.0,0.9994733929634094,0.9999992174863047,0.9998014674999373,0.9852429628372192,0.9993225336074829,0.999871015548706,0.9864693880081177,0.9991715146135451,0.9962638094982654
0,0.0,0.0005267710075713694,7.825136416937457e-07,0.06093275345325493,0.711152195930481,0.9971269965171814,0.14106470346450806,0.9240081310272217,0.04372754679675924,0.35443277728908984
1,1.0,0.9994729161262512,0.9999992174863047,0.9997864003871173,0.9844276309013367,0.9995207786560059,0.9505371451377869,0.9689883589744568,0.9990889112774854,0.9879172313017464
1,1.0,0.9994723200798035,0.9999992174863047,0.9997916861560011,0.9911751747131348,0.9993465542793274,0.97444087266922,0.9874958992004395,0.9991478249613845,0.9940049869388565
0,0.0,0.0005267710075713694,7.825136416932759e-07,0.00021318554164929078,0.24689815938472748,0.035124849528074265,0.04436808452010155,0.1287868320941925,0.0013313109373958747,0.05702309402881215
0,0.0,0.000525991024915129,7.825136320223704e-07,0.0002153246625376634,0.24642211198806763,0.03357977792620659,0.06677405536174774,0.15530748665332794,0.0014214803998304053,0.06285328601001715
0,0.0,0.0005265004001557827,7.825136320223661e-07,0.0002157688989936554,0.23106932640075684,0.06117621436715126,0.059165116399526596,0.1507226824760437,0.0014403341634213432,0.06286186754882409
0,0.0,0.0005270296242088079,7.825136320223661e-07,0.0002078425841979467,0.25426486134529114,0.017845412716269493,0.04883100464940071,0.14204037189483643,0.0013356759495166805,0.0579992012659407
0,0.0,0.0005268302629701793,7.825136320223675e-07,0.00019901525481817416,0.2330082356929779,0.041713960468769073,0.01687360368669033,0.1528347134590149,0.001318506097187209,0.055728551316279004
0,0.0,0.0005270296242088079,7.825136320223661e-07,0.0002078425841979467,0.25426486134529114,0.017845412716269493,0.04883100464940071,0.14204037189483643,0.0013356759495166805,0.0579992012659407
1,1.0,0.9994736313819885,0.9999992174863047,0.9997952039270334,0.9884476065635681,0.9998251795768738,0.9900175929069519,0.9805037975311279,0.9991565211478776,0.9947663137395042
0,0.0,0.000525991024915129,7.825136320223704e-07,0.0002153246625376634,0.24642211198806763,0.03357977792620659,0.06677405536174774,0.15530748665332794,0.0014214803998304053,0.06285328601001715
0,0.0,0.0005267710075713694,7.825136416932759e-07,0.00021318554164929078,0.24689815938472748,0.035124849528074265,0.04436808452010155,0.1287868320941925,0.0013313109373958747,0.05702309402881215
0,0.0,0.0005270296242088079,7.825136320223661e-07,0.0002078425841979467,0.25426486134529114,0.017845412716269493,0.04883100464940071,0.14204037189483643,0.0013356759495166805,0.0579992012659407
0,0.0,0.0005268302629701793,7.825136320223675e-07,0.00019901525481817416,0.2330082356929779,0.041713960468769073,0.01687360368669033,0.1528347134590149,0.001318506097187209,0.055728551316279004
1,1.0,0.9994736313819885,0.9999992174863047,0.9997952039270334,0.9884476065635681,0.9998251795768738,0.9900175929069519,0.9805037975311279,0.9991565211478776,0.9947663137395042
0,0.0,0.000525991024915129,7.825136320223704e-07,0.0002153246625376634,0.24642211198806763,0.03357977792620659,0.06677405536174774,0.15530748665332794,0.0014214803998304053,0.06285328601001715
0,0.0,0.0005267710075713694,7.825136416932759e-07,0.00021318554164929078,0.24689815938472748,0.035124849528074265,0.04436808452010155,0.1287868320941925,0.0013313109373958747,0.05702309402881215
0,0.0,0.0005267710075713694,7.825136416932759e-07,0.00021318554164929078,0.24689815938472748,0.035124849528074265,0.04436808452010155,0.1287868320941925,0.0013313109373958747,0.05702309402881215
1,1.0,0.9994729161262512,0.9999992174863047,0.9997864003871173,0.9844276309013367,0.9995207786560059,0.9505371451377869,0.9689883589744568,0.9990889112774854,0.9879172313017464
0,0.0,0.000525991024915129,7.825136320223704e-07,0.0002153246625376634,0.24642211198806763,0.03357977792620659,0.06677405536174774,0.15530748665332794,0.0014214803998304053,0.06285328601001715
1,1.0,0.9994723200798035,0.9999992174863047,0.9996659385590926,0.921167254447937,0.9680293202400208,0.9815295338630676,0.8690860271453857,0.9988663878390708,0.9673445057419003
0,0.0,0.000525991024915129,7.825136320225956e-07,0.00026875609996030407,0.2833360731601715,0.045261282473802567,0.06869415938854218,0.19185274839401245,0.0015933837665567591,0.07375970656057973
0,0.0,0.0005265004001557827,7.825136320223661e-07,0.0002157688989936554,0.23106932640075684,0.06117621436715126,0.059165116399526596,0.1507226824760437,0.0014403341634213432,0.06286186754882409
0,0.0,0.000525991024915129,7.825136320225956e-07,0.00026875609996030407,0.2833360731601715,0.045261282473802567,0.06869415938854218,0.19185274839401245,0.0015933837665567591,0.07375970656057973
0,0.0,0.0005268302629701793,7.825136320223675e-07,0.00019901525481817416,0.2330082356929779,0.041713960468769073,0.01687360368669033,0.1528347134590149,0.001318506097187209,0.055728551316279004
1,1.0,0.9994723200798035,0.9999992174863047,0.9997916861560011,0.9911751747131348,0.9993465542793274,0.97444087266922,0.9874958992004395,0.9991478249613845,0.9940049869388565
0,0.0,0.0005265004001557827,7.82513632022476e-07,0.00026560731278086713,0.25252726674079895,0.08219173550605774,0.06114814057946205,0.17925791442394257,0.0015951699984098585,0.07199986873812991
1,1.0,0.9994736313819885,0.9999992174863047,0.9997952039270334,0.9884476065635681,0.9998251795768738,0.9900175929069519,0.9805037975311279,0.9991565211478776,0.9947663137395042
0,0.0,0.0005270296242088079,7.825136320223661e-07,0.0002078425841979467,0.25426486134529114,0.017845412716269493,0.04883100464940071,0.14204037189483643,0.0013356759495166805,0.0579992012659407
0,0.0,0.0005265004001557827,7.825136320223661e-07,0.0002157688989936554,0.23106932640075684,0.06117621436715126,0.059165116399526596,0.1507226824760437,0.0014403341634213432,0.06286186754882409
1,1.0,0.9994729161262512,0.9999992174863047,0.9997864003871173,0.9844276309013367,0.9995207786560059,0.9505371451377869,0.9689883589744568,0.9990889112774854,0.9879172313017464
0,0.0,0.0005268302629701793,7.825136320225469e-07,0.00022355173764407449,0.2657730281352997,0.056640129536390305,0.07193876802921295,0.19607828557491302,0.0016103052213910952,0.07390209507321707
1,1.0,0.9994739890098572,0.9999992174863604,0.9997878997897545,0.9901697039604187,0.9989849925041199,0.998993456363678,0.9754160046577454,0.9991616732282688,0.995344723669858
0,0.0,0.000525991024915129,7.825136320223704e-07,0.0002153246625376634,0.24642211198806763,0.03357977047562599,0.06677405536174774,0.15530748665332794,0.001421480381707247,0.06285328508006569
0,0.0,0.0005268302629701793,7.825136320223675e-07,0.00019901525481817416,0.2330082356929779,0.041713960468769073,0.01687360368669033,0.1528347134590149,0.001318506097187209,0.055728551316279004
0,0.0,0.0005267710075713694,7.825136416932759e-07,0.00021318554164929078,0.24689815938472748,0.035124849528074265,0.04436808452010155,0.1287868320941925,0.0013313109373958747,0.05702309402881215
1,1.0,0.9994729161262512,0.9999992174863047,0.9997864003871173,0.9844276309013367,0.9995207786560059,0.9505371451377869,0.9689883589744568,0.9990889112774854,0.9879172313017464
0,0.0,0.0005265004001557827,7.82513632022476e-07,0.00026560731278086713,0.25252726674079895,0.08219173550605774,0.06114814057946205,0.17925791442394257,0.0015951699984098585,0.07199986873812991
0,0.0,0.0005268302629701793,7.825136320223675e-07,0.00019901525481817416,0.2330082356929779,0.041713960468769073,0.01687360368669033,0.1528347134590149,0.001318506097187209,0.055728551316279004
0,0.0,0.0005265004001557827,7.825136320223661e-07,0.0002157688989936554,0.23106932640075684,0.06117621436715126,0.059165116399526596,0.1507226824760437,0.0014403341634213432,0.06286186754882409
0,0.0,0.000525991024915129,7.825136320223704e-07,0.0002153246625376634,0.24642211198806763,0.03357977792620659,0.06677405536174774,0.15530748665332794,0.0014214803998304053,0.06285328601001715
1,1.0,0.9994729161262512,0.9999992174863047,0.9997864003871173,0.9844276309013367,0.9995207786560059,0.9505371451377869,0.9689883589744568,0.9990889112774854,0.9879172313017464
0,0.0,0.0005268302629701793,7.825136320223675e-07,0.00019901525481817416,0.2330082356929779,0.041713960468769073,0.01687360368669033,0.1528347134590149,0.001318506097187209,0.055728551316279004
0,0.0,0.000525991024915129,7.825136320230182e-07,0.007370633367918213,0.4052293002605438,0.04278141260147095,0.07933932542800903,0.2966800332069397,0.0021631438274955866,0.104062476648899
0,0.0,0.0005265004001557827,7.825136320223661e-07,0.0002157688989936554,0.23106932640075684,0.06117621436715126,0.059165116399526596,0.1507226824760437,0.0014403341634213432,0.06286186754882409
0,0.0,0.0005267710075713694,7.825136416932759e-07,0.00021318554164929078,0.24689815938472748,0.035124849528074265,0.04436808452010155,0.1287868320941925,0.0013313109373958747,0.05702309402881215
0,0.0,0.0005267710075713694,7.825136416932759e-07,0.00021318554164929078,0.24689815938472748,0.035124849528074265,0.04436808452010155,0.1287868320941925,0.0013313109373958747,0.05702309402881215
0,0.0,0.0005267710075713694,7.825136416932759e-07,0.00021318554164929078,0.24689815938472748,0.035124849528074265,0.04436808452010155,0.1287868320941925,0.0013313109373958747,0.05702309402881215
0,0.0,0.0005268302629701793,7.825136320223675e-07,0.00019901525481817416,0.2330082356929779,0.041713960468769073,0.01687360368669033,0.1528347134590149,0.001318506097187209,0.055728551316279004
0,0.0,0.0005270296242088079,7.825136320223661e-07,0.0002078425841979467,0.25426486134529114,0.017845412716269493,0.04883100464940071,0.14204037189483643,0.0013356759495166805,0.0579992012659407
0,0.0,0.0005267710075713694,7.825136416932759e-07,0.00021318554164929078,0.24689815938472748,0.035124849528074265,0.04436808452010155,0.1287868320941925,0.0013313109373958747,0.05702309402881215
0,0.0,0.0005265004001557827,7.825136320223661e-07,0.0002157688989936554,0.23106932640075684,0.06117621436715126,0.059165116399526596,0.1507226824760437,0.0014403341634213432,0.06286186754882409
0,0.0,0.000525991024915129,7.825136320223704e-07,0.0002153246625376634,0.24642211198806763,0.03357977792620659,0.06677405536174774,0.15530748665332794,0.0014214803998304053,0.06285328601001715
0,0.0,0.0005268302629701793,7.825136320223675e-07,0.00019901525481817416,0.2330082356929779,0.041713960468769073,0.01687360368669033,0.1528347134590149,0.001318506097187209,0.055728551316279004
0,0.0,0.0005267710075713694,7.825136416932759e-07,0.00021318554164929078,0.24689815938472748,0.035124849528074265,0.04436808452010155,0.1287868320941925,0.0013313109373958747,0.05702309402881215
0,0.0,0.000525991024915129,7.825136320223704e-07,0.0002153246625376634,0.24642211198806763,0.03357977792620659,0.06677404046058655,0.15530748665332794,0.0014214803697305922,0.06285328417441982
1,1.0,0.9994733929634094,0.9999992174863047,0.9998014674999373,0.9852429628372192,0.9993225336074829,0.999871015548706,0.9864693880081177,0.9991715146135451,0.9962638094982654
0,0.0,0.000525991024915129,7.825136320223704e-07,0.0002153246625376634,0.24642211198806763,0.03357977792620659,0.06677405536174774,0.15530748665332794,0.0014214803998304053,0.06285328601001715
1,1.0,0.9994723200798035,0.9999992174863047,0.9997916861560011,0.9911751747131348,0.9993465542793274,0.97444087266922,0.9874958992004395,0.9991478249613845,0.9940049869388565
0,0.0,0.0005265004001557827,7.825136320223661e-07,0.0002157688989936554,0.23106932640075684,0.06117621436715126,0.059165116399526596,0.1507226824760437,0.0014403341634213432,0.06286186754882409
0,0.0,0.0005265004001557827,7.825136320223661e-07,0.0002157688989936554,0.23106932640075684,0.06117621436715126,0.059165116399526596,0.1507226824760437,0.0014403341634213432,0.06286186754882409
0,0.0,0.000525991024915129,7.825136320223704e-07,0.0002153246625376634,0.24642211198806763,0.03357977792620659,0.06677405536174774,0.15530748665332794,0.0014214803998304053,0.06285328601001715
0,0.0,0.0005270296242088079,7.825136320223661e-07,0.0002078425841979467,0.25426486134529114,0.017845412716269493,0.04883100464940071,0.14204037189483643,0.0013356759495166805,0.0579992012659407
0,0.0,0.0005268302629701793,7.825136320223675e-07,0.00019901525481817416,0.2330082356929779,0.041713960468769073,0.01687360368669033,0.1528347134590149,0.001318506097187209,0.055728551316279004
0,0.0,0.0005268302629701793,7.825136320223675e-07,0.00019901525481817416,0.2330082356929779,0.041713960468769073,0.01687360368669033,0.1528347134590149,0.001318506097187209,0.055728551316279004
1,1.0,0.9994729161262512,0.9999992174863047,0.9993452233088667,0.8187158107757568,0.7731772065162659,0.9533193707466125,0.6587144136428833,0.9975298213073192,0.9003123030776369
0,0.0,0.0005267710075713694,7.825136416932759e-07,0.00021318554164929078,0.24689815938472748,0.035124849528074265,0.04436808452010155,0.1287868320941925,0.0013313109373958747,0.05702309402881215
0,0.0,0.0005265004001557827,7.825136320223661e-07,0.0002157688989936554,0.23106932640075684,0.06117621436715126,0.059165116399526596,0.1507226824760437,0.0014403341634213432,0.06286186754882409
0,0.0,0.000525991024915129,7.825136320225956e-07,0.00026875609996030407,0.2833360731601715,0.045261282473802567,0.06869415938854218,0.19185274839401245,0.0015933837665567591,0.07375970656057973
0,0.0,0.0005265004001557827,7.825136320223661e-07,0.0002157688989936554,0.23106932640075684,0.06117621436715126,0.059165116399526596,0.1507226824760437,0.0014403341634213432,0.06286186754882409
0,0.0,0.0005270296242088079,7.825136320223661e-07,0.0002078425841979467,0.25426486134529114,0.017845412716269493,0.04883100464940071,0.14204037189483643,0.0013356759495166805,0.0579992012659407
0,0.0,0.0005265004001557827,7.825136320223661e-07,0.0002157688989936554,0.23106932640075684,0.06117621436715126,0.059165116399526596,0.1507226824760437,0.0014403341634213432,0.06286186754882409
1,1.0,0.9994723200798035,0.9999992174863047,0.9997916861560011,0.9911751747131348,0.9993465542793274,0.97444087266922,0.9874958992004395,0.9991478249613845,0.9940049869388565
0,0.0,0.0005267710075713694,7.825136416932759e-07,0.00021318554164929078,0.24689815938472748,0.035124849528074265,0.04436808452010155,0.1287868320941925,0.0013313109373958747,0.05702309402881215
0,0.0,0.0005268302629701793,7.825136320223675e-07,0.00019901525481817416,0.2330082356929779,0.041713960468769073,0.01687360368669033,0.1528347134590149,0.001318506097187209,0.055728551316279004
0,0.0,0.0005265004001557827,7.825136320223661e-07,0.0002157688989936554,0.23106932640075684,0.06117621436715126,0.059165116399526596,0.1507226824760437,0.0014403341634213432,0.06286186754882409
0,0.0,0.0005270296242088079,7.825136320223661e-07,0.0002078425841979467,0.25426486134529114,0.017845412716269493,0.04883100464940071,0.14204037189483643,0.0013356759495166805,0.0579992012659407
0,0.0,0.0005267710075713694,7.825136416932759e-07,0.00021318554164929078,0.24689815938472748,0.035124849528074265,0.04436808452010155,0.1287868320941925,0.0013313109373958747,0.05702309402881215
0,0.0,0.0005267710075713694,7.825136416932759e-07,0.00021318554164929078,0.24689815938472748,0.035124849528074265,0.04436808452010155,0.1287868320941925,0.0013313109373958747,0.05702309402881215
0,0.0,0.0005270296242088079,7.825136320223661e-07,0.0002078425841979467,0.25426486134529114,0.017845412716269493,0.04883100464940071,0.14204037189483643,0.0013356759495166805,0.0579992012659407
1,1.0,0.9994729161262512,0.9999992174863047,0.9997864003871173,0.9844276309013367,0.9995207786560059,0.9505371451377869,0.9689883589744568,0.9990889112774854,0.9879172313017464
0,0.0,0.0005265004001557827,7.825136320223661e-07,0.0002157688989936554,0.23106932640075684,0.06117621436715126,0.059165116399526596,0.1507226824760437,0.0014403341634213432,0.06286186754882409
0,0.0,0.0005265004001557827,7.82513632022476e-07,0.00026560731278086713,0.25252726674079895,0.08219173550605774,0.06114814057946205,0.17925791442394257,0.0015951699984098585,0.07199986873812991
0,0.0,0.0005268302629701793,7.825136320225469e-07,0.00022355173764407449,0.2657730281352997,0.056640129536390305,0.07193876802921295,0.19607828557491302,0.0016103052213910952,0.07390209507321707
0,0.0,0.000525991024915129,7.825136320223704e-07,0.0002153246625376634,0.24642211198806763,0.03357977792620659,0.06677405536174774,0.15530748665332794,0.0014214803998304053,0.06285328601001715
0,0.0,0.0005267710075713694,7.825136416932759e-07,0.00021318554164929078,0.24689815938472748,0.035124849528074265,0.04436808452010155,0.1287868320941925,0.0013313109373958747,0.05702309402881215
0,0.0,0.0005270296242088079,7.825136320223661e-07,0.0002078425841979467,0.25426486134529114,0.017845412716269493,0.04883100464940071,0.14204037189483643,0.0013356759495166805,0.0579992012659407
1,1.0,0.9994733929634094,0.9999992174863047,0.9998014674999373,0.9852429628372192,0.9993225336074829,0.999871015548706,0.9864693880081177,0.9991715146135451,0.9962638094982654
0,0.0,0.0005267710075713694,7.825136416932759e-07,0.00021318554164929078,0.24689815938472748,0.035124849528074265,0.04436808452010155,0.1287868320941925,0.0013313109373958747,0.05702309402881215
0,0.0,0.0005267710075713694,7.825136416932759e-07,0.00021318554164929078,0.24689815938472748,0.035124849528074265,0.04436808452010155,0.1287868320941925,0.0013313109373958747,0.05702309402881215
0,0.0,0.000525991024915129,7.825136320223704e-07,0.0002153246625376634,0.24642211198806763,0.03357977792620659,0.06677405536174774,0.15530748665332794,0.0014214803998304053,0.06285328601001715
0,0.0,0.0005265004001557827,7.825136320223661e-07,0.0002157688989936554,0.23106932640075684,0.06117621436715126,0.059165116399526596,0.1507226824760437,0.0014403341634213432,0.06286186754882409
0,0.0,0.0005265004001557827,7.825136320223661e-07,0.0002157688989936554,0.23106932640075684,0.06117621436715126,0.059165116399526596,0.1507226824760437,0.0014403341634213432,0.06286186754882409
0,0.0,0.000525991024915129,7.825136320223704e-07,0.0002153246625376634,0.24642211198806763,0.03357977792620659,0.06677405536174774,0.15530748665332794,0.0014214803998304053,0.06285328601001715
0,0.0,0.0005270296242088079,7.825136320223661e-07,0.0002078425841979467,0.25426486134529114,0.017845412716269493,0.04883100464940071,0.14204037189483643,0.0013356759495166805,0.0579992012659407
0,0.0,0.0005270296242088079,7.825136320223661e-07,0.0002078425841979467,0.25426486134529114,0.017845412716269493,0.04883100464940071,0.14204037189483643,0.0013356759495166805,0.0579992012659407
0,0.0,0.000525991024915129,7.825136320223704e-07,0.0002153246625376634,0.24642211198806763,0.03357977792620659,0.06677405536174774,0.15530748665332794,0.0014214803998304053,0.06285328601001715
0,0.0,0.0005270296242088079,7.825136320223661e-07,0.0002078425841979467,0.25426486134529114,0.017845412716269493,0.04883100464940071,0.14204037189483643,0.0013356759495166805,0.0579992012659407
0,0.0,0.000525991024915129,7.825136320225956e-07,0.00026875609996030407,0.2833360731601715,0.045261282473802567,0.06869415938854218,0.19185274839401245,0.0015933837665567591,0.07375970656057973
0,0.0,0.0005267710075713694,7.825136416932759e-07,0.00021318554164929078,0.24689815938472748,0.035124849528074265,0.04436808452010155,0.1287868320941925,0.0013313109373958747,0.05702309402881215
0,0.0,0.000525991024915129,7.82513632022918e-07,0.002982327412336193,0.39248520135879517,0.04489054158329964,0.07872918248176575,0.2885494530200958,0.0020949459712729947,0.10108457520169811
0,0.0,0.000525991024915129,7.825136320223704e-07,0.0002153246625376634,0.24642211198806763,0.03357977792620659,0.06677405536174774,0.15530748665332794,0.0014214803998304053,0.06285328601001715
0,0.0,0.0005267710075713694,7.825136416933286e-07,0.0002712973034534296,0.26246756315231323,0.04629596322774887,0.07728515565395355,0.15635405480861664,0.00150320010436804,0.06788465408420186
0,0.0,0.0005270296242088079,7.825136320223661e-07,0.0002078425841979467,0.25426486134529114,0.017845412716269493,0.04883100464940071,0.14204037189483643,0.0013356759495166805,0.0579992012659407
0,0.0,0.0005268302629701793,7.825136320223675e-07,0.00019901525481817416,0.2330082356929779,0.041713960468769073,0.01687360368669033,0.1528347134590149,0.001318506097187209,0.055728551316279004
0,0.0,0.0005268302629701793,7.825136320223675e-07,0.00019901525481817416,0.2330082356929779,0.041713960468769073,0.01687360368669033,0.1528347134590149,0.001318506097187209,0.055728551316279004
0,0.0,0.0005270296242088079,7.825136320223661e-07,0.0002078425841979467,0.25426486134529114,0.017845412716269493,0.04883100464940071,0.14204037189483643,0.0013356759495166805,0.0579992012659407
0,0.0,0.0005268302629701793,7.825136320223675e-07,0.00019901525481817416,0.2330082356929779,0.041713960468769073,0.01687360368669033,0.1528347134590149,0.001318506097187209,0.055728551316279004
0,0.0,0.0005265004001557827,7.825136320223661e-07,0.0002157688989936554,0.23106932640075684,0.06117621436715126,0.059165116399526596,0.1507226824760437,0.0014403341634213432,0.06286186754882409
0,0.0,0.0005270296242088079,7.825136320223661e-07,0.0002078425841979467,0.25426486134529114,0.017845412716269493,0.04883100464940071,0.14204037189483643,0.0013356759495166805,0.0579992012659407
0,0.0,0.0005265004001557827,7.825136320223661e-07,0.0002157688989936554,0.23106932640075684,0.06117621436715126,0.059165116399526596,0.1507226824760437,0.0014403341634213432,0.06286186754882409
0,0.0,0.0005270296242088079,7.825136320223661e-07,0.0002078425841979467,0.25426486134529114,0.017845412716269493,0.04883100464940071,0.14204037189483643,0.0013356759495166805,0.0579992012659407
0,0.0,0.0005267710075713694,7.825136416932759e-07,0.00021318554164929078,0.24689815938472748,0.035124849528074265,0.04436808452010155,0.1287868320941925,0.0013313109373958747,0.05702309402881215
0,0.0,0.000525991024915129,7.825136320223704e-07,0.0002153246625376634,0.24642211198806763,0.03357977792620659,0.06677405536174774,0.15530748665332794,0.0014214803998304053,0.06285328601001715
0,0.0,0.0005265004001557827,7.825136320223661e-07,0.0002157688989936554,0.23106932640075684,0.06117621436715126,0.059165116399526596,0.1507226824760437,0.0014403341634213432,0.06286186754882409
1,1.0,0.9994739890098572,0.9999992174863604,0.9997878997897545,0.9901697039604187,0.9989849925041199,0.998993456363678,0.9754160046577454,0.9991616732282688,0.995344723669858
0,0.0,0.0005270296242088079,7.825136320223661e-07,0.0002078425841979467,0.25426486134529114,0.017845412716269493,0.04883100464940071,0.14204037189483643,0.0013356759495166805,0.0579992012659407
1,1.0,0.9994729161262512,0.9999992174863047,0.9997864003871173,0.9844276309013367,0.9995207786560059,0.9505371451377869,0.9689883589744568,0.9990889112774854,0.9879172313017464
1,1.0,0.9994736313819885,0.9999992174863047,0.9869391576091162,0.9999786615371704,1.0,0.7897267937660217,0.9999933242797852,0.9988922774199394,0.972390828397143
0,0.0,0.000525991024915129,7.825136320223704e-07,0.0002153246625376634,0.24642211198806763,0.03357977792620659,0.06677405536174774,0.15530748665332794,0.0014214803998304053,0.06285328601001715
0,0.0,0.000525991024915129,7.825136320223704e-07,0.0002153246625376634,0.24642211198806763,0.03357977792620659,0.06677405536174774,0.15530748665332794,0.0014214803998304053,0.06285328601001715
1,1.0,0.9994736313819885,0.9999992174863047,0.9997952039270334,0.9884476065635681,0.9998251795768738,0.9900175929069519,0.9805037975311279,0.9991565211478776,0.9947663137395042
0,0.0,0.0005268302629701793,7.825136320223675e-07,0.00019901525481817416,0.2330082356929779,0.041713960468769073,0.01687360368669033,0.1528347134590149,0.001318506097187209,0.055728551316279004
1,1.0,0.9994739890098572,0.9999992174863604,0.9997878997897545,0.9901697039604187,0.9989849925041199,0.998993456363678,0.9754160046577454,0.9991616732282688,0.995344723669858
0,0.0,0.000525991024915129,7.825136320223704e-07,0.0002153246625376634,0.24642211198806763,0.03357977792620659,0.06677405536174774,0.15530748665332794,0.0014214803998304053,0.06285328601001715
0,0.0,0.000525991024915129,7.825136320223704e-07,0.0002153246625376634,0.24642211198806763,0.03357977792620659,0.06677405536174774,0.15530748665332794,0.0014214803998304053,0.06285328601001715
0,0.0,0.000525991024915129,7.825136320223704e-07,0.0002153246625376634,0.24642211198806763,0.03357977792620659,0.06677405536174774,0.15530748665332794,0.0014214803998304053,0.06285328601001715
0,0.0,0.0005265004001557827,7.825136320223661e-07,0.0002157688989936554,0.23106932640075684,0.06117621436715126,0.059165116399526596,0.1507226824760437,0.0014403341634213432,0.06286186754882409
1,1.0,0.9994733929634094,0.9999992174863047,0.9998014674999373,0.9852429628372192,0.9993225336074829,0.999871015548706,0.9864693880081177,0.9991715146135451,0.9962638094982654
0,0.0,0.0005267710075713694,7.825136416932759e-07,0.00021318554164929078,0.24689815938472748,0.035124849528074265,0.04436808452010155,0.1287868320941925,0.0013313109373958747,0.05702309402881215
0,0.0,0.0005268302629701793,7.825136320223675e-07,0.00019901525481817416,0.2330082356929779,0.041713960468769073,0.01687360368669033,0.1528347134590149,0.001318506097187209,0.055728551316279004
0,0.0,0.0005267710075713694,7.825136416932759e-07,0.00021318554164929078,0.24689815938472748,0.035124849528074265,0.04436808452010155,0.1287868320941925,0.0013313109373958747,0.05702309402881215
0,0.0,0.0005265004001557827,7.82513632022476e-07,0.00026560731278086713,0.25252726674079895,0.08219173550605774,0.06114814057946205,0.17925791442394257,0.0015951699984098585,0.07199986873812991
0,0.0,0.0005270296242088079,7.825136320223661e-07,0.0002078425841979467,0.25426486134529114,0.017845412716269493,0.04883100464940071,0.14204037189483643,0.0013356759495166805,0.0579992012659407
0,0.0,0.0005265004001557827,7.825136320223661e-07,0.0002157688989936554,0.23106932640075684,0.06117621436715126,0.059165116399526596,0.1507226824760437,0.0014403341634213432,0.06286186754882409
0,0.0,0.0005268302629701793,7.825136320223675e-07,0.00019901525481817416,0.2330082356929779,0.041713960468769073,0.01687360368669033,0.1528347134590149,0.001318506097187209,0.055728551316279004
0,0.0,0.000525991024915129,7.825136320223704e-07,0.0002153246625376634,0.24642211198806763,0.03357977792620659,0.06677405536174774,0.15530748665332794,0.0014214803998304053,0.06285328601001715
0,0.0,0.0005267710075713694,7.825136416932759e-07,0.00021318554164929078,0.24689815938472748,0.035124849528074265,0.04436808452010155,0.1287868320941925,0.0013313109373958747,0.05702309402881215
0,0.0,0.0005267710075713694,7.825136416932759e-07,0.00021318554164929078,0.24689815938472748,0.035124849528074265,0.04436808452010155,0.1287868320941925,0.0013313109373958747,0.05702309402881215
0,0.0,0.0005265004001557827,7.825136320223661e-07,0.0002157688989936554,0.23106932640075684,0.06117621436715126,0.059165116399526596,0.1507226824760437,0.0014403341634213432,0.06286186754882409
0,0.0,0.0005268302629701793,7.825136320223675e-07,0.00019901525481817416,0.2330082356929779,0.041713960468769073,0.01687360368669033,0.1528347134590149,0.001318506097187209,0.055728551316279004
0,0.0,0.0005268302629701793,7.825136320225469e-07,0.00022355173764407449,0.2657730281352997,0.056640129536390305,0.07193876802921295,0.19607828557491302,0.0016103052213910952,0.07390209507321707
0,0.0,0.0005265004001557827,7.825136320223661e-07,0.0002157688989936554,0.23106932640075684,0.06117621436715126,0.059165116399526596,0.1507226824760437,0.0014403341634213432,0.06286186754882409
0,0.0,0.0005268302629701793,7.825136320223675e-07,0.00019901525481817416,0.2330082356929779,0.041713960468769073,0.01687360368669033,0.1528347134590149,0.001318506097187209,0.055728551316279004
0,0.0,0.0005265004001557827,7.825136320223661e-07,0.0002157688989936554,0.23106932640075684,0.06117621436715126,0.059165116399526596,0.1507226824760437,0.0014403341634213432,0.06286186754882409
0,0.0,0.0005265004001557827,7.825136320223661e-07,0.0002157688989936554,0.23106932640075684,0.06117621436715126,0.059165116399526596,0.1507226824760437,0.0014403341634213432,0.06286186754882409
0,0.0,0.0005270296242088079,7.825136320223661e-07,0.0002078425841979467,0.25426486134529114,0.017845412716269493,0.04883100464940071,0.14204037189483643,0.0013356759495166805,0.0579992012659407
0,0.0,0.0005267710075713694,7.825136416932759e-07,0.00021318554164929078,0.24689815938472748,0.035124849528074265,0.04436808452010155,0.1287868320941925,0.0013313109373958747,0.05702309402881215
0,0.0,0.0005267710075713694,7.825136416932759e-07,0.00021318554164929078,0.24689815938472748,0.035124849528074265,0.04436808452010155,0.1287868320941925,0.0013313109373958747,0.05702309402881215
0,0.0,0.000525991024915129,7.825136320223704e-07,0.0002153246625376634,0.24642211198806763,0.03357977792620659,0.06677405536174774,0.15530748665332794,0.0014214803998304053,0.06285328601001715
0,0.0,0.000525991024915129,7.825136320223704e-07,0.0002153246625376634,0.24642211198806763,0.03357977792620659,0.06677405536174774,0.15530748665332794,0.0014214803998304053,0.06285328601001715
0,0.0,0.0005267710075713694,7.825136416932759e-07,0.00021318554164929078,0.24689815938472748,0.035124849528074265,0.04436808452010155,0.1287868320941925,0.0013313109373958747,0.05702309402881215
0,0.0,0.0005268302629701793,7.825136320223675e-07,0.00019901525481817416,0.2330082356929779,0.041713960468769073,0.01687360368669033,0.1528347134590149,0.001318506097187209,0.055728551316279004
0,0.0,0.0005265004001557827,7.825136320223661e-07,0.0002157688989936554,0.23106932640075684,0.06117621436715126,0.059165116399526596,0.1507226824760437,0.0014403341634213432,0.06286186754882409
1,1.0,0.9994729161262512,0.9999992174863047,0.9997864003871173,0.9844276309013367,0.9995207786560059,0.9505371451377869,0.9689883589744568,0.9990889112774854,0.9879172313017464
0,0.0,0.0005268302629701793,7.825136320223675e-07,0.00019901525481817416,0.2330082356929779,0.041713960468769073,0.01687360368669033,0.1528347134590149,0.001318506097187209,0.055728551316279004
0,0.0,0.0005265004001557827,7.825136320223661e-07,0.0002157688989936554,0.23106932640075684,0.06117621436715126,0.059165116399526596,0.1507226824760437,0.0014403341634213432,0.06286186754882409
0,0.0,0.0005268302629701793,7.825136320223675e-07,0.00019901525481817416,0.2330082356929779,0.041713960468769073,0.01687360368669033,0.1528347134590149,0.001318506097187209,0.055728551316279004
0,0.0,0.000525991024915129,7.825136320223704e-07,0.0002153246625376634,0.24642211198806763,0.03357977792620659,0.06677405536174774,0.15530748665332794,0.0014214803998304053,0.06285328601001715
0,0.0,0.0005267710075713694,7.825136416932759e-07,0.00021318554164929078,0.24689815938472748,0.035124849528074265,0.04436808452010155,0.1287868320941925,0.0013313109373958747,0.05702309402881215
0,0.0,0.0005268302629701793,7.825136320226192e-07,0.00031264650048656124,0.30651167035102844,0.0758754163980484,0.1136012151837349,0.24644331634044647,0.001980607121075297,0.09286217954850223
0,0.0,0.000525991024915129,7.825136320223704e-07,0.0002153246625376634,0.24642211198806763,0.03357977792620659,0.06677405536174774,0.15530748665332794,0.0014214803998304053,0.06285328601001715
1,1.0,0.9994729161262512,0.9999992174863047,0.9997864003871173,0.9844276309013367,0.9995207786560059,0.9505371451377869,0.9689883589744568,0.9990889112774854,0.9879172313017464
0,0.0,0.0005270296242088079,7.825136320223661e-07,0.0002078425841979467,0.25426486134529114,0.017845412716269493,0.04883100464940071,0.14204037189483643,0.0013356759495166805,0.0579992012659407
0,0.0,0.0005267710075713694,7.825136416932759e-07,0.00021318554164929078,0.24689815938472748,0.035124849528074265,0.04436808452010155,0.1287868320941925,0.0013313109373958747,0.05702309402881215
0,0.0,0.0005265004001557827,7.825136320223661e-07,0.0002157688989936554,0.23106932640075684,0.06117621436715126,0.059165116399526596,0.1507226824760437,0.0014403341634213432,0.06286186754882409
0,0.0,0.0005270296242088079,7.825136320223661e-07,0.0002078425841979467,0.25426486134529114,0.017845412716269493,0.04883100464940071,0.14204037189483643,0.0013356759495166805,0.0579992012659407
0,0.0,0.0005267710075713694,7.825136416932759e-07,0.00021318554164929078,0.24689815938472748,0.035124849528074265,0.04436808452010155,0.1287868320941925,0.0013313109373958747,0.05702309402881215
0,0.0,0.0005265004001557827,7.825136320223661e-07,0.0002157688989936554,0.23106932640075684,0.06117621436715126,0.059165116399526596,0.1507226824760437,0.0014403341634213432,0.06286186754882409
0,0.0,0.0005270296242088079,7.825136320223661e-07,0.0002078425841979467,0.25426486134529114,0.017845412716269493,0.04883100464940071,0.14204037189483643,0.0013356759495166805,0.0579992012659407
0,0.0,0.000525991024915129,7.825136320223704e-07,0.0002153246625376634,0.24642211198806763,0.03357977792620659,0.06677405536174774,0.15530748665332794,0.0014214803998304053,0.06285328601001715
0,0.0,0.0005268302629701793,7.825136320223675e-07,0.00019901525481817416,0.2330082356929779,0.041713960468769073,0.01687360368669033,0.1528347134590149,0.001318506097187209,0.055728551316279004
0,0.0,0.0005265004001557827,7.825136320224983e-07,0.00034306343497182115,0.29399335384368896,0.09009140729904175,0.06539028137922287,0.21500004827976227,0.0017894075116928376,0.08319326017132586
0,0.0,0.0005265004001557827,7.825136320223661e-07,0.0002157688989936554,0.23106932640075684,0.06117621436715126,0.059165116399526596,0.1507226824760437,0.0014403341634213432,0.06286186754882409
0,0.0,0.0005270296242088079,7.825136320230293e-07,0.04103681105308493,0.7062707543373108,0.1946236491203308,0.05722794681787491,0.970975399017334,0.010325924466462183,0.24671843512982894
0,0.0,0.0005270296242088079,7.825136320223661e-07,0.0002078425841979467,0.25426486134529114,0.017845412716269493,0.04883100464940071,0.14204037189483643,0.0013356759495166805,0.0579992012659407
0,0.0,0.0005265004001557827,7.825136320223661e-07,0.0002157688989936554,0.23106932640075684,0.06117621436715126,0.059165116399526596,0.1507226824760437,0.0014403341634213432,0.06286186754882409
1,1.0,0.9994736313819885,0.9999992174863047,0.9997952039270334,0.9884476065635681,0.9998251795768738,0.9900175929069519,0.9805037975311279,0.9991565211478776,0.9947663137395042
0,0.0,0.000525991024915129,7.825136320223704e-07,0.0002153246625376634,0.24642211198806763,0.03357977792620659,0.06677405536174774,0.15530748665332794,0.0014214803998304053,0.06285328601001715
0,0.0,0.0005267710075713694,7.825136416933286e-07,0.0002712973034534296,0.26246756315231323,0.04629596322774887,0.07728515565395355,0.15635405480861664,0.00150320010436804,0.06788465408420186
0,0.0,0.0005270296242088079,7.825136320223661e-07,0.0002078425841979467,0.25426486134529114,0.017845412716269493,0.04883100464940071,0.14204037189483643,0.0013356759495166805,0.0579992012659407
1,0.9976961812840958,0.9994736313819885,0.9999992174863047,0.9988369648885883,0.7963025569915771,0.9702539443969727,0.9443486928939819,0.7207080721855164,0.9983101890006476,0.9284103512617785
0,0.0,0.0005265004001557827,7.825136320223661e-07,0.0002157688989936554,0.23106932640075684,0.06117621436715126,0.059165116399526596,0.1507226824760437,0.0014403341634213432,0.06286186754882409
1,1.0,0.9994723200798035,0.9999992174863047,0.9994531048080108,0.8577613830566406,0.9233408570289612,0.9803959727287292,0.7583625316619873,0.9984665711546045,0.939781755436813
0,0.0,0.0005265004001557827,7.825136320223661e-07,0.0002157688989936554,0.23106932640075684,0.06117621436715126,0.059165116399526596,0.1507226824760437,0.0014403341634213432,0.06286186754882409
0,0.0,0.0005268302629701793,7.825136320223675e-07,0.00019901525481817416,0.2330082356929779,0.041713960468769073,0.01687360368669033,0.1528347134590149,0.001318506097187209,0.055728551316279004
0,0.0,0.0005265004001557827,7.825136320223661e-07,0.0002157688989936554,0.23106932640075684,0.06117621436715126,0.059165116399526596,0.1507226824760437,0.0014403341634213432,0.06286186754882409
1,1.0,0.9994736313819885,0.9999992174863047,0.9997952039270334,0.9884476065635681,0.9998251795768738,0.9900175929069519,0.9805037975311279,0.9991565211478776,0.9947663137395042
0,0.0,0.0005267710075713694,7.825136416933286e-07,0.0002712973034534296,0.26246756315231323,0.04629596322774887,0.07728515565395355,0.15635405480861664,0.00150320010436804,0.06788465408420186
0,0.0,0.0005270296242088079,7.825136320223661e-07,0.0002078425841979467,0.25426486134529114,0.017845412716269493,0.04883100464940071,0.14204037189483643,0.0013356759495166805,0.0579992012659407
1,1.0,0.9994723200798035,0.9999992174863047,0.9996659385590926,0.921167254447937,0.9680293202400208,0.9815295338630676,0.8690860271453857,0.9988663878390708,0.9673445057419003
0,0.0,0.0005268302629701793,7.825136320226192e-07,0.00031264650048656124,0.30651167035102844,0.0758754163980484,0.1136012151837349,0.24644331634044647,0.001980607121075297,0.09286217954850223
1,1.0,0.9994733929634094,0.9999992174863047,0.9998014674999373,0.9852429628372192,0.9993225336074829,0.999871015548706,0.9864693880081177,0.9991715146135451,0.9962638094982654
0,0.0,0.0005268302629701793,7.825136320223675e-07,0.00019901525481817416,0.2330082356929779,0.041713960468769073,0.01687360368669033,0.1528347134590149,0.001318506097187209,0.055728551316279004
0,0.0,0.000525991024915129,7.825136320223704e-07,0.0002153246625376634,0.24642211198806763,0.03357977792620659,0.06677405536174774,0.15530748665332794,0.0014214803998304053,0.06285328601001715
0,0.0,0.0005267710075713694,7.825136416932759e-07,0.00021318554164929078,0.24689815938472748,0.035124849528074265,0.04436808452010155,0.1287868320941925,0.0013313109373958747,0.05702309402881215
1,1.0,0.9994733929634094,0.9999992174863047,0.9998014674999373,0.9852429628372192,0.9993225336074829,0.999871015548706,0.9864693880081177,0.9991715146135451,0.9962638094982654
0,0.0,0.000525991024915129,7.825136320223704e-07,0.0002153246625376634,0.24642211198806763,0.03357977792620659,0.06677405536174774,0.15530748665332794,0.0014214803998304053,0.06285328601001715
1,1.0,0.9994723200798035,0.9999992174863047,0.9997916861560011,0.9911751747131348,0.9993465542793274,0.97444087266922,0.9874958992004395,0.9991478249613845,0.9940049869388565
0,0.0,0.0005268302629701793,7.825136320223675e-07,0.00019901525481817416,0.2330082356929779,0.041713960468769073,0.01687360368669033,0.1528347134590149,0.001318506097187209,0.055728551316279004
0,0.0,0.0005270296242088079,7.825136320223661e-07,0.0002078425841979467,0.25426486134529114,0.017845412716269493,0.04883100464940071,0.14204037189483643,0.0013356759495166805,0.0579992012659407
0,0.0,0.0005270296242088079,7.825136320223661e-07,0.0002078425841979467,0.25426486134529114,0.017845412716269493,0.04883100464940071,0.14204037189483643,0.0013356759495166805,0.0579992012659407
0,0.0,0.0005267710075713694,7.825136416932759e-07,0.00021318554164929078,0.24689815938472748,0.035124849528074265,0.04436808452010155,0.1287868320941925,0.0013313109373958747,0.05702309402881215
1,1.0,0.9994729161262512,0.9999992174863047,0.9997864003871173,0.9844276309013367,0.9995207786560059,0.9505371451377869,0.9689883589744568,0.9990889112774854,0.9879172313017464
0,0.0,0.0005265004001557827,7.825136320223661e-07,0.0002157688989936554,0.23106932640075684,0.06117621436715126,0.059165116399526596,0.1507226824760437,0.0014403341634213432,0.06286186754882409
0,0.0,0.0005270296242088079,7.825136320223661e-07,0.0002078425841979467,0.25426486134529114,0.017845412716269493,0.04883100464940071,0.14204037189483643,0.0013356759495166805,0.0579992012659407
0,0.0,0.0005270296242088079,7.825136320223661e-07,0.0002078425841979467,0.25426486134529114,0.017845412716269493,0.04883100464940071,0.14204037189483643,0.0013356759495166805,0.0579992012659407
1,1.0,0.9994733929634094,0.9999992174863047,0.9998014674999373,0.9852429628372192,0.9993225336074829,0.999871015548706,0.9864693880081177,0.9991715146135451,0.9962638094982654
1,1.0,0.9994736313819885,0.9999992174863047,0.9997952039270334,0.9884476065635681,0.9998251795768738,0.9900175929069519,0.9805037975311279,0.9991565211478776,0.9947663137395042
0,0.0,0.0005268302629701793,7.825136320223675e-07,0.00019901525481817416,0.2330082356929779,0.041713960468769073,0.01687360368669033,0.1528347134590149,0.001318506097187209,0.055728551316279004
0,0.0,0.000525991024915129,7.825136320225956e-07,0.00026875609996030407,0.2833360731601715,0.045261282473802567,0.06869415938854218,0.19185274839401245,0.0015933837665567591,0.07375970656057973
0,0.0,0.0005270296242088079,7.825136320223661e-07,0.0002078425841979467,0.25426486134529114,0.017845412716269493,0.04883100464940071,0.14204037189483643,0.0013356759495166805,0.0579992012659407
0,0.0,0.000525991024915129,7.825136320223704e-07,0.0002153246625376634,0.24642211198806763,0.03357977792620659,0.06677405536174774,0.15530748665332794,0.0014214803998304053,0.06285328601001715
0,0.0,0.0005270296242088079,7.825136320225039e-07,0.00023530647812990732,0.2798534631729126,0.026064515113830566,0.048301566392183304,0.17793382704257965,0.0014634573887450455,0.06666726973451943
0,0.0,0.0005267710075713694,7.825136416932759e-07,0.00021318554164929078,0.24689815938472748,0.035124849528074265,0.04436808452010155,0.1287868320941925,0.0013313109373958747,0.05702309402881215
0,0.0,0.0005265004001557827,7.825136320223661e-07,0.0002157688989936554,0.23106932640075684,0.06117621436715126,0.059165116399526596,0.1507226824760437,0.0014403341634213432,0.06286186754882409
0,0.0,0.0005270296242088079,7.825136320223661e-07,0.0002078425841979467,0.25426486134529114,0.017845412716269493,0.04883100464940071,0.14204037189483643,0.0013356759495166805,0.0579992012659407
0,0.0,0.0005268302629701793,7.825136320223675e-07,0.00019901525481817416,0.2330082356929779,0.041713960468769073,0.01687360368669033,0.1528347134590149,0.001318506097187209,0.055728551316279004
1,1.0,0.9994723200798035,0.9999992174863047,0.9996659385590926,0.921167254447937,0.9680293202400208,0.9815295338630676,0.8690860271453857,0.9988663878390708,0.9673445057419003
0,0.0,0.000525991024915129,7.825136320223704e-07,0.0002153246625376634,0.24642211198806763,0.03357977792620659,0.06677405536174774,0.15530748665332794,0.0014214803998304053,0.06285328601001715
0,0.0,0.0005270296242088079,7.825136320223661e-07,0.0002078425841979467,0.25426486134529114,0.017845412716269493,0.04883100464940071,0.14204037189483643,0.0013356759495166805,0.0579992012659407
0,0.0,0.0005267710075713694,7.825136416932759e-07,0.00021318554164929078,0.24689815938472748,0.035124849528074265,0.04436808452010155,0.1287868320941925,0.0013313109373958747,0.05702309402881215
0,0.0,0.0005268302629701793,7.825136320223675e-07,0.00019901525481817416,0.2330082356929779,0.041713960468769073,0.01687360368669033,0.1528347134590149,0.001318506097187209,0.055728551316279004
0,0.0,0.0005268302629701793,7.825136320223675e-07,0.00019901525481817416,0.2330082356929779,0.041713960468769073,0.01687360368669033,0.1528347134590149,0.001318506097187209,0.055728551316279004
0,0.0,0.0005267710075713694,7.825136416933286e-07,0.0002712973034534296,0.26246756315231323,0.04629596322774887,0.07728515565395355,0.15635405480861664,0.00150320010436804,0.06788465408420186
1,1.0,0.9994736313819885,0.9999992174863047,0.9995108853770837,0.8348782062530518,0.9720025062561035,0.9948975443840027,0.736321747303009,0.9985387797110041,0.9420198575628628
1,1.0,0.9994729161262512,0.9999992174863047,0.9997864003871173,0.9844276309013367,0.9995207786560059,0.9505371451377869,0.9689883589744568,0.9990889112774854,0.9879172313017464
0,0.0,0.0005267710075713694,7.825136416932759e-07,0.00021318554164929078,0.24689815938472748,0.035124849528074265,0.04436808452010155,0.1287868320941925,0.0013313109373958747,0.05702309402881215
0,0.0,0.000525991024915129,7.825136320223704e-07,0.0002153246625376634,0.24642211198806763,0.03357977792620659,0.06677405536174774,0.15530748665332794,0.0014214803998304053,0.06285328601001715
1,1.0,0.9994723200798035,0.9999992174863047,0.9997916861560011,0.9911751747131348,0.9993465542793274,0.97444087266922,0.9874958992004395,0.9991478249613845,0.9940049869388565
0,0.0,0.000525991024915129,7.825136320223704e-07,0.0002153246625376634,0.24642211198806763,0.03357977792620659,0.06677405536174774,0.15530748665332794,0.0014214803998304053,0.06285328601001715
0,0.0,0.0005270296242088079,7.825136320223661e-07,0.0002078425841979467,0.25426486134529114,0.017845412716269493,0.04883100464940071,0.14204037189483643,0.0013356759495166805,0.0579992012659407
1,1.0,0.9994736313819885,0.9999992174863047,0.9997952039270334,0.9884476065635681,0.9998251795768738,0.9900175929069519,0.9805037975311279,0.9991565211478776,0.9947663137395042
0,0.0,0.0005265004001557827,7.825136320223661e-07,0.0002157688989936554,0.23106932640075684,0.06117621436715126,0.059165116399526596,0.1507226824760437,0.0014403341634213432,0.06286186754882409
0,0.0,0.000525991024915129,7.825136320223704e-07,0.0002153246625376634,0.24642211198806763,0.03357977792620659,0.06677405536174774,0.15530748665332794,0.0014214803998304053,0.06285328601001715
0,0.0,0.0005268302629701793,7.825136320223675e-07,0.00019901525481817416,0.2330082356929779,0.041713960468769073,0.01687360368669033,0.1528347134590149,0.001318506097187209,0.055728551316279004
0,0.0,0.0005265004001557827,7.825136320223661e-07,0.0002157688989936554,0.23106932640075684,0.06117621436715126,0.059165116399526596,0.1507226824760437,0.0014403341634213432,0.06286186754882409
0,0.0,0.0005265004001557827,7.825136320223661e-07,0.0002157688989936554,0.23106932640075684,0.06117621436715126,0.059165116399526596,0.1507226824760437,0.0014403341634213432,0.06286186754882409
1,1.0,0.9994733929634094,0.9999992174863047,0.9998014674999373,0.9852429628372192,0.9993225336074829,0.999871015548706,0.9864693880081177,0.9991715146135451,0.9962638094982654
1,1.0,0.9994733929634094,0.9999992174863047,0.9998014674999373,0.9852429628372192,0.9993225336074829,0.999871015548706,0.9864693880081177,0.9991715146135451,0.9962638094982654
0,0.0,0.0005267710075713694,7.825136416932759e-07,0.00021318554164929078,0.24689815938472748,0.035124849528074265,0.04436808452010155,0.1287868320941925,0.0013313109373958747,0.05702309402881215
0,0.0,0.0005267710075713694,7.825136416932759e-07,0.00021318554164929078,0.24689815938472748,0.035124849528074265,0.04436808452010155,0.1287868320941925,0.0013313109373958747,0.05702309402881215
0,0.0,0.000525991024915129,7.825136320223704e-07,0.0002153246625376634,0.24642211198806763,0.03357977792620659,0.06677405536174774,0.15530748665332794,0.0014214803998304053,0.06285328601001715
0,0.0,0.000525991024915129,7.825136320223704e-07,0.0002153246625376634,0.24642211198806763,0.03357977792620659,0.06677405536174774,0.15530748665332794,0.0014214803998304053,0.06285328601001715
1,1.0,0.9994736313819885,0.9999992174863047,0.9988989098605429,0.9462417364120483,0.9995414018630981,0.9706156849861145,0.9281846284866333,0.9990208553059072,0.9803839483494736
1,1.0,0.9994733929634094,0.9999992174863047,0.9998014674999373,0.9852429628372192,0.9993225336074829,0.999871015548706,0.9864693880081177,0.9991715146135451,0.9962638094982654
1,1.0,0.9994733929634094,0.9999992174863047,0.9998014674999373,0.9852429628372192,0.9993225336074829,0.999871015548706,0.9864693880081177,0.9991715146135451,0.9962638094982654
0,0.0,0.0005270296242088079,7.825136320223661e-07,0.0002078425841979467,0.25426486134529114,0.017845412716269493,0.04883100464940071,0.14204037189483643,0.0013356759495166805,0.0579992012659407
0,0.0,0.0005268302629701793,7.825136320223675e-07,0.00019901525481817416,0.2330082356929779,0.041713960468769073,0.01687360368669033,0.1528347134590149,0.001318506097187209,0.055728551316279004
0,0.0,0.0005270296242088079,7.825136320223661e-07,0.0002078425841979467,0.25426486134529114,0.017845412716269493,0.04883100464940071,0.14204037189483643,0.0013356759495166805,0.0579992012659407
0,0.0,0.000525991024915129,7.825136320223704e-07,0.0002153246625376634,0.24642211198806763,0.03357977792620659,0.06677405536174774,0.15530748665332794,0.0014214803998304053,0.06285328601001715
0,0.0,0.0005268302629701793,7.825136320226192e-07,0.00031264650048656124,0.30651167035102844,0.0758754163980484,0.1136012151837349,0.24644331634044647,0.001980607121075297,0.09286217954850223
0,0.0,0.000525991024915129,7.825136320223704e-07,0.0002153246625376634,0.24642211198806763,0.03357977792620659,0.06677405536174774,0.15530748665332794,0.0014214803998304053,0.06285328601001715
0,0.0,0.000525991024915129,7.825136320223704e-07,0.0002153246625376634,0.24642211198806763,0.03357977792620659,0.06677405536174774,0.15530748665332794,0.0014214803998304053,0.06285328601001715
0,0.0,0.0005265004001557827,7.825136320223661e-07,0.0002157688989936554,0.23106932640075684,0.06117621436715126,0.059165116399526596,0.1507226824760437,0.0014403341634213432,0.06286186754882409
0,0.0,0.000525991024915129,7.825136320225956e-07,0.00026875609996030407,0.2833360731601715,0.045261282473802567,0.06869415938854218,0.19185274839401245,0.0015933837665567591,0.07375970656057973
0,0.0,0.0005267710075713694,7.825136416932759e-07,0.00021318554164929078,0.24689815938472748,0.035124849528074265,0.04436808452010155,0.1287868320941925,0.0013313109373958747,0.05702309402881215
0,0.0,0.0005268302629701793,7.825136320225469e-07,0.00022355173764407449,0.2657730281352997,0.056640129536390305,0.07193876802921295,0.19607828557491302,0.0016103052213910952,0.07390209507321707
0,0.0,0.000525991024915129,7.825136320223704e-07,0.0002153246625376634,0.24642211198806763,0.03357977792620659,0.06677405536174774,0.15530748665332794,0.0014214803998304053,0.06285328601001715
0,0.0,0.000525991024915129,7.825136320223704e-07,0.0002153246625376634,0.24642211198806763,0.03357977047562599,0.06677405536174774,0.15530748665332794,0.001421480381707247,0.06285328508006569
0,0.0,0.000525991024915129,7.825136320223704e-07,0.0002153246625376634,0.24642211198806763,0.03357977047562599,0.06677405536174774,0.15530748665332794,0.001421480381707247,0.06285328508006569
0,0.0001961812840956777,0.0005270296242088079,7.825136320226318e-07,0.00047121388352433556,0.3355054259300232,0.021999794989824295,0.05244607478380203,0.27086296677589417,0.001769885352247132,0.0853421008951974
0,0.0,0.0005268302629701793,7.825136320223675e-07,0.00019901525481817416,0.2330082356929779,0.041713960468769073,0.01687360368669033,0.1528347134590149,0.001318506097187209,0.055728551316279004
0,0.0,0.0005270296242088079,7.825136320223661e-07,0.0002078425841979467,0.25426486134529114,0.017845412716269493,0.04883100464940071,0.14204037189483643,0.0013356759495166805,0.0579992012659407
0,0.0,0.0005265004001557827,7.825136320223661e-07,0.0002157688989936554,0.23106932640075684,0.06117621436715126,0.059165116399526596,0.1507226824760437,0.0014403341634213432,0.06286186754882409
0,0.0,0.0005265004001557827,7.825136320223661e-07,0.0002157688989936554,0.23106932640075684,0.06117621436715126,0.059165116399526596,0.1507226824760437,0.0014403341634213432,0.06286186754882409
1,1.0,0.9994723200798035,0.9999992174863047,0.9996659385590926,0.921167254447937,0.9680293202400208,0.9815295338630676,0.8690860271453857,0.9988663878390708,0.9673445057419003
1,1.0,0.9994733929634094,0.9999992174863047,0.9998014674999373,0.9852429628372192,0.9993225336074829,0.999871015548706,0.9864693880081177,0.9991715146135451,0.9962638094982654
0,0.0,0.0005270296242088079,7.825136320223661e-07,0.0002078425841979467,0.25426486134529114,0.017845412716269493,0.04883100464940071,0.14204037189483643,0.0013356759495166805,0.0579992012659407
0,0.0,0.000525991024915129,7.825136320223704e-07,0.0002153246625376634,0.24642211198806763,0.03357977792620659,0.06677405536174774,0.15530748665332794,0.0014214803998304053,0.06285328601001715
0,0.0,0.0005267710075713694,7.825136416932759e-07,0.00021318554164929078,0.24689815938472748,0.035124849528074265,0.04436808452010155,0.1287868320941925,0.0013313109373958747,0.05702309402881215
0,0.0,0.0005265004001557827,7.825136320223661e-07,0.0002157688989936554,0.23106932640075684,0.06117621436715126,0.059165116399526596,0.1507226824760437,0.0014403341634213432,0.06286186754882409
0,0.0,0.0005270296242088079,7.825136320223661e-07,0.0002078425841979467,0.25426486134529114,0.017845412716269493,0.04883100464940071,0.14204037189483643,0.0013356759495166805,0.0579992012659407
0,0.0,0.0005270296242088079,7.825136320223661e-07,0.0002078425841979467,0.25426486134529114,0.017845412716269493,0.04883100464940071,0.14204037189483643,0.0013356759495166805,0.0579992012659407
0,0.0,0.0005268302629701793,7.825136320223675e-07,0.00019901525481817416,0.2330082356929779,0.041713960468769073,0.01687360368669033,0.1528347134590149,0.001318506097187209,0.055728551316279004
0,0.0,0.0005267710075713694,7.825136416933286e-07,0.0002712973034534296,0.26246756315231323,0.04629596322774887,0.07728515565395355,0.15635405480861664,0.00150320010436804,0.06788465408420186
0,0.0,0.0005265004001557827,7.825136320223661e-07,0.0002157688989936554,0.23106932640075684,0.06117621436715126,0.059165116399526596,0.1507226824760437,0.0014403341634213432,0.06286186754882409
0,0.0,0.0005270296242088079,7.825136320223661e-07,0.0002078425841979467,0.25426486134529114,0.017845412716269493,0.04883100464940071,0.14204037189483643,0.0013356759495166805,0.0579992012659407
0,0.0,0.0005265004001557827,7.82513632022476e-07,0.00026560731278086713,0.25252726674079895,0.08219173550605774,0.06114814057946205,0.17925791442394257,0.0015951699984098585,0.07199986873812991
0,0.0,0.0005268302629701793,7.825136320223675e-07,0.00019901525481817416,0.2330082356929779,0.041713960468769073,0.01687360368669033,0.1528347134590149,0.001318506097187209,0.055728551316279004
0,0.0,0.000525991024915129,7.825136320223704e-07,0.0002153246625376634,0.24642211198806763,0.03357977792620659,0.06677405536174774,0.15530748665332794,0.0014214803998304053,0.06285328601001715
0,0.0,0.0005270296242088079,7.825136320223661e-07,0.0002078425841979467,0.25426486134529114,0.017845412716269493,0.04883100464940071,0.14204037189483643,0.0013356759495166805,0.0579992012659407
0,0.0,0.0005270296242088079,7.825136320223661e-07,0.0002078425841979467,0.25426486134529114,0.017845412716269493,0.04883100464940071,0.14204037189483643,0.0013356759495166805,0.0579992012659407
0,0.0,0.0005267710075713694,7.825136416932759e-07,0.00021318554164929078,0.24689815938472748,0.035124849528074265,0.04436808452010155,0.1287868320941925,0.0013313109373958747,0.05702309402881215
0,0.0,0.0005270296242088079,7.825136320223661e-07,0.0002078425841979467,0.25426486134529114,0.017845412716269493,0.04883100464940071,0.14204037189483643,0.0013356759495166805,0.0579992012659407
0,0.0,0.0005268302629701793,7.825136320223675e-07,0.00019901525481817416,0.2330082356929779,0.041713960468769073,0.01687360368669033,0.1528347134590149,0.001318506097187209,0.055728551316279004
0,0.0,0.0005267710075713694,7.825136416932759e-07,0.00021318554164929078,0.24689815938472748,0.035124849528074265,0.04436808452010155,0.1287868320941925,0.0013313109373958747,0.05702309402881215
0,0.0,0.0005270296242088079,7.825136320223661e-07,0.0002078425841979467,0.25426486134529114,0.017845412716269493,0.04883100464940071,0.14204037189483643,0.0013356759495166805,0.0579992012659407
1,1.0,0.9994729161262512,0.9999992174863047,0.9997864003871173,0.9844276309013367,0.9995207786560059,0.9505371451377869,0.9689883589744568,0.9990889112774854,0.9879172313017464
0,0.0,0.0005265004001557827,7.825136320223661e-07,0.0002157688989936554,0.23106932640075684,0.06117621436715126,0.059165116399526596,0.1507226824760437,0.0014403341634213432,0.06286186754882409
0,0.0,0.0005268302629701793,7.825136320223675e-07,0.00019901525481817416,0.2330082356929779,0.041713960468769073,0.01687360368669033,0.1528347134590149,0.001318506097187209,0.055728551316279004
0,0.0,0.0005270296242088079,7.825136320230293e-07,0.013879458202507987,0.4047207832336426,0.02052205614745617,0.05535140261054039,0.4399820566177368,0.0024891546282985806,0.11703408329669066
0,0.0,0.0005268302629701793,7.825136320223675e-07,0.00019901525481817416,0.2330082356929779,0.041713960468769073,0.01687360368669033,0.1528347134590149,0.001318506097187209,0.055728551316279004
0,0.0,0.0005265004001557827,7.825136320223661e-07,0.0002157688989936554,0.23106932640075684,0.06117621436715126,0.059165116399526596,0.1507226824760437,0.0014403341634213432,0.06286186754882409
0,0.0,0.0005270296242088079,7.825136320223661e-07,0.0002078425841979467,0.25426486134529114,0.017845412716269493,0.04883100464940071,0.14204037189483643,0.0013356759495166805,0.0579992012659407
0,0.0,0.0005268302629701793,7.825136320223675e-07,0.00019901525481817416,0.2330082356929779,0.041713960468769073,0.01687360368669033,0.1528347134590149,0.001318506097187209,0.055728551316279004
0,0.0,0.0005270296242088079,7.825136320223661e-07,0.0002078425841979467,0.25426486134529114,0.017845412716269493,0.04883100464940071,0.14204037189483643,0.0013356759495166805,0.0579992012659407
1,1.0,0.9994729161262512,0.9999992174863047,0.9990151228355991,0.7711676359176636,0.5834510326385498,0.7189050316810608,0.615096390247345,0.9946673533285821,0.8362896517020657
0,0.0,0.0005270296242088079,7.825136320223661e-07,0.0002078425841979467,0.25426486134529114,0.017845412716269493,0.04883100464940071,0.14204037189483643,0.0013356759495166805,0.0579992012659407
1,1.0,0.9994733929634094,0.9999992174863047,0.9965005385504628,0.9988180994987488,0.9999998807907104,0.9999998807907104,0.9986944794654846,0.9991928684242679,0.999183530954206
0,0.0,0.0005265004001557827,7.825136320223661e-07,0.0002157688989936554,0.23106932640075684,0.06117621436715126,0.059165116399526596,0.1507226824760437,0.0014403341634213432,0.06286186754882409
0,0.0,0.0005267710075713694,7.825136416932759e-07,0.00021318554164929078,0.24689815938472748,0.035124849528074265,0.04436808452010155,0.1287868320941925,0.0013313109373958747,0.05702309402881215
1,1.0,0.9994733929634094,0.9999992174863047,0.999675841537436,0.9736484289169312,0.9991763234138489,0.9999997615814209,0.9677694439888,0.9991384914073006,0.9924497064840506
0,0.0,0.0005268302629701793,7.825136320223675e-07,0.00019901525481817416,0.2330082356929779,0.041713960468769073,0.01687360368669033,0.1528347134590149,0.001318506097187209,0.055728551316279004
0,0.0,0.0005265004001557827,7.825136320223661e-07,0.0002157688989936554,0.23106932640075684,0.06117621436715126,0.059165116399526596,0.1507226824760437,0.0014403341634213432,0.06286186754882409
1,1.0,0.9994723200798035,0.9999992174863047,0.9997916861560011,0.9911751747131348,0.9993465542793274,0.97444087266922,0.9874958992004395,0.9991478249613845,0.9940049869388565
0,0.0,0.0005268302629701793,7.825136320223675e-07,0.00019901525481817416,0.2330082356929779,0.041713960468769073,0.01687360368669033,0.1528347134590149,0.001318506097187209,0.055728551316279004
0,0.0,0.0005265004001557827,7.825136320223661e-07,0.0002157688989936554,0.23106932640075684,0.06117621436715126,0.059165116399526596,0.1507226824760437,0.0014403341634213432,0.06286186754882409
0,0.0,0.0005267710075713694,7.825136416932759e-07,0.00021318554164929078,0.24689815938472748,0.035124849528074265,0.04436808452010155,0.1287868320941925,0.0013313109373958747,0.05702309402881215
0,0.0,0.000525991024915129,7.825136320223704e-07,0.0002153246625376634,0.24642211198806763,0.03357977792620659,0.06677405536174774,0.15530748665332794,0.0014214803998304053,0.06285328601001715
0,0.0,0.0005268302629701793,7.825136320223675e-07,0.00019901525481817416,0.2330082356929779,0.041713960468769073,0.01687360368669033,0.1528347134590149,0.001318506097187209,0.055728551316279004
0,0.0,0.000525991024915129,7.825136320223704e-07,0.0002153246625376634,0.24642211198806763,0.03357977792620659,0.06677405536174774,0.15530748665332794,0.0014214803998304053,0.06285328601001715
0,0.0,0.0005267710075713694,7.825136416932759e-07,0.00021318554164929078,0.24689815938472748,0.035124849528074265,0.04436808452010155,0.1287868320941925,0.0013313109373958747,0.05702309402881215
0,0.0,0.0005265004001557827,7.825136320223661e-07,0.0002157688989936554,0.23106932640075684,0.06117621436715126,0.059165116399526596,0.1507226824760437,0.0014403341634213432,0.06286186754882409
0,0.0,0.000525991024915129,7.825136320223704e-07,0.0002153246625376634,0.24642211198806763,0.03357977792620659,0.06677405536174774,0.15530748665332794,0.0014214803998304053,0.06285328601001715
0,0.0,0.0005267710075713694,7.825136416932759e-07,0.00021318554164929078,0.24689815938472748,0.035124849528074265,0.04436808452010155,0.1287868320941925,0.0013313109373958747,0.05702309402881215
0,0.0,0.0005268302629701793,7.825136320223675e-07,0.00019901525481817416,0.2330082356929779,0.041713960468769073,0.01687360368669033,0.1528347134590149,0.001318506097187209,0.055728551316279004
0,0.0,0.0005270296242088079,7.825136320223661e-07,0.0002078425841979467,0.25426486134529114,0.017845412716269493,0.04883100464940071,0.14204037189483643,0.0013356759495166805,0.0579992012659407
0,0.0,0.000525991024915129,7.825136320223704e-07,0.0002153246625376634,0.24642211198806763,0.03357977792620659,0.06677405536174774,0.15530748665332794,0.0014214803998304053,0.06285328601001715
0,0.0,0.0005268302629701793,7.825136320223675e-07,0.00019901525481817416,0.2330082356929779,0.041713960468769073,0.01687360368669033,0.1528347134590149,0.001318506097187209,0.055728551316279004
0,0.0,0.0005268302629701793,7.825136320223675e-07,0.00019901525481817416,0.2330082356929779,0.041713960468769073,0.01687360368669033,0.1528347134590149,0.001318506097187209,0.055728551316279004
0,0.0,0.0005268302629701793,7.825136320223675e-07,0.00019901525481817416,0.2330082356929779,0.041713960468769073,0.01687360368669033,0.1528347134590149,0.001318506097187209,0.055728551316279004
0,0.0,0.0005270296242088079,7.825136320223661e-07,0.0002078425841979467,0.25426486134529114,0.017845412716269493,0.04883100464940071,0.14204037189483643,0.0013356759495166805,0.0579992012659407
1,1.0,0.9994723200798035,0.9999992174863047,0.9997916861560011,0.9911751747131348,0.9993465542793274,0.97444087266922,0.9874958992004395,0.9991478249613845,0.9940049869388565
0,0.0,0.0005267710075713694,7.825136416933286e-07,0.0002712973034534296,0.26246756315231323,0.04629596322774887,0.07728515565395355,0.15635405480861664,0.00150320010436804,0.06788465408420186
0,0.0,0.000525991024915129,7.825136320223704e-07,0.0002153246625376634,0.24642211198806763,0.03357977792620659,0.06677405536174774,0.15530748665332794,0.0014214803998304053,0.06285328601001715
1,1.0,0.9994733929634094,0.9999992174863047,0.9931331231053667,0.9990799427032471,1.0,1.0,0.9995375871658325,0.9991881451898831,0.9988999146198678
0,0.0,0.0005267710075713694,7.825136416932759e-07,0.00021318554164929078,0.24689815938472748,0.035124849528074265,0.04436808452010155,0.1287868320941925,0.0013313109373958747,0.05702309402881215
1,1.0,0.9994736313819885,0.9999992174863047,0.9996411536633151,0.9013952612876892,0.9895763397216797,0.9943095445632935,0.8488097190856934,0.9988721379741826,0.9665868586709614
1,1.0,0.9994723200798035,0.9999992174863047,0.9994531048080108,0.8577613830566406,0.9233408570289612,0.9803959727287292,0.7583625316619873,0.9984665711546045,0.939781755436813
0,0.0,0.0005267710075713694,7.825136416934399e-07,0.0005111388030542087,0.31177571415901184,0.06597816199064255,0.10675448924303055,0.2137177437543869,0.001854292750682908,0.08736829860629847
0,0.0,0.0005265004001557827,7.825136320223661e-07,0.0002157688989936554,0.23106932640075684,0.06117621436715126,0.059165116399526596,0.1507226824760437,0.0014403341634213432,0.06286186754882409
0,0.0,0.0005268302629701793,7.825136320223675e-07,0.00019901525481817416,0.2330082356929779,0.041713960468769073,0.01687360368669033,0.1528347134590149,0.001318506097187209,0.055728551316279004
0,0.0,0.0005267710075713694,7.825136416932759e-07,0.00021318554164929078,0.24689815938472748,0.035124849528074265,0.04436808452010155,0.1287868320941925,0.0013313109373958747,0.05702309402881215
0,0.0,0.0005265004001557827,7.825136320223661e-07,0.0002157688989936554,0.23106932640075684,0.06117621436715126,0.059165116399526596,0.1507226824760437,0.0014403341634213432,0.06286186754882409
0,0.0,0.0005268302629701793,7.825136320223675e-07,0.00019901525481817416,0.2330082356929779,0.041713960468769073,0.01687360368669033,0.1528347134590149,0.001318506097187209,0.055728551316279004
0,0.0,0.0005270296242088079,7.825136320223661e-07,0.0002078425841979467,0.25426486134529114,0.017845412716269493,0.04883100464940071,0.14204037189483643,0.0013356759495166805,0.0579992012659407
0,0.0,0.000525991024915129,7.825136320223704e-07,0.0002153246625376634,0.24642211198806763,0.03357977792620659,0.06677405536174774,0.15530748665332794,0.0014214803998304053,0.06285328601001715
0,0.0,0.0005270296242088079,7.825136320223661e-07,0.0002078425841979467,0.25426486134529114,0.017845412716269493,0.04883100464940071,0.14204037189483643,0.0013356759495166805,0.0579992012659407
0,0.0,0.000525991024915129,7.825136320225956e-07,0.00026875609996030407,0.2833360731601715,0.045261282473802567,0.06869415938854218,0.19185274839401245,0.0015933837665567591,0.07375970656057973
0,0.0,0.0005270296242088079,7.825136320223661e-07,0.0002078425841979467,0.25426486134529114,0.017845412716269493,0.04883100464940071,0.14204037189483643,0.0013356759495166805,0.0579992012659407
0,0.0,0.000525991024915129,7.825136320223704e-07,0.0002153246625376634,0.24642211198806763,0.03357977792620659,0.06677405536174774,0.15530748665332794,0.0014214803998304053,0.06285328601001715
0,0.0,0.0005268302629701793,7.825136320223675e-07,0.00019901525481817416,0.2330082356929779,0.041713960468769073,0.01687360368669033,0.1528347134590149,0.001318506097187209,0.055728551316279004
0,0.0,0.0005265004001557827,7.825136320223661e-07,0.0002157688989936554,0.23106932640075684,0.06117621436715126,0.059165116399526596,0.1507226824760437,0.0014403341634213432,0.06286186754882409
0,0.0,0.0005265004001557827,7.825136320223661e-07,0.0002157688989936554,0.23106932640075684,0.06117621436715126,0.059165116399526596,0.1507226824760437,0.0014403341634213432,0.06286186754882409
0,0.0,0.0005268302629701793,7.825136320223675e-07,0.00019901525481817416,0.2330082356929779,0.041713960468769073,0.01687360368669033,0.1528347134590149,0.001318506097187209,0.055728551316279004
1,1.0,0.9994729161262512,0.9999992174863047,0.9997864003871173,0.9844276309013367,0.9995207786560059,0.9505371451377869,0.9689883589744568,0.9990889112774854,0.9879172313017464
0,0.0,0.0005267710075713694,7.825136416932759e-07,0.00021318554164929078,0.24689815938472748,0.035124849528074265,0.04436808452010155,0.1287868320941925,0.0013313109373958747,0.05702309402881215
0,0.0,0.0005270296242088079,7.825136320225039e-07,0.00023530647812990732,0.2798534631729126,0.026064515113830566,0.048301566392183304,0.17793382704257965,0.0014634573887450455,0.06666726973451943
0,0.0,0.0005268302629701793,7.825136320223675e-07,0.00019901525481817416,0.2330082356929779,0.041713960468769073,0.01687360368669033,0.1528347134590149,0.001318506097187209,0.055728551316279004
0,0.0,0.0005268302629701793,7.825136320223675e-07,0.00019901525481817416,0.2330082356929779,0.041713960468769073,0.01687360368669033,0.1528347134590149,0.001318506097187209,0.055728551316279004
0,0.0,0.0005270296242088079,7.825136320225039e-07,0.00023530647812990732,0.2798534631729126,0.026064515113830566,0.048301566392183304,0.17793382704257965,0.0014634573887450455,0.06666726973451943
0,0.0,0.000525991024915129,7.825136320226651e-07,0.0003864084158956572,0.3297906816005707,0.05629097297787666,0.072733074426651,0.2374628484249115,0.001831440406999502,0.08718528625734825
0,0.0,0.0005268302629701793,7.825136320223675e-07,0.00019901525481817416,0.2330082356929779,0.041713960468769073,0.01687360368669033,0.1528347134590149,0.001318506097187209,0.055728551316279004
0,0.0,0.0005268302629701793,7.825136320223675e-07,0.00019901525481817416,0.2330082356929779,0.041713960468769073,0.01687360368669033,0.1528347134590149,0.001318506097187209,0.055728551316279004
0,0.0,0.0005268302629701793,7.825136320223675e-07,0.00019901525481817416,0.2330082356929779,0.041713960468769073,0.01687360368669033,0.1528347134590149,0.001318506097187209,0.055728551316279004
0,0.0,0.000525991024915129,7.825136320223704e-07,0.0002153246625376634,0.24642211198806763,0.03357977792620659,0.06677405536174774,0.15530748665332794,0.0014214803998304053,0.06285328601001715
1,1.0,0.9994729161262512,0.9999992174863047,0.9997864003871173,0.9844276309013367,0.9995207786560059,0.9505371451377869,0.9689883589744568,0.9990889112774854,0.9879172313017464
0,0.0,0.0005268302629701793,7.825136320223675e-07,0.00019901525481817416,0.2330082356929779,0.041713960468769073,0.01687360368669033,0.1528347134590149,0.001318506097187209,0.055728551316279004
0,0.0,0.0005268302629701793,7.825136320223675e-07,0.00019901525481817416,0.2330082356929779,0.041713960468769073,0.01687360368669033,0.1528347134590149,0.001318506097187209,0.055728551316279004
0,0.0,0.000525991024915129,7.825136320223704e-07,0.0002153246625376634,0.24642211198806763,0.03357977792620659,0.06677405536174774,0.15530748665332794,0.0014214803998304053,0.06285328601001715
0,0.0,0.0005270296242088079,7.825136320223661e-07,0.0002078425841979467,0.25426486134529114,0.017845412716269493,0.04883100464940071,0.14204037189483643,0.0013356759495166805,0.0579992012659407
1,1.0,0.9994729161262512,0.9999992174863047,0.9925700053694827,0.971213698387146,0.9684064984321594,0.06069692224264145,0.9806997776031494,0.9965518644299338,0.8733252385171721
0,0.0,0.0005265004001557827,7.82513632022476e-07,0.00026560731278086713,0.25252726674079895,0.08219173550605774,0.06114814057946205,0.17925791442394257,0.0015951699984098585,0.07199986873812991
0,0.0,0.0005270296242088079,7.825136320223661e-07,0.0002078425841979467,0.25426486134529114,0.017845412716269493,0.04883100464940071,0.14204037189483643,0.0013356759495166805,0.0579992012659407
0,0.0,0.0005268302629701793,7.825136320223675e-07,0.00019901525481817416,0.2330082356929779,0.041713960468769073,0.01687360368669033,0.1528347134590149,0.001318506097187209,0.055728551316279004
0,0.0,0.0005267710075713694,7.825136416932759e-07,0.00021318554164929078,0.24689815938472748,0.035124849528074265,0.04436808452010155,0.1287868320941925,0.0013313109373958747,0.05702309402881215
0,0.0,0.0005265004001557827,7.825136320223661e-07,0.0002157688989936554,0.23106932640075684,0.06117621436715126,0.059165116399526596,0.1507226824760437,0.0014403341634213432,0.06286186754882409
0,0.0,0.0005265004001557827,7.825136320223661e-07,0.0002157688989936554,0.23106932640075684,0.06117621436715126,0.059165116399526596,0.1507226824760437,0.0014403341634213432,0.06286186754882409
0,0.0,0.0005265004001557827,7.825136320223661e-07,0.0002157688989936554,0.23106932640075684,0.06117621436715126,0.059165116399526596,0.1507226824760437,0.0014403341634213432,0.06286186754882409
0,0.0,0.0005267710075713694,7.825136416932759e-07,0.00021318554164929078,0.24689815938472748,0.035124849528074265,0.04436808452010155,0.1287868320941925,0.0013313109373958747,0.05702309402881215
0,0.0,0.0005267710075713694,7.825136416932759e-07,0.00021318554164929078,0.24689815938472748,0.035124849528074265,0.04436808452010155,0.1287868320941925,0.0013313109373958747,0.05702309402881215
0,0.0,0.0005267710075713694,7.825136416932759e-07,0.00021318554164929078,0.24689815938472748,0.035124849528074265,0.04436808452010155,0.1287868320941925,0.0013313109373958747,0.05702309402881215
0,0.0,0.0005267710075713694,7.825136416932759e-07,0.00021318554164929078,0.24689815938472748,0.035124849528074265,0.04436808452010155,0.1287868320941925,0.0013313109373958747,0.05702309402881215
0,0.0,0.000525991024915129,7.825136320223704e-07,0.0002153246625376634,0.24642211198806763,0.03357977792620659,0.06677405536174774,0.15530748665332794,0.0014214803998304053,0.06285328601001715
0,0.0,0.0005270296242088079,7.825136320223661e-07,0.0002078425841979467,0.25426486134529114,0.017845412716269493,0.04883100464940071,0.14204037189483643,0.0013356759495166805,0.0579992012659407
0,0.0,0.0005270296242088079,7.825136320225039e-07,0.00023530647812990732,0.2798534631729126,0.026064515113830566,0.048301566392183304,0.17793382704257965,0.0014634573887450455,0.06666726973451943
0,0.0,0.0005267710075713694,7.825136416932759e-07,0.00021318554164929078,0.24689815938472748,0.035124849528074265,0.04436808452010155,0.1287868320941925,0.0013313109373958747,0.05702309402881215
0,0.0,0.0005265004001557827,7.825136320223661e-07,0.0002157688989936554,0.23106932640075684,0.06117621436715126,0.059165116399526596,0.1507226824760437,0.0014403341634213432,0.06286186754882409
0,0.0,0.000525991024915129,7.825136320225956e-07,0.00026875609996030407,0.2833360731601715,0.045261282473802567,0.06869415938854218,0.19185274839401245,0.0015933837665567591,0.07375970656057973
1,1.0,0.9994736313819885,0.9999992174863047,0.9997952039270334,0.9884476065635681,0.9998251795768738,0.9900175929069519,0.9805037975311279,0.9991565211478776,0.9947663137395042
0,0.0,0.0005267710075713694,7.825136416934399e-07,0.0005111388030542087,0.31177571415901184,0.06597816199064255,0.10675448924303055,0.2137177437543869,0.001854292750682908,0.08736829860629847
1,1.0,0.9994736313819885,0.9999992174863047,0.9997952039270334,0.9884476065635681,0.9998251795768738,0.9900175929069519,0.9805037975311279,0.9991565211478776,0.9947663137395042
1,1.0,0.9994729161262512,0.9999992174863047,0.9997864003871173,0.9844276309013367,0.9995207786560059,0.9505371451377869,0.9689883589744568,0.9990889112774854,0.9879172313017464
0,0.0,0.0005268302629701793,7.825136320223675e-07,0.00019901525481817416,0.2330082356929779,0.041713960468769073,0.01687360368669033,0.1528347134590149,0.001318506097187209,0.055728551316279004
0,0.0,0.0005268302629701793,7.825136320223675e-07,0.00019901525481817416,0.2330082356929779,0.041713960468769073,0.01687360368669033,0.1528347134590149,0.001318506097187209,0.055728551316279004
1,1.0,0.9994729161262512,0.9999992174863047,0.9996952651286762,0.8935242891311646,0.9528198838233948,0.959873378276825,0.8032092452049255,0.9986446055536926,0.9510644392415589
0,0.0,0.0005265004001557827,7.825136320223661e-07,0.0002157688989936554,0.23106932640075684,0.06117621436715126,0.059165116399526596,0.1507226824760437,0.0014403341634213432,0.06286186754882409
0,0.0,0.0005267710075713694,7.825136416932759e-07,0.00021318554164929078,0.24689815938472748,0.035124849528074265,0.04436808452010155,0.1287868320941925,0.0013313109373958747,0.05702309402881215
0,0.0,0.0005267710075713694,7.825136416932759e-07,0.00021318554164929078,0.24689815938472748,0.035124849528074265,0.04436808452010155,0.1287868320941925,0.0013313109373958747,0.05702309402881215
0,0.0,0.0005268302629701793,7.825136320223675e-07,0.00019901525481817416,0.2330082356929779,0.041713960468769073,0.01687360368669033,0.1528347134590149,0.001318506097187209,0.055728551316279004
0,0.0,0.0005270296242088079,7.825136320230293e-07,0.013879458202507987,0.4047207832336426,0.02052205614745617,0.05535140261054039,0.4399820566177368,0.0024891546282985806,0.11703408329669066
0,0.0,0.0005267710075713694,7.825136416932759e-07,0.00021318554164929078,0.24689815938472748,0.035124849528074265,0.04436808452010155,0.1287868320941925,0.0013313109373958747,0.05702309402881215
0,0.0,0.0005265004001557827,7.825136320223661e-07,0.0002157688989936554,0.23106932640075684,0.06117621436715126,0.059165116399526596,0.1507226824760437,0.0014403341634213432,0.06286186754882409
0,0.0,0.0005265004001557827,7.825136320223661e-07,0.0002157688989936554,0.23106932640075684,0.06117621436715126,0.059165116399526596,0.1507226824760437,0.0014403341634213432,0.06286186754882409
0,0.0,0.0005267710075713694,7.825136416932759e-07,0.00021318554164929078,0.24689815938472748,0.035124849528074265,0.04436808452010155,0.1287868320941925,0.0013313109373958747,0.05702309402881215
0,0.0,0.0005267710075713694,7.825136416932759e-07,0.00021318554164929078,0.24689815938472748,0.035124849528074265,0.04436808452010155,0.1287868320941925,0.0013313109373958747,0.05702309402881215
1,1.0,0.9994733929634094,0.9999992174863047,0.9998014674999373,0.9852429628372192,0.9993225336074829,0.999871015548706,0.9864693880081177,0.9991715146135451,0.9962638094982654
0,0.0,0.0005267710075713694,7.825136416932759e-07,0.00021318554164929078,0.24689815938472748,0.035124849528074265,0.04436808452010155,0.1287868320941925,0.0013313109373958747,0.05702309402881215
0,0.0,0.0005268302629701793,7.825136320223675e-07,0.00019901525481817416,0.2330082356929779,0.041713960468769073,0.01687360368669033,0.1528347134590149,0.001318506097187209,0.055728551316279004
0,0.0,0.0005268302629701793,7.825136320223675e-07,0.00019901525481817416,0.2330082356929779,0.041713960468769073,0.01687360368669033,0.1528347134590149,0.001318506097187209,0.055728551316279004
0,0.0,0.0005268302629701793,7.825136320223675e-07,0.00019901525481817416,0.2330082356929779,0.041713960468769073,0.01687360368669033,0.1528347134590149,0.001318506097187209,0.055728551316279004
0,0.0,0.0005268302629701793,7.825136320223675e-07,0.00019901525481817416,0.2330082356929779,0.041713960468769073,0.01687360368669033,0.1528347134590149,0.001318506097187209,0.055728551316279004
0,0.0,0.0005270296242088079,7.825136320223661e-07,0.0002078425841979467,0.25426486134529114,0.017845412716269493,0.04883100464940071,0.14204037189483643,0.0013356759495166805,0.0579992012659407
0,0.0,0.0005270296242088079,7.825136320223661e-07,0.0002078425841979467,0.25426486134529114,0.017845412716269493,0.04883100464940071,0.14204037189483643,0.0013356759495166805,0.0579992012659407
0,0.0,0.0005268302629701793,7.825136320223675e-07,0.00019901525481817416,0.2330082356929779,0.041713960468769073,0.01687360368669033,0.1528347134590149,0.001318506097187209,0.055728551316279004
0,0.0,0.000525991024915129,7.825136320223704e-07,0.0002153246625376634,0.24642211198806763,0.03357977792620659,0.06677405536174774,0.15530748665332794,0.0014214803998304053,0.06285328601001715
0,0.0,0.0005267710075713694,7.825136416932759e-07,0.00021318554164929078,0.24689815938472748,0.035124849528074265,0.04436808452010155,0.1287868320941925,0.0013313109373958747,0.05702309402881215
0,0.0,0.0005267710075713694,7.825136416932759e-07,0.00021318554164929078,0.24689815938472748,0.035124849528074265,0.04436808452010155,0.1287868320941925,0.0013313109373958747,0.05702309402881215
0,0.0,0.0005265004001557827,7.825136320223661e-07,0.0002157688989936554,0.23106932640075684,0.06117621436715126,0.059165116399526596,0.1507226824760437,0.0014403341634213432,0.06286186754882409
1,1.0,0.9994736313819885,0.9999992174863047,0.9995108853770837,0.8348782062530518,0.9720025062561035,0.9948975443840027,0.736321747303009,0.9985387797110041,0.9420198575628628
1,1.0,0.9994723200798035,0.9999992174863047,0.9997916861560011,0.9911751747131348,0.9993465542793274,0.97444087266922,0.9874958992004395,0.9991478249613845,0.9940049869388565
0,0.0,0.0005270296242088079,7.825136320223661e-07,0.0002078425841979467,0.25426486134529114,0.017845412716269493,0.04883100464940071,0.14204037189483643,0.0013356759495166805,0.0579992012659407
1,1.0,0.9994733929634094,0.9999992174863047,0.9998014674999373,0.9852429628372192,0.9993225336074829,0.999871015548706,0.9864693880081177,0.9991715146135451,0.9962638094982654
0,0.0,0.0005265004001557827,7.825136320223661e-07,0.0002157688989936554,0.23106932640075684,0.06117621436715126,0.059165116399526596,0.1507226824760437,0.0014403341634213432,0.06286186754882409
0,0.0,0.0005267710075713694,7.825136416932759e-07,0.00021318554164929078,0.24689815938472748,0.035124849528074265,0.04436808452010155,0.1287868320941925,0.0013313109373958747,0.05702309402881215
0,0.0,0.0005268302629701793,7.825136320223675e-07,0.00019901525481817416,0.2330082356929779,0.041713960468769073,0.01687360368669033,0.1528347134590149,0.001318506097187209,0.055728551316279004
0,0.0,0.0005265004001557827,7.825136320223661e-07,0.0002157688989936554,0.23106932640075684,0.06117621436715126,0.059165116399526596,0.1507226824760437,0.0014403341634213432,0.06286186754882409
0,0.0,0.0005270296242088079,7.825136320223661e-07,0.0002078425841979467,0.25426486134529114,0.017845412716269493,0.04883100464940071,0.14204037189483643,0.0013356759495166805,0.0579992012659407
0,0.0,0.0005270296242088079,7.825136320223661e-07,0.0002078425841979467,0.25426486134529114,0.017845412716269493,0.04883100464940071,0.14204037189483643,0.0013356759495166805,0.0579992012659407
0,0.0,0.0005267710075713694,7.825136416932759e-07,0.00021318554164929078,0.24689815938472748,0.035124849528074265,0.04436808452010155,0.1287868320941925,0.0013313109373958747,0.05702309402881215
0,0.0,0.0005267710075713694,7.825136416932759e-07,0.00021318554164929078,0.24689815938472748,0.035124849528074265,0.04436808452010155,0.1287868320941925,0.0013313109373958747,0.05702309402881215
0,0.0,0.0005268302629701793,7.825136320223675e-07,0.00019901525481817416,0.2330082356929779,0.041713960468769073,0.01687360368669033,0.1528347134590149,0.001318506097187209,0.055728551316279004
1,1.0,0.9994729161262512,0.9999992174863047,0.9962432601830236,0.6774411201477051,0.38833436369895935,0.06465752422809601,0.6355153322219849,0.9798160139561215,0.721805441878764
0,0.0,0.0005265004001557827,7.825136320223661e-07,0.0002157688989936554,0.23106932640075684,0.06117621436715126,0.059165116399526596,0.1507226824760437,0.0014403341634213432,0.06286186754882409
0,0.0,0.0005270296242088079,7.825136320225039e-07,0.00023530647812990732,0.2798534631729126,0.026064515113830566,0.048301566392183304,0.17793382704257965,0.0014634573887450455,0.06666726973451943
0,0.0,0.0005265004001557827,7.825136320223661e-07,0.0002157688989936554,0.23106932640075684,0.06117621436715126,0.059165116399526596,0.1507226824760437,0.0014403341634213432,0.06286186754882409
0,0.0,0.0005265004001557827,7.825136320223661e-07,0.0002157688989936554,0.23106932640075684,0.06117621436715126,0.059165116399526596,0.1507226824760437,0.0014403341634213432,0.06286186754882409
0,0.0,0.000525991024915129,7.825136320223704e-07,0.0002153246625376634,0.24642211198806763,0.03357977792620659,0.06677405536174774,0.15530748665332794,0.0014214803998304053,0.06285328601001715
1,1.0,0.9994736313819885,0.9999992174863047,0.9997952039270334,0.9884476065635681,0.9998251795768738,0.9900175929069519,0.9805037975311279,0.9991565211478776,0.9947663137395042
1,1.0,0.9994723200798035,0.9999992174863047,0.9997916861560011,0.9911751747131348,0.9993465542793274,0.97444087266922,0.9874958992004395,0.9991478249613845,0.9940049869388565
1,1.0,0.9994729161262512,0.9999992174863047,0.9997864003871173,0.9844276309013367,0.9995207786560059,0.9505371451377869,0.9689883589744568,0.9990889112774854,0.9879172313017464
0,0.0,0.0005270296242088079,7.825136320223661e-07,0.0002078425841979467,0.25426486134529114,0.017845412716269493,0.04883100464940071,0.14204037189483643,0.0013356759495166805,0.0579992012659407
0,0.0,0.000525991024915129,7.825136320223704e-07,0.0002153246625376634,0.24642211198806763,0.03357977792620659,0.06677405536174774,0.15530748665332794,0.0014214803998304053,0.06285328601001715
0,0.0,0.0005268302629701793,7.825136320223675e-07,0.00019901525481817416,0.2330082356929779,0.041713960468769073,0.01687360368669033,0.1528347134590149,0.001318506097187209,0.055728551316279004
0,0.0,0.000525991024915129,7.825136320223704e-07,0.0002153246625376634,0.24642211198806763,0.03357977792620659,0.06677405536174774,0.15530748665332794,0.0014214803998304053,0.06285328601001715
0,0.0,0.0005267710075713694,7.825136416932759e-07,0.00021318554164929078,0.24689815938472748,0.035124849528074265,0.04436808452010155,0.1287868320941925,0.0013313109373958747,0.05702309402881215
0,0.0,0.0005265004001557827,7.825136320226567e-07,0.0017917237162289453,0.3622909486293793,0.08402993530035019,0.0713532343506813,0.2330823540687561,0.001980260799257982,0.09417862011989273
0,0.0,0.0005267710075713694,7.825136416932759e-07,0.00021318554164929078,0.24689815938472748,0.035124849528074265,0.04436808452010155,0.1287868320941925,0.0013313109373958747,0.05702309402881215
0,0.0,0.0005265004001557827,7.825136320224983e-07,0.00034306343497182115,0.29399335384368896,0.09009140729904175,0.06539028137922287,0.21500004827976227,0.0017894075116928376,0.08319326017132586
1,1.0,0.9994733929634094,0.9999992174863047,0.9998014674999373,0.9852429628372192,0.9993225336074829,0.999871015548706,0.9864693880081177,0.9991715146135451,0.9962638094982654
0,0.0,0.0005268302629701793,7.825136320223675e-07,0.00019901525481817416,0.2330082356929779,0.041713960468769073,0.01687360368669033,0.1528347134590149,0.001318506097187209,0.055728551316279004
1,1.0,0.9994733929634094,0.9999992174863047,0.9998014674999373,0.9852429628372192,0.9993225336074829,0.999871015548706,0.9864693880081177,0.9991715146135451,0.9962638094982654
0,0.0,0.0005270296242088079,7.825136320223661e-07,0.0002078425841979467,0.25426486134529114,0.017845412716269493,0.04883100464940071,0.14204037189483643,0.0013356759495166805,0.0579992012659407
1,1.0,0.9994729161262512,0.9999992174863047,0.9997864003871173,0.9844276309013367,0.9995207786560059,0.9505371451377869,0.9689883589744568,0.9990889112774854,0.9879172313017464
0,0.0,0.000525991024915129,7.825136320223704e-07,0.0002153246625376634,0.24642211198806763,0.03357977792620659,0.06677405536174774,0.15530748665332794,0.0014214803998304053,0.06285328601001715
1,1.0,0.9994733929634094,0.9999992174863047,0.9998014674999373,0.9852429628372192,0.9993225336074829,0.999871015548706,0.9864693880081177,0.9991715146135451,0.9962638094982654
0,0.0,0.0005268302629701793,7.825136320223675e-07,0.00019901525481817416,0.2330082356929779,0.041713960468769073,0.01687360368669033,0.1528347134590149,0.001318506097187209,0.055728551316279004
0,0.0,0.0005270296242088079,7.825136320223661e-07,0.0002078425841979467,0.25426486134529114,0.017845412716269493,0.04883100464940071,0.14204037189483643,0.0013356759495166805,0.0579992012659407
0,0.0,0.0005267710075713694,7.825136416932759e-07,0.00021318554164929078,0.24689815938472748,0.035124849528074265,0.04436808452010155,0.1287868320941925,0.0013313109373958747,0.05702309402881215
0,0.0,0.0005265004001557827,7.82513632022476e-07,0.00026560731278086713,0.25252726674079895,0.08219173550605774,0.06114814057946205,0.17925791442394257,0.0015951699984098585,0.07199986873812991
0,0.0,0.0005268302629701793,7.825136320223675e-07,0.00019901525481817416,0.2330082356929779,0.041713960468769073,0.01687360368669033,0.1528347134590149,0.001318506097187209,0.055728551316279004
0,0.0,0.0005270296242088079,7.825136320223661e-07,0.0002078425841979467,0.25426486134529114,0.017845412716269493,0.04883100464940071,0.14204037189483643,0.0013356759495166805,0.0579992012659407
0,0.0,0.0005270296242088079,7.825136320225039e-07,0.00023530647812990732,0.2798534631729126,0.026064515113830566,0.048301566392183304,0.17793382704257965,0.0014634573887450455,0.06666726973451943
0,0.0,0.000525991024915129,7.825136320223704e-07,0.0002153246625376634,0.24642211198806763,0.03357977792620659,0.06677405536174774,0.15530748665332794,0.0014214803998304053,0.06285328601001715
0,0.0,0.000525991024915129,7.825136320223704e-07,0.0002153246625376634,0.24642211198806763,0.03357977792620659,0.06677405536174774,0.15530748665332794,0.0014214803998304053,0.06285328601001715
0,0.0,0.0005265004001557827,7.825136320223661e-07,0.0002157688989936554,0.23106932640075684,0.06117621436715126,0.059165116399526596,0.1507226824760437,0.0014403341634213432,0.06286186754882409
0,0.0,0.0005270296242088079,7.825136320223661e-07,0.0002078425841979467,0.25426486134529114,0.017845412716269493,0.04883100464940071,0.14204037189483643,0.0013356759495166805,0.0579992012659407
0,0.0,0.0005270296242088079,7.825136320223661e-07,0.0002078425841979467,0.25426486134529114,0.017845412716269493,0.04883100464940071,0.14204037189483643,0.0013356759495166805,0.0579992012659407
0,0.0,0.0005267710075713694,7.825136416932759e-07,0.00021318554164929078,0.24689815938472748,0.035124849528074265,0.04436808452010155,0.1287868320941925,0.0013313109373958747,0.05702309402881215
0,0.0,0.0005265004001557827,7.825136320223661e-07,0.0002157688989936554,0.23106932640075684,0.06117621436715126,0.059165116399526596,0.1507226824760437,0.0014403341634213432,0.06286186754882409
0,0.0,0.0005265004001557827,7.825136320223661e-07,0.0002157688989936554,0.23106932640075684,0.06117621436715126,0.059165116399526596,0.1507226824760437,0.0014403341634213432,0.06286186754882409
1,1.0,0.9994739890098572,0.9999992174863604,0.9997878997897545,0.9901697039604187,0.9989849925041199,0.998993456363678,0.9754160046577454,0.9991616732282688,0.995344723669858
0,0.0,0.0005267710075713694,7.825136416932759e-07,0.00021318554164929078,0.24689815938472748,0.035124849528074265,0.04436808452010155,0.1287868320941925,0.0013313109373958747,0.05702309402881215
0,0.0,0.0005268302629701793,7.82513632023064e-07,0.019226385550603353,0.4166676104068756,0.14953495562076569,0.20377510786056519,0.5640358924865723,0.004661975291292926,0.16912937422996188
0,0.0,0.000525991024915129,7.825136320223704e-07,0.0002153246625376634,0.24642211198806763,0.03357977792620659,0.06677405536174774,0.15530748665332794,0.0014214803998304053,0.06285328601001715
0,0.0,0.0005265004001557827,7.825136320223661e-07,0.0002157688989936554,0.23106932640075684,0.06117621436715126,0.059165116399526596,0.1507226824760437,0.0014403341634213432,0.06286186754882409
0,0.0,0.0005268302629701793,7.825136320223675e-07,0.00019901525481817416,0.2330082356929779,0.041713960468769073,0.01687360368669033,0.1528347134590149,0.001318506097187209,0.055728551316279004
0,0.0,0.0005265004001557827,7.825136320223661e-07,0.0002157688989936554,0.23106932640075684,0.06117621436715126,0.059165116399526596,0.1507226824760437,0.0014403341634213432,0.06286186754882409
0,0.0,0.0005265004001557827,7.825136320223661e-07,0.0002157688989936554,0.23106932640075684,0.06117621436715126,0.059165116399526596,0.1507226824760437,0.0014403341634213432,0.06286186754882409
0,0.0,0.000525991024915129,7.825136320223704e-07,0.0002153246625376634,0.24642211198806763,0.03357977792620659,0.06677405536174774,0.15530748665332794,0.0014214803998304053,0.06285328601001715
0,0.0,0.0005265004001557827,7.825136320223661e-07,0.0002157688989936554,0.23106932640075684,0.06117621436715126,0.059165116399526596,0.1507226824760437,0.0014403341634213432,0.06286186754882409
1,1.0,0.9994723200798035,0.9999992174863047,0.9997916861560011,0.9911751747131348,0.9993465542793274,0.97444087266922,0.9874958992004395,0.9991478249613845,0.9940049869388565
0,0.0,0.000525991024915129,7.825136320223704e-07,0.0002153246625376634,0.24642211198806763,0.03357977792620659,0.06677405536174774,0.15530748665332794,0.0014214803998304053,0.06285328601001715
1,1.0,0.9994739890098572,0.9999992174863604,0.9997878997897545,0.9901697039604187,0.9989849925041199,0.998993456363678,0.9754160046577454,0.9991616732282688,0.995344723669858
0,0.0,0.0005267710075713694,7.825136416932759e-07,0.00021318554164929078,0.24689815938472748,0.035124849528074265,0.04436808452010155,0.1287868320941925,0.0013313109373958747,0.05702309402881215
0,0.0,0.000525991024915129,7.825136320223704e-07,0.0002153246625376634,0.24642211198806763,0.03357977792620659,0.06677405536174774,0.15530748665332794,0.0014214803998304053,0.06285328601001715
0,0.0,0.0005265004001557827,7.825136320223661e-07,0.0002157688989936554,0.23106932640075684,0.06117621436715126,0.059165116399526596,0.1507226824760437,0.0014403341634213432,0.06286186754882409
0,0.0,0.0005267710075713694,7.825136416932759e-07,0.00021318554164929078,0.24689815938472748,0.035124849528074265,0.04436808452010155,0.1287868320941925,0.0013313109373958747,0.05702309402881215
0,0.0,0.0005267710075713694,7.825136416932759e-07,0.00021318554164929078,0.24689815938472748,0.035124849528074265,0.04436808452010155,0.1287868320941925,0.0013313109373958747,0.05702309402881215
0,0.0,0.000525991024915129,7.825136320223704e-07,0.0002153246625376634,0.24642211198806763,0.03357977792620659,0.06677405536174774,0.15530748665332794,0.0014214803998304053,0.06285328601001715
0,0.0,0.0005270296242088079,7.825136320223661e-07,0.0002078425841979467,0.25426486134529114,0.017845412716269493,0.04883100464940071,0.14204037189483643,0.0013356759495166805,0.0579992012659407
0,0.0,0.0005268302629701793,7.825136320223675e-07,0.00019901525481817416,0.2330082356929779,0.041713960468769073,0.01687360368669033,0.1528347134590149,0.001318506097187209,0.055728551316279004
0,0.0,0.0005267710075713694,7.825136416932759e-07,0.00021318554164929078,0.24689815938472748,0.035124849528074265,0.04436808452010155,0.1287868320941925,0.0013313109373958747,0.05702309402881215
0,0.0,0.0005265004001557827,7.825136320223661e-07,0.0002157688989936554,0.23106932640075684,0.06117621436715126,0.059165116399526596,0.1507226824760437,0.0014403341634213432,0.06286186754882409
0,0.0,0.0005270296242088079,7.825136320225039e-07,0.00023530647812990732,0.2798534631729126,0.026064515113830566,0.048301566392183304,0.17793382704257965,0.0014634573887450455,0.06666726973451943
0,0.0,0.000525991024915129,7.825136320223704e-07,0.0002153246625376634,0.24642211198806763,0.03357977792620659,0.06677405536174774,0.15530748665332794,0.0014214803998304053,0.06285328601001715
0,0.0,0.0005268302629701793,7.825136320223675e-07,0.00019901525481817416,0.2330082356929779,0.041713960468769073,0.01687360368669033,0.1528347134590149,0.001318506097187209,0.055728551316279004
0,0.0,0.0005267710075713694,7.825136416932759e-07,0.00021318554164929078,0.24689815938472748,0.035124849528074265,0.04436808452010155,0.1287868320941925,0.0013313109373958747,0.05702309402881215
0,0.0,0.0005268302629701793,7.825136320223675e-07,0.00019901525481817416,0.2330082356929779,0.041713960468769073,0.01687360368669033,0.1528347134590149,0.001318506097187209,0.055728551316279004
0,0.0,0.0005267710075713694,7.825136416932759e-07,0.00021318554164929078,0.24689815938472748,0.035124849528074265,0.04436808452010155,0.1287868320941925,0.0013313109373958747,0.05702309402881215
0,0.0,0.0005268302629701793,7.825136320225469e-07,0.00022355173764407449,0.2657730281352997,0.056640129536390305,0.07193876802921295,0.19607828557491302,0.0016103052213910952,0.07390209507321707
0,0.0,0.0005268302629701793,7.825136320223675e-07,0.00019901525481817416,0.2330082356929779,0.041713960468769073,0.01687360368669033,0.1528347134590149,0.001318506097187209,0.055728551316279004
0,0.0,0.000525991024915129,7.825136320223704e-07,0.0002153246625376634,0.24642211198806763,0.03357977792620659,0.06677405536174774,0.15530748665332794,0.0014214803998304053,0.06285328601001715
0,0.0,0.0005270296242088079,7.825136320223661e-07,0.0002078425841979467,0.25426486134529114,0.017845412716269493,0.04883100464940071,0.14204037189483643,0.0013356759495166805,0.0579992012659407
1,1.0,0.9994736313819885,0.9999992174863047,0.9997952039270334,0.9884476065635681,0.9998251795768738,0.9900175929069519,0.9805037975311279,0.9991565211478776,0.9947663137395042
0,0.0,0.0005267710075713694,7.825136416932759e-07,0.00021318554164929078,0.24689815938472748,0.035124849528074265,0.04436808452010155,0.1287868320941925,0.0013313109373958747,0.05702309402881215
0,0.0,0.0005268302629701793,7.825136320223675e-07,0.00019901525481817416,0.2330082356929779,0.041713960468769073,0.01687360368669033,0.1528347134590149,0.001318506097187209,0.055728551316279004
0,0.0,0.0005270296242088079,7.825136320223661e-07,0.0002078425841979467,0.25426486134529114,0.017845412716269493,0.04883100464940071,0.14204037189483643,0.0013356759495166805,0.0579992012659407
0,0.0,0.000525991024915129,7.825136320223704e-07,0.0002153246625376634,0.24642211198806763,0.03357977792620659,0.06677405536174774,0.15530748665332794,0.0014214803998304053,0.06285328601001715
0,0.0,0.0005265004001557827,7.825136320223661e-07,0.0002157688989936554,0.23106932640075684,0.06117621436715126,0.059165116399526596,0.1507226824760437,0.0014403341634213432,0.06286186754882409
0,0.0,0.000525991024915129,7.825136320223704e-07,0.0002153246625376634,0.24642211198806763,0.03357977792620659,0.06677405536174774,0.15530748665332794,0.0014214803998304053,0.06285328601001715
0,0.0,0.0005270296242088079,7.825136320225039e-07,0.00023530647812990732,0.2798534631729126,0.026064515113830566,0.048301566392183304,0.17793382704257965,0.0014634573887450455,0.06666726973451943
0,0.0,0.0005270296242088079,7.825136320223661e-07,0.0002078425841979467,0.25426486134529114,0.017845412716269493,0.04883100464940071,0.14204037189483643,0.0013356759495166805,0.0579992012659407
0,0.0,0.0005265004001557827,7.825136320228624e-07,0.010595709740477351,0.4040238857269287,0.12409841269254684,0.07392742484807968,0.2633019685745239,0.0023684119117351296,0.10961714818442263
0,0.0,0.0005267710075713694,7.825136416933286e-07,0.0002712973034534296,0.26246756315231323,0.04629596322774887,0.07728515565395355,0.15635405480861664,0.00150320010436804,0.06788465408420186
0,0.0,0.0005267710075713694,7.825136416934064e-07,0.0003543312934599608,0.2954631447792053,0.05750005319714546,0.09598930180072784,0.1960683912038803,0.0017245021091001657,0.08070861922590497
0,0.0,0.0005268302629701793,7.825136320223675e-07,0.00019901525481817416,0.2330082356929779,0.041713960468769073,0.01687360368669033,0.1528347134590149,0.001318506097187209,0.055728551316279004
0,0.0,0.0005268302629701793,7.825136320223675e-07,0.00019901525481817416,0.2330082356929779,0.041713960468769073,0.01687360368669033,0.1528347134590149,0.001318506097187209,0.055728551316279004
0,0.0,0.000525991024915129,7.825136320223704e-07,0.0002153246625376634,0.24642211198806763,0.03357977792620659,0.06677405536174774,0.15530748665332794,0.0014214803998304053,0.06285328601001715
0,0.0,0.0005270296242088079,7.825136320223661e-07,0.0002078425841979467,0.25426486134529114,0.017845412716269493,0.04883100464940071,0.14204037189483643,0.0013356759495166805,0.0579992012659407
0,0.0,0.0005268302629701793,7.825136320223675e-07,0.00019901525481817416,0.2330082356929779,0.041713960468769073,0.01687360368669033,0.1528347134590149,0.001318506097187209,0.055728551316279004
0,0.0,0.0005268302629701793,7.825136320223675e-07,0.00019901525481817416,0.2330082356929779,0.041713960468769073,0.01687360368669033,0.1528347134590149,0.001318506097187209,0.055728551316279004
0,0.0,0.0005268302629701793,7.825136320225469e-07,0.00022355173764407449,0.2657730281352997,0.056640129536390305,0.07193876802921295,0.19607828557491302,0.0016103052213910952,0.07390209507321707
0,0.0,0.000525991024915129,7.825136320223704e-07,0.0002153246625376634,0.24642211198806763,0.03357977792620659,0.06677405536174774,0.15530748665332794,0.0014214803998304053,0.06285328601001715
0,0.0,0.0005265004001557827,7.825136320228624e-07,0.025354777348829655,0.46871697902679443,0.22574996948242188,0.07544583827257156,0.3143504858016968,0.003359498142992933,0.1388458680884439
0,0.0,0.0005270296242088079,7.825136320223661e-07,0.0002078425841979467,0.25426486134529114,0.017845412716269493,0.04883100464940071,0.14204037189483643,0.0013356759495166805,0.0579992012659407
0,0.0,0.000525991024915129,7.825136320225956e-07,0.00026875609996030407,0.2833360731601715,0.045261282473802567,0.06869415938854218,0.19185274839401245,0.0015933837665567591,0.07375970656057973
0,0.0,0.0005267710075713694,7.825136416932759e-07,0.00021318554164929078,0.24689815938472748,0.035124849528074265,0.04436808452010155,0.1287868320941925,0.0013313109373958747,0.05702309402881215
0,0.0,0.000525991024915129,7.825136320225956e-07,0.00026875609996030407,0.2833360731601715,0.045261282473802567,0.06869415938854218,0.19185274839401245,0.0015933837665567591,0.07375970656057973
0,0.0,0.0005265004001557827,7.825136320223661e-07,0.0002157688989936554,0.23106932640075684,0.06117621436715126,0.059165116399526596,0.1507226824760437,0.0014403341634213432,0.06286186754882409
1,1.0,0.9994739890098572,0.9999992174863604,0.9438643793444187,1.0,1.0,0.9998711347579956,1.0,0.9990980280501779,0.9928817756951858
1,1.0,0.9994736313819885,0.9999992174863047,0.9997952039270334,0.9884476065635681,0.9998251795768738,0.9900175929069519,0.9805037975311279,0.9991565211478776,0.9947663137395042
1,1.0,0.9994729161262512,0.9999992174863047,0.9997864003871173,0.9844276309013367,0.9995207786560059,0.9505371451377869,0.9689883589744568,0.9990889112774854,0.9879172313017464
0,0.0,0.0005267710075713694,7.825136416932759e-07,0.00021318554164929078,0.24689815938472748,0.035124849528074265,0.04436808452010155,0.1287868320941925,0.0013313109373958747,0.05702309402881215
0,0.0,0.0005270296242088079,7.825136320223661e-07,0.0002078425841979467,0.25426486134529114,0.017845412716269493,0.04883100464940071,0.14204037189483643,0.0013356759495166805,0.0579992012659407
0,0.0,0.000525991024915129,7.825136320223704e-07,0.0002153246625376634,0.24642211198806763,0.03357977792620659,0.06677405536174774,0.15530748665332794,0.0014214803998304053,0.06285328601001715
0,0.0,0.0005267710075713694,7.825136416933286e-07,0.0002712973034534296,0.26246756315231323,0.04629596322774887,0.07728515565395355,0.15635405480861664,0.00150320010436804,0.06788465408420186
0,0.0,0.0005267710075713694,7.825136416937457e-07,0.041549376808859666,0.5094702243804932,0.8408266305923462,0.13829681277275085,0.6624951958656311,0.018258805068503105,0.27411252766603417
0,0.0,0.0005268302629701793,7.825136320223675e-07,0.00019901525481817416,0.2330082356929779,0.041713960468769073,0.01687360368669033,0.1528347134590149,0.001318506097187209,0.055728551316279004
0,0.0,0.0005270296242088079,7.825136320223661e-07,0.0002078425841979467,0.25426486134529114,0.017845412716269493,0.04883100464940071,0.14204037189483643,0.0013356759495166805,0.0579992012659407
1,1.0,0.9994733929634094,0.9999992174863047,0.9998014674999373,0.9852429628372192,0.9993225336074829,0.999871015548706,0.9864693880081177,0.9991715146135451,0.9962638094982654
0,0.0,0.0005267710075713694,7.825136416932759e-07,0.00021318554164929078,0.24689815938472748,0.035124849528074265,0.04436808452010155,0.1287868320941925,0.0013313109373958747,0.05702309402881215
0,0.0,0.000525991024915129,7.825136320223704e-07,0.0002153246625376634,0.24642211198806763,0.03357977792620659,0.06677405536174774,0.15530748665332794,0.0014214803998304053,0.06285328601001715
0,0.0,0.0005268302629701793,7.825136320223675e-07,0.00019901525481817416,0.2330082356929779,0.041713960468769073,0.01687360368669033,0.1528347134590149,0.001318506097187209,0.055728551316279004
1,1.0,0.9994729161262512,0.9999992174863047,0.9997864003871173,0.9844276309013367,0.9995207786560059,0.9505371451377869,0.9689883589744568,0.9990889112774854,0.9879172313017464
0,0.0,0.000525991024915129,7.825136320223704e-07,0.0002153246625376634,0.24642211198806763,0.03357977792620659,0.06677405536174774,0.15530748665332794,0.0014214803998304053,0.06285328601001715
0,0.0,0.000525991024915129,7.825136320223704e-07,0.0002153246625376634,0.24642211198806763,0.03357977792620659,0.06677405536174774,0.15530748665332794,0.0014214803998304053,0.06285328601001715
0,0.0,0.0005268302629701793,7.825136320223675e-07,0.00019901525481817416,0.2330082356929779,0.041713960468769073,0.01687360368669033,0.1528347134590149,0.001318506097187209,0.055728551316279004
0,0.0,0.000525991024915129,7.825136320223704e-07,0.0002153246625376634,0.24642211198806763,0.03357977792620659,0.06677405536174774,0.15530748665332794,0.0014214803998304053,0.06285328601001715
1,1.0,0.9994739890098572,0.9999992174863604,0.9997878997897545,0.9901697039604187,0.9989849925041199,0.998993456363678,0.9754160046577454,0.9991616732282688,0.995344723669858
0,0.0,0.000525991024915129,7.825136320223704e-07,0.0002153246625376634,0.24642211198806763,0.03357977792620659,0.06677405536174774,0.15530748665332794,0.0014214803998304053,0.06285328601001715
0,0.0,0.0005268302629701793,7.825136320226582e-07,0.0003344746883477876,0.33396798372268677,0.08477061986923218,0.13970574736595154,0.2728208899497986,0.002231120295506704,0.10393679838203662
0,0.0,0.000525991024915129,7.825136320223704e-07,0.0002153246625376634,0.24642211198806763,0.03357977792620659,0.06677405536174774,0.15530748665332794,0.0014214803998304053,0.06285328601001715
1,1.0,0.9994739890098572,0.9999992174863604,0.9994808746288985,0.8352836966514587,0.9142860174179077,0.9999521970748901,0.6804406642913818,0.9982700321959932,0.9284849935599255
1,1.0,0.9994739890098572,0.9999992174863604,0.9997878997897545,0.9901697039604187,0.9989849925041199,0.998993456363678,0.9754160046577454,0.9991616732282688,0.995344723669858
0,0.0,0.0005267710075713694,7.825136416932759e-07,0.00021318554164929078,0.24689815938472748,0.035124849528074265,0.04436808452010155,0.1287868320941925,0.0013313109373958747,0.05702309402881215
0,0.0,0.0005265004001557827,7.825136320223661e-07,0.0002157688989936554,0.23106932640075684,0.06117621436715126,0.059165116399526596,0.1507226824760437,0.0014403341634213432,0.06286186754882409
0,0.0,0.0005267710075713694,7.825136416932759e-07,0.00021318554164929078,0.24689815938472748,0.035124849528074265,0.04436808452010155,0.1287868320941925,0.0013313109373958747,0.05702309402881215
0,0.0,0.0005268302629701793,7.825136320223675e-07,0.00019901525481817416,0.2330082356929779,0.041713960468769073,0.01687360368669033,0.1528347134590149,0.001318506097187209,0.055728551316279004
0,0.0,0.000525991024915129,7.825136320223704e-07,0.0002153246625376634,0.24642211198806763,0.03357977047562599,0.06677405536174774,0.15530748665332794,0.001421480381707247,0.06285328508006569
1,1.0,0.9994729161262512,0.9999992174863047,0.9943203841211673,0.7662361860275269,0.517215371131897,0.06652646511793137,0.6578576564788818,0.9856647472967601,0.7518097119496221
0,0.0,0.0005267710075713694,7.825136416932759e-07,0.00021318554164929078,0.24689815938472748,0.035124849528074265,0.04436808452010155,0.1287868320941925,0.0013313109373958747,0.05702309402881215
0,0.0,0.0005267710075713694,7.825136416933286e-07,0.0002712973034534296,0.26246756315231323,0.04629596322774887,0.07728515565395355,0.15635405480861664,0.00150320010436804,0.06788465408420186
0,0.0,0.0005267710075713694,7.825136416932759e-07,0.00021318554164929078,0.24689815938472748,0.035124849528074265,0.04436808452010155,0.1287868320941925,0.0013313109373958747,0.05702309402881215
0,0.0,0.000525991024915129,7.825136320223704e-07,0.0002153246625376634,0.24642211198806763,0.03357977047562599,0.06677405536174774,0.15530748665332794,0.001421480381707247,0.06285328508006569
0,0.0,0.0005270296242088079,7.825136320223661e-07,0.0002078425841979467,0.25426486134529114,0.017845412716269493,0.04883100464940071,0.14204037189483643,0.0013356759495166805,0.0579992012659407
0,0.0,0.0005265004001557827,7.825136320223661e-07,0.0002157688989936554,0.23106932640075684,0.06117621436715126,0.059165116399526596,0.1507226824760437,0.0014403341634213432,0.06286186754882409
0,0.0,0.0005270296242088079,7.825136320223661e-07,0.0002078425841979467,0.25426486134529114,0.017845412716269493,0.04883100464940071,0.14204037189483643,0.0013356759495166805,0.0579992012659407
0,0.0,0.0005270296242088079,7.825136320225039e-07,0.00023530647812990732,0.2798534631729126,0.026064515113830566,0.048301566392183304,0.17793382704257965,0.0014634573887450455,0.06666726973451943
0,0.0,0.0005270296242088079,7.825136320223661e-07,0.0002078425841979467,0.25426486134529114,0.017845412716269493,0.04883100464940071,0.14204037189483643,0.0013356759495166805,0.0579992012659407
0,0.0,0.0005270296242088079,7.825136320223661e-07,0.0002078425841979467,0.25426486134529114,0.017845412716269493,0.04883100464940071,0.14204037189483643,0.0013356759495166805,0.0579992012659407
0,0.0,0.000525991024915129,7.825136320223704e-07,0.0002153246625376634,0.24642211198806763,0.03357977792620659,0.06677405536174774,0.15530748665332794,0.0014214803998304053,0.06285328601001715
1,1.0,0.9994729161262512,0.9999992174863047,0.9997864003871173,0.9844276309013367,0.9995207786560059,0.9505371451377869,0.9689883589744568,0.9990889112774854,0.9879172313017464
0,0.0,0.000525991024915129,7.825136320223704e-07,0.0002153246625376634,0.24642211198806763,0.03357977792620659,0.06677405536174774,0.15530748665332794,0.0014214803998304053,0.06285328601001715
0,0.0,0.000525991024915129,7.825136320225956e-07,0.00026875609996030407,0.2833360731601715,0.045261282473802567,0.06869415938854218,0.19185274839401245,0.0015933837665567591,0.07375970656057973
0,0.0,0.000525991024915129,7.825136320223704e-07,0.0002153246625376634,0.24642211198806763,0.03357977792620659,0.06677405536174774,0.15530748665332794,0.0014214803998304053,0.06285328601001715
0,0.0,0.000525991024915129,7.825136320223704e-07,0.0002153246625376634,0.24642211198806763,0.03357977792620659,0.06677404046058655,0.15530748665332794,0.0014214803697305922,0.06285328417441982
0,0.0,0.0005267710075713694,7.825136416932759e-07,0.00021318554164929078,0.24689815938472748,0.035124849528074265,0.04436808452010155,0.1287868320941925,0.0013313109373958747,0.05702309402881215
1,1.0,0.9994733929634094,0.9999992174863047,0.9998014674999373,0.9852429628372192,0.9993225336074829,0.999871015548706,0.9864693880081177,0.9991715146135451,0.9962638094982654
0,0.0,0.0005265004001557827,7.825136320223661e-07,0.0002157688989936554,0.23106932640075684,0.06117621436715126,0.059165116399526596,0.1507226824760437,0.0014403341634213432,0.06286186754882409
0,0.0,0.000525991024915129,7.825136320223704e-07,0.0002153246625376634,0.24642211198806763,0.03357977792620659,0.06677405536174774,0.15530748665332794,0.0014214803998304053,0.06285328601001715
0,0.0,0.000525991024915129,7.825136320225956e-07,0.00026875609996030407,0.2833360731601715,0.045261282473802567,0.06869415938854218,0.19185274839401245,0.0015933837665567591,0.07375970656057973
0,0.0,0.0005268302629701793,7.825136320223675e-07,0.00019901525481817416,0.2330082356929779,0.041713960468769073,0.01687360368669033,0.1528347134590149,0.001318506097187209,0.055728551316279004
0,0.0,0.0005267710075713694,7.825136416937457e-07,0.01965386738079398,0.40480902791023254,0.38487905263900757,0.13412676751613617,0.4427526593208313,0.00527038453651586,0.17329750590808143
0,0.0,0.0005270296242088079,7.825136320223661e-07,0.0002078425841979467,0.25426486134529114,0.017845412716269493,0.04883100464940071,0.14204037189483643,0.0013356759495166805,0.0579992012659407
1,1.0,0.9994733929634094,0.9999992174863047,0.9998014674999373,0.9852429628372192,0.9993225336074829,0.999871015548706,0.9864693880081177,0.9991715146135451,0.9962638094982654
0,0.0,0.000525991024915129,7.825136320223704e-07,0.0002153246625376634,0.24642211198806763,0.03357977792620659,0.06677405536174774,0.15530748665332794,0.0014214803998304053,0.06285328601001715
1,1.0,0.9994736313819885,0.9999992174863047,0.9945858152484771,0.8572001457214355,0.6529495716094971,0.0518023744225502,0.9630998373031616,0.9930888706206025,0.816612814623848
0,0.0,0.0005265004001557827,7.825136320223661e-07,0.0002157688989936554,0.23106932640075684,0.06117621436715126,0.059165116399526596,0.1507226824760437,0.0014403341634213432,0.06286186754882409
1,1.0,0.9994739890098572,0.9999992174863604,0.9997878997897545,0.9901697039604187,0.9989849925041199,0.998993456363678,0.9754160046577454,0.9991616732282688,0.995344723669858
1,1.0,0.9994739890098572,0.9999992174863604,0.9987479597034502,0.9545296430587769,0.9968498349189758,0.9999282360076904,0.8939400315284729,0.9990191258096438,0.9803886916096056
0,0.0,0.0005265004001557827,7.825136320223661e-07,0.0002157688989936554,0.23106932640075684,0.06117621436715126,0.059165116399526596,0.1507226824760437,0.0014403341634213432,0.06286186754882409
0,0.0,0.0005267710075713694,7.825136416932759e-07,0.00021318554164929078,0.24689815938472748,0.035124849528074265,0.04436808452010155,0.1287868320941925,0.0013313109373958747,0.05702309402881215
0,0.0,0.0005268302629701793,7.825136320226582e-07,0.0003344746883477876,0.33396798372268677,0.08477061986923218,0.13970574736595154,0.2728208899497986,0.002231120295506704,0.10393679838203662
0,0.0,0.000525991024915129,7.825136320223704e-07,0.0002153246625376634,0.24642211198806763,0.03357977792620659,0.06677405536174774,0.15530748665332794,0.0014214803998304053,0.06285328601001715
0,0.0,0.0005270296242088079,7.825136320223661e-07,0.0002078425841979467,0.25426486134529114,0.017845412716269493,0.04883100464940071,0.14204037189483643,0.0013356759495166805,0.0579992012659407
0,0.0,0.000525991024915129,7.825136320223704e-07,0.0002153246625376634,0.24642211198806763,0.03357977792620659,0.06677405536174774,0.15530748665332794,0.0014214803998304053,0.06285328601001715
0,0.0,0.000525991024915129,7.825136320223704e-07,0.0002153246625376634,0.24642211198806763,0.03357977792620659,0.06677405536174774,0.15530748665332794,0.0014214803998304053,0.06285328601001715
0,0.0,0.0005267710075713694,7.825136416932759e-07,0.00021318554164929078,0.24689815938472748,0.035124849528074265,0.04436808452010155,0.1287868320941925,0.0013313109373958747,0.05702309402881215
0,0.0,0.0005268302629701793,7.825136320223675e-07,0.00019901525481817416,0.2330082356929779,0.041713960468769073,0.01687360368669033,0.1528347134590149,0.001318506097187209,0.055728551316279004
1,1.0,0.9994736313819885,0.9999992174863047,0.9997952039270334,0.9884476065635681,0.9998251795768738,0.9900175929069519,0.9805037975311279,0.9991565211478776,0.9947663137395042
0,0.0,0.000525991024915129,7.825136320223704e-07,0.0002153246625376634,0.24642211198806763,0.03357977792620659,0.06677405536174774,0.15530748665332794,0.0014214803998304053,0.06285328601001715
0,0.0,0.0005268302629701793,7.825136320223675e-07,0.00019901525481817416,0.2330082356929779,0.041713960468769073,0.01687360368669033,0.1528347134590149,0.001318506097187209,0.055728551316279004
1,1.0,0.9994733929634094,0.9999992174863047,0.9998014674999373,0.9852429628372192,0.9993225336074829,0.999871015548706,0.9864693880081177,0.9991715146135451,0.9962638094982654
0,0.0,0.0005270296242088079,7.825136320225039e-07,0.00023530647812990732,0.2798534631729126,0.026064515113830566,0.048301566392183304,0.17793382704257965,0.0014634573887450455,0.06666726973451943
0,0.0,0.0005265004001557827,7.825136320223661e-07,0.0002157688989936554,0.23106932640075684,0.06117621436715126,0.059165116399526596,0.1507226824760437,0.0014403341634213432,0.06286186754882409
1,1.0,0.9994733929634094,0.9999992174863047,0.9998014674999373,0.9852429628372192,0.9993225336074829,0.999871015548706,0.9864693880081177,0.9991715146135451,0.9962638094982654
0,0.0,0.0005265004001557827,7.825136320223661e-07,0.0002157688989936554,0.23106932640075684,0.06117621436715126,0.059165116399526596,0.1507226824760437,0.0014403341634213432,0.06286186754882409
0,0.0,0.0005268302629701793,7.825136320225469e-07,0.00022355173764407449,0.2657730281352997,0.056640129536390305,0.07193876802921295,0.19607828557491302,0.0016103052213910952,0.07390209507321707
0,0.0,0.0005270296242088079,7.825136320223661e-07,0.0002078425841979467,0.25426486134529114,0.017845412716269493,0.04883100464940071,0.14204037189483643,0.0013356759495166805,0.0579992012659407
0,0.0,0.000525991024915129,7.825136320223704e-07,0.0002153246625376634,0.24642211198806763,0.03357977792620659,0.06677405536174774,0.15530748665332794,0.0014214803998304053,0.06285328601001715
0,0.0,0.000525991024915129,7.825136320223704e-07,0.0002153246625376634,0.24642211198806763,0.03357977792620659,0.06677405536174774,0.15530748665332794,0.0014214803998304053,0.06285328601001715
0,0.0,0.0005268302629701793,7.825136320223675e-07,0.00019901525481817416,0.2330082356929779,0.041713960468769073,0.01687360368669033,0.1528347134590149,0.001318506097187209,0.055728551316279004
0,0.0,0.000525991024915129,7.825136320223704e-07,0.0002153246625376634,0.24642211198806763,0.03357977792620659,0.06677405536174774,0.15530748665332794,0.0014214803998304053,0.06285328601001715
0,0.0,0.000525991024915129,7.825136320223704e-07,0.0002153246625376634,0.24642211198806763,0.03357977792620659,0.06677405536174774,0.15530748665332794,0.0014214803998304053,0.06285328601001715
1,1.0,0.9994729161262512,0.9999992174863047,0.9997864003871173,0.9844276309013367,0.9995207786560059,0.9505371451377869,0.9689883589744568,0.9990889112774854,0.9879172313017464
1,1.0,0.9994739890098572,0.9999992174863604,0.9852586011008561,0.9999982118606567,1.0,0.9994046688079834,0.9999948740005493,0.9991748367298197,0.9980120064008041
0,0.0,0.0005265004001557827,7.825136320223661e-07,0.0002157688989936554,0.23106932640075684,0.06117621436715126,0.059165116399526596,0.1507226824760437,0.0014403341634213432,0.06286186754882409
0,0.0,0.0005268302629701793,7.825136320223675e-07,0.00019901525481817416,0.2330082356929779,0.041713960468769073,0.01687360368669033,0.1528347134590149,0.001318506097187209,0.055728551316279004
0,0.0,0.0005265004001557827,7.825136320223661e-07,0.0002157688989936554,0.23106932640075684,0.06117621436715126,0.059165116399526596,0.1507226824760437,0.0014403341634213432,0.06286186754882409
0,0.0,0.0005265004001557827,7.825136320223661e-07,0.0002157688989936554,0.23106932640075684,0.06117621436715126,0.059165116399526596,0.1507226824760437,0.0014403341634213432,0.06286186754882409
0,0.0,0.0005270296242088079,7.825136320223661e-07,0.0002078425841979467,0.25426486134529114,0.017845412716269493,0.04883100464940071,0.14204037189483643,0.0013356759495166805,0.0579992012659407
0,0.0,0.0005268302629701793,7.825136320223675e-07,0.00019901525481817416,0.2330082356929779,0.041713960468769073,0.01687360368669033,0.1528347134590149,0.001318506097187209,0.055728551316279004
1,1.0,0.9994733929634094,0.9999992174863047,0.9998014674999373,0.9852429628372192,0.9993225336074829,0.999871015548706,0.9864693880081177,0.9991715146135451,0.9962638094982654
0,0.0,0.0005265004001557827,7.825136320223661e-07,0.0002157688989936554,0.23106932640075684,0.06117621436715126,0.059165116399526596,0.1507226824760437,0.0014403341634213432,0.06286186754882409
0,0.0,0.0005267710075713694,7.825136416932759e-07,0.00021318554164929078,0.24689815938472748,0.035124849528074265,0.04436808452010155,0.1287868320941925,0.0013313109373958747,0.05702309402881215
0,0.0,0.000525991024915129,7.825136320223704e-07,0.0002153246625376634,0.24642211198806763,0.03357977792620659,0.06677405536174774,0.15530748665332794,0.0014214803998304053,0.06285328601001715
0,0.0,0.000525991024915129,7.825136320223704e-07,0.0002153246625376634,0.24642211198806763,0.03357977792620659,0.06677405536174774,0.15530748665332794,0.0014214803998304053,0.06285328601001715
0,0.0,0.000525991024915129,7.825136320223704e-07,0.0002153246625376634,0.24642211198806763,0.03357977792620659,0.06677405536174774,0.15530748665332794,0.0014214803998304053,0.06285328601001715
0,0.0,0.0005268302629701793,7.825136320225469e-07,0.00022355173764407449,0.2657730281352997,0.056640129536390305,0.07193876802921295,0.19607828557491302,0.0016103052213910952,0.07390209507321707
0,0.0,0.0005267710075713694,7.825136416934399e-07,0.0005111388030542087,0.31177571415901184,0.06597816199064255,0.10675448924303055,0.2137177437543869,0.001854292750682908,0.08736829860629847
0,0.0,0.0005265004001557827,7.825136320223661e-07,0.0002157688989936554,0.23106932640075684,0.06117621436715126,0.059165116399526596,0.1507226824760437,0.0014403341634213432,0.06286186754882409
1,1.0,0.9994736313819885,0.9999992174863047,0.9951424545866345,0.9747006297111511,0.9982843995094299,0.04987932741641998,0.9960975646972656,0.996773474309715,0.8784105112793902
0,0.0,0.000525991024915129,7.825136320223704e-07,0.0002153246625376634,0.24642211198806763,0.03357977792620659,0.06677405536174774,0.15530748665332794,0.0014214803998304053,0.06285328601001715
0,0.0,0.0005270296242088079,7.825136320223661e-07,0.0002078425841979467,0.25426486134529114,0.017845412716269493,0.04883100464940071,0.14204037189483643,0.0013356759495166805,0.0579992012659407
0,0.0,0.0005267710075713694,7.825136416932759e-07,0.00021318554164929078,0.24689815938472748,0.035124849528074265,0.04436808452010155,0.1287868320941925,0.0013313109373958747,0.05702309402881215
0,0.0,0.000525991024915129,7.825136320223704e-07,0.0002153246625376634,0.24642211198806763,0.03357977792620659,0.06677405536174774,0.15530748665332794,0.0014214803998304053,0.06285328601001715
0,0.0,0.0005268302629701793,7.825136320223675e-07,0.00019901525481817416,0.2330082356929779,0.041713960468769073,0.01687360368669033,0.1528347134590149,0.001318506097187209,0.055728551316279004
0,0.0,0.0005268302629701793,7.825136320223675e-07,0.00019901525481817416,0.2330082356929779,0.041713960468769073,0.01687360368669033,0.1528347134590149,0.001318506097187209,0.055728551316279004
0,0.0,0.0005265004001557827,7.825136320223661e-07,0.0002157688989936554,0.23106932640075684,0.06117621436715126,0.059165116399526596,0.1507226824760437,0.0014403341634213432,0.06286186754882409
0,0.0,0.0005270296242088079,7.825136320223661e-07,0.0002078425841979467,0.25426486134529114,0.017845412716269493,0.04883100464940071,0.14204037189483643,0.0013356759495166805,0.0579992012659407
0,0.0,0.0005265004001557827,7.825136320223661e-07,0.0002157688989936554,0.23106932640075684,0.06117621436715126,0.059165116399526596,0.1507226824760437,0.0014403341634213432,0.06286186754882409
0,0.0,0.0005270296242088079,7.825136320223661e-07,0.0002078425841979467,0.25426486134529114,0.017845412716269493,0.04883100464940071,0.14204037189483643,0.0013356759495166805,0.0579992012659407
1,1.0,0.9994736313819885,0.9999992174863047,0.9997952039270334,0.9884476065635681,0.9998251795768738,0.9900175929069519,0.9805037975311279,0.9991565211478776,0.9947663137395042
0,0.0,0.0005268302629701793,7.825136320223675e-07,0.00019901525481817416,0.2330082356929779,0.041713960468769073,0.01687360368669033,0.1528347134590149,0.001318506097187209,0.055728551316279004
0,0.0,0.0005270296242088079,7.825136320223661e-07,0.0002078425841979467,0.25426486134529114,0.017845412716269493,0.04883100464940071,0.14204037189483643,0.0013356759495166805,0.0579992012659407
0,0.0,0.0005267710075713694,7.825136416932759e-07,0.00021318554164929078,0.24689815938472748,0.035124849528074265,0.04436808452010155,0.1287868320941925,0.0013313109373958747,0.05702309402881215
0,0.0,0.000525991024915129,7.825136320223704e-07,0.0002153246625376634,0.24642211198806763,0.03357977792620659,0.06677405536174774,0.15530748665332794,0.0014214803998304053,0.06285328601001715
0,0.0,0.000525991024915129,7.825136320223704e-07,0.0002153246625376634,0.24642211198806763,0.03357977792620659,0.06677405536174774,0.15530748665332794,0.0014214803998304053,0.06285328601001715
0,0.0,0.0005270296242088079,7.825136320223661e-07,0.0002078425841979467,0.25426486134529114,0.017845412716269493,0.04883100464940071,0.14204037189483643,0.0013356759495166805,0.0579992012659407
0,0.0,0.0005267710075713694,7.825136416932759e-07,0.00021318554164929078,0.24689815938472748,0.035124849528074265,0.04436808452010155,0.1287868320941925,0.0013313109373958747,0.05702309402881215
0,0.0,0.000525991024915129,7.825136320225956e-07,0.00026875609996030407,0.2833360731601715,0.045261282473802567,0.06869415938854218,0.19185274839401245,0.0015933837665567591,0.07375970656057973
0,0.0,0.000525991024915129,7.825136320223704e-07,0.0002153246625376634,0.24642211198806763,0.03357977792620659,0.06677405536174774,0.15530748665332794,0.0014214803998304053,0.06285328601001715
1,1.0,0.9994736313819885,0.9999992174863047,0.9997952039270334,0.9884476065635681,0.9998251795768738,0.9900175929069519,0.9805037975311279,0.9991565211478776,0.9947663137395042
0,0.0,0.0005265004001557827,7.825136320223661e-07,0.0002157688989936554,0.23106932640075684,0.06117621436715126,0.059165116399526596,0.1507226824760437,0.0014403341634213432,0.06286186754882409
0,0.0,0.0005268302629701793,7.825136320223675e-07,0.00019901525481817416,0.2330082356929779,0.041713960468769073,0.01687360368669033,0.1528347134590149,0.001318506097187209,0.055728551316279004
0,0.0,0.0005268302629701793,7.825136320223675e-07,0.00019901525481817416,0.2330082356929779,0.041713960468769073,0.01687360368669033,0.1528347134590149,0.001318506097187209,0.055728551316279004
1,1.0,0.9994723200798035,0.9999992174863047,0.9903056590970354,0.9991004467010498,1.0,0.8626212477684021,0.999572217464447,0.9990070310151099,0.9816292988811897
1,1.0,0.9994739890098572,0.9999992174863604,0.9997878997897545,0.9901697039604187,0.9989849925041199,0.998993456363678,0.9754160046577454,0.9991616732282688,0.995344723669858
0,0.0,0.0005268302629701793,7.825136320223675e-07,0.00019901525481817416,0.2330082356929779,0.041713960468769073,0.01687360368669033,0.1528347134590149,0.001318506097187209,0.055728551316279004
0,0.0,0.0005265004001557827,7.825136320223661e-07,0.0002157688989936554,0.23106932640075684,0.06117621436715126,0.059165116399526596,0.1507226824760437,0.0014403341634213432,0.06286186754882409
0,0.0,0.0005270296242088079,7.825136320223661e-07,0.0002078425841979467,0.25426486134529114,0.017845412716269493,0.04883100464940071,0.14204037189483643,0.0013356759495166805,0.0579992012659407
0,0.0,0.0005267710075713694,7.825136416932759e-07,0.00021318554164929078,0.24689815938472748,0.035124849528074265,0.04436808452010155,0.1287868320941925,0.0013313109373958747,0.05702309402881215
1,1.0,0.9994736313819885,0.9999992174863047,0.9996411536633151,0.9013952612876892,0.9895763397216797,0.9943095445632935,0.8488097190856934,0.9988721379741826,0.9665868586709614
0,0.0,0.0005267710075713694,7.825136416932759e-07,0.00021318554164929078,0.24689815938472748,0.035124849528074265,0.04436808452010155,0.1287868320941925,0.0013313109373958747,0.05702309402881215
0,0.0,0.0005268302629701793,7.825136320223675e-07,0.00019901525481817416,0.2330082356929779,0.041713960468769073,0.01687360368669033,0.1528347134590149,0.001318506097187209,0.055728551316279004
0,0.0,0.000525991024915129,7.825136320223704e-07,0.0002153246625376634,0.24642211198806763,0.03357977792620659,0.06677405536174774,0.15530748665332794,0.0014214803998304053,0.06285328601001715
0,0.0,0.0005267710075713694,7.825136416932759e-07,0.00021318554164929078,0.24689815938472748,0.035124849528074265,0.04436808452010155,0.1287868320941925,0.0013313109373958747,0.05702309402881215
0,0.0,0.0005270296242088079,7.825136320223661e-07,0.0002078425841979467,0.25426486134529114,0.017845412716269493,0.04883100464940071,0.14204037189483643,0.0013356759495166805,0.0579992012659407
0,0.0001961812840956777,0.0005270296242088079,7.82513632022551e-07,0.0003539642902512132,0.316898912191391,0.026437321677803993,0.050851814448833466,0.23193660378456116,0.0016511523709808326,0.0784761035595745
0,0.0,0.0005268302629701793,7.825136320223675e-07,0.00019901525481817416,0.2330082356929779,0.041713960468769073,0.01687360368669033,0.1528347134590149,0.001318506097187209,0.055728551316279004
0,0.0,0.000525991024915129,7.825136320223704e-07,0.0002153246625376634,0.24642211198806763,0.03357977792620659,0.06677405536174774,0.15530748665332794,0.0014214803998304053,0.06285328601001715
0,0.0,0.0005270296242088079,7.825136320223661e-07,0.0002078425841979467,0.25426486134529114,0.017845412716269493,0.04883100464940071,0.14204037189483643,0.0013356759495166805,0.0579992012659407
0,0.0,0.0005270296242088079,7.825136320223661e-07,0.0002078425841979467,0.25426486134529114,0.017845412716269493,0.04883100464940071,0.14204037189483643,0.0013356759495166805,0.0579992012659407
0,0.0,0.0005267710075713694,7.825136416934064e-07,0.0003543312934599608,0.2954631447792053,0.05750005319714546,0.09598930180072784,0.1960683912038803,0.0017245021091001657,0.08070861922590497
0,0.0,0.0005265004001557827,7.825136320223661e-07,0.0002157688989936554,0.23106932640075684,0.06117621436715126,0.059165116399526596,0.1507226824760437,0.0014403341634213432,0.06286186754882409
0,0.0,0.0005265004001557827,7.825136320223661e-07,0.0002157688989936554,0.23106932640075684,0.06117621436715126,0.059165116399526596,0.1507226824760437,0.0014403341634213432,0.06286186754882409
1,1.0,0.9994723200798035,0.9999992174863047,0.9996659385590926,0.921167254447937,0.9680293202400208,0.9815295338630676,0.8690860271453857,0.9988663878390708,0.9673445057419003
0,0.0,0.000525991024915129,7.825136320223704e-07,0.0002153246625376634,0.24642211198806763,0.03357977792620659,0.06677405536174774,0.15530748665332794,0.0014214803998304053,0.06285328601001715
0,0.0,0.0005270296242088079,7.825136320223661e-07,0.0002078425841979467,0.25426486134529114,0.017845412716269493,0.04883100464940071,0.14204037189483643,0.0013356759495166805,0.0579992012659407
1,1.0,0.9994729161262512,0.9999992174863047,0.9993452233088667,0.8187158107757568,0.7731772065162659,0.9533193707466125,0.6587144136428833,0.9975298213073192,0.9003123030776369
0,0.0001961812840956777,0.0005270296242088079,7.82513632022551e-07,0.0003539642902512132,0.316898912191391,0.026437321677803993,0.050851814448833466,0.23193660378456116,0.0016511523709808326,0.0784761035595745
0,0.0,0.0005265004001557827,7.825136320223661e-07,0.0002157688989936554,0.23106932640075684,0.06117621436715126,0.059165116399526596,0.1507226824760437,0.0014403341634213432,0.06286186754882409
0,0.0,0.0005265004001557827,7.825136320223661e-07,0.0002157688989936554,0.23106932640075684,0.06117621436715126,0.059165116399526596,0.1507226824760437,0.0014403341634213432,0.06286186754882409
0,0.0,0.0005267710075713694,7.825136416932759e-07,0.00021318554164929078,0.24689815938472748,0.035124849528074265,0.04436808452010155,0.1287868320941925,0.0013313109373958747,0.05702309402881215
0,0.0,0.0005268302629701793,7.825136320223675e-07,0.00019901525481817416,0.2330082356929779,0.041713960468769073,0.01687360368669033,0.1528347134590149,0.001318506097187209,0.055728551316279004
0,0.0,0.0005267710075713694,7.825136416932759e-07,0.00021318554164929078,0.24689815938472748,0.035124849528074265,0.04436808452010155,0.1287868320941925,0.0013313109373958747,0.05702309402881215
0,0.0,0.0005265004001557827,7.825136320223661e-07,0.0002157688989936554,0.23106932640075684,0.06117621436715126,0.059165116399526596,0.1507226824760437,0.0014403341634213432,0.06286186754882409
0,0.0,0.0005270296242088079,7.825136320223661e-07,0.0002078425841979467,0.25426486134529114,0.017845412716269493,0.04883100464940071,0.14204037189483643,0.0013356759495166805,0.0579992012659407
0,0.0,0.000525991024915129,7.825136320223704e-07,0.0002153246625376634,0.24642211198806763,0.03357977792620659,0.06677405536174774,0.15530748665332794,0.0014214803998304053,0.06285328601001715
0,0.0,0.0005265004001557827,7.825136320223661e-07,0.0002157688989936554,0.23106932640075684,0.06117621436715126,0.059165116399526596,0.1507226824760437,0.0014403341634213432,0.06286186754882409
0,0.0,0.0005270296242088079,7.825136320223661e-07,0.0002078425841979467,0.25426486134529114,0.017845412716269493,0.04883100464940071,0.14204037189483643,0.0013356759495166805,0.0579992012659407
0,0.0,0.0005270296242088079,7.825136320223661e-07,0.0002078425841979467,0.25426486134529114,0.017845412716269493,0.04883100464940071,0.14204037189483643,0.0013356759495166805,0.0579992012659407
0,0.0,0.0005265004001557827,7.825136320223661e-07,0.0002157688989936554,0.23106932640075684,0.06117621436715126,0.059165116399526596,0.1507226824760437,0.0014403341634213432,0.06286186754882409
0,0.0,0.0005270296242088079,7.825136320223661e-07,0.0002078425841979467,0.25426486134529114,0.017845412716269493,0.04883100464940071,0.14204037189483643,0.0013356759495166805,0.0579992012659407
0,0.0,0.000525991024915129,7.825136320223704e-07,0.0002153246625376634,0.24642211198806763,0.03357977792620659,0.06677405536174774,0.15530748665332794,0.0014214803998304053,0.06285328601001715
0,0.0,0.0005265004001557827,7.825136320223661e-07,0.0002157688989936554,0.23106932640075684,0.06117621436715126,0.059165116399526596,0.1507226824760437,0.0014403341634213432,0.06286186754882409
0,0.0001961812840956777,0.0005270296242088079,7.82513632022551e-07,0.0003539642902512132,0.316898912191391,0.026437321677803993,0.050851814448833466,0.23193660378456116,0.0016511523709808326,0.0784761035595745
0,0.0,0.0005270296242088079,7.825136320223661e-07,0.0002078425841979467,0.25426486134529114,0.017845412716269493,0.04883100464940071,0.14204037189483643,0.0013356759495166805,0.0579992012659407
0,0.0,0.0005265004001557827,7.825136320223661e-07,0.0002157688989936554,0.23106932640075684,0.06117621436715126,0.059165116399526596,0.1507226824760437,0.0014403341634213432,0.06286186754882409
0,0.0,0.0005268302629701793,7.825136320223675e-07,0.00019901525481817416,0.2330082356929779,0.041713960468769073,0.01687360368669033,0.1528347134590149,0.001318506097187209,0.055728551316279004
0,0.0,0.0005270296242088079,7.825136320223661e-07,0.0002078425841979467,0.25426486134529114,0.017845412716269493,0.04883100464940071,0.14204037189483643,0.0013356759495166805,0.0579992012659407
0,0.0,0.000525991024915129,7.825136320223704e-07,0.0002153246625376634,0.24642211198806763,0.03357977792620659,0.06677405536174774,0.15530748665332794,0.0014214803998304053,0.06285328601001715
1,1.0,0.9994736313819885,0.9999992174863047,0.9997952039270334,0.9884476065635681,0.9998251795768738,0.9900175929069519,0.9805037975311279,0.9991565211478776,0.9947663137395042
0,0.0,0.0005265004001557827,7.825136320223661e-07,0.0002157688989936554,0.23106932640075684,0.06117621436715126,0.059165116399526596,0.1507226824760437,0.0014403341634213432,0.06286186754882409
0,0.0,0.000525991024915129,7.825136320223704e-07,0.0002153246625376634,0.24642211198806763,0.03357977792620659,0.06677405536174774,0.15530748665332794,0.0014214803998304053,0.06285328601001715
0,0.0,0.000525991024915129,7.825136320226651e-07,0.0003864084158956572,0.3297906816005707,0.05629097297787666,0.072733074426651,0.2374628484249115,0.001831440406999502,0.08718528625734825
0,0.0,0.000525991024915129,7.825136320223704e-07,0.0002153246625376634,0.24642211198806763,0.03357977792620659,0.06677405536174774,0.15530748665332794,0.0014214803998304053,0.06285328601001715
0,0.0,0.0005270296242088079,7.825136320225039e-07,0.00023530647812990732,0.2798534631729126,0.026064515113830566,0.048301566392183304,0.17793382704257965,0.0014634573887450455,0.06666726973451943
0,0.0,0.000525991024915129,7.825136320223704e-07,0.0002153246625376634,0.24642211198806763,0.03357977792620659,0.06677405536174774,0.15530748665332794,0.0014214803998304053,0.06285328601001715
1,1.0,0.9994723200798035,0.9999992174863047,0.9997916861560011,0.9911751747131348,0.9993465542793274,0.97444087266922,0.9874958992004395,0.9991478249613845,0.9940049869388565
1,1.0,0.9994736313819885,0.9999992174863047,0.9997952039270334,0.9884476065635681,0.9998251795768738,0.9900175929069519,0.9805037975311279,0.9991565211478776,0.9947663137395042
0,0.0,0.0005265004001557827,7.825136320223661e-07,0.0002157688989936554,0.23106932640075684,0.06117621436715126,0.059165116399526596,0.1507226824760437,0.0014403341634213432,0.06286186754882409
0,0.0,0.0005270296242088079,7.825136320223661e-07,0.0002078425841979467,0.25426486134529114,0.017845412716269493,0.04883100464940071,0.14204037189483643,0.0013356759495166805,0.0579992012659407
0,0.0,0.0005265004001557827,7.825136320223661e-07,0.0002157688989936554,0.23106932640075684,0.06117621436715126,0.059165116399526596,0.1507226824760437,0.0014403341634213432,0.06286186754882409
0,0.0,0.0005265004001557827,7.825136320223661e-07,0.0002157688989936554,0.23106932640075684,0.06117621436715126,0.059165116399526596,0.1507226824760437,0.0014403341634213432,0.06286186754882409
0,0.0,0.0005268302629701793,7.825136320223675e-07,0.00019901525481817416,0.2330082356929779,0.041713960468769073,0.01687360368669033,0.1528347134590149,0.001318506097187209,0.055728551316279004
0,0.0,0.000525991024915129,7.825136320223704e-07,0.0002153246625376634,0.24642211198806763,0.03357977792620659,0.06677405536174774,0.15530748665332794,0.0014214803998304053,0.06285328601001715
0,0.0,0.000525991024915129,7.825136320223704e-07,0.0002153246625376634,0.24642211198806763,0.03357977792620659,0.06677405536174774,0.15530748665332794,0.0014214803998304053,0.06285328601001715
1,1.0,0.9994729161262512,0.9999992174863047,0.9997864003871173,0.9844276309013367,0.9995207786560059,0.9505371451377869,0.9689883589744568,0.9990889112774854,0.9879172313017464
0,0.0,0.0005267710075713694,7.825136416934399e-07,0.0005111388030542087,0.31177571415901184,0.06597816199064255,0.10675448924303055,0.2137177437543869,0.001854292750682908,0.08736829860629847
1,1.0,0.9994739890098572,0.9999992174863604,0.9997878997897545,0.9901697039604187,0.9989849925041199,0.998993456363678,0.9754160046577454,0.9991616732282688,0.995344723669858
0,0.0,0.0005267710075713694,7.825136416932759e-07,0.00021318554164929078,0.24689815938472748,0.035124849528074265,0.04436808452010155,0.1287868320941925,0.0013313109373958747,0.05702309402881215
1,1.0,0.9994736313819885,0.9999992174863047,0.9997952039270334,0.9884476065635681,0.9998251795768738,0.9900175929069519,0.9805037975311279,0.9991565211478776,0.9947663137395042
0,0.0,0.0005265004001557827,7.825136320223661e-07,0.0002157688989936554,0.23106932640075684,0.06117621436715126,0.059165116399526596,0.1507226824760437,0.0014403341634213432,0.06286186754882409
0,0.0,0.0005270296242088079,7.825136320223661e-07,0.0002078425841979467,0.25426486134529114,0.017845412716269493,0.04883100464940071,0.14204037189483643,0.0013356759495166805,0.0579992012659407
0,0.0,0.000525991024915129,7.825136320223704e-07,0.0002153246625376634,0.24642211198806763,0.03357977792620659,0.06677405536174774,0.15530748665332794,0.0014214803998304053,0.06285328601001715
0,0.0,0.0005265004001557827,7.82513632022476e-07,0.00026560731278086713,0.25252726674079895,0.08219173550605774,0.06114814057946205,0.17925791442394257,0.0015951699984098585,0.07199986873812991
0,0.0,0.0005270296242088079,7.825136320223661e-07,0.0002078425841979467,0.25426486134529114,0.017845412716269493,0.04883100464940071,0.14204037189483643,0.0013356759495166805,0.0579992012659407
0,0.0,0.0005268302629701793,7.825136320225469e-07,0.00022355173764407449,0.2657730281352997,0.056640129536390305,0.07193876802921295,0.19607828557491302,0.0016103052213910952,0.07390209507321707
0,0.0,0.0005267710075713694,7.825136416932759e-07,0.00021318554164929078,0.24689815938472748,0.035124849528074265,0.04436808452010155,0.1287868320941925,0.0013313109373958747,0.05702309402881215
1,1.0,0.9994736313819885,0.9999992174863047,0.9997952039270334,0.9884476065635681,0.9998251795768738,0.9900175929069519,0.9805037975311279,0.9991565211478776,0.9947663137395042
0,0.0,0.0005270296242088079,7.825136320223661e-07,0.0002078425841979467,0.25426486134529114,0.017845412716269493,0.04883100464940071,0.14204037189483643,0.0013356759495166805,0.0579992012659407
0,0.0,0.0005267710075713694,7.825136416932759e-07,0.00021318554164929078,0.24689815938472748,0.035124849528074265,0.04436808452010155,0.1287868320941925,0.0013313109373958747,0.05702309402881215
0,0.0,0.0005268302629701793,7.825136320225469e-07,0.00022355173764407449,0.2657730281352997,0.056640129536390305,0.07193876802921295,0.19607828557491302,0.0016103052213910952,0.07390209507321707
0,0.0,0.0005265004001557827,7.825136320223661e-07,0.0002157688989936554,0.23106932640075684,0.06117621436715126,0.059165116399526596,0.1507226824760437,0.0014403341634213432,0.06286186754882409
1,1.0,0.9994739890098572,0.9999992174863604,0.9997878997897545,0.9901697039604187,0.9989849925041199,0.998993456363678,0.9754160046577454,0.9991616732282688,0.995344723669858
0,0.0,0.0005267710075713694,7.825136416932759e-07,0.00021318554164929078,0.24689815938472748,0.035124849528074265,0.04436808452010155,0.1287868320941925,0.0013313109373958747,0.05702309402881215
0,0.0,0.0005267710075713694,7.825136416932759e-07,0.00021318554164929078,0.24689815938472748,0.035124849528074265,0.04436808452010155,0.1287868320941925,0.0013313109373958747,0.05702309402881215
1,1.0,0.9994739890098572,0.9999992174863604,0.9997878997897545,0.9901697039604187,0.9989849925041199,0.998993456363678,0.9754160046577454,0.9991616732282688,0.995344723669858
0,0.0,0.0005265004001557827,7.825136320223661e-07,0.0002157688989936554,0.23106932640075684,0.06117621436715126,0.059165116399526596,0.1507226824760437,0.0014403341634213432,0.06286186754882409
0,0.0,0.0005265004001557827,7.825136320223661e-07,0.0002157688989936554,0.23106932640075684,0.06117621436715126,0.059165116399526596,0.1507226824760437,0.0014403341634213432,0.06286186754882409
0,0.0,0.0005265004001557827,7.825136320223661e-07,0.0002157688989936554,0.23106932640075684,0.06117621436715126,0.059165116399526596,0.1507226824760437,0.0014403341634213432,0.06286186754882409
0,0.0,0.0005265004001557827,7.825136320223661e-07,0.0002157688989936554,0.23106932640075684,0.06117621436715126,0.059165116399526596,0.1507226824760437,0.0014403341634213432,0.06286186754882409
1,1.0,0.9994739890098572,0.9999992174863604,0.9997878997897545,0.9901697039604187,0.9989849925041199,0.998993456363678,0.9754160046577454,0.9991616732282688,0.995344723669858
0,0.0,0.0005267710075713694,7.825136416932759e-07,0.00021318554164929078,0.24689815938472748,0.035124849528074265,0.04436808452010155,0.1287868320941925,0.0013313109373958747,0.05702309402881215
1,1.0,0.9994736313819885,0.9999992174863047,0.9997952039270334,0.9884476065635681,0.9998251795768738,0.9900175929069519,0.9805037975311279,0.9991565211478776,0.9947663137395042
0,0.0,0.0005267710075713694,7.825136416937457e-07,0.010447634343048604,0.35586652159690857,0.10107709467411041,0.12425193190574646,0.2791878879070282,0.0023707199768147123,0.10887848600800347
0,0.0,0.0005267710075713694,7.825136416932759e-07,0.00021318554164929078,0.24689815938472748,0.035124849528074265,0.04436808452010155,0.1287868320941925,0.0013313109373958747,0.05702309402881215
0,0.0,0.0005270296242088079,7.825136320223661e-07,0.0002078425841979467,0.25426486134529114,0.017845412716269493,0.04883100464940071,0.14204037189483643,0.0013356759495166805,0.0579992012659407
0,0.0,0.0005267710075713694,7.825136416932759e-07,0.00021318554164929078,0.24689815938472748,0.035124849528074265,0.04436808452010155,0.1287868320941925,0.0013313109373958747,0.05702309402881215
1,1.0,0.9994733929634094,0.9999992174863047,0.9998014674999373,0.9852429628372192,0.9993225336074829,0.999871015548706,0.9864693880081177,0.9991715146135451,0.9962638094982654
0,0.0,0.0005267710075713694,7.825136416933286e-07,0.0002712973034534296,0.26246756315231323,0.04629596322774887,0.07728515565395355,0.15635405480861664,0.00150320010436804,0.06788465408420186
0,0.0,0.0005265004001557827,7.825136320223661e-07,0.0002157688989936554,0.23106932640075684,0.06117621436715126,0.059165116399526596,0.1507226824760437,0.0014403341634213432,0.06286186754882409
0,0.0,0.0005270296242088079,7.825136320223661e-07,0.0002078425841979467,0.25426486134529114,0.017845412716269493,0.04883100464940071,0.14204037189483643,0.0013356759495166805,0.0579992012659407
0,0.0,0.0005270296242088079,7.825136320223661e-07,0.0002078425841979467,0.25426486134529114,0.017845412716269493,0.04883100464940071,0.14204037189483643,0.0013356759495166805,0.0579992012659407
0,0.0,0.000525991024915129,7.825136320223704e-07,0.0002153246625376634,0.24642211198806763,0.03357977792620659,0.06677405536174774,0.15530748665332794,0.0014214803998304053,0.06285328601001715
0,0.0,0.0005270296242088079,7.825136320223661e-07,0.0002078425841979467,0.25426486134529114,0.017845412716269493,0.04883100464940071,0.14204037189483643,0.0013356759495166805,0.0579992012659407
0,0.0,0.0005267710075713694,7.825136416932759e-07,0.00021318554164929078,0.24689815938472748,0.035124849528074265,0.04436808452010155,0.1287868320941925,0.0013313109373958747,0.05702309402881215
1,1.0,0.9994736313819885,0.9999992174863047,0.9997952039270334,0.9884476065635681,0.9998251795768738,0.9900175929069519,0.9805037975311279,0.9991565211478776,0.9947663137395042
0,0.0,0.0005268302629701793,7.825136320223675e-07,0.00019901525481817416,0.2330082356929779,0.041713960468769073,0.01687360368669033,0.1528347134590149,0.001318506097187209,0.055728551316279004
0,0.0,0.0005270296242088079,7.825136320223661e-07,0.0002078425841979467,0.25426486134529114,0.017845412716269493,0.04883100464940071,0.14204037189483643,0.0013356759495166805,0.0579992012659407
0,0.0,0.0005268302629701793,7.825136320223675e-07,0.00019901525481817416,0.2330082356929779,0.041713960468769073,0.01687360368669033,0.1528347134590149,0.001318506097187209,0.055728551316279004
0,0.0,0.0005265004001557827,7.825136320223661e-07,0.0002157688989936554,0.23106932640075684,0.06117621436715126,0.059165116399526596,0.1507226824760437,0.0014403341634213432,0.06286186754882409
0,0.0,0.0005268302629701793,7.825136320225469e-07,0.00022355173764407449,0.2657730281352997,0.056640129536390305,0.07193876802921295,0.19607828557491302,0.0016103052213910952,0.07390209507321707
0,0.0,0.0005268302629701793,7.825136320223675e-07,0.00019901525481817416,0.2330082356929779,0.041713960468769073,0.01687360368669033,0.1528347134590149,0.001318506097187209,0.055728551316279004
0,0.0,0.0005270296242088079,7.825136320223661e-07,0.0002078425841979467,0.25426486134529114,0.017845412716269493,0.04883100464940071,0.14204037189483643,0.0013356759495166805,0.0579992012659407
0,0.0,0.0005265004001557827,7.825136320223661e-07,0.0002157688989936554,0.23106932640075684,0.06117621436715126,0.059165116399526596,0.1507226824760437,0.0014403341634213432,0.06286186754882409
0,0.0,0.000525991024915129,7.825136320223704e-07,0.0002153246625376634,0.24642211198806763,0.03357977792620659,0.06677405536174774,0.15530748665332794,0.0014214803998304053,0.06285328601001715
1,1.0,0.9994723200798035,0.9999992174863047,0.9997916861560011,0.9911751747131348,0.9993465542793274,0.97444087266922,0.9874958992004395,0.9991478249613845,0.9940049869388565
0,0.0,0.000525991024915129,7.825136320223704e-07,0.0002153246625376634,0.24642211198806763,0.03357977792620659,0.06677405536174774,0.15530748665332794,0.0014214803998304053,0.06285328601001715
0,0.0,0.000525991024915129,7.825136320225956e-07,0.00026875609996030407,0.2833360731601715,0.045261282473802567,0.06869415938854218,0.19185274839401245,0.0015933837665567591,0.07375970656057973
0,0.0,0.000525991024915129,7.825136320223704e-07,0.0002153246625376634,0.24642211198806763,0.03357977792620659,0.06677405536174774,0.15530748665332794,0.0014214803998304053,0.06285328601001715
1,1.0,0.9994739890098572,0.9999992174863604,0.9994808746288985,0.8352836966514587,0.9142860174179077,0.9999521970748901,0.6804406642913818,0.9982700321959932,0.9284849935599255
0,0.0,0.0005267710075713694,7.825136416932759e-07,0.00021318554164929078,0.24689815938472748,0.035124849528074265,0.04436808452010155,0.1287868320941925,0.0013313109373958747,0.05702309402881215
0,0.0,0.0005268302629701793,7.825136320223675e-07,0.00019901525481817416,0.2330082356929779,0.041713960468769073,0.01687360368669033,0.1528347134590149,0.001318506097187209,0.055728551316279004
0,0.0,0.0005267710075713694,7.825136416932759e-07,0.00021318554164929078,0.24689815938472748,0.035124849528074265,0.04436808452010155,0.1287868320941925,0.0013313109373958747,0.05702309402881215
0,0.0,0.0005268302629701793,7.825136320223675e-07,0.00019901525481817416,0.2330082356929779,0.041713960468769073,0.01687360368669033,0.1528347134590149,0.001318506097187209,0.055728551316279004
0,0.0,0.000525991024915129,7.825136320223704e-07,0.0002153246625376634,0.24642211198806763,0.03357977792620659,0.06677405536174774,0.15530748665332794,0.0014214803998304053,0.06285328601001715
0,0.0,0.0005268302629701793,7.825136320223675e-07,0.00019901525481817416,0.2330082356929779,0.041713960468769073,0.01687360368669033,0.1528347134590149,0.001318506097187209,0.055728551316279004
0,0.0,0.0005265004001557827,7.82513632022476e-07,0.00026560731278086713,0.25252726674079895,0.08219173550605774,0.06114814057946205,0.17925791442394257,0.0015951699984098585,0.07199986873812991
0,0.0,0.000525991024915129,7.825136320228541e-07,0.0010771089085624339,0.38222789764404297,0.047102514654397964,0.07792821526527405,0.2818375527858734,0.0020492397837366945,0.09889667317888573
0,0.0,0.000525991024915129,7.825136320223704e-07,0.0002153246625376634,0.24642211198806763,0.03357977047562599,0.06677405536174774,0.15530748665332794,0.001421480381707247,0.06285328508006569
0,0.0,0.0005270296242088079,7.825136320223661e-07,0.0002078425841979467,0.25426486134529114,0.017845412716269493,0.04883100464940071,0.14204037189483643,0.0013356759495166805,0.0579992012659407
0,0.0,0.0005270296242088079,7.825136320223661e-07,0.0002078425841979467,0.25426486134529114,0.017845412716269493,0.04883100464940071,0.14204037189483643,0.0013356759495166805,0.0579992012659407
0,0.0,0.000525991024915129,7.825136320223704e-07,0.0002153246625376634,0.24642211198806763,0.03357977047562599,0.06677405536174774,0.15530748665332794,0.001421480381707247,0.06285328508006569
1,1.0,0.9994733929634094,0.9999992174863047,0.9998014674999373,0.9852429628372192,0.9993225336074829,0.999871015548706,0.9864693880081177,0.9991715146135451,0.9962638094982654
0,0.0,0.0005270296242088079,7.825136320223661e-07,0.0002078425841979467,0.25426486134529114,0.017845412716269493,0.04883100464940071,0.14204037189483643,0.0013356759495166805,0.0579992012659407
0,0.0,0.0005268302629701793,7.825136320223675e-07,0.00019901525481817416,0.2330082356929779,0.041713960468769073,0.01687360368669033,0.1528347134590149,0.001318506097187209,0.055728551316279004
1,1.0,0.9994736313819885,0.9999992174863047,0.954390343770631,1.0,1.0,0.9810696840286255,1.0,0.9990944763178108,0.9918850539157841
0,0.0,0.0005267710075713694,7.825136416932759e-07,0.00021318554164929078,0.24689815938472748,0.035124849528074265,0.04436808452010155,0.1287868320941925,0.0013313109373958747,0.05702309402881215
0,0.0,0.0005270296242088079,7.825136320223661e-07,0.0002078425841979467,0.25426486134529114,0.017845412716269493,0.04883100464940071,0.14204037189483643,0.0013356759495166805,0.0579992012659407
1,1.0,0.9994736313819885,0.9999992174863047,0.9997952039270334,0.9884476065635681,0.9998251795768738,0.9900175929069519,0.9805037975311279,0.9991565211478776,0.9947663137395042
0,0.0,0.0005267710075713694,7.825136416935343e-07,0.0010874957688270562,0.3236061930656433,0.07172790169715881,0.11351871490478516,0.2292284369468689,0.0019595731041650174,0.09241744771964201
0,0.0,0.000525991024915129,7.825136320223704e-07,0.0002153246625376634,0.24642211198806763,0.03357977792620659,0.06677405536174774,0.15530748665332794,0.0014214803998304053,0.06285328601001715
0,0.0,0.0005270296242088079,7.825136320223661e-07,0.0002078425841979467,0.25426486134529114,0.017845412716269493,0.04883100464940071,0.14204037189483643,0.0013356759495166805,0.0579992012659407
0,0.0,0.0005265004001557827,7.825136320223661e-07,0.0002157688989936554,0.23106932640075684,0.06117621436715126,0.059165116399526596,0.1507226824760437,0.0014403341634213432,0.06286186754882409
0,0.0,0.0005265004001557827,7.825136320223661e-07,0.0002157688989936554,0.23106932640075684,0.06117621436715126,0.059165116399526596,0.1507226824760437,0.0014403341634213432,0.06286186754882409
1,1.0,0.9994736313819885,0.9999992174863047,0.9997952039270334,0.9884476065635681,0.9998251795768738,0.9900175929069519,0.9805037975311279,0.9991565211478776,0.9947663137395042
0,0.0,0.0005268302629701793,7.825136320225469e-07,0.00022355173764407449,0.2657730281352997,0.056640129536390305,0.07193876802921295,0.19607828557491302,0.0016103052213910952,0.07390209507321707
0,0.0,0.0005268302629701793,7.825136320223675e-07,0.00019901525481817416,0.2330082356929779,0.041713960468769073,0.01687360368669033,0.1528347134590149,0.001318506097187209,0.055728551316279004
0,0.0,0.0005267710075713694,7.825136416932759e-07,0.00021318554164929078,0.24689815938472748,0.035124849528074265,0.04436808452010155,0.1287868320941925,0.0013313109373958747,0.05702309402881215
0,0.0,0.000525991024915129,7.825136320223704e-07,0.0002153246625376634,0.24642211198806763,0.03357977792620659,0.06677405536174774,0.15530748665332794,0.0014214803998304053,0.06285328601001715
1,1.0,0.9994729161262512,0.9999992174863047,0.9945192941593172,0.9715269804000854,0.9987744688987732,0.6527795195579529,0.9461241364479065,0.9985248565836969,0.9460032753418077
0,0.0,0.0005270296242088079,7.825136320223661e-07,0.0002078425841979467,0.25426486134529114,0.017845412716269493,0.04883100464940071,0.14204037189483643,0.0013356759495166805,0.0579992012659407
0,0.0,0.0005268302629701793,7.825136320223675e-07,0.00019901525481817416,0.2330082356929779,0.041713960468769073,0.01687360368669033,0.1528347134590149,0.001318506097187209,0.055728551316279004
0,0.0,0.0005268302629701793,7.825136320223675e-07,0.00019901525481817416,0.2330082356929779,0.041713960468769073,0.01687360368669033,0.1528347134590149,0.001318506097187209,0.055728551316279004
0,0.0,0.0005265004001557827,7.825136320223661e-07,0.0002157688989936554,0.23106932640075684,0.06117621436715126,0.059165116399526596,0.1507226824760437,0.0014403341634213432,0.06286186754882409
0,0.0,0.000525991024915129,7.825136320223704e-07,0.0002153246625376634,0.24642211198806763,0.03357977792620659,0.06677405536174774,0.15530748665332794,0.0014214803998304053,0.06285328601001715
1,1.0,0.9994723200798035,0.9999992174863047,0.9987465136634285,0.9986280202865601,0.999994158744812,0.9823933839797974,0.9969005584716797,0.9991741848183918,0.997046786200715
0,0.0,0.0005268302629701793,7.825136320225469e-07,0.00022355173764407449,0.2657730281352997,0.056640129536390305,0.07193876802921295,0.19607828557491302,0.0016103052213910952,0.07390209507321707
0,0.0,0.0005270296242088079,7.825136320223661e-07,0.0002078425841979467,0.25426486134529114,0.017845412716269493,0.04883100464940071,0.14204037189483643,0.0013356759495166805,0.0579992012659407
0,0.0,0.0005267710075713694,7.825136416934064e-07,0.0003543312934599608,0.2954631447792053,0.05750005319714546,0.09598930180072784,0.1960683912038803,0.0017245021091001657,0.08070861922590497
0,0.0,0.0005270296242088079,7.825136320223661e-07,0.0002078425841979467,0.25426486134529114,0.017845412716269493,0.04883100464940071,0.14204037189483643,0.0013356759495166805,0.0579992012659407
0,0.0,0.0005265004001557827,7.825136320223661e-07,0.0002157688989936554,0.23106932640075684,0.06117621436715126,0.059165116399526596,0.1507226824760437,0.0014403341634213432,0.06286186754882409
0,0.0,0.0005267710075713694,7.825136416932759e-07,0.00021318554164929078,0.24689815938472748,0.035124849528074265,0.04436808452010155,0.1287868320941925,0.0013313109373958747,0.05702309402881215
0,0.0,0.000525991024915129,7.825136320223704e-07,0.0002153246625376634,0.24642211198806763,0.03357977792620659,0.06677405536174774,0.15530748665332794,0.0014214803998304053,0.06285328601001715
0,0.0,0.0005265004001557827,7.825136320223661e-07,0.0002157688989936554,0.23106932640075684,0.06117621436715126,0.059165116399526596,0.1507226824760437,0.0014403341634213432,0.06286186754882409
0,0.0,0.0005270296242088079,7.825136320223661e-07,0.0002078425841979467,0.25426486134529114,0.017845412716269493,0.04883100464940071,0.14204037189483643,0.0013356759495166805,0.0579992012659407
0,0.0,0.0005270296242088079,7.825136320225039e-07,0.00023530647812990732,0.2798534631729126,0.026064515113830566,0.048301566392183304,0.17793382704257965,0.0014634573887450455,0.06666726973451943
0,0.0,0.0005265004001557827,7.825136320223661e-07,0.0002157688989936554,0.23106932640075684,0.06117621436715126,0.059165116399526596,0.1507226824760437,0.0014403341634213432,0.06286186754882409
0,0.0,0.0005265004001557827,7.825136320228624e-07,0.010560665811382545,0.3980323374271393,0.11136770993471146,0.07348709553480148,0.25596004724502563,0.002277284655543971,0.10629874918060322
0,0.0,0.0005267710075713694,7.825136416932759e-07,0.00021318554164929078,0.24689815938472748,0.035124849528074265,0.04436808452010155,0.1287868320941925,0.0013313109373958747,0.05702309402881215
0,0.0,0.0005270296242088079,7.825136320223661e-07,0.0002078425841979467,0.25426486134529114,0.017845412716269493,0.04883100464940071,0.14204037189483643,0.0013356759495166805,0.0579992012659407
0,0.0,0.0005270296242088079,7.825136320223661e-07,0.0002078425841979467,0.25426486134529114,0.017845412716269493,0.04883100464940071,0.14204037189483643,0.0013356759495166805,0.0579992012659407
1,1.0,0.9994729161262512,0.9999992174863047,0.9997864003871173,0.9844276309013367,0.9995207786560059,0.9505371451377869,0.9689883589744568,0.9990889112774854,0.9879172313017464
0,0.0,0.000525991024915129,7.825136320223704e-07,0.0002153246625376634,0.24642211198806763,0.03357977792620659,0.06677405536174774,0.15530748665332794,0.0014214803998304053,0.06285328601001715
0,0.0,0.0005267710075713694,7.825136416934064e-07,0.0003543312934599608,0.2954631447792053,0.05750005319714546,0.09598930180072784,0.1960683912038803,0.0017245021091001657,0.08070861922590497
0,0.0,0.0005270296242088079,7.825136320223661e-07,0.0002078425841979467,0.25426486134529114,0.017845412716269493,0.04883100464940071,0.14204037189483643,0.0013356759495166805,0.0579992012659407
0,0.0,0.0005267710075713694,7.825136416932759e-07,0.00021318554164929078,0.24689815938472748,0.035124849528074265,0.04436808452010155,0.1287868320941925,0.0013313109373958747,0.05702309402881215
0,0.0,0.0005270296242088079,7.825136320223661e-07,0.0002078425841979467,0.25426486134529114,0.017845412716269493,0.04883100464940071,0.14204037189483643,0.0013356759495166805,0.0579992012659407
0,0.0,0.0005268302629701793,7.825136320223675e-07,0.00019901525481817416,0.2330082356929779,0.041713960468769073,0.01687360368669033,0.1528347134590149,0.001318506097187209,0.055728551316279004
0,0.0,0.0005265004001557827,7.825136320223661e-07,0.0002157688989936554,0.23106932640075684,0.06117621436715126,0.059165116399526596,0.1507226824760437,0.0014403341634213432,0.06286186754882409
0,0.0,0.0005267710075713694,7.825136416932759e-07,0.00021318554164929078,0.24689815938472748,0.035124849528074265,0.04436808452010155,0.1287868320941925,0.0013313109373958747,0.05702309402881215
0,0.0,0.0005270296242088079,7.825136320223661e-07,0.0002078425841979467,0.25426486134529114,0.017845412716269493,0.04883100464940071,0.14204037189483643,0.0013356759495166805,0.0579992012659407
0,0.0,0.0005265004001557827,7.825136320223661e-07,0.0002157688989936554,0.23106932640075684,0.06117621436715126,0.059165116399526596,0.1507226824760437,0.0014403341634213432,0.06286186754882409
0,0.0,0.0005265004001557827,7.825136320223661e-07,0.0002157688989936554,0.23106932640075684,0.06117621436715126,0.059165116399526596,0.1507226824760437,0.0014403341634213432,0.06286186754882409
1,1.0,0.9994739890098572,0.9999992174863604,0.9997878997897545,0.9901697039604187,0.9989849925041199,0.998993456363678,0.9754160046577454,0.9991616732282688,0.995344723669858
0,0.0,0.0005268302629701793,7.825136320223675e-07,0.00019901525481817416,0.2330082356929779,0.041713960468769073,0.01687360368669033,0.1528347134590149,0.001318506097187209,0.055728551316279004
0,0.0,0.000525991024915129,7.825136320223704e-07,0.0002153246625376634,0.24642211198806763,0.03357977792620659,0.06677405536174774,0.15530748665332794,0.0014214803998304053,0.06285328601001715
0,0.0,0.0005267710075713694,7.825136416934064e-07,0.0003543312934599608,0.2954631447792053,0.05750005319714546,0.09598930180072784,0.1960683912038803,0.0017245021091001657,0.08070861922590497
0,0.0,0.0005265004001557827,7.825136320223661e-07,0.0002157688989936554,0.23106932640075684,0.06117621436715126,0.059165116399526596,0.1507226824760437,0.0014403341634213432,0.06286186754882409
0,0.0,0.0005270296242088079,7.825136320223661e-07,0.0002078425841979467,0.25426486134529114,0.017845412716269493,0.04883100464940071,0.14204037189483643,0.0013356759495166805,0.0579992012659407
0,0.0,0.0005268302629701793,7.825136320223675e-07,0.00019901525481817416,0.2330082356929779,0.041713960468769073,0.01687360368669033,0.1528347134590149,0.001318506097187209,0.055728551316279004
1,1.0,0.9994729161262512,0.9999992174863047,0.9997079673470044,0.9927243590354919,0.9999096393585205,0.9597736597061157,0.9776272773742676,0.9991200355152318,0.9912159231478967
0,0.0,0.000525991024915129,7.825136320223704e-07,0.0002153246625376634,0.24642211198806763,0.03357977792620659,0.06677405536174774,0.15530748665332794,0.0014214803998304053,0.06285328601001715
0,0.0,0.0005267710075713694,7.825136416932759e-07,0.00021318554164929078,0.24689815938472748,0.035124849528074265,0.04436808452010155,0.1287868320941925,0.0013313109373958747,0.05702309402881215
0,0.0,0.0005265004001557827,7.825136320223661e-07,0.0002157688989936554,0.23106932640075684,0.06117621436715126,0.059165116399526596,0.1507226824760437,0.0014403341634213432,0.06286186754882409
0,0.0,0.0005270296242088079,7.825136320230293e-07,0.018377133650276427,0.4338589310646057,0.02396865375339985,0.05610014498233795,0.5892413854598999,0.0032146418376124376,0.1404714282421684
0,0.0,0.0005268302629701793,7.825136320223675e-07,0.00019901525481817416,0.2330082356929779,0.041713960468769073,0.01687360368669033,0.1528347134590149,0.001318506097187209,0.055728551316279004
0,0.0,0.0005270296242088079,7.825136320225039e-07,0.00023530647812990732,0.2798534631729126,0.026064515113830566,0.048301566392183304,0.17793382704257965,0.0014634573887450455,0.06666726973451943
0,0.0,0.000525991024915129,7.825136320231237e-07,0.009972008131062783,0.41682276129722595,0.039190955460071564,0.07981935143470764,0.30629536509513855,0.0022206737982203807,0.10665725862528296
0,0.0,0.0005267710075713694,7.825136416932759e-07,0.00021318554164929078,0.24689815938472748,0.035124849528074265,0.04436808452010155,0.1287868320941925,0.0013313109373958747,0.05702309402881215
0,0.0,0.0005268302629701793,7.825136320223675e-07,0.00019901525481817416,0.2330082356929779,0.041713960468769073,0.01687360368669033,0.1528347134590149,0.001318506097187209,0.055728551316279004
0,0.0,0.0005267710075713694,7.825136416932759e-07,0.00021318554164929078,0.24689815938472748,0.035124849528074265,0.04436808452010155,0.1287868320941925,0.0013313109373958747,0.05702309402881215
1,1.0,0.9994729161262512,0.9999992174863047,0.9997864003871173,0.9844276309013367,0.9995207786560059,0.9505371451377869,0.9689883589744568,0.9990889112774854,0.9879172313017464
0,0.0,0.000525991024915129,7.825136320223704e-07,0.0002153246625376634,0.24642211198806763,0.03357977792620659,0.06677405536174774,0.15530748665332794,0.0014214803998304053,0.06285328601001715
0,0.0,0.000525991024915129,7.825136320223704e-07,0.0002153246625376634,0.24642211198806763,0.03357977792620659,0.06677405536174774,0.15530748665332794,0.0014214803998304053,0.06285328601001715
0,0.0,0.0005270296242088079,7.825136320223661e-07,0.0002078425841979467,0.25426486134529114,0.017845412716269493,0.04883100464940071,0.14204037189483643,0.0013356759495166805,0.0579992012659407
0,0.0,0.0005265004001557827,7.825136320223661e-07,0.0002157688989936554,0.23106932640075684,0.06117621436715126,0.059165116399526596,0.1507226824760437,0.0014403341634213432,0.06286186754882409
0,0.0,0.0005265004001557827,7.825136320223661e-07,0.0002157688989936554,0.23106932640075684,0.06117621436715126,0.059165116399526596,0.1507226824760437,0.0014403341634213432,0.06286186754882409
0,0.0,0.0005270296242088079,7.825136320223661e-07,0.0002078425841979467,0.25426486134529114,0.017845412716269493,0.04883100464940071,0.14204037189483643,0.0013356759495166805,0.0579992012659407
0,0.0,0.000525991024915129,7.825136320223704e-07,0.0002153246625376634,0.24642211198806763,0.03357977792620659,0.06677405536174774,0.15530748665332794,0.0014214803998304053,0.06285328601001715
0,0.0,0.0005268302629701793,7.825136320223675e-07,0.00019901525481817416,0.2330082356929779,0.041713960468769073,0.01687360368669033,0.1528347134590149,0.001318506097187209,0.055728551316279004
0,0.0,0.0005267710075713694,7.825136416932759e-07,0.00021318554164929078,0.24689815938472748,0.035124849528074265,0.04436808452010155,0.1287868320941925,0.0013313109373958747,0.05702309402881215
0,0.0,0.0005265004001557827,7.825136320223661e-07,0.0002157688989936554,0.23106932640075684,0.06117621436715126,0.059165116399526596,0.1507226824760437,0.0014403341634213432,0.06286186754882409
0,0.0,0.0005265004001557827,7.82513632022476e-07,0.00026560731278086713,0.25252726674079895,0.08219173550605774,0.06114814057946205,0.17925791442394257,0.0015951699984098585,0.07199986873812991
0,0.0,0.0005265004001557827,7.825136320223661e-07,0.0002157688989936554,0.23106932640075684,0.06117621436715126,0.059165116399526596,0.1507226824760437,0.0014403341634213432,0.06286186754882409
0,0.0,0.000525991024915129,7.825136320223704e-07,0.0002153246625376634,0.24642211198806763,0.03357977792620659,0.06677405536174774,0.15530748665332794,0.0014214803998304053,0.06285328601001715
0,0.0,0.000525991024915129,7.825136320225956e-07,0.00026875609996030407,0.2833360731601715,0.045261282473802567,0.06869415938854218,0.19185274839401245,0.0015933837665567591,0.07375970656057973
0,0.0,0.0005267710075713694,7.825136416932759e-07,0.00021318554164929078,0.24689815938472748,0.035124849528074265,0.04436808452010155,0.1287868320941925,0.0013313109373958747,0.05702309402881215
1,1.0,0.9994723200798035,0.9999992174863047,0.9997916861560011,0.9911751747131348,0.9993465542793274,0.97444087266922,0.9874958992004395,0.9991478249613845,0.9940049869388565
0,0.0,0.0005270296242088079,7.825136320223661e-07,0.0002078425841979467,0.25426486134529114,0.017845412716269493,0.04883100464940071,0.14204037189483643,0.0013356759495166805,0.0579992012659407
1,1.0,0.9994739890098572,0.9999992174863604,0.9987479597034502,0.9545296430587769,0.9968498349189758,0.9999282360076904,0.8939400315284729,0.9990191258096438,0.9803886916096056
0,0.0,0.0005268302629701793,7.82513632023064e-07,0.017760306611019027,0.502768337726593,0.19261965155601501,0.2153453826904297,0.7844647765159607,0.007576937034868157,0.21415545091854377
1,1.0,0.9994733929634094,0.9999992174863047,0.9957918204966725,0.8940063118934631,0.8248170614242554,0.2032490372657776,0.9958653450012207,0.9961904438770876,0.8655898188071773
1,1.0,0.9994723200798035,0.9999992174863047,0.9997916861560011,0.9911751747131348,0.9993465542793274,0.97444087266922,0.9874958992004395,0.9991478249613845,0.9940049869388565
1,1.0,0.9994739890098572,0.9999992174863604,0.9975637741325161,0.999542236328125,0.9999997615814209,0.9999467134475708,0.996392548084259,0.9991927262848536,0.9991126944594112
1,1.0,0.9994733929634094,0.9999992174863047,0.9998014674999373,0.9852429628372192,0.9993225336074829,0.999871015548706,0.9864693880081177,0.9991715146135451,0.9962638094982654
0,0.0,0.0005270296242088079,7.825136320225039e-07,0.00023530647812990732,0.2798534631729126,0.026064515113830566,0.048301566392183304,0.17793382704257965,0.0014634573887450455,0.06666726973451943
0,0.0,0.0005265004001557827,7.825136320223661e-07,0.0002157688989936554,0.23106932640075684,0.06117621436715126,0.059165116399526596,0.1507226824760437,0.0014403341634213432,0.06286186754882409
0,0.0,0.0005270296242088079,7.825136320223661e-07,0.0002078425841979467,0.25426486134529114,0.017845412716269493,0.04883100464940071,0.14204037189483643,0.0013356759495166805,0.0579992012659407
0,0.0,0.0005268302629701793,7.825136320223675e-07,0.00019901525481817416,0.2330082356929779,0.041713960468769073,0.01687360368669033,0.1528347134590149,0.001318506097187209,0.055728551316279004
0,0.0,0.0005267710075713694,7.825136416932759e-07,0.00021318554164929078,0.24689815938472748,0.035124849528074265,0.04436808452010155,0.1287868320941925,0.0013313109373958747,0.05702309402881215
1,1.0,0.9994739890098572,0.9999992174863604,0.9997878997897545,0.9901697039604187,0.9989849925041199,0.998993456363678,0.9754160046577454,0.9991616732282688,0.995344723669858
0,0.0,0.0005265004001557827,7.825136320223661e-07,0.0002157688989936554,0.23106932640075684,0.06117621436715126,0.059165116399526596,0.1507226824760437,0.0014403341634213432,0.06286186754882409
0,0.0,0.0005268302629701793,7.825136320223675e-07,0.00019901525481817416,0.2330082356929779,0.041713960468769073,0.01687360368669033,0.1528347134590149,0.001318506097187209,0.055728551316279004
0,0.0,0.000525991024915129,7.825136320223704e-07,0.0002153246625376634,0.24642211198806763,0.03357977792620659,0.06677405536174774,0.15530748665332794,0.0014214803998304053,0.06285328601001715
0,0.0,0.000525991024915129,7.825136320223704e-07,0.0002153246625376634,0.24642211198806763,0.03357977792620659,0.06677405536174774,0.15530748665332794,0.0014214803998304053,0.06285328601001715
0,0.0,0.0005265004001557827,7.825136320223661e-07,0.0002157688989936554,0.23106932640075684,0.06117621436715126,0.059165116399526596,0.1507226824760437,0.0014403341634213432,0.06286186754882409
1,1.0,0.9994729161262512,0.9999992174863047,0.9997864003871173,0.9844276309013367,0.9995207786560059,0.9505371451377869,0.9689883589744568,0.9990889112774854,0.9879172313017464
0,0.0,0.0005265004001557827,7.825136320223661e-07,0.0002157688989936554,0.23106932640075684,0.06117621436715126,0.059165116399526596,0.1507226824760437,0.0014403341634213432,0.06286186754882409
0,0.0,0.0005265004001557827,7.825136320223661e-07,0.0002157688989936554,0.23106932640075684,0.06117621436715126,0.059165116399526596,0.1507226824760437,0.0014403341634213432,0.06286186754882409
0,0.0,0.0005265004001557827,7.825136320223661e-07,0.0002157688989936554,0.23106932640075684,0.06117621436715126,0.059165116399526596,0.1507226824760437,0.0014403341634213432,0.06286186754882409
0,0.0,0.0005268302629701793,7.825136320223675e-07,0.00019901525481817416,0.2330082356929779,0.041713960468769073,0.01687360368669033,0.1528347134590149,0.001318506097187209,0.055728551316279004
0,0.0,0.0005267710075713694,7.825136416933286e-07,0.0002712973034534296,0.26246756315231323,0.04629596322774887,0.07728515565395355,0.15635405480861664,0.00150320010436804,0.06788465408420186
0,0.0,0.000525991024915129,7.825136320226651e-07,0.0003864084158956572,0.3297906816005707,0.05629097297787666,0.072733074426651,0.2374628484249115,0.001831440406999502,0.08718528625734825
1,1.0,0.9994739890098572,0.9999992174863604,0.999629168885877,0.9836559295654297,0.9993966817855835,0.9999247789382935,0.9451901316642761,0.9991208890338168,0.9908878488534069
0,0.0,0.0005267710075713694,7.825136416932759e-07,0.00021318554164929078,0.24689815938472748,0.035124849528074265,0.04436808452010155,0.1287868320941925,0.0013313109373958747,0.05702309402881215
0,0.0,0.0005270296242088079,7.825136320223661e-07,0.0002078425841979467,0.25426486134529114,0.017845412716269493,0.04883100464940071,0.14204037189483643,0.0013356759495166805,0.0579992012659407
0,0.0,0.0005268302629701793,7.825136320223675e-07,0.00019901525481817416,0.2330082356929779,0.041713960468769073,0.01687360368669033,0.1528347134590149,0.001318506097187209,0.055728551316279004
0,0.0,0.0005267710075713694,7.825136416932759e-07,0.00021318554164929078,0.24689815938472748,0.035124849528074265,0.04436808452010155,0.1287868320941925,0.0013313109373958747,0.05702309402881215
0,0.0,0.0005268302629701793,7.825136320223675e-07,0.00019901525481817416,0.2330082356929779,0.041713960468769073,0.01687360368669033,0.1528347134590149,0.001318506097187209,0.055728551316279004
0,0.0,0.000525991024915129,7.825136320223704e-07,0.0002153246625376634,0.24642211198806763,0.03357977792620659,0.06677405536174774,0.15530748665332794,0.0014214803998304053,0.06285328601001715
0,0.0,0.000525991024915129,7.825136320223704e-07,0.0002153246625376634,0.24642211198806763,0.03357977792620659,0.06677405536174774,0.15530748665332794,0.0014214803998304053,0.06285328601001715
1,1.0,0.9994733929634094,0.9999992174863047,0.9998014674999373,0.9852429628372192,0.9993225336074829,0.999871015548706,0.9864693880081177,0.9991715146135451,0.9962638094982654
0,0.0,0.000525991024915129,7.825136320223704e-07,0.0002153246625376634,0.24642211198806763,0.03357977792620659,0.06677405536174774,0.15530748665332794,0.0014214803998304053,0.06285328601001715
0,0.0,0.0005267710075713694,7.825136416932759e-07,0.00021318554164929078,0.24689815938472748,0.035124849528074265,0.04436808452010155,0.1287868320941925,0.0013313109373958747,0.05702309402881215
0,0.0,0.000525991024915129,7.825136320223704e-07,0.0002153246625376634,0.24642211198806763,0.03357977792620659,0.06677405536174774,0.15530748665332794,0.0014214803998304053,0.06285328601001715
0,0.0,0.0005268302629701793,7.825136320223675e-07,0.00019901525481817416,0.2330082356929779,0.041713960468769073,0.01687360368669033,0.1528347134590149,0.001318506097187209,0.055728551316279004
0,0.0,0.0005265004001557827,7.825136320223661e-07,0.0002157688989936554,0.23106932640075684,0.06117621436715126,0.059165116399526596,0.1507226824760437,0.0014403341634213432,0.06286186754882409
0,0.0,0.0005268302629701793,7.825136320225469e-07,0.00022355173764407449,0.2657730281352997,0.056640129536390305,0.07193876802921295,0.19607828557491302,0.0016103052213910952,0.07390209507321707
0,0.0,0.0005267710075713694,7.825136416932759e-07,0.00021318554164929078,0.24689815938472748,0.035124849528074265,0.04436808452010155,0.1287868320941925,0.0013313109373958747,0.05702309402881215
0,0.0,0.0005267710075713694,7.825136416933286e-07,0.0002712973034534296,0.26246756315231323,0.04629596322774887,0.07728515565395355,0.15635405480861664,0.00150320010436804,0.06788465408420186
0,0.0,0.0005270296242088079,7.825136320223661e-07,0.0002078425841979467,0.25426486134529114,0.017845412716269493,0.04883100464940071,0.14204037189483643,0.0013356759495166805,0.0579992012659407
0,0.0,0.0005267710075713694,7.825136416932759e-07,0.00021318554164929078,0.24689815938472748,0.035124849528074265,0.04436808452010155,0.1287868320941925,0.0013313109373958747,0.05702309402881215
0,0.0,0.0005270296242088079,7.825136320223661e-07,0.0002078425841979467,0.25426486134529114,0.017845412716269493,0.04883100464940071,0.14204037189483643,0.0013356759495166805,0.0579992012659407
0,0.0,0.0005268302629701793,7.825136320223675e-07,0.00019901525481817416,0.2330082356929779,0.041713960468769073,0.01687360368669033,0.1528347134590149,0.001318506097187209,0.055728551316279004
0,0.0,0.0005265004001557827,7.825136320223661e-07,0.0002157688989936554,0.23106932640075684,0.06117621436715126,0.059165116399526596,0.1507226824760437,0.0014403341634213432,0.06286186754882409
0,0.0,0.0005265004001557827,7.825136320223661e-07,0.0002157688989936554,0.23106932640075684,0.06117621436715126,0.059165116399526596,0.1507226824760437,0.0014403341634213432,0.06286186754882409
0,0.0,0.0005268302629701793,7.825136320223675e-07,0.00019901525481817416,0.2330082356929779,0.041713960468769073,0.01687360368669033,0.1528347134590149,0.001318506097187209,0.055728551316279004
1,1.0,0.9994723200798035,0.9999992174863047,0.9997916861560011,0.9911751747131348,0.9993465542793274,0.97444087266922,0.9874958992004395,0.9991478249613845,0.9940049869388565
0,0.0,0.000525991024915129,7.825136320223704e-07,0.0002153246625376634,0.24642211198806763,0.03357977792620659,0.06677405536174774,0.15530748665332794,0.0014214803998304053,0.06285328601001715
0,0.0,0.0005268302629701793,7.825136320223675e-07,0.00019901525481817416,0.2330082356929779,0.041713960468769073,0.01687360368669033,0.1528347134590149,0.001318506097187209,0.055728551316279004
0,0.0,0.000525991024915129,7.825136320223704e-07,0.0002153246625376634,0.24642211198806763,0.03357977792620659,0.06677405536174774,0.15530748665332794,0.0014214803998304053,0.06285328601001715
1,1.0,0.9994723200798035,0.9999992174863047,0.9997916861560011,0.9911751747131348,0.9993465542793274,0.97444087266922,0.9874958992004395,0.9991478249613845,0.9940049869388565
0,0.0,0.0005268302629701793,7.825136320223675e-07,0.00019901525481817416,0.2330082356929779,0.041713960468769073,0.01687360368669033,0.1528347134590149,0.001318506097187209,0.055728551316279004
1,1.0,0.9994736313819885,0.9999992174863047,0.9997952039270334,0.9884476065635681,0.9998251795768738,0.9900175929069519,0.9805037975311279,0.9991565211478776,0.9947663137395042
1,1.0,0.9994736313819885,0.9999992174863047,0.9996411536633151,0.9013952612876892,0.9895763397216797,0.9943095445632935,0.8488097190856934,0.9988721379741826,0.9665868586709614
1,1.0,0.9994723200798035,0.9999992174863047,0.9994531048080108,0.8577613830566406,0.9233408570289612,0.9803959727287292,0.7583625316619873,0.9984665711546045,0.939781755436813
0,0.0,0.0005270296242088079,7.825136320223661e-07,0.0002078425841979467,0.25426486134529114,0.017845412716269493,0.04883100464940071,0.14204037189483643,0.0013356759495166805,0.0579992012659407
1,1.0,0.9994723200798035,0.9999992174863047,0.9995102551030332,0.9850784540176392,0.999213457107544,0.982383131980896,0.9694762825965881,0.9991294770609418,0.9919098286746194
0,0.0,0.000525991024915129,7.825136320223704e-07,0.0002153246625376634,0.24642211198806763,0.03357977792620659,0.06677405536174774,0.15530748665332794,0.0014214803998304053,0.06285328601001715
0,0.0,0.0005265004001557827,7.825136320223661e-07,0.0002157688989936554,0.23106932640075684,0.06117621436715126,0.059165116399526596,0.1507226824760437,0.0014403341634213432,0.06286186754882409
1,1.0,0.9994733929634094,0.9999992174863047,0.9996583092421284,0.8874461650848389,0.961546003818512,0.9999963045120239,0.8685735464096069,0.9988404448869219,0.9645184556168882
0,0.0,0.0005268302629701793,7.825136320223675e-07,0.00019901525481817416,0.2330082356929779,0.041713960468769073,0.01687360368669033,0.1528347134590149,0.001318506097187209,0.055728551316279004
1,1.0,0.9994736313819885,0.9999992174863047,0.9997952039270334,0.9884476065635681,0.9998251795768738,0.9900175929069519,0.9805037975311279,0.9991565211478776,0.9947663137395042
0,0.0,0.000525991024915129,7.825136320223704e-07,0.0002153246625376634,0.24642211198806763,0.03357977792620659,0.06677405536174774,0.15530748665332794,0.0014214803998304053,0.06285328601001715
1,1.0,0.9994736313819885,0.9999992174863047,0.9997952039270334,0.9884476065635681,0.9998251795768738,0.9900175929069519,0.9805037975311279,0.9991565211478776,0.9947663137395042
0,0.0,0.0005267710075713694,7.825136416933286e-07,0.0002712973034534296,0.26246756315231323,0.04629596322774887,0.07728515565395355,0.15635405480861664,0.00150320010436804,0.06788465408420186
0,0.0,0.000525991024915129,7.825136320225956e-07,0.00026875609996030407,0.2833360731601715,0.045261282473802567,0.06869415938854218,0.19185274839401245,0.0015933837665567591,0.07375970656057973
0,0.0,0.0005270296242088079,7.825136320223661e-07,0.0002078425841979467,0.25426486134529114,0.017845412716269493,0.04883100464940071,0.14204037189483643,0.0013356759495166805,0.0579992012659407
0,0.0,0.0005267710075713694,7.825136416932759e-07,0.00021318554164929078,0.24689815938472748,0.035124849528074265,0.04436808452010155,0.1287868320941925,0.0013313109373958747,0.05702309402881215
1,1.0,0.9994736313819885,0.9999992174863047,0.9990818779512551,0.9552720785140991,0.9995172023773193,0.9897807836532593,0.930653989315033,0.9990601501083314,0.9842059401279141
0,0.0,0.0005265004001557827,7.825136320223661e-07,0.0002157688989936554,0.23106932640075684,0.06117621436715126,0.059165116399526596,0.1507226824760437,0.0014403341634213432,0.06286186754882409
1,1.0,0.9994736313819885,0.9999992174863047,0.9997952039270334,0.9884476065635681,0.9998251795768738,0.9900175929069519,0.9805037975311279,0.9991565211478776,0.9947663137395042
0,0.0,0.0005268302629701793,7.825136320223675e-07,0.00019901525481817416,0.2330082356929779,0.041713960468769073,0.01687360368669033,0.1528347134590149,0.001318506097187209,0.055728551316279004
1,1.0,0.9994723200798035,0.9999992174863047,0.9997916861560011,0.9911751747131348,0.9993465542793274,0.97444087266922,0.9874958992004395,0.9991478249613845,0.9940049869388565
0,0.0,0.0005265004001557827,7.825136320223661e-07,0.0002157688989936554,0.23106932640075684,0.06117621436715126,0.059165116399526596,0.1507226824760437,0.0014403341634213432,0.06286186754882409
0,0.0,0.0005267710075713694,7.825136416933286e-07,0.0002712973034534296,0.26246756315231323,0.04629596322774887,0.07728515565395355,0.15635405480861664,0.00150320010436804,0.06788465408420186
0,0.0,0.0005267710075713694,7.825136416932759e-07,0.00021318554164929078,0.24689815938472748,0.035124849528074265,0.04436808452010155,0.1287868320941925,0.0013313109373958747,0.05702309402881215
0,0.0,0.000525991024915129,7.825136320225956e-07,0.00026875609996030407,0.2833360731601715,0.045261282473802567,0.06869415938854218,0.19185274839401245,0.0015933837665567591,0.07375970656057973
0,0.0,0.000525991024915129,7.825136320225956e-07,0.00026875609996030407,0.2833360731601715,0.045261282473802567,0.06869415938854218,0.19185274839401245,0.0015933837665567591,0.07375970656057973
0,0.0,0.0005265004001557827,7.82513632022476e-07,0.00026560731278086713,0.25252726674079895,0.08219173550605774,0.06114814057946205,0.17925791442394257,0.0015951699984098585,0.07199986873812991
0,0.0,0.000525991024915129,7.825136320223704e-07,0.0002153246625376634,0.24642211198806763,0.03357977792620659,0.06677405536174774,0.15530748665332794,0.0014214803998304053,0.06285328601001715
1,1.0,0.9994736313819885,0.9999992174863047,0.9997952039270334,0.9884476065635681,0.9998251795768738,0.9900175929069519,0.9805037975311279,0.9991565211478776,0.9947663137395042
0,0.0,0.0005267710075713694,7.825136416932759e-07,0.00021318554164929078,0.24689815938472748,0.035124849528074265,0.04436808452010155,0.1287868320941925,0.0013313109373958747,0.05702309402881215
0,0.0,0.000525991024915129,7.825136320223704e-07,0.0002153246625376634,0.24642211198806763,0.03357977792620659,0.06677405536174774,0.15530748665332794,0.0014214803998304053,0.06285328601001715
0,0.0,0.0005268302629701793,7.825136320223675e-07,0.00019901525481817416,0.2330082356929779,0.041713960468769073,0.01687360368669033,0.1528347134590149,0.001318506097187209,0.055728551316279004
0,0.0,0.0005265004001557827,7.825136320223661e-07,0.0002157688989936554,0.23106932640075684,0.06117621436715126,0.059165116399526596,0.1507226824760437,0.0014403341634213432,0.06286186754882409
0,0.0,0.0005268302629701793,7.825136320223675e-07,0.00019901525481817416,0.2330082356929779,0.041713960468769073,0.01687360368669033,0.1528347134590149,0.001318506097187209,0.055728551316279004
1,0.9825,0.9846329689025879,0.9999992174863047,0.9832414443354772,0.895853579044342,0.006572037003934383,0.07819382846355438,0.9637043476104736,0.9790808279305527,0.7386304877149028
0,0.0,0.0005267710075713694,7.825136416932759e-07,0.00021318554164929078,0.24689815938472748,0.035124849528074265,0.04436808452010155,0.1287868320941925,0.0013313109373958747,0.05702309402881215
0,0.0,0.0005267710075713694,7.825136416932759e-07,0.00021318554164929078,0.24689815938472748,0.035124849528074265,0.04436808452010155,0.1287868320941925,0.0013313109373958747,0.05702309402881215
0,0.0,0.000525991024915129,7.825136320223704e-07,0.0002153246625376634,0.24642211198806763,0.03357977792620659,0.06677405536174774,0.15530748665332794,0.0014214803998304053,0.06285328601001715
0,0.0,0.0005268302629701793,7.825136320223675e-07,0.00019901525481817416,0.2330082356929779,0.041713960468769073,0.01687360368669033,0.1528347134590149,0.001318506097187209,0.055728551316279004
0,0.0,0.000525991024915129,7.825136320223704e-07,0.0002153246625376634,0.24642211198806763,0.03357977792620659,0.06677405536174774,0.15530748665332794,0.0014214803998304053,0.06285328601001715
1,1.0,0.9994723200798035,0.9999992174863047,0.9997916861560011,0.9911751747131348,0.9993465542793274,0.97444087266922,0.9874958992004395,0.9991478249613845,0.9940049869388565
0,0.0,0.0005268302629701793,7.825136320223675e-07,0.00019901525481817416,0.2330082356929779,0.041713960468769073,0.01687360368669033,0.1528347134590149,0.001318506097187209,0.055728551316279004
0,0.0,0.000525991024915129,7.825136320223704e-07,0.0002153246625376634,0.24642211198806763,0.03357977792620659,0.06677405536174774,0.15530748665332794,0.0014214803998304053,0.06285328601001715
1,1.0,0.9994733929634094,0.9999992174863047,0.9998014674999373,0.9852429628372192,0.9993225336074829,0.999871015548706,0.9864693880081177,0.9991715146135451,0.9962638094982654
0,0.0,0.0005268302629701793,7.825136320223675e-07,0.00019901525481817416,0.2330082356929779,0.041713960468769073,0.01687360368669033,0.1528347134590149,0.001318506097187209,0.055728551316279004
0,0.0,0.0005268302629701793,7.825136320223675e-07,0.00019901525481817416,0.2330082356929779,0.041713960468769073,0.01687360368669033,0.1528347134590149,0.001318506097187209,0.055728551316279004
0,0.0,0.0005265004001557827,7.825136320223661e-07,0.0002157688989936554,0.23106932640075684,0.06117621436715126,0.059165116399526596,0.1507226824760437,0.0014403341634213432,0.06286186754882409
0,0.0,0.0005268302629701793,7.825136320223675e-07,0.00019901525481817416,0.2330082356929779,0.041713960468769073,0.01687360368669033,0.1528347134590149,0.001318506097187209,0.055728551316279004
0,0.0,0.0005270296242088079,7.825136320223661e-07,0.0002078425841979467,0.25426486134529114,0.017845412716269493,0.04883100464940071,0.14204037189483643,0.0013356759495166805,0.0579992012659407
0,0.0,0.0005265004001557827,7.825136320223661e-07,0.0002157688989936554,0.23106932640075684,0.06117621436715126,0.059165116399526596,0.1507226824760437,0.0014403341634213432,0.06286186754882409
0,0.0,0.0005270296242088079,7.825136320227345e-07,0.0013976005550000682,0.35413601994514465,0.01911582238972187,0.05346328765153885,0.2968945801258087,0.0018694129159317512,0.09079533961070904
0,0.0,0.0005267710075713694,7.825136416932759e-07,0.00021318554164929078,0.24689815938472748,0.035124849528074265,0.04436808452010155,0.1287868320941925,0.0013313109373958747,0.05702309402881215
0,0.0,0.0005265004001557827,7.825136320223661e-07,0.0002157688989936554,0.23106932640075684,0.06117621436715126,0.059165116399526596,0.1507226824760437,0.0014403341634213432,0.06286186754882409
1,1.0,0.9994733929634094,0.9999992174863047,0.9998014674999373,0.9852429628372192,0.9993225336074829,0.999871015548706,0.9864693880081177,0.9991715146135451,0.9962638094982654
0,0.0,0.000525991024915129,7.825136320223704e-07,0.0002153246625376634,0.24642211198806763,0.03357977792620659,0.06677405536174774,0.15530748665332794,0.0014214803998304053,0.06285328601001715
0,0.0,0.0005267710075713694,7.825136416932759e-07,0.00021318554164929078,0.24689815938472748,0.035124849528074265,0.04436808452010155,0.1287868320941925,0.0013313109373958747,0.05702309402881215
0,0.0,0.0005268302629701793,7.825136320223675e-07,0.00019901525481817416,0.2330082356929779,0.041713960468769073,0.01687360368669033,0.1528347134590149,0.001318506097187209,0.055728551316279004
0,0.0,0.000525991024915129,7.825136320223704e-07,0.0002153246625376634,0.24642211198806763,0.03357977792620659,0.06677405536174774,0.15530748665332794,0.0014214803998304053,0.06285328601001715
1,1.0,0.9994736313819885,0.9999992174863047,0.9931999988475166,0.99925297498703,1.0,0.9873695969581604,0.9990746974945068,0.9991731786999696,0.9973161506921389
0,0.0,0.0005268302629701793,7.825136320223675e-07,0.00019901525481817416,0.2330082356929779,0.041713960468769073,0.01687360368669033,0.1528347134590149,0.001318506097187209,0.055728551316279004
0,0.0,0.000525991024915129,7.825136320225956e-07,0.00026875609996030407,0.2833360731601715,0.045261282473802567,0.06869415938854218,0.19185274839401245,0.0015933837665567591,0.07375970656057973
0,0.0,0.0005270296242088079,7.825136320223661e-07,0.0002078425841979467,0.25426486134529114,0.017845412716269493,0.04883100464940071,0.14204037189483643,0.0013356759495166805,0.0579992012659407
1,1.0,0.9994736313819885,0.9999992174863047,0.9997952039270334,0.9884476065635681,0.9998251795768738,0.9900175929069519,0.9805037975311279,0.9991565211478776,0.9947663137395042
0,0.0,0.0005270296242088079,7.825136320223661e-07,0.0002078425841979467,0.25426486134529114,0.017845412716269493,0.04883100464940071,0.14204037189483643,0.0013356759495166805,0.0579992012659407
0,0.0,0.0005268302629701793,7.825136320223675e-07,0.00019901525481817416,0.2330082356929779,0.041713960468769073,0.01687360368669033,0.1528347134590149,0.001318506097187209,0.055728551316279004
0,0.0,0.0005267710075713694,7.825136416932759e-07,0.00021318554164929078,0.24689815938472748,0.035124849528074265,0.04436808452010155,0.1287868320941925,0.0013313109373958747,0.05702309402881215
1,1.0,0.9994729161262512,0.9999992174863047,0.9997864003871173,0.9844276309013367,0.9995207786560059,0.9505371451377869,0.9689883589744568,0.9990889112774854,0.9879172313017464
0,0.0,0.0005268302629701793,7.825136320223675e-07,0.00019901525481817416,0.2330082356929779,0.041713960468769073,0.01687360368669033,0.1528347134590149,0.001318506097187209,0.055728551316279004
0,0.0,0.0005265004001557827,7.825136320223661e-07,0.0002157688989936554,0.23106932640075684,0.06117621436715126,0.059165116399526596,0.1507226824760437,0.0014403341634213432,0.06286186754882409
0,0.0,0.0005268302629701793,7.825136320223675e-07,0.00019901525481817416,0.2330082356929779,0.041713960468769073,0.01687360368669033,0.1528347134590149,0.001318506097187209,0.055728551316279004
0,0.0,0.0005267710075713694,7.825136416932759e-07,0.00021318554164929078,0.24689815938472748,0.035124849528074265,0.04436808452010155,0.1287868320941925,0.0013313109373958747,0.05702309402881215
0,0.0,0.0005270296242088079,7.825136320223661e-07,0.0002078425841979467,0.25426486134529114,0.017845412716269493,0.04883100464940071,0.14204037189483643,0.0013356759495166805,0.0579992012659407
1,1.0,0.9994739890098572,0.9999992174863604,0.9997878997897545,0.9901697039604187,0.9989849925041199,0.998993456363678,0.9754160046577454,0.9991616732282688,0.995344723669858
1,1.0,0.9994736313819885,0.9999992174863047,0.994304723712734,0.7455244064331055,0.9712680578231812,0.06286069005727768,0.8094359636306763,0.9944676612097653,0.824422742827186
0,0.0,0.0005265004001557827,7.825136320223661e-07,0.0002157688989936554,0.23106932640075684,0.06117621436715126,0.059165116399526596,0.1507226824760437,0.0014403341634213432,0.06286186754882409
1,1.0,0.9994723200798035,0.9999992174863047,0.9997916861560011,0.9911751747131348,0.9993465542793274,0.97444087266922,0.9874958992004395,0.9991478249613845,0.9940049869388565
0,0.0,0.0005265004001557827,7.825136320223661e-07,0.0002157688989936554,0.23106932640075684,0.06117621436715126,0.059165116399526596,0.1507226824760437,0.0014403341634213432,0.06286186754882409
0,0.0,0.0005270296242088079,7.825136320223661e-07,0.0002078425841979467,0.25426486134529114,0.017845412716269493,0.04883100464940071,0.14204037189483643,0.0013356759495166805,0.0579992012659407
0,0.0,0.0005268302629701793,7.825136320223675e-07,0.00019901525481817416,0.2330082356929779,0.041713960468769073,0.01687360368669033,0.1528347134590149,0.001318506097187209,0.055728551316279004
0,0.0,0.0005265004001557827,7.825136320223661e-07,0.0002157688989936554,0.23106932640075684,0.06117621436715126,0.059165116399526596,0.1507226824760437,0.0014403341634213432,0.06286186754882409
0,0.0,0.0005270296242088079,7.825136320223661e-07,0.0002078425841979467,0.25426486134529114,0.017845412716269493,0.04883100464940071,0.14204037189483643,0.0013356759495166805,0.0579992012659407
0,0.0,0.0005268302629701793,7.825136320223675e-07,0.00019901525481817416,0.2330082356929779,0.041713960468769073,0.01687360368669033,0.1528347134590149,0.001318506097187209,0.055728551316279004
0,0.0,0.000525991024915129,7.825136320223704e-07,0.0002153246625376634,0.24642211198806763,0.03357977792620659,0.06677405536174774,0.15530748665332794,0.0014214803998304053,0.06285328601001715
0,0.0,0.0005268302629701793,7.825136320223675e-07,0.00019901525481817416,0.2330082356929779,0.041713960468769073,0.01687360368669033,0.1528347134590149,0.001318506097187209,0.055728551316279004
0,0.0,0.0005265004001557827,7.825136320223661e-07,0.0002157688989936554,0.23106932640075684,0.06117621436715126,0.059165116399526596,0.1507226824760437,0.0014403341634213432,0.06286186754882409
0,0.0,0.0005267710075713694,7.825136416932759e-07,0.00021318554164929078,0.24689815938472748,0.035124849528074265,0.04436808452010155,0.1287868320941925,0.0013313109373958747,0.05702309402881215
1,1.0,0.9994729161262512,0.9999992174863047,0.9997864003871173,0.9844276309013367,0.9995207786560059,0.9505371451377869,0.9689883589744568,0.9990889112774854,0.9879172313017464
0,0.0,0.0005267710075713694,7.825136416932759e-07,0.00021318554164929078,0.24689815938472748,0.035124849528074265,0.04436808452010155,0.1287868320941925,0.0013313109373958747,0.05702309402881215
0,0.0,0.0005268302629701793,7.825136320223675e-07,0.00019901525481817416,0.2330082356929779,0.041713960468769073,0.01687360368669033,0.1528347134590149,0.001318506097187209,0.055728551316279004
1,1.0,0.9994733929634094,0.9999992174863047,0.9998014674999373,0.9852429628372192,0.9993225336074829,0.999871015548706,0.9864693880081177,0.9991715146135451,0.9962638094982654
1,1.0,0.9994736313819885,0.9999992174863047,0.9997952039270334,0.9884476065635681,0.9998251795768738,0.9900175929069519,0.9805037975311279,0.9991565211478776,0.9947663137395042
0,0.0,0.0005265004001557827,7.825136320223661e-07,0.0002157688989936554,0.23106932640075684,0.06117621436715126,0.059165116399526596,0.1507226824760437,0.0014403341634213432,0.06286186754882409
0,0.0,0.0005270296242088079,7.825136320223661e-07,0.0002078425841979467,0.25426486134529114,0.017845412716269493,0.04883100464940071,0.14204037189483643,0.0013356759495166805,0.0579992012659407
0,0.0,0.0005268302629701793,7.825136320223675e-07,0.00019901525481817416,0.2330082356929779,0.041713960468769073,0.01687360368669033,0.1528347134590149,0.001318506097187209,0.055728551316279004
0,0.0,0.000525991024915129,7.825136320223704e-07,0.0002153246625376634,0.24642211198806763,0.03357977792620659,0.06677405536174774,0.15530748665332794,0.0014214803998304053,0.06285328601001715
1,1.0,0.9994729161262512,0.9999992174863047,0.9997864003871173,0.9844276309013367,0.9995207786560059,0.9505371451377869,0.9689883589744568,0.9990889112774854,0.9879172313017464
0,0.0,0.000525991024915129,7.825136320228153e-07,0.000770335116281798,0.368388295173645,0.05134563893079758,0.07683192938566208,0.2701053321361542,0.0019957432995074947,0.09604832375920633
0,0.0,0.0005270296242088079,7.825136320225039e-07,0.00023530647812990732,0.2798534631729126,0.026064515113830566,0.048301566392183304,0.17793382704257965,0.0014634573887450455,0.06666726973451943
0,0.0,0.0005268302629701793,7.825136320223675e-07,0.00019901525481817416,0.2330082356929779,0.041713960468769073,0.01687360368669033,0.1528347134590149,0.001318506097187209,0.055728551316279004
1,1.0,0.9994739890098572,0.9999992174863604,0.9882742790391456,0.6725585460662842,0.6838251352310181,0.08739876747131348,0.7442618608474731,0.9895422371855886,0.773501646339291
0,0.0,0.0005270296242088079,7.825136320223661e-07,0.0002078425841979467,0.25426486134529114,0.017845412716269493,0.04883100464940071,0.14204037189483643,0.0013356759495166805,0.0579992012659407
0,0.0,0.0005268302629701793,7.825136320223675e-07,0.00019901525481817416,0.2330082356929779,0.041713960468769073,0.01687360368669033,0.1528347134590149,0.001318506097187209,0.055728551316279004
0,0.0,0.000525991024915129,7.825136320228153e-07,0.000770335116281798,0.368388295173645,0.05134562402963638,0.07683192938566208,0.2701053321361542,0.001995743248647316,0.0960483218993034
0,0.0,0.0005267710075713694,7.825136416932759e-07,0.00021318554164929078,0.24689815938472748,0.035124849528074265,0.04436808452010155,0.1287868320941925,0.0013313109373958747,0.05702309402881215
0,0.0,0.0005268302629701793,7.825136320223675e-07,0.00019901525481817416,0.2330082356929779,0.041713960468769073,0.01687360368669033,0.1528347134590149,0.001318506097187209,0.055728551316279004
0,0.0,0.0005267710075713694,7.825136416932759e-07,0.00021318554164929078,0.24689815938472748,0.035124849528074265,0.04436808452010155,0.1287868320941925,0.0013313109373958747,0.05702309402881215
0,0.0,0.000525991024915129,7.825136320223704e-07,0.0002153246625376634,0.24642211198806763,0.03357977047562599,0.06677405536174774,0.15530748665332794,0.001421480381707247,0.06285328508006569
0,0.0,0.000525991024915129,7.825136320223704e-07,0.0002153246625376634,0.24642211198806763,0.03357977792620659,0.06677405536174774,0.15530748665332794,0.0014214803998304053,0.06285328601001715
0,0.0,0.0005268302629701793,7.825136320223675e-07,0.00019901525481817416,0.2330082356929779,0.041713960468769073,0.01687360368669033,0.1528347134590149,0.001318506097187209,0.055728551316279004
0,0.0,0.0005270296242088079,7.825136320223661e-07,0.0002078425841979467,0.25426486134529114,0.017845412716269493,0.04883100464940071,0.14204037189483643,0.0013356759495166805,0.0579992012659407
0,0.0,0.0005268302629701793,7.825136320223675e-07,0.00019901525481817416,0.2330082356929779,0.041713960468769073,0.01687360368669033,0.1528347134590149,0.001318506097187209,0.055728551316279004
1,1.0,0.9994733929634094,0.9999992174863047,0.9998014674999373,0.9852429628372192,0.9993225336074829,0.999871015548706,0.9864693880081177,0.9991715146135451,0.9962638094982654
0,0.0,0.0005268302629701793,7.825136320223675e-07,0.00019901525481817416,0.2330082356929779,0.041713960468769073,0.01687360368669033,0.1528347134590149,0.001318506097187209,0.055728551316279004
0,0.0,0.000525991024915129,7.825136320223704e-07,0.0002153246625376634,0.24642211198806763,0.03357977792620659,0.06677405536174774,0.15530748665332794,0.0014214803998304053,0.06285328601001715
0,0.0,0.000525991024915129,7.825136320223704e-07,0.0002153246625376634,0.24642211198806763,0.03357977792620659,0.06677405536174774,0.15530748665332794,0.0014214803998304053,0.06285328601001715
0,0.0,0.0005270296242088079,7.825136320223661e-07,0.0002078425841979467,0.25426486134529114,0.017845412716269493,0.04883100464940071,0.14204037189483643,0.0013356759495166805,0.0579992012659407
0,0.0,0.0005267710075713694,7.825136416932759e-07,0.00021318554164929078,0.24689815938472748,0.035124849528074265,0.04436808452010155,0.1287868320941925,0.0013313109373958747,0.05702309402881215
0,0.0,0.0005268302629701793,7.825136320223675e-07,0.00019901525481817416,0.2330082356929779,0.041713960468769073,0.01687360368669033,0.1528347134590149,0.001318506097187209,0.055728551316279004
0,0.0,0.000525991024915129,7.825136320223704e-07,0.0002153246625376634,0.24642211198806763,0.03357977792620659,0.06677405536174774,0.15530748665332794,0.0014214803998304053,0.06285328601001715
0,0.0,0.000525991024915129,7.825136320223704e-07,0.0002153246625376634,0.24642211198806763,0.03357977792620659,0.06677405536174774,0.15530748665332794,0.0014214803998304053,0.06285328601001715
0,0.0,0.0005268302629701793,7.825136320223675e-07,0.00019901525481817416,0.2330082356929779,0.041713960468769073,0.01687360368669033,0.1528347134590149,0.001318506097187209,0.055728551316279004
0,0.0,0.0005268302629701793,7.825136320223675e-07,0.00019901525481817416,0.2330082356929779,0.041713960468769073,0.01687360368669033,0.1528347134590149,0.001318506097187209,0.055728551316279004
0,0.0,0.0005267710075713694,7.825136416932759e-07,0.00021318554164929078,0.24689815938472748,0.035124849528074265,0.04436808452010155,0.1287868320941925,0.0013313109373958747,0.05702309402881215
0,0.0,0.000525991024915129,7.825136320223704e-07,0.0002153246625376634,0.24642211198806763,0.03357977792620659,0.06677404046058655,0.15530748665332794,0.0014214803697305922,0.06285328417441982
0,0.0,0.0005268302629701793,7.825136320223675e-07,0.00019901525481817416,0.2330082356929779,0.041713960468769073,0.01687360368669033,0.1528347134590149,0.001318506097187209,0.055728551316279004
0,0.0,0.0005265004001557827,7.825136320223661e-07,0.0002157688989936554,0.23106932640075684,0.06117621436715126,0.059165116399526596,0.1507226824760437,0.0014403341634213432,0.06286186754882409
0,0.0,0.0005265004001557827,7.825136320225372e-07,0.0005049775944382831,0.32525771856307983,0.08661048859357834,0.06822589784860611,0.22710101306438446,0.0018803311641101,0.08856307720599399
0,0.0,0.0005268302629701793,7.825136320223675e-07,0.00019901525481817416,0.2330082356929779,0.041713960468769073,0.01687360368669033,0.1528347134590149,0.001318506097187209,0.055728551316279004
0,0.0,0.0005267710075713694,7.825136416932759e-07,0.00021318554164929078,0.24689815938472748,0.035124849528074265,0.04436808452010155,0.1287868320941925,0.0013313109373958747,0.05702309402881215
0,0.0,0.0005268302629701793,7.825136320223675e-07,0.00019901525481817416,0.2330082356929779,0.041713960468769073,0.01687360368669033,0.1528347134590149,0.001318506097187209,0.055728551316279004
0,0.0,0.0005268302629701793,7.825136320223675e-07,0.00019901525481817416,0.2330082356929779,0.041713960468769073,0.01687360368669033,0.1528347134590149,0.001318506097187209,0.055728551316279004
0,0.0,0.0005268302629701793,7.825136320223675e-07,0.00019901525481817416,0.2330082356929779,0.041713960468769073,0.01687360368669033,0.1528347134590149,0.001318506097187209,0.055728551316279004
0,0.0,0.0005267710075713694,7.825136416932759e-07,0.00021318554164929078,0.24689815938472748,0.035124849528074265,0.04436808452010155,0.1287868320941925,0.0013313109373958747,0.05702309402881215
0,0.0,0.0005265004001557827,7.825136320223661e-07,0.0002157688989936554,0.23106932640075684,0.06117621436715126,0.059165116399526596,0.1507226824760437,0.0014403341634213432,0.06286186754882409
0,0.0,0.000525991024915129,7.825136320223704e-07,0.0002153246625376634,0.24642211198806763,0.03357977792620659,0.06677405536174774,0.15530748665332794,0.0014214803998304053,0.06285328601001715
0,0.0,0.000525991024915129,7.825136320223704e-07,0.0002153246625376634,0.24642211198806763,0.03357977792620659,0.06677405536174774,0.15530748665332794,0.0014214803998304053,0.06285328601001715
0,0.0,0.0005265004001557827,7.825136320223661e-07,0.0002157688989936554,0.23106932640075684,0.06117621436715126,0.059165116399526596,0.1507226824760437,0.0014403341634213432,0.06286186754882409
0,0.0,0.0005267710075713694,7.825136416932759e-07,0.00021318554164929078,0.24689815938472748,0.035124849528074265,0.04436808452010155,0.1287868320941925,0.0013313109373958747,0.05702309402881215
0,0.0,0.0005265004001557827,7.82513632022476e-07,0.00026560731278086713,0.25252726674079895,0.08219173550605774,0.06114814057946205,0.17925791442394257,0.0015951699984098585,0.07199986873812991
0,0.0,0.0005267710075713694,7.825136416932759e-07,0.00021318554164929078,0.24689815938472748,0.03512484207749367,0.04436808452010155,0.1287868320941925,0.0013313109204207989,0.05702309309886069
0,0.0,0.0005265004001557827,7.825136320223661e-07,0.0002157688989936554,0.23106932640075684,0.06117621436715126,0.059165116399526596,0.1507226824760437,0.0014403341634213432,0.06286186754882409
0,0.0,0.000525991024915129,7.825136320223704e-07,0.0002153246625376634,0.24642211198806763,0.03357977792620659,0.06677405536174774,0.15530748665332794,0.0014214803998304053,0.06285328601001715
0,0.0,0.0005270296242088079,7.825136320223661e-07,0.0002078425841979467,0.25426486134529114,0.017845412716269493,0.04883100464940071,0.14204037189483643,0.0013356759495166805,0.0579992012659407
0,0.0,0.0005270296242088079,7.825136320223661e-07,0.0002078425841979467,0.25426486134529114,0.017845412716269493,0.04883100464940071,0.14204037189483643,0.0013356759495166805,0.0579992012659407
1,1.0,0.9994739890098572,0.9999992174863604,0.9993314579771356,0.9986122846603394,0.9999969005584717,0.9999144077301025,0.9921920895576477,0.9991902324941171,0.9986871407428604
0,0.0,0.000525991024915129,7.825136320223704e-07,0.0002153246625376634,0.24642211198806763,0.03357977792620659,0.06677405536174774,0.15530748665332794,0.0014214803998304053,0.06285328601001715
0,0.0,0.0005270296242088079,7.825136320225039e-07,0.00023530647812990732,0.2798534631729126,0.026064515113830566,0.048301566392183304,0.17793382704257965,0.0014634573887450455,0.06666726973451943
0,0.0,0.0005270296242088079,7.825136320223661e-07,0.0002078425841979467,0.25426486134529114,0.017845412716269493,0.04883100464940071,0.14204037189483643,0.0013356759495166805,0.0579992012659407
0,0.0,0.0005265004001557827,7.825136320223661e-07,0.0002157688989936554,0.23106932640075684,0.06117621436715126,0.059165116399526596,0.1507226824760437,0.0014403341634213432,0.06286186754882409
0,0.0,0.0005267710075713694,7.825136416933286e-07,0.0002712973034534296,0.26246756315231323,0.04629596322774887,0.07728515565395355,0.15635405480861664,0.00150320010436804,0.06788465408420186
0,0.0,0.0005270296242088079,7.825136320223661e-07,0.0002078425841979467,0.25426486134529114,0.017845412716269493,0.04883100464940071,0.14204037189483643,0.0013356759495166805,0.0579992012659407
0,0.0,0.0005265004001557827,7.825136320223661e-07,0.0002157688989936554,0.23106932640075684,0.06117621436715126,0.059165116399526596,0.1507226824760437,0.0014403341634213432,0.06286186754882409
0,0.0,0.0005268302629701793,7.825136320225469e-07,0.00022355173764407449,0.2657730281352997,0.056640129536390305,0.07193876802921295,0.19607828557491302,0.0016103052213910952,0.07390209507321707
1,1.0,0.9994723200798035,0.9999992174863047,0.9997916861560011,0.9911751747131348,0.9993465542793274,0.97444087266922,0.9874958992004395,0.9991478249613845,0.9940049869388565
0,0.0,0.0005268302629701793,7.825136320223675e-07,0.00019901525481817416,0.2330082356929779,0.041713960468769073,0.01687360368669033,0.1528347134590149,0.001318506097187209,0.055728551316279004
1,1.0,0.9994723200798035,0.9999992174863047,0.9997916861560011,0.9911751747131348,0.9993465542793274,0.97444087266922,0.9874958992004395,0.9991478249613845,0.9940049869388565
1,1.0,0.9994739890098572,0.9999992174863604,0.9997878997897545,0.9901697039604187,0.9989849925041199,0.998993456363678,0.9754160046577454,0.9991616732282688,0.995344723669858
0,0.0,0.0005267710075713694,7.825136416932759e-07,0.00021318554164929078,0.24689815938472748,0.035124849528074265,0.04436808452010155,0.1287868320941925,0.0013313109373958747,0.05702309402881215
0,0.0,0.0005265004001557827,7.825136320223661e-07,0.0002157688989936554,0.23106932640075684,0.06117621436715126,0.059165116399526596,0.1507226824760437,0.0014403341634213432,0.06286186754882409
0,0.0,0.0005268302629701793,7.825136320226192e-07,0.00031264650048656124,0.30651167035102844,0.0758754163980484,0.1136012151837349,0.24644331634044647,0.001980607121075297,0.09286217954850223
0,0.0,0.0005267710075713694,7.825136416932759e-07,0.00021318554164929078,0.24689815938472748,0.035124849528074265,0.04436808452010155,0.1287868320941925,0.0013313109373958747,0.05702309402881215
0,0.0,0.0005267710075713694,7.825136416932759e-07,0.00021318554164929078,0.24689815938472748,0.035124849528074265,0.04436808452010155,0.1287868320941925,0.0013313109373958747,0.05702309402881215
1,1.0,0.9994723200798035,0.9999992174863047,0.9997916861560011,0.9911751747131348,0.9993465542793274,0.97444087266922,0.9874958992004395,0.9991478249613845,0.9940049869388565
0,0.0,0.0005268302629701793,7.825136320225469e-07,0.00022355173764407449,0.2657730281352997,0.056640129536390305,0.07193876802921295,0.19607828557491302,0.0016103052213910952,0.07390209507321707
0,0.0,0.0005267710075713694,7.825136416932759e-07,0.00021318554164929078,0.24689815938472748,0.035124849528074265,0.04436808452010155,0.1287868320941925,0.0013313109373958747,0.05702309402881215
1,1.0,0.9994739890098572,0.9999992174863604,0.9915265746905562,0.7459965944290161,0.8785987496376038,0.10803164541721344,0.8492494821548462,0.9942166961058619,0.8231192836062508
0,0.0,0.0005267710075713694,7.825136416932759e-07,0.00021318554164929078,0.24689815938472748,0.035124849528074265,0.04436808452010155,0.1287868320941925,0.0013313109373958747,0.05702309402881215
0,0.0,0.0005270296242088079,7.825136320225039e-07,0.00023530647812990732,0.2798534631729126,0.026064515113830566,0.048301566392183304,0.17793382704257965,0.0014634573887450455,0.06666726973451943
0,0.0,0.0005265004001557827,7.825136320223661e-07,0.0002157688989936554,0.23106932640075684,0.06117621436715126,0.059165116399526596,0.1507226824760437,0.0014403341634213432,0.06286186754882409
0,0.0,0.0005267710075713694,7.825136416932759e-07,0.00021318554164929078,0.24689815938472748,0.035124849528074265,0.04436808452010155,0.1287868320941925,0.0013313109373958747,0.05702309402881215
0,0.0,0.0005270296242088079,7.825136320223661e-07,0.0002078425841979467,0.25426486134529114,0.017845412716269493,0.04883100464940071,0.14204037189483643,0.0013356759495166805,0.0579992012659407
0,0.0,0.0005267710075713694,7.825136416933286e-07,0.0002712973034534296,0.26246756315231323,0.04629596322774887,0.07728515565395355,0.15635405480861664,0.00150320010436804,0.06788465408420186
0,0.0,0.000525991024915129,7.825136320225956e-07,0.00026875609996030407,0.2833360731601715,0.045261282473802567,0.06869415938854218,0.19185274839401245,0.0015933837665567591,0.07375970656057973
0,0.0,0.0005270296242088079,7.825136320223661e-07,0.0002078425841979467,0.25426486134529114,0.017845412716269493,0.04883100464940071,0.14204037189483643,0.0013356759495166805,0.0579992012659407
0,0.0,0.000525991024915129,7.825136320223704e-07,0.0002153246625376634,0.24642211198806763,0.03357977792620659,0.06677405536174774,0.15530748665332794,0.0014214803998304053,0.06285328601001715
0,0.0,0.0005270296242088079,7.825136320223661e-07,0.0002078425841979467,0.25426486134529114,0.017845412716269493,0.04883100464940071,0.14204037189483643,0.0013356759495166805,0.0579992012659407
1,1.0,0.9994736313819885,0.9999992174863047,0.9997952039270334,0.9884476065635681,0.9998251795768738,0.9900175929069519,0.9805037975311279,0.9991565211478776,0.9947663137395042
0,0.0,0.0005268302629701793,7.825136320223675e-07,0.00019901525481817416,0.2330082356929779,0.041713960468769073,0.01687360368669033,0.1528347134590149,0.001318506097187209,0.055728551316279004
0,0.0,0.0005268302629701793,7.82513632023064e-07,0.013928441002042815,0.37907180190086365,0.10240209847688675,0.19064787030220032,0.4294371008872986,0.00332399786279334,0.1393906905501398
0,0.0,0.000525991024915129,7.825136320223704e-07,0.0002153246625376634,0.24642211198806763,0.03357977792620659,0.06677405536174774,0.15530748665332794,0.0014214803998304053,0.06285328601001715
0,0.0,0.0005270296242088079,7.825136320223661e-07,0.0002078425841979467,0.25426486134529114,0.017845412716269493,0.04883100464940071,0.14204037189483643,0.0013356759495166805,0.0579992012659407
0,0.0,0.0005268302629701793,7.825136320223675e-07,0.00019901525481817416,0.2330082356929779,0.041713960468769073,0.01687360368669033,0.1528347134590149,0.001318506097187209,0.055728551316279004
0,0.0,0.000525991024915129,7.825136320223704e-07,0.0002153246625376634,0.24642211198806763,0.03357977792620659,0.06677405536174774,0.15530748665332794,0.0014214803998304053,0.06285328601001715
0,0.0,0.0005268302629701793,7.825136320223675e-07,0.00019901525481817416,0.2330082356929779,0.041713960468769073,0.01687360368669033,0.1528347134590149,0.001318506097187209,0.055728551316279004
0,0.0,0.0005268302629701793,7.825136320223675e-07,0.00019901525481817416,0.2330082356929779,0.041713960468769073,0.01687360368669033,0.1528347134590149,0.001318506097187209,0.055728551316279004
0,0.0,0.0005270296242088079,7.825136320223661e-07,0.0002078425841979467,0.25426486134529114,0.017845412716269493,0.04883100464940071,0.14204037189483643,0.0013356759495166805,0.0579992012659407
1,1.0,0.9994739890098572,0.9999992174863604,0.9997878997897545,0.9901697039604187,0.9989849925041199,0.998993456363678,0.9754160046577454,0.9991616732282688,0.995344723669858
0,0.0,0.0005270296242088079,7.825136320223661e-07,0.0002078425841979467,0.25426486134529114,0.017845412716269493,0.04883100464940071,0.14204037189483643,0.0013356759495166805,0.0579992012659407
1,1.0,0.9994736313819885,0.9999992174863047,0.9996411536633151,0.9013952612876892,0.9895763397216797,0.9943095445632935,0.8488097190856934,0.9988721379741826,0.9665868586709614
0,0.0,0.0005265004001557827,7.825136320223661e-07,0.0002157688989936554,0.23106932640075684,0.06117621436715126,0.059165116399526596,0.1507226824760437,0.0014403341634213432,0.06286186754882409
0,0.0,0.000525991024915129,7.825136320223704e-07,0.0002153246625376634,0.24642211198806763,0.03357977792620659,0.06677405536174774,0.15530748665332794,0.0014214803998304053,0.06285328601001715
0,0.0,0.0005270296242088079,7.825136320223661e-07,0.0002078425841979467,0.25426486134529114,0.017845412716269493,0.04883100464940071,0.14204037189483643,0.0013356759495166805,0.0579992012659407
1,1.0,0.9994733929634094,0.9999992174863047,0.9998014674999373,0.9852429628372192,0.9993225336074829,0.999871015548706,0.9864693880081177,0.9991715146135451,0.9962638094982654
1,1.0,0.9994739890098572,0.9999992174863604,0.9997878997897545,0.9901697039604187,0.9989849925041199,0.998993456363678,0.9754160046577454,0.9991616732282688,0.995344723669858
0,0.0,0.0005267710075713694,7.825136416932759e-07,0.00021318554164929078,0.24689815938472748,0.035124849528074265,0.04436808452010155,0.1287868320941925,0.0013313109373958747,0.05702309402881215
1,1.0,0.9994733929634094,0.9999992174863047,0.9797859689183133,1.0,1.0,0.9059094190597534,1.0,0.9990462903785406,0.9858096324685108
0,0.0,0.000525991024915129,7.825136320223704e-07,0.0002153246625376634,0.24642211198806763,0.03357977792620659,0.06677405536174774,0.15530748665332794,0.0014214803998304053,0.06285328601001715
1,1.0,0.9994723200798035,0.9999992174863047,0.9997916861560011,0.9911751747131348,0.9993465542793274,0.97444087266922,0.9874958992004395,0.9991478249613845,0.9940049869388565
1,1.0,0.9994739890098572,0.9999992174863604,0.9997878997897545,0.9901697039604187,0.9989849925041199,0.998993456363678,0.9754160046577454,0.9991616732282688,0.995344723669858
0,0.0,0.0005270296242088079,7.825136320225039e-07,0.00023530647812990732,0.2798534631729126,0.026064515113830566,0.048301566392183304,0.17793382704257965,0.0014634573887450455,0.06666726973451943
0,0.0,0.000525991024915129,7.825136320223704e-07,0.0002153246625376634,0.24642211198806763,0.03357977792620659,0.06677405536174774,0.15530748665332794,0.0014214803998304053,0.06285328601001715
0,0.0,0.0005267710075713694,7.825136416933286e-07,0.0002712973034534296,0.26246756315231323,0.04629596322774887,0.07728515565395355,0.15635405480861664,0.00150320010436804,0.06788465408420186
0,0.0,0.0005267710075713694,7.825136416932759e-07,0.00021318554164929078,0.24689815938472748,0.035124849528074265,0.04436808452010155,0.1287868320941925,0.0013313109373958747,0.05702309402881215
0,0.0,0.0005268302629701793,7.825136320223675e-07,0.00019901525481817416,0.2330082356929779,0.041713960468769073,0.01687360368669033,0.1528347134590149,0.001318506097187209,0.055728551316279004
0,0.0,0.000525991024915129,7.825136320223704e-07,0.0002153246625376634,0.24642211198806763,0.03357977792620659,0.06677405536174774,0.15530748665332794,0.0014214803998304053,0.06285328601001715
0,0.0,0.000525991024915129,7.825136320223704e-07,0.0002153246625376634,0.24642211198806763,0.03357977792620659,0.06677405536174774,0.15530748665332794,0.0014214803998304053,0.06285328601001715
0,0.0,0.0005265004001557827,7.82513632022476e-07,0.00026560731278086713,0.25252726674079895,0.08219173550605774,0.06114814057946205,0.17925791442394257,0.0015951699984098585,0.07199986873812991
0,0.0,0.0005267710075713694,7.825136416932759e-07,0.00021318554164929078,0.24689815938472748,0.035124849528074265,0.04436808452010155,0.1287868320941925,0.0013313109373958747,0.05702309402881215
0,0.0,0.000525991024915129,7.825136320223704e-07,0.0002153246625376634,0.24642211198806763,0.03357977792620659,0.06677405536174774,0.15530748665332794,0.0014214803998304053,0.06285328601001715
0,0.0,0.0005270296242088079,7.825136320223661e-07,0.0002078425841979467,0.25426486134529114,0.017845412716269493,0.04883100464940071,0.14204037189483643,0.0013356759495166805,0.0579992012659407
0,0.0,0.000525991024915129,7.825136320223704e-07,0.0002153246625376634,0.24642211198806763,0.03357977792620659,0.06677405536174774,0.15530748665332794,0.0014214803998304053,0.06285328601001715
0,0.0,0.0005268302629701793,7.825136320223675e-07,0.00019901525481817416,0.2330082356929779,0.041713960468769073,0.01687360368669033,0.1528347134590149,0.001318506097187209,0.055728551316279004
0,0.0,0.000525991024915129,7.825136320223704e-07,0.0002153246625376634,0.24642211198806763,0.03357977792620659,0.06677405536174774,0.15530748665332794,0.0014214803998304053,0.06285328601001715
0,0.0,0.000525991024915129,7.825136320223704e-07,0.0002153246625376634,0.24642211198806763,0.03357977792620659,0.06677405536174774,0.15530748665332794,0.0014214803998304053,0.06285328601001715
0,0.0,0.000525991024915129,7.825136320223704e-07,0.0002153246625376634,0.24642211198806763,0.03357977792620659,0.06677405536174774,0.15530748665332794,0.0014214803998304053,0.06285328601001715
1,1.0,0.9994733929634094,0.9999992174863047,0.9998014674999373,0.9852429628372192,0.9993225336074829,0.999871015548706,0.9864693880081177,0.9991715146135451,0.9962638094982654
0,0.0,0.0005267710075713694,7.825136416934399e-07,0.0005111388030542087,0.31177571415901184,0.06597816199064255,0.10675448924303055,0.2137177437543869,0.001854292750682908,0.08736829860629847
0,0.0,0.0005268302629701793,7.825136320223675e-07,0.00019901525481817416,0.2330082356929779,0.041713960468769073,0.01687360368669033,0.1528347134590149,0.001318506097187209,0.055728551316279004
0,0.0,0.0005270296242088079,7.825136320223661e-07,0.0002078425841979467,0.25426486134529114,0.017845412716269493,0.04883100464940071,0.14204037189483643,0.0013356759495166805,0.0579992012659407
0,0.0,0.000525991024915129,7.825136320223704e-07,0.0002153246625376634,0.24642211198806763,0.03357977792620659,0.06677405536174774,0.15530748665332794,0.0014214803998304053,0.06285328601001715
0,0.0,0.000525991024915129,7.825136320223704e-07,0.0002153246625376634,0.24642211198806763,0.03357977792620659,0.06677405536174774,0.15530748665332794,0.0014214803998304053,0.06285328601001715
0,0.0,0.0005268302629701793,7.825136320225469e-07,0.00022355173764407449,0.2657730281352997,0.056640129536390305,0.07193876802921295,0.19607828557491302,0.0016103052213910952,0.07390209507321707
0,0.0,0.0005265004001557827,7.825136320223661e-07,0.0002157688989936554,0.23106932640075684,0.06117621436715126,0.059165116399526596,0.1507226824760437,0.0014403341634213432,0.06286186754882409
0,0.0,0.0005268302629701793,7.825136320226192e-07,0.00031264650048656124,0.30651167035102844,0.0758754163980484,0.1136012151837349,0.24644331634044647,0.001980607121075297,0.09286217954850223
0,0.0,0.0005265004001557827,7.825136320223661e-07,0.0002157688989936554,0.23106932640075684,0.06117621436715126,0.059165116399526596,0.1507226824760437,0.0014403341634213432,0.06286186754882409
0,0.0,0.0005270296242088079,7.825136320223661e-07,0.0002078425841979467,0.25426486134529114,0.017845412716269493,0.04883100464940071,0.14204037189483643,0.0013356759495166805,0.0579992012659407
0,0.0,0.0005265004001557827,7.825136320223661e-07,0.0002157688989936554,0.23106932640075684,0.06117621436715126,0.059165116399526596,0.1507226824760437,0.0014403341634213432,0.06286186754882409
0,0.0,0.0005270296242088079,7.825136320223661e-07,0.0002078425841979467,0.25426486134529114,0.017845412716269493,0.04883100464940071,0.14204037189483643,0.0013356759495166805,0.0579992012659407
0,0.0,0.000525991024915129,7.825136320223704e-07,0.0002153246625376634,0.24642211198806763,0.03357977792620659,0.06677405536174774,0.15530748665332794,0.0014214803998304053,0.06285328601001715
1,1.0,0.9994736313819885,0.9999992174863047,0.9997952039270334,0.9884476065635681,0.9998251795768738,0.9900175929069519,0.9805037975311279,0.9991565211478776,0.9947663137395042
0,0.0,0.0005267710075713694,7.825136416932759e-07,0.00021318554164929078,0.24689815938472748,0.035124849528074265,0.04436808452010155,0.1287868320941925,0.0013313109373958747,0.05702309402881215
0,0.0,0.000525991024915129,7.825136320223704e-07,0.0002153246625376634,0.24642211198806763,0.03357977792620659,0.06677405536174774,0.15530748665332794,0.0014214803998304053,0.06285328601001715
0,0.0,0.0005267710075713694,7.825136416934064e-07,0.0003543312934599608,0.2954631447792053,0.05750005319714546,0.09598930180072784,0.1960683912038803,0.0017245021091001657,0.08070861922590497
0,0.0,0.0005267710075713694,7.825136416932759e-07,0.00021318554164929078,0.24689815938472748,0.035124849528074265,0.04436808452010155,0.1287868320941925,0.0013313109373958747,0.05702309402881215
0,0.0,0.0005265004001557827,7.825136320223661e-07,0.0002157688989936554,0.23106932640075684,0.06117621436715126,0.059165116399526596,0.1507226824760437,0.0014403341634213432,0.06286186754882409
1,1.0,0.9994736313819885,0.9999992174863047,0.9997952039270334,0.9884476065635681,0.9998251795768738,0.9900175929069519,0.9805037975311279,0.9991565211478776,0.9947663137395042
0,0.0,0.0005265004001557827,7.825136320223661e-07,0.0002157688989936554,0.23106932640075684,0.06117621436715126,0.059165116399526596,0.1507226824760437,0.0014403341634213432,0.06286186754882409
0,0.0,0.0005267710075713694,7.825136416932759e-07,0.00021318554164929078,0.24689815938472748,0.035124849528074265,0.04436808452010155,0.1287868320941925,0.0013313109373958747,0.05702309402881215
0,0.0,0.0005265004001557827,7.825136320223661e-07,0.0002157688989936554,0.23106932640075684,0.06117621436715126,0.059165116399526596,0.1507226824760437,0.0014403341634213432,0.06286186754882409
0,0.0,0.0005267710075713694,7.825136416932759e-07,0.00021318554164929078,0.24689815938472748,0.035124849528074265,0.04436808452010155,0.1287868320941925,0.0013313109373958747,0.05702309402881215
0,0.0,0.0005268302629701793,7.825136320223675e-07,0.00019901525481817416,0.2330082356929779,0.041713960468769073,0.01687360368669033,0.1528347134590149,0.001318506097187209,0.055728551316279004
0,0.0,0.0005270296242088079,7.825136320225039e-07,0.00023530647812990732,0.2798534631729126,0.026064515113830566,0.048301566392183304,0.17793382704257965,0.0014634573887450455,0.06666726973451943
0,0.0,0.0005268302629701793,7.825136320223675e-07,0.00019901525481817416,0.2330082356929779,0.041713960468769073,0.01687360368669033,0.1528347134590149,0.001318506097187209,0.055728551316279004
0,0.0,0.0005265004001557827,7.825136320223661e-07,0.0002157688989936554,0.23106932640075684,0.06117621436715126,0.059165116399526596,0.1507226824760437,0.0014403341634213432,0.06286186754882409
0,0.0,0.0005268302629701793,7.825136320229778e-07,0.00444204904061551,0.36822113394737244,0.09198643267154694,0.1787738800048828,0.3563796579837799,0.002808808851745131,0.12492633525947114
0,0.0,0.0005270296242088079,7.825136320223661e-07,0.0002078425841979467,0.25426486134529114,0.017845412716269493,0.04883100464940071,0.14204037189483643,0.0013356759495166805,0.0579992012659407
0,0.0,0.0005270296242088079,7.825136320225039e-07,0.00023530647812990732,0.2798534631729126,0.026064515113830566,0.048301566392183304,0.17793382704257965,0.0014634573887450455,0.06666726973451943
0,0.0,0.0005267710075713694,7.825136416932759e-07,0.00021318554164929078,0.24689815938472748,0.035124849528074265,0.04436808452010155,0.1287868320941925,0.0013313109373958747,0.05702309402881215
0,0.0,0.0005267710075713694,7.825136416932759e-07,0.00021318554164929078,0.24689815938472748,0.035124849528074265,0.04436808452010155,0.1287868320941925,0.0013313109373958747,0.05702309402881215
0,0.0,0.0005267710075713694,7.825136416934399e-07,0.0005111388030542087,0.31177571415901184,0.06597816199064255,0.10675448924303055,0.2137177437543869,0.001854292750682908,0.08736829860629847
0,0.0,0.0005270296242088079,7.825136320223661e-07,0.0002078425841979467,0.25426486134529114,0.017845412716269493,0.04883100464940071,0.14204037189483643,0.0013356759495166805,0.0579992012659407
0,0.0,0.000525991024915129,7.825136320223704e-07,0.0002153246625376634,0.24642211198806763,0.03357977792620659,0.06677405536174774,0.15530748665332794,0.0014214803998304053,0.06285328601001715
0,0.0,0.0005270296242088079,7.825136320223661e-07,0.0002078425841979467,0.25426486134529114,0.017845412716269493,0.04883100464940071,0.14204037189483643,0.0013356759495166805,0.0579992012659407
0,0.0,0.000525991024915129,7.825136320223704e-07,0.0002153246625376634,0.24642211198806763,0.03357977792620659,0.06677405536174774,0.15530748665332794,0.0014214803998304053,0.06285328601001715
0,0.0,0.0005268302629701793,7.825136320223675e-07,0.00019901525481817416,0.2330082356929779,0.041713960468769073,0.01687360368669033,0.1528347134590149,0.001318506097187209,0.055728551316279004
0,0.0,0.0005268302629701793,7.825136320223675e-07,0.00019901525481817416,0.2330082356929779,0.041713960468769073,0.01687360368669033,0.1528347134590149,0.001318506097187209,0.055728551316279004
1,1.0,0.9994739890098572,0.9999992174863604,0.9994808746288985,0.8352836966514587,0.9142860174179077,0.9999521970748901,0.6804406642913818,0.9982700321959932,0.9284849935599255
0,0.0,0.0005270296242088079,7.825136320223661e-07,0.0002078425841979467,0.25426486134529114,0.017845412716269493,0.04883100464940071,0.14204037189483643,0.0013356759495166805,0.0579992012659407
0,0.0,0.0005268302629701793,7.825136320223675e-07,0.00019901525481817416,0.2330082356929779,0.041713960468769073,0.01687360368669033,0.1528347134590149,0.001318506097187209,0.055728551316279004
0,0.0,0.0005265004001557827,7.825136320223661e-07,0.0002157688989936554,0.23106932640075684,0.06117621436715126,0.059165116399526596,0.1507226824760437,0.0014403341634213432,0.06286186754882409
0,0.0,0.0005270296242088079,7.825136320223661e-07,0.0002078425841979467,0.25426486134529114,0.017845412716269493,0.04883100464940071,0.14204037189483643,0.0013356759495166805,0.0579992012659407
0,0.0,0.0005265004001557827,7.825136320223661e-07,0.0002157688989936554,0.23106932640075684,0.06117621436715126,0.059165116399526596,0.1507226824760437,0.0014403341634213432,0.06286186754882409
0,0.0,0.0005265004001557827,7.825136320223661e-07,0.0002157688989936554,0.23106932640075684,0.06117621436715126,0.059165116399526596,0.1507226824760437,0.0014403341634213432,0.06286186754882409
1,1.0,0.9994733929634094,0.9999992174863047,0.9998014674999373,0.9852429628372192,0.9993225336074829,0.999871015548706,0.9864693880081177,0.9991715146135451,0.9962638094982654
0,0.0,0.0005270296242088079,7.825136320223661e-07,0.0002078425841979467,0.25426486134529114,0.017845412716269493,0.04883100464940071,0.14204037189483643,0.0013356759495166805,0.0579992012659407
0,0.0,0.000525991024915129,7.825136320223704e-07,0.0002153246625376634,0.24642211198806763,0.03357977792620659,0.06677405536174774,0.15530748665332794,0.0014214803998304053,0.06285328601001715
1,1.0,0.9994739890098572,0.9999992174863604,0.9997878997897545,0.9901697039604187,0.9989849925041199,0.998993456363678,0.9754160046577454,0.9991616732282688,0.995344723669858
0,0.0,0.0005267710075713694,7.825136416932759e-07,0.00021318554164929078,0.24689815938472748,0.035124849528074265,0.04436808452010155,0.1287868320941925,0.0013313109373958747,0.05702309402881215
1,1.0,0.9994733929634094,0.9999992174863047,0.9998014674999373,0.9852429628372192,0.9993225336074829,0.999871015548706,0.9864693880081177,0.9991715146135451,0.9962638094982654
0,0.0,0.0005268302629701793,7.825136320223675e-07,0.00019901525481817416,0.2330082356929779,0.041713960468769073,0.01687360368669033,0.1528347134590149,0.001318506097187209,0.055728551316279004
0,0.0,0.0005265004001557827,7.825136320223661e-07,0.0002157688989936554,0.23106932640075684,0.06117621436715126,0.059165116399526596,0.1507226824760437,0.0014403341634213432,0.06286186754882409
0,0.0,0.0005267710075713694,7.825136416932759e-07,0.00021318554164929078,0.24689815938472748,0.035124849528074265,0.04436808452010155,0.1287868320941925,0.0013313109373958747,0.05702309402881215
0,0.0,0.0005265004001557827,7.825136320223661e-07,0.0002157688989936554,0.23106932640075684,0.06117621436715126,0.059165116399526596,0.1507226824760437,0.0014403341634213432,0.06286186754882409
0,0.0,0.0005268302629701793,7.825136320223675e-07,0.00019901525481817416,0.2330082356929779,0.041713960468769073,0.01687360368669033,0.1528347134590149,0.001318506097187209,0.055728551316279004
0,0.0,0.0005267710075713694,7.825136416932759e-07,0.00021318554164929078,0.24689815938472748,0.035124849528074265,0.04436808452010155,0.1287868320941925,0.0013313109373958747,0.05702309402881215
0,0.0,0.0005268302629701793,7.825136320223675e-07,0.00019901525481817416,0.2330082356929779,0.041713960468769073,0.01687360368669033,0.1528347134590149,0.001318506097187209,0.055728551316279004
0,0.0,0.0005267710075713694,7.825136416932759e-07,0.00021318554164929078,0.24689815938472748,0.035124849528074265,0.04436808452010155,0.1287868320941925,0.0013313109373958747,0.05702309402881215
0,0.0,0.0005265004001557827,7.825136320223661e-07,0.0002157688989936554,0.23106932640075684,0.06117621436715126,0.059165116399526596,0.1507226824760437,0.0014403341634213432,0.06286186754882409
1,1.0,0.9994736313819885,0.9999992174863047,0.9997952039270334,0.9884476065635681,0.9998251795768738,0.9900175929069519,0.9805037975311279,0.9991565211478776,0.9947663137395042
1,1.0,0.9994729161262512,0.9999992174863047,0.9997864003871173,0.9844276309013367,0.9995207786560059,0.9505371451377869,0.9689883589744568,0.9990889112774854,0.9879172313017464
1,1.0,0.9994733929634094,0.9999992174863047,0.9998014674999373,0.9852429628372192,0.9993225336074829,0.999871015548706,0.9864693880081177,0.9991715146135451,0.9962638094982654
0,0.0,0.0005268302629701793,7.825136320223675e-07,0.00019901525481817416,0.2330082356929779,0.041713960468769073,0.01687360368669033,0.1528347134590149,0.001318506097187209,0.055728551316279004
0,0.0,0.0005268302629701793,7.825136320223675e-07,0.00019901525481817416,0.2330082356929779,0.041713960468769073,0.01687360368669033,0.1528347134590149,0.001318506097187209,0.055728551316279004
0,0.0,0.000525991024915129,7.825136320225956e-07,0.00026875609996030407,0.2833360731601715,0.045261282473802567,0.06869415938854218,0.19185274839401245,0.0015933837665567591,0.07375970656057973
1,1.0,0.9994723200798035,0.9999992174863047,0.9997916861560011,0.9911751747131348,0.9993465542793274,0.97444087266922,0.9874958992004395,0.9991478249613845,0.9940049869388565
0,0.0,0.0005265004001557827,7.825136320223661e-07,0.0002157688989936554,0.23106932640075684,0.06117621436715126,0.059165116399526596,0.1507226824760437,0.0014403341634213432,0.06286186754882409
0,0.0,0.000525991024915129,7.825136320225956e-07,0.00026875609996030407,0.2833360731601715,0.045261282473802567,0.06869415938854218,0.19185274839401245,0.0015933837665567591,0.07375970656057973
0,0.0,0.0005268302629701793,7.825136320223675e-07,0.00019901525481817416,0.2330082356929779,0.041713960468769073,0.01687360368669033,0.1528347134590149,0.001318506097187209,0.055728551316279004
0,0.0,0.0005267710075713694,7.825136416933286e-07,0.0002712973034534296,0.26246756315231323,0.04629596322774887,0.07728515565395355,0.15635405480861664,0.00150320010436804,0.06788465408420186
0,0.0,0.000525991024915129,7.825136320223704e-07,0.0002153246625376634,0.24642211198806763,0.03357977792620659,0.06677405536174774,0.15530748665332794,0.0014214803998304053,0.06285328601001715
0,0.0,0.0005267710075713694,7.825136416932759e-07,0.00021318554164929078,0.24689815938472748,0.035124849528074265,0.04436808452010155,0.1287868320941925,0.0013313109373958747,0.05702309402881215
0,0.0,0.0005270296242088079,7.825136320223661e-07,0.0002078425841979467,0.25426486134529114,0.017845412716269493,0.04883100464940071,0.14204037189483643,0.0013356759495166805,0.0579992012659407
0,0.0,0.000525991024915129,7.825136320228541e-07,0.0010771089085624339,0.38222789764404297,0.047102514654397964,0.07792821526527405,0.2818375527858734,0.0020492397837366945,0.09889667317888573
0,0.0,0.0005267710075713694,7.825136416932759e-07,0.00021318554164929078,0.24689815938472748,0.035124849528074265,0.04436808452010155,0.1287868320941925,0.0013313109373958747,0.05702309402881215
0,0.0,0.0005268302629701793,7.825136320223675e-07,0.00019901525481817416,0.2330082356929779,0.041713960468769073,0.01687360368669033,0.1528347134590149,0.001318506097187209,0.055728551316279004
1,1.0,0.9994729161262512,0.9999992174863047,0.9997864003871173,0.9844276309013367,0.9995207786560059,0.9505371451377869,0.9689883589744568,0.9990889112774854,0.9879172313017464
0,0.0,0.000525991024915129,7.825136320223704e-07,0.0002153246625376634,0.24642211198806763,0.03357977792620659,0.06677405536174774,0.15530748665332794,0.0014214803998304053,0.06285328601001715
0,0.0,0.000525991024915129,7.825136320223704e-07,0.0002153246625376634,0.24642211198806763,0.03357977792620659,0.06677405536174774,0.15530748665332794,0.0014214803998304053,0.06285328601001715
0,0.0,0.0005267710075713694,7.825136416932759e-07,0.00021318554164929078,0.24689815938472748,0.035124849528074265,0.04436808452010155,0.1287868320941925,0.0013313109373958747,0.05702309402881215
0,0.0,0.0005265004001557827,7.825136320223661e-07,0.0002157688989936554,0.23106932640075684,0.06117621436715126,0.059165116399526596,0.1507226824760437,0.0014403341634213432,0.06286186754882409
0,0.0,0.000525991024915129,7.825136320223704e-07,0.0002153246625376634,0.24642211198806763,0.03357977792620659,0.06677405536174774,0.15530748665332794,0.0014214803998304053,0.06285328601001715
0,0.0,0.000525991024915129,7.825136320223704e-07,0.0002153246625376634,0.24642211198806763,0.03357977792620659,0.06677405536174774,0.15530748665332794,0.0014214803998304053,0.06285328601001715
1,1.0,0.9994733929634094,0.9999992174863047,0.9957796184314246,0.7028571963310242,0.4145331084728241,0.19886545836925507,0.9526680707931519,0.9899161941410598,0.7844678302317855
0,0.0,0.0005265004001557827,7.825136320223661e-07,0.0002157688989936554,0.23106932640075684,0.06117621436715126,0.059165116399526596,0.1507226824760437,0.0014403341634213432,0.06286186754882409
1,1.0,0.9994723200798035,0.9999992174863047,0.9997916861560011,0.9911751747131348,0.9993465542793274,0.97444087266922,0.9874958992004395,0.9991478249613845,0.9940049869388565
0,0.0,0.0005265004001557827,7.825136320223661e-07,0.0002157688989936554,0.23106932640075684,0.06117621436715126,0.059165116399526596,0.1507226824760437,0.0014403341634213432,0.06286186754882409
1,1.0,0.9994733929634094,0.9999992174863047,0.9998014674999373,0.9852429628372192,0.9993225336074829,0.999871015548706,0.9864693880081177,0.9991715146135451,0.9962638094982654
1,1.0,0.9994736313819885,0.9999992174863047,0.9997952039270334,0.9884476065635681,0.9998251795768738,0.9900175929069519,0.9805037975311279,0.9991565211478776,0.9947663137395042
0,0.0,0.0005265004001557827,7.825136320223661e-07,0.0002157688989936554,0.23106932640075684,0.06117621436715126,0.059165116399526596,0.1507226824760437,0.0014403341634213432,0.06286186754882409
0,0.0,0.000525991024915129,7.825136320223704e-07,0.0002153246625376634,0.24642211198806763,0.03357977792620659,0.06677405536174774,0.15530748665332794,0.0014214803998304053,0.06285328601001715
0,0.0,0.0005267710075713694,7.825136416932759e-07,0.00021318554164929078,0.24689815938472748,0.035124849528074265,0.04436808452010155,0.1287868320941925,0.0013313109373958747,0.05702309402881215
0,0.0,0.0005267710075713694,7.825136416932759e-07,0.00021318554164929078,0.24689815938472748,0.035124849528074265,0.04436808452010155,0.1287868320941925,0.0013313109373958747,0.05702309402881215
0,0.0001961812840956777,0.0005270296242088079,7.825136320226318e-07,0.00047121388352433556,0.3355054259300232,0.021999794989824295,0.05244607478380203,0.27086296677589417,0.001769885352247132,0.0853421008951974
0,0.0,0.0005268302629701793,7.825136320223675e-07,0.00019901525481817416,0.2330082356929779,0.041713960468769073,0.01687360368669033,0.1528347134590149,0.001318506097187209,0.055728551316279004
0,0.0,0.0005267710075713694,7.825136416932759e-07,0.00021318554164929078,0.24689815938472748,0.035124849528074265,0.04436808452010155,0.1287868320941925,0.0013313109373958747,0.05702309402881215
0,0.0,0.0005270296242088079,7.825136320225039e-07,0.00023530647812990732,0.2798534631729126,0.026064515113830566,0.048301566392183304,0.17793382704257965,0.0014634573887450455,0.06666726973451943
0,0.0,0.000525991024915129,7.825136320223704e-07,0.0002153246625376634,0.24642211198806763,0.03357977792620659,0.06677405536174774,0.15530748665332794,0.0014214803998304053,0.06285328601001715
1,1.0,0.9994739890098572,0.9999992174863604,0.9997878997897545,0.9901697039604187,0.9989849925041199,0.998993456363678,0.9754160046577454,0.9991616732282688,0.995344723669858
0,0.0,0.0005270296242088079,7.825136320223661e-07,0.0002078425841979467,0.25426486134529114,0.017845412716269493,0.04883100464940071,0.14204037189483643,0.0013356759495166805,0.0579992012659407
1,1.0,0.9994733929634094,0.9999992174863047,0.9998014674999373,0.9852429628372192,0.9993225336074829,0.999871015548706,0.9864693880081177,0.9991715146135451,0.9962638094982654
0,0.0,0.0005265004001557827,7.825136320223661e-07,0.0002157688989936554,0.23106932640075684,0.06117621436715126,0.059165116399526596,0.1507226824760437,0.0014403341634213432,0.06286186754882409
1,1.0,0.9994739890098572,0.9999992174863604,0.9997878997897545,0.9901697039604187,0.9989849925041199,0.998993456363678,0.9754160046577454,0.9991616732282688,0.995344723669858
0,0.0,0.000525991024915129,7.825136320223704e-07,0.0002153246625376634,0.24642211198806763,0.03357977792620659,0.06677405536174774,0.15530748665332794,0.0014214803998304053,0.06285328601001715
0,0.0,0.0005267710075713694,7.825136416932759e-07,0.00021318554164929078,0.24689815938472748,0.035124849528074265,0.04436808452010155,0.1287868320941925,0.0013313109373958747,0.05702309402881215
0,0.0,0.000525991024915129,7.825136320223704e-07,0.0002153246625376634,0.24642211198806763,0.03357977792620659,0.06677405536174774,0.15530748665332794,0.0014214803998304053,0.06285328601001715
0,0.0,0.0005265004001557827,7.825136320223661e-07,0.0002157688989936554,0.23106932640075684,0.06117621436715126,0.059165116399526596,0.1507226824760437,0.0014403341634213432,0.06286186754882409
0,0.0,0.000525991024915129,7.825136320223704e-07,0.0002153246625376634,0.24642211198806763,0.03357977047562599,0.06677405536174774,0.15530748665332794,0.001421480381707247,0.06285328508006569
0,0.0,0.0005265004001557827,7.825136320223661e-07,0.0002157688989936554,0.23106932640075684,0.06117621436715126,0.059165116399526596,0.1507226824760437,0.0014403341634213432,0.06286186754882409
0,0.0,0.0005268302629701793,7.825136320225469e-07,0.00022355173764407449,0.2657730281352997,0.056640129536390305,0.07193876802921295,0.19607828557491302,0.0016103052213910952,0.07390209507321707
0,0.0,0.0005265004001557827,7.825136320223661e-07,0.0002157688989936554,0.23106932640075684,0.06117621436715126,0.059165116399526596,0.1507226824760437,0.0014403341634213432,0.06286186754882409
0,0.0,0.0005267710075713694,7.825136416932759e-07,0.00021318554164929078,0.24689815938472748,0.035124849528074265,0.04436808452010155,0.1287868320941925,0.0013313109373958747,0.05702309402881215
0,0.0,0.0005267710075713694,7.825136416932759e-07,0.00021318554164929078,0.24689815938472748,0.035124849528074265,0.04436808452010155,0.1287868320941925,0.0013313109373958747,0.05702309402881215
0,0.0,0.0005270296242088079,7.825136320223661e-07,0.0002078425841979467,0.25426486134529114,0.017845412716269493,0.04883100464940071,0.14204037189483643,0.0013356759495166805,0.0579992012659407
0,0.0,0.0005268302629701793,7.825136320223675e-07,0.00019901525481817416,0.2330082356929779,0.041713960468769073,0.01687360368669033,0.1528347134590149,0.001318506097187209,0.055728551316279004
1,1.0,0.9994723200798035,0.9999992174863047,0.9997916861560011,0.9911751747131348,0.9993465542793274,0.97444087266922,0.9874958992004395,0.9991478249613845,0.9940049869388565
0,0.0,0.0005267710075713694,7.825136416932759e-07,0.00021318554164929078,0.24689815938472748,0.035124849528074265,0.04436808452010155,0.1287868320941925,0.0013313109373958747,0.05702309402881215
0,0.0,0.0005265004001557827,7.825136320224983e-07,0.00034306343497182115,0.29399335384368896,0.09009140729904175,0.06539028137922287,0.21500004827976227,0.0017894075116928376,0.08319326017132586
0,0.0,0.000525991024915129,7.825136320223704e-07,0.0002153246625376634,0.24642211198806763,0.03357977792620659,0.06677405536174774,0.15530748665332794,0.0014214803998304053,0.06285328601001715
0,0.0,0.0005267710075713694,7.825136416932759e-07,0.00021318554164929078,0.24689815938472748,0.035124849528074265,0.04436808452010155,0.1287868320941925,0.0013313109373958747,0.05702309402881215
0,0.0,0.0005265004001557827,7.825136320223661e-07,0.0002157688989936554,0.23106932640075684,0.06117621436715126,0.059165116399526596,0.1507226824760437,0.0014403341634213432,0.06286186754882409
1,1.0,0.9994729161262512,0.9999992174863047,0.9997864003871173,0.9844276309013367,0.9995207786560059,0.9505371451377869,0.9689883589744568,0.9990889112774854,0.9879172313017464
0,0.0,0.0005267710075713694,7.825136416932759e-07,0.00021318554164929078,0.24689815938472748,0.035124849528074265,0.04436808452010155,0.1287868320941925,0.0013313109373958747,0.05702309402881215
0,0.0,0.000525991024915129,7.825136320223704e-07,0.0002153246625376634,0.24642211198806763,0.03357977792620659,0.06677405536174774,0.15530748665332794,0.0014214803998304053,0.06285328601001715
0,0.0,0.0005268302629701793,7.825136320225469e-07,0.00022355173764407449,0.2657730281352997,0.056640129536390305,0.07193876802921295,0.19607828557491302,0.0016103052213910952,0.07390209507321707
0,0.0,0.000525991024915129,7.825136320226651e-07,0.0003864084158956572,0.3297906816005707,0.05629097297787666,0.072733074426651,0.2374628484249115,0.001831440406999502,0.08718528625734825
0,0.0,0.000525991024915129,7.825136320223704e-07,0.0002153246625376634,0.24642211198806763,0.03357977792620659,0.06677405536174774,0.15530748665332794,0.0014214803998304053,0.06285328601001715
0,0.0,0.0005268302629701793,7.825136320223675e-07,0.00019901525481817416,0.2330082356929779,0.041713960468769073,0.01687360368669033,0.1528347134590149,0.001318506097187209,0.055728551316279004
0,0.0,0.0005267710075713694,7.825136416934064e-07,0.0003543312934599608,0.2954631447792053,0.05750005319714546,0.09598930180072784,0.1960683912038803,0.0017245021091001657,0.08070861922590497
0,0.0,0.0005265004001557827,7.825136320223661e-07,0.0002157688989936554,0.23106932640075684,0.06117621436715126,0.059165116399526596,0.1507226824760437,0.0014403341634213432,0.06286186754882409
0,0.0,0.0005267710075713694,7.825136416933286e-07,0.0002712973034534296,0.26246756315231323,0.04629596322774887,0.07728515565395355,0.15635405480861664,0.00150320010436804,0.06788465408420186
0,0.0001961812840956777,0.0005270296242088079,7.82513632022551e-07,0.0003539642902512132,0.316898912191391,0.026437321677803993,0.050851814448833466,0.23193660378456116,0.0016511523709808326,0.0784761035595745
0,0.0,0.0005265004001557827,7.825136320223661e-07,0.0002157688989936554,0.23106932640075684,0.06117621436715126,0.059165116399526596,0.1507226824760437,0.0014403341634213432,0.06286186754882409
0,0.0,0.000525991024915129,7.825136320223704e-07,0.0002153246625376634,0.24642211198806763,0.03357977792620659,0.06677405536174774,0.15530748665332794,0.0014214803998304053,0.06285328601001715
0,0.0,0.0005267710075713694,7.825136416932759e-07,0.00021318554164929078,0.24689815938472748,0.035124849528074265,0.04436808452010155,0.1287868320941925,0.0013313109373958747,0.05702309402881215
1,1.0,0.9994723200798035,0.9999992174863047,0.9995102551030332,0.9850784540176392,0.999213457107544,0.982383131980896,0.9694762825965881,0.9991294770609418,0.9919098286746194
0,0.0,0.0005268302629701793,7.825136320223675e-07,0.00019901525481817416,0.2330082356929779,0.041713960468769073,0.01687360368669033,0.1528347134590149,0.001318506097187209,0.055728551316279004
0,0.0,0.0005268302629701793,7.825136320223675e-07,0.00019901525481817416,0.2330082356929779,0.041713960468769073,0.01687360368669033,0.1528347134590149,0.001318506097187209,0.055728551316279004
0,0.0,0.0005270296242088079,7.825136320223661e-07,0.0002078425841979467,0.25426486134529114,0.017845412716269493,0.04883100464940071,0.14204037189483643,0.0013356759495166805,0.0579992012659407
0,0.0,0.0005267710075713694,7.825136416933286e-07,0.0002712973034534296,0.26246756315231323,0.04629596322774887,0.07728515565395355,0.15635405480861664,0.00150320010436804,0.06788465408420186
0,0.0,0.000525991024915129,7.825136320223704e-07,0.0002153246625376634,0.24642211198806763,0.03357977792620659,0.06677405536174774,0.15530748665332794,0.0014214803998304053,0.06285328601001715
0,0.0,0.0005270296242088079,7.825136320223661e-07,0.0002078425841979467,0.25426486134529114,0.017845412716269493,0.04883100464940071,0.14204037189483643,0.0013356759495166805,0.0579992012659407
0,0.0,0.0005268302629701793,7.825136320223675e-07,0.00019901525481817416,0.2330082356929779,0.041713960468769073,0.01687360368669033,0.1528347134590149,0.001318506097187209,0.055728551316279004
0,0.0,0.0005268302629701793,7.825136320223675e-07,0.00019901525481817416,0.2330082356929779,0.041713960468769073,0.01687360368669033,0.1528347134590149,0.001318506097187209,0.055728551316279004
0,0.0,0.0005268302629701793,7.825136320223675e-07,0.00019901525481817416,0.2330082356929779,0.041713960468769073,0.01687360368669033,0.1528347134590149,0.001318506097187209,0.055728551316279004
0,0.0,0.0005267710075713694,7.825136416934064e-07,0.0003543312934599608,0.2954631447792053,0.05750005319714546,0.09598930180072784,0.1960683912038803,0.0017245021091001657,0.08070861922590497
0,0.0,0.0005265004001557827,7.825136320223661e-07,0.0002157688989936554,0.23106932640075684,0.06117621436715126,0.059165116399526596,0.1507226824760437,0.0014403341634213432,0.06286186754882409
0,0.0,0.0005267710075713694,7.825136416934064e-07,0.0003543312934599608,0.2954631447792053,0.05750005319714546,0.09598930180072784,0.1960683912038803,0.0017245021091001657,0.08070861922590497
0,0.0,0.0005267710075713694,7.825136416932759e-07,0.00021318554164929078,0.24689815938472748,0.035124849528074265,0.04436808452010155,0.1287868320941925,0.0013313109373958747,0.05702309402881215
0,0.0,0.000525991024915129,7.825136320223704e-07,0.0002153246625376634,0.24642211198806763,0.03357977792620659,0.06677405536174774,0.15530748665332794,0.0014214803998304053,0.06285328601001715
0,0.0,0.000525991024915129,7.825136320223704e-07,0.0002153246625376634,0.24642211198806763,0.03357977792620659,0.06677405536174774,0.15530748665332794,0.0014214803998304053,0.06285328601001715
0,0.0,0.0005268302629701793,7.825136320225469e-07,0.00022355173764407449,0.2657730281352997,0.056640129536390305,0.07193876802921295,0.19607828557491302,0.0016103052213910952,0.07390209507321707
0,0.0,0.0005270296242088079,7.825136320225039e-07,0.00023530647812990732,0.2798534631729126,0.026064515113830566,0.048301566392183304,0.17793382704257965,0.0014634573887450455,0.06666726973451943
0,0.0,0.0005265004001557827,7.825136320223661e-07,0.0002157688989936554,0.23106932640075684,0.06117621436715126,0.059165116399526596,0.1507226824760437,0.0014403341634213432,0.06286186754882409
0,0.0,0.0005270296242088079,7.825136320223661e-07,0.0002078425841979467,0.25426486134529114,0.017845412716269493,0.04883100464940071,0.14204037189483643,0.0013356759495166805,0.0579992012659407
0,0.0,0.0005267710075713694,7.825136416932759e-07,0.00021318554164929078,0.24689815938472748,0.035124849528074265,0.04436808452010155,0.1287868320941925,0.0013313109373958747,0.05702309402881215
0,0.0,0.0005265004001557827,7.82513632022476e-07,0.00026560731278086713,0.25252723693847656,0.08219173550605774,0.06114814057946205,0.17925791442394257,0.001595169946197154,0.07199986500268102
0,0.0,0.0005268302629701793,7.825136320223675e-07,0.00019901525481817416,0.2330082356929779,0.041713960468769073,0.01687360368669033,0.1528347134590149,0.001318506097187209,0.055728551316279004
0,0.0,0.000525991024915129,7.825136320223704e-07,0.0002153246625376634,0.24642211198806763,0.03357977792620659,0.06677405536174774,0.15530748665332794,0.0014214803998304053,0.06285328601001715
0,0.0,0.0005270296242088079,7.825136320223661e-07,0.0002078425841979467,0.25426486134529114,0.017845412716269493,0.04883100464940071,0.14204037189483643,0.0013356759495166805,0.0579992012659407
1,1.0,0.9994729161262512,0.9999992174863047,0.9997864003871173,0.9844276309013367,0.9995207786560059,0.9505371451377869,0.9689883589744568,0.9990889112774854,0.9879172313017464
0,0.0,0.0005267710075713694,7.825136416933286e-07,0.0002712973034534296,0.26246756315231323,0.04629596322774887,0.07728515565395355,0.15635405480861664,0.00150320010436804,0.06788465408420186
0,0.0,0.000525991024915129,7.825136320223704e-07,0.0002153246625376634,0.24642211198806763,0.03357977792620659,0.06677405536174774,0.15530748665332794,0.0014214803998304053,0.06285328601001715
0,0.0,0.0005267710075713694,7.825136416932759e-07,0.00021318554164929078,0.24689815938472748,0.035124849528074265,0.04436808452010155,0.1287868320941925,0.0013313109373958747,0.05702309402881215
0,0.0,0.0005268302629701793,7.825136320223675e-07,0.00019901525481817416,0.2330082356929779,0.041713960468769073,0.01687360368669033,0.1528347134590149,0.001318506097187209,0.055728551316279004
0,0.0,0.000525991024915129,7.825136320223704e-07,0.0002153246625376634,0.24642211198806763,0.03357977792620659,0.06677405536174774,0.15530748665332794,0.0014214803998304053,0.06285328601001715
0,0.0,0.0005270296242088079,7.825136320223661e-07,0.0002078425841979467,0.25426486134529114,0.017845412716269493,0.04883100464940071,0.14204037189483643,0.0013356759495166805,0.0579992012659407
0,0.0,0.0005265004001557827,7.825136320223661e-07,0.0002157688989936554,0.23106932640075684,0.06117621436715126,0.059165116399526596,0.1507226824760437,0.0014403341634213432,0.06286186754882409
0,0.0,0.0005265004001557827,7.825136320223661e-07,0.0002157688989936554,0.23106932640075684,0.06117621436715126,0.059165116399526596,0.1507226824760437,0.0014403341634213432,0.06286186754882409
1,1.0,0.9994723200798035,0.9999992174863047,0.9997916861560011,0.9911751747131348,0.9993465542793274,0.97444087266922,0.9874958992004395,0.9991478249613845,0.9940049869388565
0,0.0,0.0005267710075713694,7.825136416932759e-07,0.00021318554164929078,0.24689815938472748,0.035124849528074265,0.04436808452010155,0.1287868320941925,0.0013313109373958747,0.05702309402881215
0,0.0,0.0005268302629701793,7.825136320223675e-07,0.00019901525481817416,0.2330082356929779,0.041713960468769073,0.01687360368669033,0.1528347134590149,0.001318506097187209,0.055728551316279004
0,0.0,0.0005268302629701793,7.825136320223675e-07,0.00019901525481817416,0.2330082356929779,0.041713960468769073,0.01687360368669033,0.1528347134590149,0.001318506097187209,0.055728551316279004
0,0.0,0.0005265004001557827,7.825136320223661e-07,0.0002157688989936554,0.23106932640075684,0.06117621436715126,0.059165116399526596,0.1507226824760437,0.0014403341634213432,0.06286186754882409
0,0.0,0.0005267710075713694,7.825136416932759e-07,0.00021318554164929078,0.24689815938472748,0.035124849528074265,0.04436808452010155,0.1287868320941925,0.0013313109373958747,0.05702309402881215
0,0.0,0.0005268302629701793,7.825136320223675e-07,0.00019901525481817416,0.2330082356929779,0.041713960468769073,0.01687360368669033,0.1528347134590149,0.001318506097187209,0.055728551316279004
0,0.0,0.0005267710075713694,7.825136416932759e-07,0.00021318554164929078,0.24689815938472748,0.035124849528074265,0.04436808452010155,0.1287868320941925,0.0013313109373958747,0.05702309402881215
0,0.0,0.0005268302629701793,7.825136320223675e-07,0.00019901525481817416,0.2330082356929779,0.041713960468769073,0.01687360368669033,0.1528347134590149,0.001318506097187209,0.055728551316279004
0,0.0,0.0005265004001557827,7.825136320223661e-07,0.0002157688989936554,0.23106932640075684,0.06117621436715126,0.059165116399526596,0.1507226824760437,0.0014403341634213432,0.06286186754882409
0,0.0,0.0005268302629701793,7.825136320223675e-07,0.00019901525481817416,0.2330082356929779,0.041713960468769073,0.01687360368669033,0.1528347134590149,0.001318506097187209,0.055728551316279004
0,0.0,0.000525991024915129,7.825136320223704e-07,0.0002153246625376634,0.24642211198806763,0.03357977792620659,0.06677405536174774,0.15530748665332794,0.0014214803998304053,0.06285328601001715
0,0.0,0.0005270296242088079,7.825136320223661e-07,0.0002078425841979467,0.25426486134529114,0.017845412716269493,0.04883100464940071,0.14204037189483643,0.0013356759495166805,0.0579992012659407
0,0.0,0.0005268302629701793,7.825136320223675e-07,0.00019901525481817416,0.2330082356929779,0.041713960468769073,0.01687360368669033,0.1528347134590149,0.001318506097187209,0.055728551316279004
0,0.0,0.0005265004001557827,7.825136320223661e-07,0.0002157688989936554,0.23106932640075684,0.06117621436715126,0.059165116399526596,0.1507226824760437,0.0014403341634213432,0.06286186754882409
1,1.0,0.9994729161262512,0.9999992174863047,0.9993452233088667,0.8187158107757568,0.7731772065162659,0.9533193707466125,0.6587144136428833,0.9975298213073192,0.9003123030776369
0,0.0,0.0005267710075713694,7.825136416932759e-07,0.00021318554164929078,0.24689815938472748,0.035124849528074265,0.04436808452010155,0.1287868320941925,0.0013313109373958747,0.05702309402881215
0,0.0,0.0005265004001557827,7.825136320223661e-07,0.0002157688989936554,0.23106932640075684,0.06117621436715126,0.059165116399526596,0.1507226824760437,0.0014403341634213432,0.06286186754882409
0,0.0,0.0005265004001557827,7.82513632022476e-07,0.00026560731278086713,0.25252726674079895,0.08219173550605774,0.06114814057946205,0.17925791442394257,0.0015951699984098585,0.07199986873812991
1,1.0,0.9994729161262512,0.9999992174863047,0.9994090793384023,0.9556772708892822,0.9918644428253174,0.9477433562278748,0.8785298466682434,0.9989143903446362,0.9716340644182171
0,0.0,0.000525991024915129,7.825136320225956e-07,0.00026875609996030407,0.2833360731601715,0.045261282473802567,0.06869415938854218,0.19185274839401245,0.0015933837665567591,0.07375970656057973
0,0.0,0.0005270296242088079,7.825136320223661e-07,0.0002078425841979467,0.25426486134529114,0.017845412716269493,0.04883100464940071,0.14204037189483643,0.0013356759495166805,0.0579992012659407
0,0.0,0.0005270296242088079,7.825136320223661e-07,0.0002078425841979467,0.25426486134529114,0.017845412716269493,0.04883100464940071,0.14204037189483643,0.0013356759495166805,0.0579992012659407
0,0.0,0.0005270296242088079,7.825136320223661e-07,0.0002078425841979467,0.25426486134529114,0.017845412716269493,0.04883100464940071,0.14204037189483643,0.0013356759495166805,0.0579992012659407
0,0.0,0.0005267710075713694,7.825136416932759e-07,0.00021318554164929078,0.24689815938472748,0.035124849528074265,0.04436808452010155,0.1287868320941925,0.0013313109373958747,0.05702309402881215
1,1.0,0.9994739890098572,0.9999992174863604,0.9997878997897545,0.9901697039604187,0.9989849925041199,0.998993456363678,0.9754160046577454,0.9991616732282688,0.995344723669858
0,0.0,0.0005265004001557827,7.825136320223661e-07,0.0002157688989936554,0.23106932640075684,0.06117621436715126,0.059165116399526596,0.1507226824760437,0.0014403341634213432,0.06286186754882409
1,1.0,0.9994739890098572,0.9999992174863604,0.9997878997897545,0.9901697039604187,0.9989849925041199,0.998993456363678,0.9754160046577454,0.9991616732282688,0.995344723669858
1,1.0,0.9994733929634094,0.9999992174863047,0.9998014674999373,0.9852429628372192,0.9993225336074829,0.999871015548706,0.9864693880081177,0.9991715146135451,0.9962638094982654
0,0.0,0.0005267710075713694,7.825136416932759e-07,0.00021318554164929078,0.24689815938472748,0.035124849528074265,0.04436808452010155,0.1287868320941925,0.0013313109373958747,0.05702309402881215
0,0.0,0.0005265004001557827,7.825136320225372e-07,0.0005049775944382831,0.32525771856307983,0.08661048859357834,0.06822589784860611,0.22710101306438446,0.0018803311641101,0.08856307720599399
1,1.0,0.9994736313819885,0.9999992174863047,0.9997952039270334,0.9884476065635681,0.9998251795768738,0.9900175929069519,0.9805037975311279,0.9991565211478776,0.9947663137395042
1,1.0,0.9994736313819885,0.9999992174863047,0.9997952039270334,0.9884476065635681,0.9998251795768738,0.9900175929069519,0.9805037975311279,0.9991565211478776,0.9947663137395042
0,0.0,0.0005270296242088079,7.825136320223661e-07,0.0002078425841979467,0.25426486134529114,0.017845412716269493,0.04883100464940071,0.14204037189483643,0.0013356759495166805,0.0579992012659407
0,0.0,0.0005270296242088079,7.825136320223661e-07,0.0002078425841979467,0.25426486134529114,0.017845412716269493,0.04883100464940071,0.14204037189483643,0.0013356759495166805,0.0579992012659407
0,0.0,0.0005267710075713694,7.825136416932759e-07,0.00021318554164929078,0.24689815938472748,0.035124849528074265,0.04436808452010155,0.1287868320941925,0.0013313109373958747,0.05702309402881215
0,0.0,0.0005270296242088079,7.825136320223661e-07,0.0002078425841979467,0.25426486134529114,0.017845412716269493,0.04883100464940071,0.14204037189483643,0.0013356759495166805,0.0579992012659407
0,0.0,0.0005270296242088079,7.825136320223661e-07,0.0002078425841979467,0.25426486134529114,0.017845412716269493,0.04883100464940071,0.14204037189483643,0.0013356759495166805,0.0579992012659407
1,1.0,0.9994739890098572,0.9999992174863604,0.9889541284563292,0.9076061844825745,0.9950774312019348,0.559362530708313,0.9052290916442871,0.9980519133570855,0.920201686187057
0,0.0,0.0005268302629701793,7.825136320223675e-07,0.00019901525481817416,0.2330082356929779,0.041713960468769073,0.01687360368669033,0.1528347134590149,0.001318506097187209,0.055728551316279004
1,1.0,0.9994733929634094,0.9999992174863047,0.9998014674999373,0.9852429628372192,0.9993225336074829,0.999871015548706,0.9864693880081177,0.9991715146135451,0.9962638094982654
0,0.0,0.0005270296242088079,7.825136320223661e-07,0.0002078425841979467,0.25426486134529114,0.017845412716269493,0.04883100464940071,0.14204037189483643,0.0013356759495166805,0.0579992012659407
0,0.0,0.000525991024915129,7.825136320223704e-07,0.0002153246625376634,0.24642211198806763,0.03357977792620659,0.06677405536174774,0.15530748665332794,0.0014214803998304053,0.06285328601001715
0,0.0,0.0005268302629701793,7.825136320223675e-07,0.00019901525481817416,0.2330082356929779,0.041713960468769073,0.01687360368669033,0.1528347134590149,0.001318506097187209,0.055728551316279004
0,0.0,0.0005268302629701793,7.825136320223675e-07,0.00019901525481817416,0.2330082356929779,0.041713960468769073,0.01687360368669033,0.1528347134590149,0.001318506097187209,0.055728551316279004
0,0.0,0.0005270296242088079,7.825136320223661e-07,0.0002078425841979467,0.25426486134529114,0.017845412716269493,0.04883100464940071,0.14204037189483643,0.0013356759495166805,0.0579992012659407
0,0.0,0.0005268302629701793,7.825136320223675e-07,0.00019901525481817416,0.2330082356929779,0.041713960468769073,0.01687360368669033,0.1528347134590149,0.001318506097187209,0.055728551316279004
0,0.0,0.0005270296242088079,7.825136320223661e-07,0.0002078425841979467,0.25426486134529114,0.017845412716269493,0.04883100464940071,0.14204037189483643,0.0013356759495166805,0.0579992012659407
0,0.0,0.0005267710075713694,7.825136416932759e-07,0.00021318554164929078,0.24689815938472748,0.035124849528074265,0.04436808452010155,0.1287868320941925,0.0013313109373958747,0.05702309402881215
0,0.0,0.0005267710075713694,7.825136416932759e-07,0.00021318554164929078,0.24689815938472748,0.035124849528074265,0.04436808452010155,0.1287868320941925,0.0013313109373958747,0.05702309402881215
1,1.0,0.9994723200798035,0.9999992174863047,0.9996317042302971,0.996103048324585,0.9998866319656372,0.9814132452011108,0.9930712580680847,0.9991677514567959,0.9962273705789735
0,0.0,0.0005270296242088079,7.825136320223661e-07,0.0002078425841979467,0.25426486134529114,0.017845412716269493,0.04883100464940071,0.14204037189483643,0.0013356759495166805,0.0579992012659407
1,1.0,0.9994729161262512,0.9999992174863047,0.9997864003871173,0.9844276309013367,0.9995207786560059,0.9505371451377869,0.9689883589744568,0.9990889112774854,0.9879172313017464
0,0.0,0.0005265004001557827,7.825136320223661e-07,0.0002157688989936554,0.23106932640075684,0.06117621436715126,0.059165116399526596,0.1507226824760437,0.0014403341634213432,0.06286186754882409
0,0.0,0.0005268302629701793,7.825136320223675e-07,0.00019901525481817416,0.2330082356929779,0.041713960468769073,0.01687360368669033,0.1528347134590149,0.001318506097187209,0.055728551316279004
0,0.0,0.000525991024915129,7.825136320223704e-07,0.0002153246625376634,0.24642211198806763,0.03357977792620659,0.06677405536174774,0.15530748665332794,0.0014214803998304053,0.06285328601001715
0,0.0,0.0005265004001557827,7.825136320223661e-07,0.0002157688989936554,0.23106932640075684,0.06117621436715126,0.059165116399526596,0.1507226824760437,0.0014403341634213432,0.06286186754882409
1,1.0,0.9994736313819885,0.9999992174863047,0.9997952039270334,0.9884476065635681,0.9998251795768738,0.9900175929069519,0.9805037975311279,0.9991565211478776,0.9947663137395042
0,0.0,0.000525991024915129,7.825136320223704e-07,0.0002153246625376634,0.24642211198806763,0.03357977792620659,0.06677405536174774,0.15530748665332794,0.0014214803998304053,0.06285328601001715
0,0.0,0.0005267710075713694,7.825136416932759e-07,0.00021318554164929078,0.24689815938472748,0.035124849528074265,0.04436808452010155,0.1287868320941925,0.0013313109373958747,0.05702309402881215
0,0.0,0.0005270296242088079,7.825136320223661e-07,0.0002078425841979467,0.25426486134529114,0.017845412716269493,0.04883100464940071,0.14204037189483643,0.0013356759495166805,0.0579992012659407
0,0.0,0.0005265004001557827,7.825136320223661e-07,0.0002157688989936554,0.23106932640075684,0.06117621436715126,0.059165116399526596,0.1507226824760437,0.0014403341634213432,0.06286186754882409
0,0.0,0.0005265004001557827,7.825136320223661e-07,0.0002157688989936554,0.23106932640075684,0.06117621436715126,0.059165116399526596,0.1507226824760437,0.0014403341634213432,0.06286186754882409
0,0.0,0.0005265004001557827,7.825136320223661e-07,0.0002157688989936554,0.23106932640075684,0.06117621436715126,0.059165116399526596,0.1507226824760437,0.0014403341634213432,0.06286186754882409
0,0.0,0.0005270296242088079,7.825136320223661e-07,0.0002078425841979467,0.25426486134529114,0.017845412716269493,0.04883100464940071,0.14204037189483643,0.0013356759495166805,0.0579992012659407
0,0.0,0.0005270296242088079,7.825136320223661e-07,0.0002078425841979467,0.25426486134529114,0.017845412716269493,0.04883100464940071,0.14204037189483643,0.0013356759495166805,0.0579992012659407
0,0.0,0.0005267710075713694,7.825136416932759e-07,0.00021318554164929078,0.24689815938472748,0.035124849528074265,0.04436808452010155,0.1287868320941925,0.0013313109373958747,0.05702309402881215
0,0.0,0.0005267710075713694,7.825136416932759e-07,0.00021318554164929078,0.24689815938472748,0.035124849528074265,0.04436808452010155,0.1287868320941925,0.0013313109373958747,0.05702309402881215
0,0.0,0.000525991024915129,7.825136320223704e-07,0.0002153246625376634,0.24642211198806763,0.03357977792620659,0.06677405536174774,0.15530748665332794,0.0014214803998304053,0.06285328601001715
0,0.0,0.0005268302629701793,7.825136320223675e-07,0.00019901525481817416,0.2330082356929779,0.041713960468769073,0.01687360368669033,0.1528347134590149,0.001318506097187209,0.055728551316279004
0,0.0,0.000525991024915129,7.825136320223704e-07,0.0002153246625376634,0.24642211198806763,0.03357977792620659,0.06677405536174774,0.15530748665332794,0.0014214803998304053,0.06285328601001715
1,1.0,0.9994723200798035,0.9999992174863047,0.9996317042302971,0.996103048324585,0.9998866319656372,0.9814132452011108,0.9930712580680847,0.9991677514567959,0.9962273705789735
0,0.0,0.0005268302629701793,7.825136320223675e-07,0.00019901525481817416,0.2330082356929779,0.041713960468769073,0.01687360368669033,0.1528347134590149,0.001318506097187209,0.055728551316279004
0,0.0,0.0005270296242088079,7.825136320223661e-07,0.0002078425841979467,0.25426486134529114,0.017845412716269493,0.04883100464940071,0.14204037189483643,0.0013356759495166805,0.0579992012659407
0,0.0,0.0005265004001557827,7.825136320223661e-07,0.0002157688989936554,0.23106932640075684,0.06117621436715126,0.059165116399526596,0.1507226824760437,0.0014403341634213432,0.06286186754882409
1,1.0,0.9994729161262512,0.9999992174863047,0.9997864003871173,0.9844276309013367,0.9995207786560059,0.9505371451377869,0.9689883589744568,0.9990889112774854,0.9879172313017464
1,1.0,0.9994733929634094,0.9999992174863047,0.9998014674999373,0.9852429628372192,0.9993225336074829,0.999871015548706,0.9864693880081177,0.9991715146135451,0.9962638094982654
0,0.0,0.0005265004001557827,7.825136320223661e-07,0.0002157688989936554,0.23106932640075684,0.06117621436715126,0.059165116399526596,0.1507226824760437,0.0014403341634213432,0.06286186754882409
0,0.0,0.0005267710075713694,7.825136416932759e-07,0.00021318554164929078,0.24689815938472748,0.035124849528074265,0.04436808452010155,0.1287868320941925,0.0013313109373958747,0.05702309402881215
0,0.0,0.0005268302629701793,7.825136320225469e-07,0.00022355173764407449,0.2657730281352997,0.056640129536390305,0.07193876802921295,0.19607828557491302,0.0016103052213910952,0.07390209507321707
0,0.0,0.0005270296242088079,7.825136320223661e-07,0.0002078425841979467,0.25426486134529114,0.017845412716269493,0.04883100464940071,0.14204037189483643,0.0013356759495166805,0.0579992012659407
0,0.0,0.0005270296242088079,7.825136320223661e-07,0.0002078425841979467,0.25426486134529114,0.017845412716269493,0.04883100464940071,0.14204037189483643,0.0013356759495166805,0.0579992012659407
0,0.0,0.000525991024915129,7.825136320225956e-07,0.00026875609996030407,0.2833360731601715,0.045261282473802567,0.06869415938854218,0.19185274839401245,0.0015933837665567591,0.07375970656057973
0,0.0,0.0005265004001557827,7.825136320223661e-07,0.0002157688989936554,0.23106932640075684,0.06117621436715126,0.059165116399526596,0.1507226824760437,0.0014403341634213432,0.06286186754882409
1,1.0,0.9994736313819885,0.9999992174863047,0.9997952039270334,0.9884476065635681,0.9998251795768738,0.9900175929069519,0.9805037975311279,0.9991565211478776,0.9947663137395042
0,0.0,0.0005267710075713694,7.825136416932759e-07,0.00021318554164929078,0.24689815938472748,0.035124849528074265,0.04436808452010155,0.1287868320941925,0.0013313109373958747,0.05702309402881215
0,0.0,0.0005267710075713694,7.825136416932759e-07,0.00021318554164929078,0.24689815938472748,0.035124849528074265,0.04436808452010155,0.1287868320941925,0.0013313109373958747,0.05702309402881215
0,0.0,0.0005268302629701793,7.825136320223675e-07,0.00019901525481817416,0.2330082356929779,0.041713960468769073,0.01687360368669033,0.1528347134590149,0.001318506097187209,0.055728551316279004
1,1.0,0.9994723200798035,0.9999992174863047,0.9997916861560011,0.9911751747131348,0.9993465542793274,0.97444087266922,0.9874958992004395,0.9991478249613845,0.9940049869388565
0,0.0,0.0005265004001557827,7.825136320223661e-07,0.0002157688989936554,0.23106932640075684,0.06117621436715126,0.059165116399526596,0.1507226824760437,0.0014403341634213432,0.06286186754882409
0,0.0,0.0005267710075713694,7.825136416932759e-07,0.00021318554164929078,0.24689815938472748,0.035124849528074265,0.04436808452010155,0.1287868320941925,0.0013313109373958747,0.05702309402881215
0,0.0,0.000525991024915129,7.825136320223704e-07,0.0002153246625376634,0.24642211198806763,0.03357977792620659,0.06677405536174774,0.15530748665332794,0.0014214803998304053,0.06285328601001715
0,0.0,0.0005270296242088079,7.825136320223661e-07,0.0002078425841979467,0.25426486134529114,0.017845412716269493,0.04883100464940071,0.14204037189483643,0.0013356759495166805,0.0579992012659407
0,0.0,0.0005268302629701793,7.825136320223675e-07,0.00019901525481817416,0.2330082356929779,0.041713960468769073,0.01687360368669033,0.1528347134590149,0.001318506097187209,0.055728551316279004
0,0.0,0.0005268302629701793,7.825136320223675e-07,0.00019901525481817416,0.2330082356929779,0.041713960468769073,0.01687360368669033,0.1528347134590149,0.001318506097187209,0.055728551316279004
1,1.0,0.9994733929634094,0.9999992174863047,0.9998014674999373,0.9852429628372192,0.9993225336074829,0.999871015548706,0.9864693880081177,0.9991715146135451,0.9962638094982654
0,0.0,0.0005270296242088079,7.825136320223661e-07,0.0002078425841979467,0.25426486134529114,0.017845412716269493,0.04883100464940071,0.14204037189483643,0.0013356759495166805,0.0579992012659407
1,1.0,0.9994736313819885,0.9999992174863047,0.9997952039270334,0.9884476065635681,0.9998251795768738,0.9900175929069519,0.9805037975311279,0.9991565211478776,0.9947663137395042
0,0.0,0.0005270296242088079,7.825136320225039e-07,0.00023530647812990732,0.2798534631729126,0.026064515113830566,0.048301566392183304,0.17793382704257965,0.0014634573887450455,0.06666726973451943
1,1.0,0.9994733929634094,0.9999992174863047,0.9998014674999373,0.9852429628372192,0.9993225336074829,0.999871015548706,0.9864693880081177,0.9991715146135451,0.9962638094982654
1,1.0,0.9994729161262512,0.9999992174863047,0.9996952651286762,0.8935242891311646,0.9528198838233948,0.959873378276825,0.8032092452049255,0.9986446055536926,0.9510644392415589
0,0.0,0.0005267710075713694,7.825136416934399e-07,0.0005111388030542087,0.31177571415901184,0.06597816199064255,0.10675448924303055,0.2137177437543869,0.001854292750682908,0.08736829860629847
0,0.0,0.0005267710075713694,7.825136416932759e-07,0.00021318554164929078,0.24689815938472748,0.035124849528074265,0.04436808452010155,0.1287868320941925,0.0013313109373958747,0.05702309402881215
0,0.0,0.0005268302629701793,7.825136320223675e-07,0.00019901525481817416,0.2330082356929779,0.041713960468769073,0.01687360368669033,0.1528347134590149,0.001318506097187209,0.055728551316279004
0,0.0,0.0005267710075713694,7.825136416932759e-07,0.00021318554164929078,0.24689815938472748,0.035124849528074265,0.04436808452010155,0.1287868320941925,0.0013313109373958747,0.05702309402881215
0,0.0,0.000525991024915129,7.825136320223704e-07,0.0002153246625376634,0.24642211198806763,0.03357977792620659,0.06677405536174774,0.15530748665332794,0.0014214803998304053,0.06285328601001715
1,1.0,0.9994729161262512,0.9999992174863047,0.9997864003871173,0.9844276309013367,0.9995207786560059,0.9505371451377869,0.9689883589744568,0.9990889112774854,0.9879172313017464
0,0.0,0.0005268302629701793,7.825136320223675e-07,0.00019901525481817416,0.2330082356929779,0.041713960468769073,0.01687360368669033,0.1528347134590149,0.001318506097187209,0.055728551316279004
1,1.0,0.9994729161262512,0.9999992174863047,0.9997864003871173,0.9844276309013367,0.9995207786560059,0.9505371451377869,0.9689883589744568,0.9990889112774854,0.9879172313017464
1,1.0,0.9994733929634094,0.9999992174863047,0.9996583092421284,0.8874461650848389,0.961546003818512,0.9999963045120239,0.8685735464096069,0.9988404448869219,0.9645184556168882
0,0.0001961812840956777,0.0005270296242088079,7.825136320226318e-07,0.00047121388352433556,0.3355054259300232,0.021999794989824295,0.05244607478380203,0.27086296677589417,0.001769885352247132,0.0853421008951974
0,0.0001961812840956777,0.0005270296242088079,7.82513632022551e-07,0.0003539642902512132,0.316898912191391,0.026437321677803993,0.050851814448833466,0.23193660378456116,0.0016511523709808326,0.0784761035595745
0,0.0,0.000525991024915129,7.825136320223704e-07,0.0002153246625376634,0.24642211198806763,0.03357977792620659,0.06677405536174774,0.15530748665332794,0.0014214803998304053,0.06285328601001715
1,1.0,0.9994739890098572,0.9999992174863604,0.9997878997897545,0.9901697039604187,0.9989849925041199,0.998993456363678,0.9754160046577454,0.9991616732282688,0.995344723669858
0,0.0,0.0005270296242088079,7.825136320223661e-07,0.0002078425841979467,0.25426486134529114,0.017845412716269493,0.04883100464940071,0.14204037189483643,0.0013356759495166805,0.0579992012659407
0,0.0,0.000525991024915129,7.825136320223704e-07,0.0002153246625376634,0.24642211198806763,0.03357977792620659,0.06677405536174774,0.15530748665332794,0.0014214803998304053,0.06285328601001715
0,0.0,0.0005270296242088079,7.825136320223661e-07,0.0002078425841979467,0.25426486134529114,0.017845412716269493,0.04883100464940071,0.14204037189483643,0.0013356759495166805,0.0579992012659407
0,0.0,0.0005270296242088079,7.825136320223661e-07,0.0002078425841979467,0.25426486134529114,0.017845412716269493,0.04883100464940071,0.14204037189483643,0.0013356759495166805,0.0579992012659407
1,1.0,0.9994733929634094,0.9999992174863047,0.9998014674999373,0.9852429628372192,0.9993225336074829,0.999871015548706,0.9864693880081177,0.9991715146135451,0.9962638094982654
0,0.0,0.0005270296242088079,7.825136320223661e-07,0.0002078425841979467,0.25426486134529114,0.017845412716269493,0.04883100464940071,0.14204037189483643,0.0013356759495166805,0.0579992012659407
0,0.0,0.000525991024915129,7.825136320226651e-07,0.0003864084158956572,0.3297906816005707,0.05629097297787666,0.072733074426651,0.2374628484249115,0.001831440406999502,0.08718528625734825
0,0.0,0.000525991024915129,7.825136320223704e-07,0.0002153246625376634,0.24642211198806763,0.03357977792620659,0.06677405536174774,0.15530748665332794,0.0014214803998304053,0.06285328601001715
0,0.0,0.0005268302629701793,7.825136320225469e-07,0.00022355173764407449,0.2657730281352997,0.056640129536390305,0.07193876802921295,0.19607828557491302,0.0016103052213910952,0.07390209507321707
0,0.0,0.0005270296242088079,7.825136320223661e-07,0.0002078425841979467,0.25426486134529114,0.017845412716269493,0.04883100464940071,0.14204037189483643,0.0013356759495166805,0.0579992012659407
0,0.0,0.0005268302629701793,7.825136320223675e-07,0.00019901525481817416,0.2330082356929779,0.041713960468769073,0.01687360368669033,0.1528347134590149,0.001318506097187209,0.055728551316279004
0,0.0,0.0005265004001557827,7.825136320223661e-07,0.0002157688989936554,0.23106932640075684,0.06117621436715126,0.059165116399526596,0.1507226824760437,0.0014403341634213432,0.06286186754882409
1,1.0,0.9994739890098572,0.9999992174863604,0.999627984404766,0.9959194660186768,0.9999275207519531,0.9997556805610657,0.9847896695137024,0.9991796733803671,0.9974312133369578
0,0.0,0.0005265004001557827,7.825136320223661e-07,0.0002157688989936554,0.23106932640075684,0.06117621436715126,0.059165116399526596,0.1507226824760437,0.0014403341634213432,0.06286186754882409
0,0.0,0.0005267710075713694,7.825136416932759e-07,0.00021318554164929078,0.24689815938472748,0.035124849528074265,0.04436808452010155,0.1287868320941925,0.0013313109373958747,0.05702309402881215
0,0.0,0.0005265004001557827,7.825136320223661e-07,0.0002157688989936554,0.23106932640075684,0.06117621436715126,0.059165116399526596,0.1507226824760437,0.0014403341634213432,0.06286186754882409
1,1.0,0.9994723200798035,0.9999992174863047,0.9997916861560011,0.9911751747131348,0.9993465542793274,0.97444087266922,0.9874958992004395,0.9991478249613845,0.9940049869388565
0,0.0,0.0005270296242088079,7.825136320225039e-07,0.00023530647812990732,0.2798534631729126,0.026064515113830566,0.048301566392183304,0.17793382704257965,0.0014634573887450455,0.06666726973451943
0,0.0,0.0005270296242088079,7.825136320223661e-07,0.0002078425841979467,0.25426486134529114,0.017845412716269493,0.04883100464940071,0.14204037189483643,0.0013356759495166805,0.0579992012659407
0,0.0,0.0005265004001557827,7.825136320223661e-07,0.0002157688989936554,0.23106932640075684,0.06117621436715126,0.059165116399526596,0.1507226824760437,0.0014403341634213432,0.06286186754882409
1,1.0,0.9994733929634094,0.9999992174863047,0.9998014674999373,0.9852429628372192,0.9993225336074829,0.999871015548706,0.9864693880081177,0.9991715146135451,0.9962638094982654
0,0.0,0.000525991024915129,7.825136320223704e-07,0.0002153246625376634,0.24642211198806763,0.03357977792620659,0.06677405536174774,0.15530748665332794,0.0014214803998304053,0.06285328601001715
0,0.0,0.0005270296242088079,7.825136320223661e-07,0.0002078425841979467,0.25426486134529114,0.017845412716269493,0.04883100464940071,0.14204037189483643,0.0013356759495166805,0.0579992012659407
0,0.0,0.0005270296242088079,7.825136320223661e-07,0.0002078425841979467,0.25426486134529114,0.017845412716269493,0.04883100464940071,0.14204037189483643,0.0013356759495166805,0.0579992012659407
0,0.0,0.000525991024915129,7.825136320223704e-07,0.0002153246625376634,0.24642211198806763,0.03357977792620659,0.06677405536174774,0.15530748665332794,0.0014214803998304053,0.06285328601001715
0,0.0,0.0005270296242088079,7.825136320223661e-07,0.0002078425841979467,0.25426486134529114,0.017845412716269493,0.04883100464940071,0.14204037189483643,0.0013356759495166805,0.0579992012659407
0,0.0,0.0005270296242088079,7.825136320225039e-07,0.00023530647812990732,0.2798534631729126,0.026064515113830566,0.048301566392183304,0.17793382704257965,0.0014634573887450455,0.06666726973451943
0,0.0,0.0005270296242088079,7.825136320223661e-07,0.0002078425841979467,0.25426486134529114,0.017845412716269493,0.04883100464940071,0.14204037189483643,0.0013356759495166805,0.0579992012659407
0,0.0,0.000525991024915129,7.825136320223704e-07,0.0002153246625376634,0.24642211198806763,0.03357977792620659,0.06677405536174774,0.15530748665332794,0.0014214803998304053,0.06285328601001715
0,0.0,0.0005265004001557827,7.825136320223661e-07,0.0002157688989936554,0.23106932640075684,0.06117621436715126,0.059165116399526596,0.1507226824760437,0.0014403341634213432,0.06286186754882409
0,0.0,0.0005267710075713694,7.825136416932759e-07,0.00021318554164929078,0.24689815938472748,0.035124849528074265,0.04436808452010155,0.1287868320941925,0.0013313109373958747,0.05702309402881215
0,0.0,0.0005270296242088079,7.825136320223661e-07,0.0002078425841979467,0.25426486134529114,0.017845412716269493,0.04883100464940071,0.14204037189483643,0.0013356759495166805,0.0579992012659407
0,0.0,0.0005265004001557827,7.825136320223661e-07,0.0002157688989936554,0.23106932640075684,0.06117621436715126,0.059165116399526596,0.1507226824760437,0.0014403341634213432,0.06286186754882409
0,0.0,0.0005265004001557827,7.825136320223661e-07,0.0002157688989936554,0.23106932640075684,0.06117621436715126,0.059165116399526596,0.1507226824760437,0.0014403341634213432,0.06286186754882409
0,0.0,0.0005268302629701793,7.825136320225469e-07,0.00022355173764407449,0.2657730281352997,0.056640129536390305,0.07193876802921295,0.19607828557491302,0.0016103052213910952,0.07390209507321707
0,0.0,0.0005267710075713694,7.825136416932759e-07,0.00021318554164929078,0.24689815938472748,0.035124849528074265,0.04436808452010155,0.1287868320941925,0.0013313109373958747,0.05702309402881215
0,0.0,0.0005267710075713694,7.825136416932759e-07,0.00021318554164929078,0.24689815938472748,0.035124849528074265,0.04436808452010155,0.1287868320941925,0.0013313109373958747,0.05702309402881215
0,0.0,0.000525991024915129,7.825136320223704e-07,0.0002153246625376634,0.24642211198806763,0.03357977792620659,0.06677405536174774,0.15530748665332794,0.0014214803998304053,0.06285328601001715
0,0.0,0.0005267710075713694,7.825136416932759e-07,0.00021318554164929078,0.24689815938472748,0.035124849528074265,0.04436808452010155,0.1287868320941925,0.0013313109373958747,0.05702309402881215
0,0.0,0.0005268302629701793,7.825136320223675e-07,0.00019901525481817416,0.2330082356929779,0.041713960468769073,0.01687360368669033,0.1528347134590149,0.001318506097187209,0.055728551316279004
0,0.0,0.000525991024915129,7.825136320223704e-07,0.0002153246625376634,0.24642211198806763,0.03357977792620659,0.06677405536174774,0.15530748665332794,0.0014214803998304053,0.06285328601001715
0,0.0,0.0005265004001557827,7.825136320223661e-07,0.0002157688989936554,0.23106932640075684,0.06117621436715126,0.059165116399526596,0.1507226824760437,0.0014403341634213432,0.06286186754882409
0,0.0,0.0005267710075713694,7.825136416933286e-07,0.0002712973034534296,0.26246756315231323,0.04629596322774887,0.07728515565395355,0.15635405480861664,0.00150320010436804,0.06788465408420186
0,0.0,0.0005270296242088079,7.825136320223661e-07,0.0002078425841979467,0.25426486134529114,0.017845412716269493,0.04883100464940071,0.14204037189483643,0.0013356759495166805,0.0579992012659407
0,0.0,0.000525991024915129,7.825136320223704e-07,0.0002153246625376634,0.24642211198806763,0.03357977792620659,0.06677405536174774,0.15530748665332794,0.0014214803998304053,0.06285328601001715
1,1.0,0.9994736313819885,0.9999992174863047,0.9997952039270334,0.9884476065635681,0.9998251795768738,0.9900175929069519,0.9805037975311279,0.9991565211478776,0.9947663137395042
1,1.0,0.9994723200798035,0.9999992174863047,0.9992871732283837,0.9733997583389282,0.9981932044029236,0.9782671928405762,0.948262631893158,0.9990844652303197,0.9871260727943925
0,0.0,0.0005268302629701793,7.825136320223675e-07,0.00019901525481817416,0.2330082356929779,0.041713960468769073,0.01687360368669033,0.1528347134590149,0.001318506097187209,0.055728551316279004
0,0.0,0.0005265004001557827,7.82513632022476e-07,0.00026560731278086713,0.25252726674079895,0.08219173550605774,0.06114814057946205,0.17925791442394257,0.0015951699984098585,0.07199986873812991
0,0.0,0.000525991024915129,7.825136320223704e-07,0.0002153246625376634,0.24642211198806763,0.03357977792620659,0.06677405536174774,0.15530748665332794,0.0014214803998304053,0.06285328601001715
0,0.0,0.0005270296242088079,7.825136320223661e-07,0.0002078425841979467,0.25426486134529114,0.017845412716269493,0.04883100464940071,0.14204037189483643,0.0013356759495166805,0.0579992012659407
1,1.0,0.9994729161262512,0.9999992174863047,0.9997864003871173,0.9844276309013367,0.9995207786560059,0.9505371451377869,0.9689883589744568,0.9990889112774854,0.9879172313017464
0,0.0,0.0005268302629701793,7.825136320223675e-07,0.00019901525481817416,0.2330082356929779,0.041713960468769073,0.01687360368669033,0.1528347134590149,0.001318506097187209,0.055728551316279004
0,0.0,0.0005265004001557827,7.825136320223661e-07,0.0002157688989936554,0.23106932640075684,0.06117621436715126,0.059165116399526596,0.1507226824760437,0.0014403341634213432,0.06286186754882409
0,0.0,0.000525991024915129,7.825136320223704e-07,0.0002153246625376634,0.24642211198806763,0.03357977792620659,0.06677405536174774,0.15530748665332794,0.0014214803998304053,0.06285328601001715
1,1.0,0.9994723200798035,0.9999992174863047,0.9996659385590926,0.921167254447937,0.9680293202400208,0.9815295338630676,0.8690860271453857,0.9988663878390708,0.9673445057419003
0,0.0,0.000525991024915129,7.825136320223704e-07,0.0002153246625376634,0.24642211198806763,0.03357977792620659,0.06677405536174774,0.15530748665332794,0.0014214803998304053,0.06285328601001715
0,0.0,0.0005268302629701793,7.825136320223675e-07,0.00019901525481817416,0.2330082356929779,0.041713960468769073,0.01687360368669033,0.1528347134590149,0.001318506097187209,0.055728551316279004
1,1.0,0.9994739890098572,0.9999992174863604,0.9997878997897545,0.9901697039604187,0.9989849925041199,0.998993456363678,0.9754160046577454,0.9991616732282688,0.995344723669858
0,0.0,0.0005267710075713694,7.825136416932759e-07,0.00021318554164929078,0.24689815938472748,0.035124849528074265,0.04436808452010155,0.1287868320941925,0.0013313109373958747,0.05702309402881215
0,0.0,0.000525991024915129,7.825136320225956e-07,0.00026875609996030407,0.2833360731601715,0.045261282473802567,0.06869415938854218,0.19185274839401245,0.0015933837665567591,0.07375970656057973
0,0.0,0.000525991024915129,7.825136320223704e-07,0.0002153246625376634,0.24642211198806763,0.03357977792620659,0.06677405536174774,0.15530748665332794,0.0014214803998304053,0.06285328601001715
0,0.0,0.0005265004001557827,7.825136320223661e-07,0.0002157688989936554,0.23106932640075684,0.06117621436715126,0.059165116399526596,0.1507226824760437,0.0014403341634213432,0.06286186754882409
1,1.0,0.9994729161262512,0.9999992174863047,0.9994090793384023,0.9556772708892822,0.9918644428253174,0.9477433562278748,0.8785298466682434,0.9989143903446362,0.9716340644182171
1,1.0,0.9994739890098572,0.9999992174863604,0.999627984404766,0.9959194660186768,0.9999275207519531,0.9997556805610657,0.9847896695137024,0.9991796733803671,0.9974312133369578
1,1.0,0.9994729161262512,0.9999992174863047,0.9997864003871173,0.9844276309013367,0.9995207786560059,0.9505371451377869,0.9689883589744568,0.9990889112774854,0.9879172313017464
0,0.0,0.0005265004001557827,7.825136320223661e-07,0.0002157688989936554,0.23106932640075684,0.06117621436715126,0.059165116399526596,0.1507226824760437,0.0014403341634213432,0.06286186754882409
0,0.0,0.0005268302629701793,7.825136320225469e-07,0.00022355173764407449,0.2657730281352997,0.056640129536390305,0.07193876802921295,0.19607828557491302,0.0016103052213910952,0.07390209507321707
0,0.0,0.0005270296242088079,7.825136320223661e-07,0.0002078425841979467,0.25426486134529114,0.017845412716269493,0.04883100464940071,0.14204037189483643,0.0013356759495166805,0.0579992012659407
0,0.0,0.000525991024915129,7.825136320223704e-07,0.0002153246625376634,0.24642211198806763,0.03357977792620659,0.06677405536174774,0.15530748665332794,0.0014214803998304053,0.06285328601001715
0,0.0,0.000525991024915129,7.825136320227735e-07,0.0005686352419313889,0.3491221070289612,0.057607945054769516,0.07524468749761581,0.2585746645927429,0.0019384106598986334,0.09274976992213878
0,0.0,0.0005268302629701793,7.825136320223675e-07,0.00019901525481817416,0.2330082356929779,0.041713960468769073,0.01687360368669033,0.1528347134590149,0.001318506097187209,0.055728551316279004
0,0.0,0.0005265004001557827,7.825136320223661e-07,0.0002157688989936554,0.23106932640075684,0.06117621436715126,0.059165116399526596,0.1507226824760437,0.0014403341634213432,0.06286186754882409
0,0.0,0.0005265004001557827,7.825136320223661e-07,0.0002157688989936554,0.23106932640075684,0.06117621436715126,0.059165116399526596,0.1507226824760437,0.0014403341634213432,0.06286186754882409
0,0.0,0.0005267710075713694,7.825136416932759e-07,0.00021318554164929078,0.24689815938472748,0.035124849528074265,0.04436808452010155,0.1287868320941925,0.0013313109373958747,0.05702309402881215
0,0.0,0.0005270296242088079,7.825136320223661e-07,0.0002078425841979467,0.25426486134529114,0.017845412716269493,0.04883100464940071,0.14204037189483643,0.0013356759495166805,0.0579992012659407
0,0.0,0.0005268302629701793,7.825136320223675e-07,0.00019901525481817416,0.2330082356929779,0.041713960468769073,0.01687360368669033,0.1528347134590149,0.001318506097187209,0.055728551316279004
0,0.0,0.0005265004001557827,7.825136320223661e-07,0.0002157688989936554,0.23106932640075684,0.06117621436715126,0.059165116399526596,0.1507226824760437,0.0014403341634213432,0.06286186754882409
0,0.0,0.0005265004001557827,7.825136320223661e-07,0.0002157688989936554,0.23106932640075684,0.06117621436715126,0.059165116399526596,0.1507226824760437,0.0014403341634213432,0.06286186754882409
0,0.0,0.0005267710075713694,7.825136416937457e-07,0.019919454518456413,0.4406094253063202,0.586773693561554,0.13616344332695007,0.5248805284500122,0.008686688631203452,0.21355745439356408
0,0.0,0.0005267710075713694,7.825136416933286e-07,0.0002712973034534296,0.26246756315231323,0.04629596322774887,0.07728515565395355,0.15635405480861664,0.00150320010436804,0.06788465408420186
0,0.0,0.0005268302629701793,7.825136320223675e-07,0.00019901525481817416,0.2330082356929779,0.041713960468769073,0.01687360368669033,0.1528347134590149,0.001318506097187209,0.055728551316279004
1,1.0,0.9994736313819885,0.9999992174863047,0.9997952039270334,0.9884476065635681,0.9998251795768738,0.9900175929069519,0.9805037975311279,0.9991565211478776,0.9947663137395042
0,0.0,0.0005265004001557827,7.825136320223661e-07,0.0002157688989936554,0.23106932640075684,0.06117621436715126,0.059165116399526596,0.1507226824760437,0.0014403341634213432,0.06286186754882409
1,1.0,0.9994733929634094,0.9999992174863047,0.9998014674999373,0.9852429628372192,0.9993225336074829,0.999871015548706,0.9864693880081177,0.9991715146135451,0.9962638094982654
0,0.0,0.0005267710075713694,7.825136416932759e-07,0.00021318554164929078,0.24689815938472748,0.035124849528074265,0.04436808452010155,0.1287868320941925,0.0013313109373958747,0.05702309402881215
1,1.0,0.9994723200798035,0.9999992174863047,0.9997916861560011,0.9911751747131348,0.9993465542793274,0.97444087266922,0.9874958992004395,0.9991478249613845,0.9940049869388565
0,0.0,0.000525991024915129,7.825136320225956e-07,0.00026875609996030407,0.2833360731601715,0.045261282473802567,0.06869415938854218,0.19185274839401245,0.0015933837665567591,0.07375970656057973
0,0.0,0.0005265004001557827,7.825136320223661e-07,0.0002157688989936554,0.23106932640075684,0.06117621436715126,0.059165116399526596,0.1507226824760437,0.0014403341634213432,0.06286186754882409
0,0.0,0.0005268302629701793,7.825136320223675e-07,0.00019901525481817416,0.2330082356929779,0.041713960468769073,0.01687360368669033,0.1528347134590149,0.001318506097187209,0.055728551316279004
0,0.0,0.0005267710075713694,7.825136416933286e-07,0.0002712973034534296,0.26246756315231323,0.04629596322774887,0.07728515565395355,0.15635405480861664,0.00150320010436804,0.06788465408420186
0,0.0,0.000525991024915129,7.825136320223704e-07,0.0002153246625376634,0.24642211198806763,0.03357977792620659,0.06677405536174774,0.15530747175216675,0.001421480370393863,0.06285328414322461
0,0.0,0.0005267710075713694,7.825136416932759e-07,0.00021318554164929078,0.24689815938472748,0.035124849528074265,0.04436808452010155,0.1287868320941925,0.0013313109373958747,0.05702309402881215
0,0.0,0.0005270296242088079,7.825136320223661e-07,0.0002078425841979467,0.25426486134529114,0.017845412716269493,0.04883100464940071,0.14204037189483643,0.0013356759495166805,0.0579992012659407
0,0.0,0.0005270296242088079,7.825136320223661e-07,0.0002078425841979467,0.25426486134529114,0.017845412716269493,0.04883100464940071,0.14204037189483643,0.0013356759495166805,0.0579992012659407
0,0.0,0.0005270296242088079,7.825136320223661e-07,0.0002078425841979467,0.25426486134529114,0.017845412716269493,0.04883100464940071,0.14204037189483643,0.0013356759495166805,0.0579992012659407
0,0.0,0.0005270296242088079,7.825136320223661e-07,0.0002078425841979467,0.25426486134529114,0.017845412716269493,0.04883100464940071,0.14204037189483643,0.0013356759495166805,0.0579992012659407
1,1.0,0.9994729161262512,0.9999992174863047,0.9997864003871173,0.9844276309013367,0.9995207786560059,0.9505371451377869,0.9689883589744568,0.9990889112774854,0.9879172313017464
0,0.0,0.0005268302629701793,7.825136320223675e-07,0.00019901525481817416,0.2330082356929779,0.041713960468769073,0.01687360368669033,0.1528347134590149,0.001318506097187209,0.055728551316279004
0,0.0,0.0005265004001557827,7.82513632022476e-07,0.00026560731278086713,0.25252726674079895,0.08219172805547714,0.06114814057946205,0.17925791442394257,0.0015951699780757827,0.07199986780817844
0,0.0,0.0005268302629701793,7.825136320223675e-07,0.00019901525481817416,0.2330082356929779,0.041713960468769073,0.01687360368669033,0.1528347134590149,0.001318506097187209,0.055728551316279004
0,0.0,0.000525991024915129,7.825136320223704e-07,0.0002153246625376634,0.24642211198806763,0.03357977792620659,0.06677405536174774,0.15530747175216675,0.001421480370393863,0.06285328414322461
0,0.0,0.0005268302629701793,7.825136320223675e-07,0.00019901525481817416,0.2330082356929779,0.041713960468769073,0.01687360368669033,0.1528347134590149,0.001318506097187209,0.055728551316279004
0,0.0,0.0005268302629701793,7.825136320223675e-07,0.00019901525481817416,0.2330082356929779,0.041713960468769073,0.01687360368669033,0.1528347134590149,0.001318506097187209,0.055728551316279004
0,0.0,0.0005265004001557827,7.825136320223661e-07,0.0002157688989936554,0.23106932640075684,0.06117621436715126,0.059165116399526596,0.1507226824760437,0.0014403341634213432,0.06286186754882409
0,0.0,0.000525991024915129,7.825136320223704e-07,0.0002153246625376634,0.24642211198806763,0.03357977792620659,0.06677405536174774,0.15530747175216675,0.001421480370393863,0.06285328414322461
0,0.0,0.0005265004001557827,7.825136320223661e-07,0.0002157688989936554,0.23106932640075684,0.06117621436715126,0.059165116399526596,0.1507226824760437,0.0014403341634213432,0.06286186754882409
0,0.0,0.0005267710075713694,7.825136416932759e-07,0.00021318554164929078,0.24689815938472748,0.035124849528074265,0.04436808452010155,0.1287868320941925,0.0013313109373958747,0.05702309402881215
0,0.0,0.000525991024915129,7.82513632022918e-07,0.002982327412336193,0.39248520135879517,0.04489054158329964,0.07872918248176575,0.2885494530200958,0.0020949459712729947,0.10108457520169811
0,0.0,0.0005268302629701793,7.825136320223675e-07,0.00019901525481817416,0.2330082356929779,0.041713960468769073,0.01687360368669033,0.1528347134590149,0.001318506097187209,0.055728551316279004
0,0.0,0.0005267710075713694,7.825136416932759e-07,0.00021318554164929078,0.24689815938472748,0.035124849528074265,0.04436808452010155,0.1287868320941925,0.0013313109373958747,0.05702309402881215
0,0.0,0.0005265004001557827,7.825136320223661e-07,0.0002157688989936554,0.23106932640075684,0.06117621436715126,0.059165116399526596,0.1507226824760437,0.0014403341634213432,0.06286186754882409
0,0.0,0.0005270296242088079,7.825136320223661e-07,0.0002078425841979467,0.25426486134529114,0.017845412716269493,0.04883100464940071,0.14204037189483643,0.0013356759495166805,0.0579992012659407
0,0.0,0.0005265004001557827,7.825136320228624e-07,0.03995454864114381,0.7060791254043579,0.6518567800521851,0.07686135917901993,0.48795685172080994,0.011820652518454457,0.24553547517836707
0,0.0,0.0005268302629701793,7.825136320223675e-07,0.00019901525481817416,0.2330082356929779,0.041713960468769073,0.01687360368669033,0.1528347134590149,0.001318506097187209,0.055728551316279004
0,0.0,0.000525991024915129,7.825136320223704e-07,0.0002153246625376634,0.24642211198806763,0.03357977792620659,0.06677404791116714,0.15530747175216675,0.001421480355343956,0.06285328322542594
