y_true,RandomForest,XGBoost,LightGBM,CatBoost,DeepMLP,ResidualMLP,TabTransformer,1D-CNN,StackingEnsemble,WeightedEnsemble
1,0.3545628648389573,0.14783139526844025,0.018288988649548865,0.13207220366131522,0.528445839881897,0.36986303329467773,0.447855144739151,0.5621231198310852,0.42224816751291133,0.32627806037540374
0,0.16423443150579303,0.09655304998159409,0.0559424717816884,0.21992096943626444,0.4295739233493805,0.34225186705589294,0.34612464904785156,0.2522872984409332,0.292077927238949,0.24057552715471547
1,0.6586322098680901,0.720813512802124,0.9076659673898275,0.7292515229561857,0.5807739496231079,0.585578441619873,0.5181776881217957,0.5138362050056458,0.629934962468746,0.6479369202571557
0,0.3779766701246997,0.37429261207580566,0.14639442794651303,0.3805017185607907,0.5201632976531982,0.44953060150146484,0.44587454199790955,0.47817325592041016,0.44603360931209957,0.3996848127125128
0,0.6112842032006796,0.4924984574317932,0.3262408293838854,0.6082231899144634,0.5755396485328674,0.5543460249900818,0.6836976408958435,0.6323932409286499,0.6067410234748785,0.5637193685422319
0,0.1560482886122279,0.0954541563987732,0.06635546753311605,0.08910722122938239,0.3622889518737793,0.12394433468580246,0.09885229170322418,0.14189381897449493,0.20379074375191172,0.14349211283295654
0,0.766334591838818,0.8726440668106079,0.9474774476545818,0.8466476757249723,0.7491331100463867,0.759403645992279,0.7556163668632507,0.633899986743927,0.7799826256497788,0.7886885001112885
0,0.18243894731989654,0.24205780029296875,0.1980729620912323,0.16341785928179553,0.34701502323150635,0.1484062224626541,0.15935666859149933,0.10537571460008621,0.24059910258313816,0.19358485689664623
1,0.692355149564426,0.8941210508346558,0.8894317199081369,0.8564315638666519,0.6548846960067749,0.7983507513999939,0.5723158717155457,0.58115154504776,0.6997405495953039,0.7379310384146357
0,0.2909995424547354,0.06755595654249191,0.02324311716764443,0.14363497239615988,0.5595411658287048,0.40873125195503235,0.549242377281189,0.46792110800743103,0.42826790323843894,0.31962088850663845
0,0.7100095542342727,0.9511299133300781,0.8853874740245424,0.7418124759204107,0.9368560314178467,0.9247267842292786,0.8581408858299255,0.8073480129241943,0.8616260551313875,0.8512542673912473
1,0.6345789832570481,0.8104931116104126,0.6900376501946818,0.8334752186671558,0.6896950006484985,0.5856997966766357,0.7266831398010254,0.715842604637146,0.7438019770358473,0.7108218920216611
0,0.06699520197689765,0.03000553324818611,0.0022613070715895365,0.0514320971670056,0.06360920518636703,0.002566200215369463,0.05795427784323692,0.00469963438808918,0.12933901677287987,0.035573824973262974
0,0.5649036525340229,0.49463769793510437,0.4374336116353667,0.5346556264892678,0.5584490299224854,0.5789192318916321,0.6622751951217651,0.5974017977714539,0.6072597438998341,0.5554299257558517
0,0.25103482011705586,0.08099805563688278,0.024401301096334163,0.05066760125505568,0.27547144889831543,0.15662895143032074,0.3759963810443878,0.30121132731437683,0.2851978148283377,0.19403196485066443
0,0.34262932758308695,0.0591098852455616,0.0033566186620356477,0.0262147833601778,0.3315315842628479,4.549538061837666e-05,0.2166767716407776,0.04420854151248932,0.2063308899683243,0.13213753618758642
0,0.21952753181040793,0.21669238805770874,0.16366551196254775,0.32914744361741743,0.19514063000679016,0.12986844778060913,0.15989288687705994,0.12655267119407654,0.20187986303684216,0.19216739401245964
0,0.07433708343957993,0.027322843670845032,0.0033541204515181743,0.03886514312772862,0.13748256862163544,0.08309142291545868,0.1126222237944603,0.07713553309440613,0.15585826237343295,0.07049797646602723
0,0.5327923218926167,0.31822386384010315,0.03485426108023121,0.27985775947219477,0.5994033813476562,0.5497627258300781,0.5811138153076172,0.5991166830062866,0.523128933775647,0.44319821118615843
0,0.5833664923628121,0.6291537880897522,0.7405732058675649,0.6554968904360827,0.5366855263710022,0.5610059499740601,0.5640388131141663,0.6173400282859802,0.6251508404610823,0.6092416018221674
1,0.5639924252023429,0.6875776648521423,0.6201453223814717,0.7002387502938822,0.6302237510681152,0.657245934009552,0.46628111600875854,0.5792443752288818,0.5996531138869265,0.6112846179521517
0,0.09053173738802146,0.017068222165107727,0.0007036499776942061,0.04651350241711727,0.3718125820159912,0.15933817625045776,0.1570482701063156,0.12832188606262207,0.20326248863574203,0.12373433503841327
1,0.9320624363032745,0.9754323363304138,0.9911409009228326,0.9468266846075711,0.9635822772979736,0.9974049925804138,0.924563467502594,0.9509172439575195,0.888456307332236,0.9594669969705405
0,0.1548429778272062,0.06833840161561966,0.018046225024589038,0.12526820362936084,0.2985037565231323,0.23844783008098602,0.2576209604740143,0.22814171016216278,0.23598161294924705,0.17603420679930648
0,0.1952207851599667,0.19699005782604218,0.0686765340423806,0.2504341662312504,0.1819852590560913,0.17007800936698914,0.2608602046966553,0.22063486278057098,0.23301778625396563,0.19453896383806613
0,0.14777009728018034,0.04424463212490082,0.019744157497228597,0.06502658129083382,0.48342365026474,0.2033746838569641,0.16208583116531372,0.1664404273033142,0.23303295742081115,0.16426437753306092
0,0.06890526610398673,0.016973650082945824,0.00016957654060462606,0.027090950583467693,0.16049470007419586,0.07601301372051239,0.11265783756971359,0.07842805236577988,0.15807288283173854,0.06901310278143151
0,0.1980460168771716,0.0815509781241417,0.01932344093467533,0.1340296637477297,0.3919983506202698,0.17780056595802307,0.3349568843841553,0.32308003306388855,0.29369182954613754,0.21174804923379859
1,0.4527834358503117,0.3590896725654602,0.2411551044281181,0.4867413785380797,0.5639950633049011,0.5045514106750488,0.5175046324729919,0.5532917380332947,0.49753078565992076,0.462608902664171
0,0.6207993628008023,0.7472046613693237,0.8626790597941033,0.734502080219001,0.5869646072387695,0.586901843547821,0.6158860921859741,0.5782133340835571,0.6771522300506213,0.6638116010481901
1,0.93848542403781,0.9649127721786499,0.9752297561372496,0.9524623755490117,0.9461969137191772,0.9325145483016968,0.9228102564811707,0.9073917269706726,0.8806874223499912,0.941939688632807
0,0.29714924105464163,0.2242569923400879,0.30287265907759825,0.2448258802474399,0.29198315739631653,0.5514041781425476,0.4037446677684784,0.3123300075531006,0.340820524638075,0.32795641792427965
0,0.0734705493141917,0.017281264066696167,0.009148697730543588,0.03436220508345813,0.13744431734085083,0.08306021988391876,0.11264020204544067,0.07818368822336197,0.15534109631266121,0.06939182123001074
0,0.32971178426952596,0.24670280516147614,0.1702673530383576,0.3290301139783236,0.2722918391227722,0.6807240843772888,0.13337066769599915,0.44556012749671936,0.26166898279094863,0.3246307602263445
0,0.3946736031426049,0.24747620522975922,0.4281031212413344,0.0390620336581213,0.35710379481315613,0.606099009513855,0.23295652866363525,0.2107265591621399,0.3123179831618553,0.3127194149441369
0,0.100131184048949,0.02446731925010681,0.0014562302845481099,0.12126473070059232,0.3504720628261566,0.09785780310630798,0.0710461437702179,0.10006644576787949,0.17402647413862035,0.11000458106357772
0,0.1209208210097226,0.06141888350248337,0.011393370141472682,0.10677013803926971,0.2599392831325531,0.12462762743234634,0.16382449865341187,0.12685485184192657,0.19136282187616815,0.12381412854388789
0,0.19951179592927168,0.05393735691905022,0.009604413837692036,0.08905591895844023,0.4019298851490021,0.18081951141357422,0.15387967228889465,0.16069862246513367,0.2154203005610355,0.15885802783230024
0,0.2526085151078106,0.09632647782564163,0.04194684668048822,0.14717326316319285,0.25676411390304565,0.4191015362739563,0.3026738166809082,0.41712793707847595,0.277316129527648,0.24421128497453465
0,0.37963644161551946,0.5764634609222412,0.6015106650300174,0.3079044039555673,0.25248464941978455,0.19186407327651978,0.25451406836509705,0.20270419120788574,0.36080908473477985,0.34324579329785054
0,0.508240972431636,0.5168431997299194,0.589343839059493,0.4688411214569899,0.5842000246047974,0.6035144329071045,0.5318894982337952,0.5250322818756104,0.579426043853247,0.540444565133922
0,0.32011465600719297,0.2991068661212921,0.3089849443013647,0.6049261439932632,0.3505709171295166,0.348366916179657,0.25897711515426636,0.3117365837097168,0.29523632981376335,0.3487242101448473
0,0.5484424610900619,0.6261557340621948,0.48365649426563295,0.3538495695465221,0.5243473052978516,0.7705718278884888,0.6194041967391968,0.5597851276397705,0.6247166471272388,0.5613256414235274
0,0.6258251205380045,0.762993574142456,0.7853743516492161,0.8192841275812194,0.5913876891136169,0.7165182828903198,0.7371484041213989,0.6255500912666321,0.7137158178637962,0.705669295246692
0,0.2827600087047529,0.06506193429231644,0.21969640942473237,0.15931048973229173,0.25201815366744995,0.19759643077850342,0.2541727125644684,0.20547714829444885,0.2376087284411637,0.20545078785776458
0,0.1042386364040712,0.05466132238507271,0.00275984608113743,0.014342614950773321,0.2481202483177185,0.1813145875930786,0.19866468012332916,0.09489521384239197,0.19666518033718317,0.11430840575703247
1,0.14777009728018034,0.11789459735155106,0.019744157497228597,0.06502658129083382,0.48342466354370117,0.20336349308490753,0.16207768023014069,0.16647695004940033,0.24527028104913812,0.1734729308329162
0,0.491373967702491,0.5685299038887024,0.6096023872221366,0.45548307209090355,0.594883918762207,0.5397787094116211,0.5679610967636108,0.6011825799942017,0.6254999711191196,0.5538438112230475
1,0.6442971788042966,0.29416459798812866,0.14349638094813733,0.3396741785727405,0.6716194748878479,0.7215271592140198,0.7091102600097656,0.5764433741569519,0.5837553422903085,0.5180339541882695
0,0.7349301224925797,0.6242756843566895,0.620864287166238,0.6960080879304221,0.7265918850898743,0.851687490940094,0.6195075511932373,0.6122406721115112,0.6665163630305766,0.685008141197829
0,0.36063396923369695,0.3798121213912964,0.08607330756246546,0.29912526647391596,0.3929356038570404,0.428935706615448,0.4402998983860016,0.39038416743278503,0.3965609285702151,0.3502972598720504
0,0.19346671520186734,0.09446079283952713,0.07417691961099186,0.1439867303767649,0.20335625112056732,0.24619270861148834,0.32346874475479126,0.28251248598098755,0.2537619933312431,0.1973715583721941
1,0.508196921595179,0.5726020336151123,0.13671504144657423,0.5800543310806915,0.5586233139038086,0.4713275134563446,0.6697071194648743,0.6055948734283447,0.5911149896219735,0.5175654986031772
1,0.5741976200769601,0.4161422550678253,0.30616517867572884,0.5234142244374796,0.6685432195663452,0.7843614220619202,0.64798504114151,0.5443673133850098,0.5849066154514957,0.5601882208006829
0,0.13448160548954358,0.1010473370552063,0.0059278386926398825,0.15392610115027475,0.1858544945716858,0.16887781023979187,0.262912780046463,0.22138048708438873,0.21980327732796778,0.15649029130658154
0,0.37697578630325296,0.43672189116477966,0.6086890611399046,0.40475394286866334,0.2928273379802704,0.3081691265106201,0.3445957899093628,0.38956886529922485,0.4025947904870232,0.3930530499291359
0,0.2757125983905967,0.2951817214488983,0.0660257142179861,0.3092211974427446,0.503000795841217,0.3159971237182617,0.19194073975086212,0.28442543745040894,0.29696330868775256,0.28217199385052893
0,0.13178795127055024,0.07970120012760162,0.005308780451540415,0.13583796351042077,0.19991342723369598,0.13138969242572784,0.1584252268075943,0.1276281625032425,0.1819523180458241,0.12275009590636553
0,0.47005608860291453,0.23342788219451904,0.08740529306551263,0.2633917946608604,0.5427249073982239,0.3985273241996765,0.5309675335884094,0.5278201699256897,0.46428322258281274,0.3874264868641749
0,0.2995022719970148,0.09986737370491028,0.23128566119929558,0.20348477144235208,0.501592755317688,0.2919673025608063,0.3789733350276947,0.306944340467453,0.3476386014508453,0.29159496371758997
0,0.5193993299344905,0.2887987494468689,0.10955606848454352,0.25133463307235215,0.563825249671936,0.5437983870506287,0.5827898383140564,0.5314963459968567,0.5051334172021976,0.42915890945526547
0,0.5017178046388241,0.31427282094955444,0.19641912754210752,0.4198020373573828,0.5618087649345398,0.37679430842399597,0.557496964931488,0.47629809379577637,0.4852886662960403,0.42976999378095654
1,0.4621053889532544,0.46287891268730164,0.39720018651996175,0.22267448686695687,0.43373045325279236,0.5214495062828064,0.4657289981842041,0.5322163701057434,0.5071193335014409,0.4388330320142114
1,0.5565393210824725,0.14950330555438995,0.050109977019416295,0.3367780987215801,0.6384336948394775,0.7221844792366028,0.686333954334259,0.6400646567344666,0.5384204972846993,0.4784740898145953
0,0.314859380208374,0.2759031057357788,0.19774168864226307,0.2625975001974146,0.41204559803009033,0.2509855628013611,0.2526557445526123,0.23205941915512085,0.3005764558842659,0.27613926188051485
1,0.5057784450303556,0.7866836786270142,0.8209926286812994,0.6139065506692877,0.5743038058280945,0.34546753764152527,0.5574451088905334,0.7061581611633301,0.6932343553855418,0.6130449576180362
1,0.4960575906220236,0.38138920068740845,0.09939543133712715,0.3098820514384497,0.5620418190956116,0.4745255708694458,0.6723033785820007,0.6058704257011414,0.5688175773476475,0.45642519148638927
1,0.5321766324279206,0.7234479188919067,0.8437769385579552,0.6647819596537243,0.5202397108078003,0.4551161527633667,0.4481646418571472,0.476520836353302,0.5829154526454191,0.5793348966709777
1,0.7591801106147973,0.7785826325416565,0.7858300809649069,0.852851776072829,0.8849442601203918,0.9434146285057068,0.8019257187843323,0.8287022113800049,0.81295833920063,0.8288176606465004
0,0.26239915836043115,0.4829320013523102,0.21484442200095732,0.3932613061761391,0.30747348070144653,0.24121110141277313,0.4080328047275543,0.32939377427101135,0.382929460774951,0.33119295510788554
1,0.6842743495113711,0.74490886926651,0.6808275348734724,0.7586878098510395,0.6188669800758362,0.7632280588150024,0.7251267433166504,0.7127866148948669,0.7213814495898104,0.7104216665497209
0,0.5659462367028641,0.5394541621208191,0.22967900265434646,0.629746513356018,0.5360674858093262,0.5571465492248535,0.5626572966575623,0.6176930069923401,0.5481835226617462,0.532620542929697
0,0.49686146579182894,0.559603750705719,0.606323199024657,0.5914502329348669,0.6038333773612976,0.450992614030838,0.5122712254524231,0.4724409282207489,0.5672835420672542,0.5359924002971881
0,0.31476293534380134,0.19043900072574615,0.04302223767119153,0.2509685722901887,0.4638195037841797,0.6333656907081604,0.6192736029624939,0.47668689489364624,0.45320403779951696,0.37799891878201564
0,0.2909460983865627,0.33048301935195923,0.25519204645783317,0.1859049322248638,0.30851027369499207,0.3891754448413849,0.4268612563610077,0.4071580767631531,0.3939671600134215,0.3259107402204091
0,0.21489890167694578,0.12717826664447784,0.07071858776061513,0.15077065544511178,0.25167813897132874,0.2137604057788849,0.2300308793783188,0.16628916561603546,0.22337466746030193,0.17972738943455546
0,0.4264922515731719,0.4125487506389618,0.23267291492173753,0.5017229344277722,0.5173165798187256,0.37427327036857605,0.5619304776191711,0.5299513339996338,0.5079226074424088,0.44789367905065275
0,0.6285347346702733,0.7331269979476929,0.3752837290051331,0.7264598194104668,0.7737364768981934,0.6466154456138611,0.7317734956741333,0.6705628633499146,0.7173665734126035,0.6638048263717193
0,0.34825340428621837,0.1986599713563919,0.037238518229737595,0.2247673623613583,0.547397255897522,0.44426169991493225,0.5363794565200806,0.5822706818580627,0.46923174143531093,0.37067015622869226
0,0.1402916121083656,0.10543227940797806,0.011741885500227497,0.12049370819356632,0.2687758505344391,0.15711739659309387,0.27449092268943787,0.24111990630626678,0.24345541746441224,0.16782246589837208
0,0.18157010657202502,0.1868823766708374,0.11059222785345682,0.22943684482803423,0.19538220763206482,0.13355140388011932,0.16014397144317627,0.1256444901227951,0.19907215999966085,0.16573840904342557
1,0.9511415514155297,0.9861893057823181,0.9905953557423479,0.969158077903541,0.9529690146446228,0.9458975195884705,0.9233140349388123,0.9125123023986816,0.8840483675007457,0.9532366805789888
0,0.5008185133105082,0.6575221419334412,0.7986357184415566,0.48584248381131945,0.5746871829032898,0.5990213751792908,0.5350772738456726,0.6106756925582886,0.6486128001255399,0.5932202666238169
0,0.2921169989204761,0.17183111608028412,0.008588471321912063,0.1567963377083989,0.568977952003479,0.5004308819770813,0.5600051879882812,0.522881805896759,0.46680665375920677,0.35338853796783154
0,0.08123164633376327,0.06980342417955399,0.02541962187104017,0.0931187654574824,0.11023233830928802,0.1016998216509819,0.12016952782869339,0.11699067801237106,0.16252611028035574,0.09066240906860273
0,0.3015553884148802,0.1587413251399994,0.03167156276195108,0.25355962935202536,0.5511042475700378,0.45109063386917114,0.4368572533130646,0.48236098885536194,0.4007059011443527,0.33777839946478205
0,0.08035536581786555,0.03784511238336563,0.014165871341744326,0.05219979326151529,0.16978353261947632,0.09598075598478317,0.13022281229496002,0.07761219888925552,0.16498238262260997,0.08352233763247786
0,0.176081516110877,0.11842142045497894,0.05097000993243244,0.1471834640987493,0.336259126663208,0.11601350456476212,0.10127424448728561,0.13381782174110413,0.19810805344254576,0.14911962379690877
0,0.19637613680029414,0.039180535823106766,0.034164075480372764,0.03903908529241961,0.3852652907371521,0.010121115483343601,0.6165628433227539,0.07149200141429901,0.3356428386388435,0.17969263640361513
0,0.17682855887720417,0.11842142045497894,0.05097000993243244,0.1471834640987493,0.33593931794166565,0.1158476248383522,0.10118630528450012,0.13357552886009216,0.19800231469978768,0.14911230505462233
0,0.5845161935778246,0.47479763627052307,0.40302709293428957,0.6320567347827817,0.6419093608856201,0.6910139322280884,0.574621319770813,0.47119736671447754,0.5516176800609417,0.559535049024465
0,0.5497785843125099,0.5613480806350708,0.8478457061555088,0.5518519948392046,0.5569255352020264,0.37187495827674866,0.5514477491378784,0.47691968083381653,0.602792583579257,0.5565606571063046
1,0.3051609526283873,0.23385602235794067,0.24978154487470872,0.26459980387434284,0.3993057906627655,0.37679022550582886,0.21603158116340637,0.23731154203414917,0.28459440546672465,0.28518786869606616
0,0.17393282856038614,0.07684683799743652,0.1033700573281396,0.11636030496505458,0.16481700539588928,0.15786147117614746,0.1640329509973526,0.18011592328548431,0.19256645152538396,0.14308164339605528
0,0.5281366240219517,0.3760335445404053,0.18627690585386314,0.5340747578376721,0.5582308173179626,0.5489385724067688,0.5837172269821167,0.5087110996246338,0.5037702888958582,0.4812026831171514
0,0.4644511404445275,0.6947423815727234,0.676264197065533,0.6351638534112733,0.5397518277168274,0.35815557837486267,0.4996107220649719,0.5458551049232483,0.5979392965924749,0.5506140135463068
0,0.5129012985192433,0.4369804859161377,0.13551927766458688,0.399702539374778,0.5838781595230103,0.3541244566440582,0.5562037825584412,0.5158650279045105,0.5212371638092037,0.44217644428125596
0,0.5649036525340229,0.49463769793510437,0.4374336116353667,0.5346556264892678,0.5584490299224854,0.5789192318916321,0.6622751951217651,0.5974017977714539,0.6072597438998341,0.5554299257558517
0,0.552063953662323,0.6005364060401917,0.3442645217362326,0.4202418408828307,0.5664860606193542,0.4867291748523712,0.6918085217475891,0.5989392399787903,0.641426986977657,0.5364911405188457
0,0.5623919456616719,0.4548375904560089,0.31124551690615804,0.45224693554796525,0.6294183135032654,0.609328031539917,0.48508086800575256,0.45830702781677246,0.5130392013040076,0.497141770090466
0,0.4283966679671054,0.31651872396469116,0.14098463927668387,0.3521869410321339,0.5506597757339478,0.4285714328289032,0.5613220930099487,0.5056419372558594,0.4904226725834057,0.4150238902979479
1,0.4401637759401498,0.5076637864112854,0.3091867407961147,0.4597798302956164,0.5065661668777466,0.4774576425552368,0.4950745105743408,0.5587090849876404,0.5209186076598644,0.47133502451285725
0,0.5176319281674208,0.24093304574489594,0.08114365408331668,0.5510395756197917,0.6122718453407288,0.5861088633537292,0.3747607171535492,0.4880439043045044,0.3917280548222527,0.43424480589021797
0,0.5310099066046683,0.2542535960674286,0.634956910438044,0.3312159019229086,0.8854516744613647,0.005043758079409599,0.8489291667938232,0.3163283169269562,0.6758266809000568,0.4810347384618863
0,0.394446072635599,0.407251238822937,0.4213517814842928,0.48453110478400524,0.5131948590278625,0.469137579202652,0.40209880471229553,0.30565741658210754,0.42209731117086136,0.4237281082646809
0,0.13460445081101727,0.19033758342266083,0.04925608729314123,0.11801546146933377,0.17855264246463776,0.12745139002799988,0.12118051946163177,0.13492871820926666,0.1908120683920757,0.13276695079692571
0,0.41641276302248037,0.5324596762657166,0.12832997113056946,0.5009701912429382,0.4427480697631836,0.46696916222572327,0.5622401833534241,0.4901701509952545,0.49620208806500826,0.44566133160286137
0,0.5072496436170656,0.6221365332603455,0.6215948739788413,0.4631551533250276,0.5173741579055786,0.5040514469146729,0.5719764232635498,0.49238523840904236,0.5989254364064586,0.5370302486112576
0,0.5337882640274385,0.2924081087112427,0.08334360156661792,0.24352555824448768,0.6183736324310303,0.5424554944038391,0.5968891978263855,0.599837601184845,0.536703221175028,0.4450914744334698
0,0.08927171201829508,0.06552397459745407,0.004950590414078779,0.1367366275842467,0.16427084803581238,0.18125194311141968,0.17527441680431366,0.18651971220970154,0.18628843087005956,0.1267373699924184
0,0.09889149335317055,0.15468759834766388,0.04157331906554153,0.1517094656701905,0.16365540027618408,0.1714652180671692,0.17067521810531616,0.18165579438209534,0.19902206957206664,0.14270794968088282
0,0.1679247457032584,0.14113955199718475,0.05316186427217681,0.21455951945614907,0.29839885234832764,0.2771473526954651,0.31692060828208923,0.3724062740802765,0.2871230216572833,0.2327482453141934
0,0.30326432630995565,0.3618275225162506,0.2485583604316448,0.49210152047381234,0.530422031879425,0.3796899914741516,0.415081262588501,0.48827844858169556,0.4395960628100824,0.4040485066548577
0,0.285545335782052,0.06345600634813309,0.03497724352365347,0.08711226353750658,0.47903215885162354,0.3441087305545807,0.6353473663330078,0.5225965976715088,0.45772489850588033,0.3131917292713622
1,0.4387808295625629,0.5730351209640503,0.5293725307366133,0.4965359911149852,0.5605780482292175,0.5910130739212036,0.4220350384712219,0.4418031871318817,0.5191675885633865,0.5051473361236576
0,0.42501980459541466,0.25176626443862915,0.05125598553308913,0.13121020726897814,0.5598235726356506,0.7881113886833191,0.4191909432411194,0.5097247958183289,0.4340738475857883,0.3955328945197042
0,0.5388331960505323,0.5744341611862183,0.26945507635125054,0.5672002762530435,0.5781636834144592,0.4991738796234131,0.5778536796569824,0.6487308740615845,0.5883567924164105,0.53510944630398
0,0.6758020470530447,0.5192334055900574,0.6904454702467606,0.6510236908182707,0.7507628798484802,0.7508643865585327,0.7196040153503418,0.7515231370925903,0.719217283582086,0.6891426035252379
1,0.49781799392840165,0.43361696600914,0.27983831619305866,0.5575490990062143,0.6745525598526001,0.6350773572921753,0.6733790636062622,0.6561699509620667,0.6173485455396014,0.5543362039473926
0,0.263515200774422,0.01738080196082592,0.04374430219477631,0.06482955151794612,0.5499666333198547,0.5602124929428101,0.6944184303283691,0.6084423661231995,0.5075587618946512,0.35672655513911466
0,0.07453537982273307,0.027595939114689827,0.0025900902675080116,0.05251220997275133,0.165938600897789,0.08957148343324661,0.12237484753131866,0.07326524704694748,0.16035638015226722,0.07732964102539967
0,0.7549465334215489,0.8152310252189636,0.8612970380079181,0.8730148066969565,0.7340664863586426,0.8175366520881653,0.797845184803009,0.7085699439048767,0.7817619395393067,0.7933997957690317
0,0.26835519984156947,0.3428318202495575,0.11014358590888894,0.6875063485581878,0.4656089246273041,0.44261717796325684,0.48282819986343384,0.44842272996902466,0.40368573574684247,0.4073908110473498
0,0.6679702028853757,0.7802064418792725,0.910942006993503,0.7379416198425822,0.6791521310806274,0.7479175925254822,0.6941375136375427,0.6986170411109924,0.7504002967747141,0.7370434639637071
1,0.584029264480877,0.6776707768440247,0.7162179126358401,0.6659893220817987,0.5385894775390625,0.5744714140892029,0.5670017004013062,0.6154701113700867,0.6329861357149095,0.6158207640821007
0,0.6442971788042966,0.29416459798812866,0.14349638094813733,0.3972051680159678,0.6717244386672974,0.7214571237564087,0.7091277241706848,0.5765090584754944,0.5789722374224412,0.5249764134176694
0,0.5709269943364934,0.6559633016586304,0.6240978171185098,0.64881483305212,0.5628688335418701,0.6218217611312866,0.5960782170295715,0.5635359883308411,0.6244856390010189,0.6044668895890732
0,0.5060559911191447,0.33555856347084045,0.5524545476210859,0.3134685430963772,0.5190767049789429,0.5194936990737915,0.5735499858856201,0.4951016902923584,0.54098280945932,0.47761768683285694
0,0.3227214556727712,0.4057064950466156,0.6987118308685062,0.29693004703909015,0.28564706444740295,0.27233001589775085,0.17345589399337769,0.1558683216571808,0.30870882659801246,0.3217298446168753
0,0.5056898450953391,0.6002416014671326,0.4076418742497642,0.5496574810300549,0.5530592799186707,0.44418802857398987,0.5553671717643738,0.5177338719367981,0.5699983307052285,0.5182316286839598
0,0.24488495134084734,0.02004450559616089,0.1460755199346983,0.028378216568207444,0.4101330637931824,0.0009096976136788726,0.3281480669975281,0.10269554704427719,0.26481927761094665,0.163843197416039
0,0.07767214989340712,0.017972435802221298,0.001192455836292142,0.027255598981179734,0.21005654335021973,0.1895676851272583,0.17211689054965973,0.1228470653295517,0.182813608943853,0.10389260255489936
0,0.2691460546422429,0.281200110912323,0.22705207806248665,0.33583935387447145,0.4819660782814026,0.191810742020607,0.16451753675937653,0.1754676252603531,0.27647643376292197,0.2662213226625453
1,0.5476044818549076,0.4316040575504303,0.4195209668119075,0.7149293875743403,0.6359758377075195,0.6374776363372803,0.6680381894111633,0.6084591746330261,0.5988696533084074,0.584121429642121
0,0.34861925478284655,0.2613200545310974,0.1399895666233839,0.26122409082255493,0.49286213517189026,0.3747577369213104,0.6357824802398682,0.5287172794342041,0.5047278677412134,0.38555444982477416
0,0.13838381311686543,0.07283733040094376,0.07694072004995219,0.10774272602459586,0.18328146636486053,0.011134118773043156,0.14588159322738647,0.08702311664819717,0.177269025469092,0.10427806715580096
0,0.27465433948282286,0.10960760712623596,0.025550145193293013,0.1805379115631355,0.4360438585281372,0.24616046249866486,0.3901868760585785,0.3887537717819214,0.3350923666226066,0.2610838973295116
1,0.7534780297821464,0.7079562544822693,0.46759294391930495,0.7534104367536923,0.7310653328895569,0.8100671768188477,0.7975547909736633,0.7050442695617676,0.7360525278973088,0.7178680130293787
0,0.5337882640274385,0.2924081087112427,0.08058222903308976,0.24352555824448768,0.615405261516571,0.5363530516624451,0.5969139337539673,0.5990586876869202,0.5355135389455401,0.4435610092594927
1,0.45469596404931567,0.3357126712799072,0.23653073360810226,0.28592446367087193,0.44775742292404175,0.5165094137191772,0.46584072709083557,0.5384652614593506,0.45846649886311974,0.41296806415944604
0,0.31855973839911716,0.2269493192434311,0.04208225333106883,0.25784994279464585,0.27374011278152466,0.5652506947517395,0.1302112340927124,0.4095150828361511,0.2450175722426062,0.2785611410652361
0,0.2839558244518514,0.15890909731388092,0.05221886200641302,0.15923200505459087,0.5045446753501892,0.3275546729564667,0.19111685454845428,0.2849620580673218,0.28078025052955924,0.24808377924294112
0,0.25513425308768345,0.33708828687667847,0.7058583503083382,0.20804144925989895,0.16415157914161682,0.1640268862247467,0.1668000966310501,0.18015362322330475,0.2811207000620396,0.2682033032554295
0,0.3410931021575507,0.5507473945617676,0.5078609573689216,0.4490802221769686,0.29167717695236206,0.27442866563796997,0.25777560472488403,0.2338222712278366,0.35011945698818214,0.3605358846384606
0,0.5684200767936959,0.5488486289978027,0.5224903359685441,0.5678553415605646,0.5273698568344116,0.519538164138794,0.637819230556488,0.5692959427833557,0.6044010147023607,0.558601596063958
0,0.7805021539697496,0.7753942608833313,0.4967467430662014,0.8366003955580708,0.9028609991073608,0.8478572368621826,0.8608769774436951,0.803948163986206,0.8050322275851318,0.7910108878887495
0,0.513523034776836,0.33464574813842773,0.45126368340622264,0.593699440446162,0.5776879191398621,0.5907374620437622,0.668413519859314,0.6078612208366394,0.5778113645120212,0.5435487858133392
1,0.3014432791194772,0.2037077695131302,0.06506897749915837,0.1516817884660685,0.5249559879302979,0.456817090511322,0.6163123250007629,0.44005024433135986,0.47344741002844254,0.3502222191208805
0,0.2931255165161561,0.3078092336654663,0.13192153547331908,0.26984060587470676,0.40861430764198303,0.37271198630332947,0.4708893895149231,0.41119423508644104,0.40780273531201117,0.3363692370644831
1,0.6352577087013288,0.8380800485610962,0.5958073687760825,0.6457253608810805,0.6069793105125427,0.6624298095703125,0.5584667921066284,0.6200145483016968,0.6675138263280752,0.6448758834299884
0,0.5688146195403184,0.7764386534690857,0.9303166231879934,0.7221695482542024,0.676612377166748,0.6392968893051147,0.6728192567825317,0.6595309972763062,0.7401470336392333,0.7029354324602237
0,0.5978966291881785,0.5138387680053711,0.7035760827757426,0.5867757981660393,0.5836427211761475,0.6497865319252014,0.600388765335083,0.5722363591194153,0.6157175930425345,0.5996748642658807
0,0.5689100696047349,0.6244944334030151,0.4874619031333864,0.5997252308849762,0.6282828450202942,0.6130632162094116,0.4813092350959778,0.4567411243915558,0.5577065904378657,0.5570322286637094
0,0.11463272070413331,0.042580656707286835,0.013900002701209033,0.11111425191209649,0.2574915885925293,0.12642142176628113,0.16293373703956604,0.12505143880844116,0.1878819986702536,0.12100685176009565
0,0.14725611712559963,0.061749812215566635,0.014726705303947374,0.08686835112963677,0.3998924791812897,0.17877332866191864,0.15302473306655884,0.15940478444099426,0.21661618885919137,0.15261288298500003
0,0.13045029919849693,0.041629914194345474,0.00322307143549325,0.07745463303026034,0.3119412362575531,0.13913419842720032,0.25745490193367004,0.21968011558055878,0.23449518980083048,0.1508209350100476
1,0.9405983794241581,0.9797224402427673,0.9932997831539059,0.9597146852947462,0.8570436835289001,0.9812349677085876,0.8801097869873047,0.8674580454826355,0.8621905622297474,0.9305774609766904
1,0.1535382582832871,0.137461319565773,0.01958672945371492,0.14842536232062348,0.28918999433517456,0.26842331886291504,0.32723307609558105,0.37957489490509033,0.29050549871125453,0.2186078499204721
1,0.9020506603142725,0.915621280670166,0.8971111873249374,0.9455948757843394,0.8479838371276855,0.9770938754081726,0.8804921507835388,0.8867813944816589,0.8511475851467502,0.9055908094989793
0,0.6552762403036931,0.7259957790374756,0.281033791894786,0.5828500366755089,0.8945226669311523,0.9878060221672058,0.7996399998664856,0.8418282270431519,0.7847076063810752,0.7255551211017133
0,0.3913918622337777,0.3149036169052124,0.03911533943455537,0.2250744199024155,0.43273332715034485,0.568428099155426,0.5715117454528809,0.5616294145584106,0.4762418382486573,0.39295140829585506
0,0.6572129064499396,0.5568786859512329,0.37574644421380765,0.5627921759875237,0.7945604920387268,0.2155371606349945,0.7437957525253296,0.6904456615447998,0.7079242303329836,0.5812387204406023
0,0.4067254279495318,0.230805441737175,0.39086455347546845,0.08439062403006538,0.5131756663322449,0.5409863591194153,0.46660521626472473,0.5311320424079895,0.484898854754357,0.39783253966668897
0,0.7104064152421801,0.699709951877594,0.6635181163622506,0.7883493497680175,0.7665679454803467,0.894695520401001,0.7543108463287354,0.7347500920295715,0.7494246838004655,0.7511391606755596
1,0.2752818753344341,0.41464048624038696,0.5133003533230807,0.483858917161477,0.46596574783325195,0.1919332593679428,0.2641324996948242,0.18232697248458862,0.3505189574509878,0.3466217434347372
0,0.06006023076303996,0.018218668177723885,0.00037363558264775755,0.04996901573332791,0.31276705861091614,0.05452052876353264,0.04916856810450554,0.06340228021144867,0.16263383344924115,0.07766559504610371
0,0.5223662943481948,0.5764150023460388,0.5020598711247982,0.5830552707694885,0.5710605978965759,0.4863828420639038,0.5337985754013062,0.5438176989555359,0.5746829881825445,0.5403426976470074
0,0.24848787203210979,0.5112403631210327,0.4837690539820172,0.22192404130107296,0.3988499939441681,0.23300562798976898,0.4344741404056549,0.3450677990913391,0.4694319512588263,0.3598654361648407
0,0.24425030326946576,0.03313925862312317,0.004354612195240489,0.16100512936295983,0.4027155041694641,0.2880564332008362,0.4224909543991089,0.3592582643032074,0.316880353777801,0.2438503698321346
0,0.40501626332344487,0.24021919071674347,0.09488996916837152,0.19577153990375695,0.5599193572998047,0.4395182430744171,0.2358839064836502,0.39484748244285583,0.3438433202271984,0.3239143728439857
0,0.12128723272614883,0.10894974321126938,0.06531794597097221,0.13619500528263312,0.2816811203956604,0.30989256501197815,0.1785489320755005,0.13166169822216034,0.20806537237746192,0.16707357694172306
1,0.3848319450573062,0.291225790977478,0.18355856223196484,0.38799512057387436,0.41473937034606934,0.5166730284690857,0.40836408734321594,0.4055035412311554,0.3777175998953069,0.37547063362554034
0,0.4379570156730837,0.44167816638946533,0.44258672781697145,0.6248189311039369,0.4738435745239258,0.45223772525787354,0.4770817160606384,0.5115965008735657,0.48271858922120753,0.4824701941249848
1,0.6267863157916068,0.7275134921073914,0.6800772368279313,0.6817406227498288,0.5874506831169128,0.5732544660568237,0.684663712978363,0.6213575005531311,0.6887228985893677,0.6475649233448517
0,0.522139260716471,0.3388349711894989,0.08353221846033645,0.478070781230144,0.5511685609817505,0.4840082824230194,0.5903816819190979,0.587906539440155,0.5060555157712708,0.4595933800958484
0,0.6462095993200946,0.6651454567909241,0.5366663015241692,0.6982271409031907,0.7211846709251404,0.8454146981239319,0.6185615658760071,0.6109248995780945,0.6644206075653243,0.6673683085871891
0,0.4943936721298127,0.4964964985847473,0.41046544197816853,0.37313757077223,0.6140754222869873,0.14634326100349426,0.5406948924064636,0.4840667247772217,0.5646158253543336,0.448926210111701
0,0.3852143433740751,0.1410185545682907,0.3922703546284297,0.04094533604303927,0.47896629571914673,0.6828147172927856,0.43393510580062866,0.4361027479171753,0.42754872279574346,0.37465122027423037
0,0.5349716414272477,0.6257019639015198,0.9454261520688694,0.4379242352951996,0.5305582880973816,0.5273923277854919,0.4291355609893799,0.46788492798805237,0.5855778135102099,0.5583324819633708
0,0.39821261577495576,0.28535667061805725,0.15060913451483307,0.291229362517718,0.4180338382720947,0.27808088064193726,0.295183390378952,0.29479971528053284,0.3215655457118225,0.303792030615211
0,0.05775878014415461,0.009009339846670628,6.383729637132491e-05,0.01471571710292725,0.0733611062169075,0.0011207872303202748,0.058107879012823105,0.00342181115411222,0.12947539803307268,0.028018331164785675
0,0.21268206981828308,0.24607695639133453,0.05218979248142577,0.11320385270596948,0.4646228849887848,0.18000073730945587,0.2634243965148926,0.177359938621521,0.29575352410129496,0.21689328855265977
0,0.5740774734701395,0.6341651082038879,0.7509087187604677,0.6186907158115144,0.547826886177063,0.5847538709640503,0.5671062469482422,0.6172189712524414,0.6338809987042057,0.6100921935975536
0,0.594457244067522,0.6864986419677734,0.5618255539213186,0.6584434051119246,0.5825451612472534,0.5112726092338562,0.5781618356704712,0.6382156014442444,0.6367933021376003,0.6019690307515939
0,0.23178880526505816,0.21857154369354248,0.07694821751231029,0.07875241535549475,0.3912060856819153,0.320618599653244,0.3405589759349823,0.41048622131347656,0.348860791492785,0.2623162938472197
1,0.9264187188680951,0.9472209811210632,0.9511768361039596,0.9443701863036529,0.8539436459541321,0.979816198348999,0.8769132494926453,0.8626328706741333,0.8553911847908285,0.9163218763735803
0,0.1535382582832871,0.137461319565773,0.01958672945371492,0.14736833659374945,0.2893778085708618,0.2691672444343567,0.3271670937538147,0.3801107406616211,0.2906930001087535,0.21865464022919168
0,0.6326224465594368,0.6886070370674133,0.75905646633992,0.5050340693130748,0.5809606909751892,0.6971689462661743,0.6637998223304749,0.6629429459571838,0.7016227649209023,0.6479924026220109
0,0.4706807354875396,0.5453030467033386,0.2917080615974691,0.4889394891919745,0.6313619613647461,0.6567533612251282,0.6728847622871399,0.6076268553733826,0.6283424436341193,0.5485380277890904
0,0.5679411056364899,0.3057295083999634,0.14666911668157767,0.34600202094136806,0.5826786160469055,0.5648286938667297,0.6144952178001404,0.5801999568939209,0.5318563405351336,0.4686818528712195
0,0.15538361611326626,0.20689068734645844,0.04269778989413418,0.17710978394896346,0.2436373084783554,0.20813097059726715,0.19166749715805054,0.22493840754032135,0.23003896601442614,0.1828050430990668
0,0.548903555034839,0.5705385804176331,0.6831954363199232,0.5737103663158102,0.5586116313934326,0.5462563633918762,0.5850331783294678,0.509452760219574,0.6030225498564888,0.5707274122218278
0,0.3100866897425673,0.17772804200649261,0.015936699783978995,0.08711481350869416,0.11434398591518402,0.09725642949342728,0.35850954055786133,0.2550896406173706,0.2553840698359736,0.1810057268861177
1,0.24661572996259118,0.21805085241794586,0.05791828890420968,0.24902439827986408,0.4576430320739746,0.22463154792785645,0.31789276003837585,0.3160947561264038,0.32226474465928817,0.26436169061100456
0,0.4276374053139812,0.7111371755599976,0.80860610815011,0.7144422342835721,0.3602963984012604,0.6019245386123657,0.23295274376869202,0.2119004875421524,0.397881590633712,0.5005466928686376
0,0.5677551717256315,0.5648366212844849,0.4333647895358367,0.6147763812080173,0.5276803374290466,0.40484747290611267,0.4701434075832367,0.5308675169944763,0.5246500275912171,0.5152883119230418
0,0.1533873097230617,0.07255425304174423,0.01515425361141433,0.13886913600119824,0.3307986557483673,0.1699843406677246,0.228875070810318,0.3166937828063965,0.24773898820007728,0.18143206432089537
1,0.5720933326886612,0.37456098198890686,0.2155588465570543,0.44645948150449244,0.6763771772384644,0.6831576824188232,0.6934189796447754,0.6863155961036682,0.6196243299975379,0.5482319744028494
0,0.41282892575709357,0.5834164619445801,0.46289087258568423,0.671885692100842,0.502685546875,0.4963574707508087,0.5249033570289612,0.40069809556007385,0.5140361013644668,0.5057770442621885
0,0.173543983654187,0.15626181662082672,0.040592042368274475,0.1621526224089044,0.2988545596599579,0.23441001772880554,0.2577999532222748,0.2342551052570343,0.25143467667354824,0.19688839669917643
0,0.4404459988478777,0.3415157198905945,0.2935176653978451,0.27465454248159926,0.5361752510070801,0.5546799302101135,0.558643102645874,0.500120997428894,0.5149402966780594,0.44021291877452745
0,0.400058426935067,0.31878313422203064,0.12137390630968287,0.31706330345291456,0.5473389029502869,0.36644259095191956,0.5017048120498657,0.5493627190589905,0.47851311699245846,0.3951901523868334
1,0.29022038592171173,0.21662499010562897,0.06219710341473143,0.1614680283997135,0.5036029815673828,0.2677323520183563,0.6163182258605957,0.3396855592727661,0.4487652434276213,0.31286559120482965
1,0.07767266835835601,0.022962408140301704,0.011163774841377564,0.04993858450543596,0.16760170459747314,0.09143705666065216,0.12579762935638428,0.07439441233873367,0.16148155173123133,0.07887402737628138
0,0.2618638661457278,0.3940003514289856,0.4483542744341415,0.4684440433145109,0.2673362195491791,0.17321568727493286,0.2747342586517334,0.23818723857402802,0.31243060852665366,0.3136573899205486
0,0.28808690216339516,0.2794968783855438,0.12070258150659702,0.30647038021719814,0.4257095158100128,0.3320123851299286,0.4236636459827423,0.42399632930755615,0.387262460913174,0.3281371560930443
0,0.5605352097308515,0.5398769378662109,0.5257779128423683,0.546264596336143,0.5484827160835266,0.5841310024261475,0.5670338869094849,0.6175957322120667,0.5943020672171251,0.5617173532747992
0,0.28158269149170295,0.31139054894447327,0.35489053564133294,0.3894910471486808,0.2787748873233795,0.2948983609676361,0.31438079476356506,0.2228609174489975,0.3044359826758341,0.3046948816911317
0,0.2889410679887978,0.05717147886753082,0.0030163899566244086,0.07688753333050018,0.35512813925743103,0.27767542004585266,0.3907283544540405,0.37808558344841003,0.3109834751754041,0.2332768272783624
1,0.9115602595543713,0.910961389541626,0.9227495053885502,0.9502690709197131,0.7046195268630981,0.9095799326896667,0.9456791281700134,0.9353922605514526,0.8520206074739745,0.8980335598037028
0,0.2816770099597237,0.33768409490585327,0.16024823737955413,0.30595314886610164,0.4624672830104828,0.05728946626186371,0.6163640022277832,0.18853817880153656,0.43341552147159157,0.3056226827911007
0,0.5158180971495866,0.543668270111084,0.34334868478906927,0.5261297809897029,0.5854056477546692,0.5427645444869995,0.5572558641433716,0.584688663482666,0.5742452980728995,0.5270540934443722
0,0.05888003716379119,0.08298253268003464,0.004894368257116427,0.038796901539721707,0.3036714494228363,0.055002130568027496,0.04961325228214264,0.0588587149977684,0.16998770949545408,0.08313886771421951
0,0.2428876461943792,0.013136804103851318,0.056158206352962134,0.028890256714712077,0.5024392604827881,0.43860167264938354,0.6743533611297607,0.5395174026489258,0.47755800877062105,0.31841670346145545
0,0.23749556050184617,0.277895987033844,0.1273981663033026,0.29679465738519006,0.18284788727760315,0.1871543973684311,0.2576189339160919,0.2212250530719757,0.24787189523052836,0.22433558096684855
0,0.5851193382196577,0.5670961141586304,0.5837795911518169,0.5713439177691171,0.5838170647621155,0.7319299578666687,0.5784748792648315,0.6256718039512634,0.618257431517151,0.6028056403095845
0,0.6879326670726669,0.893258273601532,0.9024176273297237,0.8289679440809895,0.7173140645027161,0.833986222743988,0.7396210432052612,0.6951543092727661,0.7805527003537092,0.784411004581862
0,0.2822422878813622,0.28202202916145325,0.17975016936201582,0.2801987742062561,0.39105719327926636,0.16241714358329773,0.335578590631485,0.3156771659851074,0.33701932625854675,0.28111452972018935
0,0.32454908965943124,0.5567935109138489,0.559271060795178,0.4118093143145705,0.4396405816078186,0.32809558510780334,0.26222315430641174,0.3056144118309021,0.4101716082552171,0.39605923401499926
1,0.34516800041295054,0.31834176182746887,0.11910699758473373,0.14438220108649244,0.46217817068099976,0.4354920983314514,0.3035331666469574,0.296266108751297,0.34875237508777557,0.3054696884896221
0,0.21031405099517742,0.13634586334228516,0.011047988212887458,0.18416446332930553,0.3713081181049347,0.34302079677581787,0.1974259465932846,0.20233730971813202,0.2351104872429136,0.20866913367701276
0,0.6987737855973225,0.7590790390968323,0.9100180877107376,0.7946648253765196,0.7516487836837769,0.7218729257583618,0.7521246671676636,0.6357104182243347,0.7617886120089058,0.7507585391108893
0,0.3849136359797001,0.5779262781143188,0.6370801163795113,0.24885547826804783,0.2603389024734497,0.4515078663825989,0.3026500940322876,0.4311659634113312,0.4360382619193455,0.4091030864452845
0,0.48672276318295454,0.27656883001327515,0.1470246963503666,0.2749077597068005,0.5449072122573853,0.3547459542751312,0.5560837984085083,0.5642035007476807,0.4979449974982639,0.4063553329849428
0,0.6660710972250214,0.5922936201095581,0.8065326391173148,0.7314441365014447,0.5992298722267151,0.5667098164558411,0.6216368079185486,0.6006740927696228,0.6485820805818596,0.6462602773151727
0,0.20934082603089726,0.13212348520755768,0.049259825198405625,0.17349931076458666,0.3410971760749817,0.23802469670772552,0.3518947660923004,0.32894471287727356,0.2993327950792524,0.2313482791026889
0,0.48786868384024,0.3180285692214966,0.23720615386192057,0.43461983648629193,0.5938690900802612,0.5460330247879028,0.567793071269989,0.6019034385681152,0.5283721832205643,0.4769716772224045
1,0.08470006924653571,0.0238213911652565,0.0012208907350901672,0.04653692236215557,0.08351635187864304,0.0030849268659949303,0.08732815086841583,0.006062570959329605,0.1361585406707647,0.04302546146648388
0,0.17140165000771443,0.18280817568302155,0.05633458956258245,0.16288833586313622,0.23128120601177216,0.2096318155527115,0.22741352021694183,0.14029745757579803,0.22240717745088834,0.1739896995913341
1,0.7090422216830157,0.7503151893615723,0.8839295840905729,0.7400148732035572,0.7200342416763306,0.654408872127533,0.7475684881210327,0.6763855218887329,0.7612071042546197,0.7339392793855567
1,0.8856644148689622,0.990918755531311,0.987251252050498,0.9787107565252131,0.9512423872947693,0.8979028463363647,0.9022238254547119,0.9039493799209595,0.8799626712574107,0.9362960423160996
1,0.49168261038398176,0.45984962582588196,0.2468405024254608,0.5131803584799697,0.5355718731880188,0.3795892298221588,0.5514523983001709,0.5646564364433289,0.5271339142365233,0.47140859617935194
1,0.10646402191698195,0.11598477512598038,0.01430036306066102,0.14878823848780892,0.2657945156097412,0.11416380107402802,0.16678392887115479,0.11686916649341583,0.19738539915719855,0.13275533226627764
0,0.4418419379029527,0.7332928776741028,0.864555914131018,0.7827532699620416,0.46643713116645813,0.2785317599773407,0.3052331507205963,0.12765830755233765,0.4373231781032889,0.49348302495928825
0,0.5274339021828669,0.5629197955131531,0.7929109513354075,0.5987725558947313,0.5336593389511108,0.3856066167354584,0.5510362386703491,0.5648530125617981,0.6058861653902784,0.5631352147538797
0,0.06772240421753589,0.012253533117473125,0.00033053321564881926,0.02575530864975963,0.12912769615650177,0.06624375283718109,0.07085328549146652,0.03748147189617157,0.14131320106379952,0.05213597342388776
0,0.17252385636577824,0.1369934231042862,0.11196891726490871,0.15445215770165013,0.2726094722747803,0.1364399492740631,0.23524148762226105,0.21036295592784882,0.24032983662439972,0.1805884552032458
0,0.4957607773477446,0.7248323559761047,0.8338974295901356,0.7111488352282499,0.3478282690048218,0.3020292818546295,0.4561331570148468,0.32579073309898376,0.5076901129832685,0.5201454186562761
0,0.7505426105272299,0.6629571914672852,0.5484421638164575,0.6759213993012572,0.6469678282737732,0.7885995507240295,0.8365657925605774,0.6829915642738342,0.7324563888695673,0.7007321780141945
0,0.1203655172234531,0.15526452660560608,0.04210237249598595,0.134996919837434,0.36336448788642883,0.15844815969467163,0.1578822135925293,0.11997869610786438,0.22003043622705099,0.1581636530266702
0,0.055782828827804797,0.011971008963882923,0.0014382636140108304,0.02630217792792073,0.09948506206274033,0.067677341401577,0.08096019178628922,0.08658557385206223,0.14491748644407654,0.054791900238205855
0,0.3302121631942554,0.19123822450637817,0.14030544366971603,0.18977712465878854,0.2814321517944336,0.4182370901107788,0.21089723706245422,0.3965839445590973,0.27470565559198185,0.2711237059769909
0,0.18225320762936878,0.07684451341629028,0.017894504444428687,0.11607157834898356,0.4006924331188202,0.25202611088752747,0.24804992973804474,0.22313961386680603,0.25270755658845306,0.19244038962138194
0,0.7470859450536994,0.7570895552635193,0.583082186182023,0.8037105727076225,0.9126416444778442,0.9820026159286499,0.8642080426216125,0.8575530648231506,0.8197324148395052,0.8151411944469855
0,0.1521507794337286,0.05802779644727707,0.05470531603417923,0.07177395016957469,0.2589036524295807,0.1320929080247879,0.16010405123233795,0.12358864396810532,0.19439919023796481,0.12810200448246098
0,0.176081516110877,0.11842142045497894,0.05097000993243244,0.1471834640987493,0.33636513352394104,0.1160709485411644,0.10130472481250763,0.13389937579631805,0.19814277398928543,0.14915474327093686
0,0.4774674978014871,0.40609118342399597,0.5227816085093995,0.5237940505105925,0.41583001613616943,0.654644250869751,0.39617082476615906,0.3442680835723877,0.412615579804649,0.46465559814829016
0,0.10795343498110994,0.04120606929063797,0.008162353018194885,0.09379675728082303,0.2602813243865967,0.12462595850229263,0.16374972462654114,0.12677974998950958,0.18903806330799683,0.1176954088557747
1,0.4906186581245497,0.28734156489372253,0.8164556591574236,0.2314152426274404,0.4845598042011261,0.6661649346351624,0.4338779151439667,0.4370696246623993,0.4955162666804336,0.4776760953490168
0,0.672602485278578,0.8941210508346558,0.8894317199081369,0.8564315638666519,0.6548798680305481,0.7984639406204224,0.5723167657852173,0.5811076760292053,0.6998181946653026,0.735380529412338
0,0.5270008294668751,0.22688980400562286,0.06741570364219714,0.17920416535749642,0.5118414759635925,0.0011218148283660412,0.4916103482246399,0.19895724952220917,0.37695137877973006,0.2822430642987201
0,0.3176716400597684,0.060281407088041306,0.06068478874813374,0.03344562389932238,0.4195486307144165,0.5080246925354004,0.6194992661476135,0.4461459815502167,0.42766367464763877,0.31335698108604004
0,0.1038179360968653,0.02825917676091194,0.0020107818237319916,0.04435435057581275,0.4552670121192932,0.09899652749300003,0.12845227122306824,0.12490799278020859,0.2110147363765814,0.12614810589082232
0,0.22451379222472917,0.3187084496021271,0.03572980652438185,0.19845470006941074,0.2709651589393616,0.191792830824852,0.23193307220935822,0.17554688453674316,0.2544941693225703,0.20790832010607802
0,0.5078500176300654,0.4189808666706085,0.1834885358699667,0.30121603921603773,0.5870136022567749,0.5225504040718079,0.6814795136451721,0.6061801910400391,0.5967209104140845,0.48157444860020976
0,0.12623063293425565,0.04913436621427536,0.0026183080042833113,0.10382550979132499,0.2675327658653259,0.13267254829406738,0.27336081862449646,0.24346669018268585,0.23430247893961886,0.1529774650238331
0,0.24661572996259118,0.21805085241794586,0.05791828890420968,0.24902439827986408,0.4576430320739746,0.22463154792785645,0.31789276003837585,0.3160947561264038,0.32226474465928817,0.26436169061100456
1,0.3986967507765987,0.34766992926597595,0.07382899485841804,0.23869197060635483,0.6020583510398865,0.4647650718688965,0.5794108510017395,0.5049700736999512,0.5184141829807405,0.4068318814771934
0,0.3754419975600632,0.19927632808685303,0.04607755145151335,0.23388012249788342,0.3603924810886383,0.41230759024620056,0.36241984367370605,0.3551907241344452,0.3188292350907377,0.2962232276426586
0,0.1590008246166132,0.2306971549987793,0.016321657099609845,0.07022268980482424,0.22151824831962585,0.08357749879360199,0.15359964966773987,0.2565801739692688,0.22943477117452368,0.1517409424151998
0,0.17219083058890094,0.20121587812900543,0.0460384114253264,0.21135574737711202,0.4482709765434265,0.3285667300224304,0.2596738636493683,0.3135518431663513,0.2997687574734342,0.24996986186528444
0,0.5750729436409174,0.7003855109214783,0.8216621218426023,0.635728201643303,0.5202486515045166,0.7246837019920349,0.416990727186203,0.5311477780342102,0.5772516191985207,0.6111383360085716
0,0.2680420443940466,0.07693991810083389,0.024706109592878236,0.08326941661416386,0.4334529936313629,0.44546809792518616,0.5769252181053162,0.4481908977031708,0.41171034130757195,0.2998715873323978
0,0.16923352548184345,0.10413777083158493,0.016349209750881246,0.10978781316596123,0.4358113408088684,0.3555692732334137,0.3432971239089966,0.2687036395072937,0.30083688650815443,0.22846884283229707
0,0.3420388068867312,0.436343252658844,0.30243845822018606,0.38301631166080585,0.46680110692977905,0.20278482139110565,0.26508828997612,0.18698295950889587,0.34125044421453343,0.3234634099437024
0,0.15555543527863777,0.09022779017686844,0.017865286193737142,0.18259267305343022,0.2361670732498169,0.14773009717464447,0.1521303504705429,0.11839930713176727,0.18443243405177387,0.13884314696619604
0,0.443305397921685,0.35741400718688965,0.07250498043045348,0.42827384269668,0.5845552682876587,0.6009913086891174,0.5328899621963501,0.5254350900650024,0.48660323613947737,0.4470822353278223
0,0.10415394761198409,0.1328173130750656,0.010162105592549618,0.09798248114890545,0.16223309934139252,0.11805116385221481,0.11003672331571579,0.1488037109375,0.17821178468197033,0.11179832196128645
0,0.4416301988318103,0.35741400718688965,0.07250498043045348,0.42996162889467426,0.5846039056777954,0.60041743516922,0.5331059694290161,0.5255281329154968,0.4865798275519142,0.4470465874376475
1,0.7265059104841757,0.7949031591415405,0.9330566342319271,0.699742890306449,0.5708994269371033,0.7326825261116028,0.7052664756774902,0.6285260915756226,0.7285624451313416,0.7209773248482022
1,0.5555116525936912,0.5459938645362854,0.6560225602086754,0.6063756890846002,0.5437569618225098,0.3857373893260956,0.5610373020172119,0.5734133124351501,0.5934682384406151,0.553397932339138
0,0.21259772566257318,0.06892382353544235,0.009852245899512441,0.06029374560028597,0.1750471144914627,0.2504305839538574,0.27426689863204956,0.26872116327285767,0.22853066515912165,0.16774274301980036
0,0.1887430798919681,0.08065322786569595,0.0219595661498576,0.17698468743538823,0.183105930685997,0.18050609529018402,0.25961485505104065,0.22041410207748413,0.21494393951726673,0.16608365885953666
1,0.5583192230023195,0.6275995969772339,0.5994032143820892,0.4065664844274344,0.6082714796066284,0.6222914457321167,0.6307283043861389,0.7063871026039124,0.6845291039479031,0.5962572183196033
0,0.23125559668374354,0.0926370844244957,0.022890136341066986,0.1346657320309556,0.20690955221652985,0.15499353408813477,0.17826513946056366,0.2056117206811905,0.2009004552851333,0.1555922065984729
0,0.11878392975685592,0.06604062765836716,0.016301696594690458,0.11735375982747563,0.07943697273731232,0.0032418316695839167,0.08658914268016815,0.006112659815698862,0.1380024186722051,0.0623970879465831
0,0.32808088503243915,0.14358903467655182,0.020641956198543386,0.08515510416047577,0.6191416382789612,0.374883234500885,0.5027188062667847,0.43768784403800964,0.4405957741606839,0.32024272748770677
0,0.7349769218419534,0.8697779178619385,0.8981669969346293,0.7974091550300801,0.7008711695671082,0.7230449318885803,0.7211618423461914,0.6500739455223083,0.7637944457630027,0.7596458228546232
0,0.21438952629364244,0.1558372527360916,0.043494364424641316,0.1971705073674677,0.3321664333343506,0.17156583070755005,0.22910720109939575,0.31363940238952637,0.26046363604977985,0.21005324606708264
0,0.0895001285031362,0.026018455624580383,0.0008907476698336596,0.025562025269810742,0.09169676154851913,0.00087209657067433,0.1013294905424118,0.02386600151658058,0.14254025704873444,0.046290732184433275
0,0.26200226160948,0.38444843888282776,0.11321900570335805,0.2313795570208573,0.507980227470398,0.30765944719314575,0.362298846244812,0.35497957468032837,0.3985598610377186,0.3187113506636218
0,0.7321382163631472,0.7669985294342041,0.8343050730230015,0.6854396315688455,0.7249821424484253,0.848591685295105,0.6197614669799805,0.6117362976074219,0.7163598288605959,0.7254114386658401
0,0.608485762275136,0.6030956506729126,0.6251232037390742,0.7036656280606232,0.6764880418777466,0.7751444578170776,0.617155134677887,0.807384729385376,0.6886408669275637,0.6768521416535345
0,0.3514210949360511,0.3281599283218384,0.12716526653965346,0.3853024286006982,0.4573482275009155,0.4710583984851837,0.5570329427719116,0.4908093512058258,0.4615518959948666,0.39942439095275206
0,0.2680420443940466,0.07693991810083389,0.024706109592878236,0.08326941661416386,0.4334529936313629,0.44546809792518616,0.5769252181053162,0.4481908977031708,0.41171034130757195,0.2998715873323978
0,0.15868324647339704,0.037473782896995544,0.02703256804193029,0.07677897929626316,0.3111570179462433,0.09312230348587036,0.07380713522434235,0.06960951536893845,0.17084125048678842,0.10758907862146806
1,0.481068997539211,0.45514675974845886,0.3535760037482071,0.5167784410894599,0.5187955498695374,0.47063112258911133,0.5698784589767456,0.48982277512550354,0.5248058653324625,0.48366139771113253
0,0.30324188917622197,0.15680530667304993,0.061642123776359276,0.19783084703397147,0.48554226756095886,0.35579755902290344,0.6355572938919067,0.5256336331367493,0.47478159017005606,0.34623838985761607
0,0.10146483007738757,0.09664586931467056,0.016949311718798744,0.10824683900196243,0.1309414654970169,0.0884367898106575,0.11264576762914658,0.07750993221998215,0.1610931015154533,0.09245415635688976
0,0.26301095178967343,0.41464048624038696,0.5133003533230807,0.483858917161477,0.4658653438091278,0.19141885638237,0.26418012380599976,0.18221674859523773,0.35055024316066546,0.34495030025389767
0,0.34223718537274905,0.3328317105770111,0.14972151657391616,0.4131090674539821,0.5194493532180786,0.47170180082321167,0.44258609414100647,0.4772479832172394,0.43289886349334855,0.3961909347673911
0,0.10343488672260197,0.014732026495039463,0.0007393760958900762,0.02941528067993432,0.2774224281311035,0.19508296251296997,0.22581014037132263,0.19581298530101776,0.21528432008687814,0.1328762715678474
1,0.4869341041264233,0.17825791239738464,0.04582013333613619,0.19081621154055753,0.5912772417068481,0.5309861302375793,0.6813150644302368,0.6056745648384094,0.5370304518960468,0.42095432456527215
0,0.14555407224963537,0.06525984406471252,0.012967637384718157,0.11671345900368485,0.2997223734855652,0.13546626269817352,0.2350340485572815,0.2106710970401764,0.22728974792393783,0.1554779125698427
0,0.1207654683623607,0.04175906255841255,0.0796530970141368,0.09496318821724178,0.2607998847961426,0.12673385441303253,0.1621730774641037,0.12396757304668427,0.19361102833277563,0.12762029449013454
0,0.07498449316120646,0.0223065372556448,0.0021058068660390335,0.029255841250020443,0.16594335436820984,0.08900721371173859,0.12242542952299118,0.0729605108499527,0.1607295374328333,0.07377067671806992
0,0.3130845483587592,0.46581774950027466,0.03404008841436164,0.27265292522286527,0.569090723991394,0.5035075545310974,0.560042142868042,0.5237009525299072,0.5269806708727081,0.41025092453505474
0,0.49418042098713044,0.43645384907722473,0.14891959769162771,0.5031918442982589,0.6032050848007202,0.5686842799186707,0.6803999543190002,0.6066808104515076,0.58324596891073,0.5098078563782521
0,0.16497183762208004,0.12731963396072388,0.032075185177691895,0.14827909056656682,0.2872088551521301,0.2731931507587433,0.3347412347793579,0.3815229535102844,0.2920293097771424,0.22180063057573673
0,0.34821585852400505,0.2847725749015808,0.2399500311642717,0.27317582308138955,0.3456093668937683,0.1489866077899933,0.391167014837265,0.26929301023483276,0.34384164933175726,0.28990557116178073
0,0.16720514147079515,0.11715851724147797,0.018870314683589177,0.050911284089352485,0.23711787164211273,0.2606760859489441,0.25883588194847107,0.27606087923049927,0.2459050105019192,0.17599157646144137
0,0.13948817604842312,0.10410596430301666,0.018455398053991576,0.13112462910878567,0.48245692253112793,0.19771406054496765,0.1628781110048294,0.16970208287239075,0.2392645187891828,0.17820946745458588
1,0.25679270755430517,0.08606331795454025,0.1188482538204833,0.08613354198689267,0.48207488656044006,0.13003399968147278,0.21358411014080048,0.22344666719436646,0.2708966514208415,0.20286982434518602
0,0.21137892360143948,0.10675865411758423,0.01781751211101433,0.10833419847024957,0.28257933259010315,0.27180567383766174,0.25001129508018494,0.2197842001914978,0.23694973777929473,0.18593733871834264
0,0.6234291284975293,0.7262736558914185,0.830626484726632,0.7078674729635648,0.6757926940917969,0.6371657252311707,0.6751549243927002,0.6650906801223755,0.7240835081346971,0.6910958434535941
0,0.34861925478284655,0.2613200545310974,0.1399895666233839,0.26122409082255493,0.49286213517189026,0.37475770711898804,0.6357824802398682,0.5287172794342041,0.5047278678000435,0.3855544462685254
0,0.515514920399337,0.4888710081577301,0.346831615381724,0.4265950916205903,0.6130779981613159,0.6524168848991394,0.6419159770011902,0.552054762840271,0.6006847339583715,0.5320496670898633
0,0.5963370725027844,0.6231304407119751,0.7118024099287958,0.6272445354431804,0.5406320691108704,0.7799184918403625,0.6196576356887817,0.587495744228363,0.6365438279285685,0.6334333121718981
0,0.12443386532202448,0.07528743892908096,0.03312663452032953,0.12524676029544257,0.16182833909988403,0.1704958975315094,0.12098988145589828,0.14087551832199097,0.17201879071485918,0.11978944281545748
0,0.6037386239811088,0.6886656880378723,0.5825709987435828,0.6826925284374865,0.5876224637031555,0.5929192304611206,0.6163287162780762,0.5772489905357361,0.6393567420948726,0.6162277200012751
0,0.20934082603089726,0.1568589061498642,0.052393546142473504,0.18593284307458818,0.3429949879646301,0.2391945719718933,0.35242003202438354,0.32904431223869324,0.3040695626814759,0.23676745970521573
0,0.15868324647339704,0.037473782896995544,0.02703256804193029,0.07677897929626316,0.3109721839427948,0.0928635448217392,0.07377957552671432,0.06955527514219284,0.17080368957515943,0.1075236872795551
1,0.5684200767936959,0.5488486289978027,0.5224903359685441,0.5678553415605646,0.5273698568344116,0.519538164138794,0.637819230556488,0.5692959427833557,0.6044010147023607,0.558601596063958
0,0.087318975790037,0.0330825075507164,0.0058723855884552645,0.0689831491438062,0.16978560388088226,0.09651591628789902,0.13081754744052887,0.07788929343223572,0.1631847159825444,0.08506321664911062
0,0.5363389913349976,0.20534208416938782,0.46293351841942115,0.3075618110046565,0.5617110729217529,0.5411180257797241,0.5847920179367065,0.520838737487793,0.5210996351460109,0.46704431027903986
1,0.9356998186941058,0.9632754325866699,0.9853770923022992,0.9491087785313406,0.8491448760032654,0.9786227941513062,0.8767189979553223,0.8571197390556335,0.8577716157331695,0.9225719466410227
1,0.4338452395978837,0.24768294394016266,0.05596408011646138,0.34530553590247665,0.5404725670814514,0.37974387407302856,0.416614294052124,0.49881893396377563,0.40863879160393873,0.3695064407187197
0,0.1996931881042909,0.09054290503263474,0.47676295550248304,0.1815319672602745,0.2169850617647171,0.1674761027097702,0.13863225281238556,0.12687216699123383,0.2141920661650182,0.19702416040470205
0,0.3021717586865477,0.09986737370491028,0.23128566119929558,0.20348477144235208,0.5015980005264282,0.29210054874420166,0.37896087765693665,0.30697354674339294,0.34762846416451243,0.29195938778662905
1,0.7026735299764256,0.7691707015037537,0.8487005500168501,0.8201821699365676,0.6605951189994812,0.5740439891815186,0.6191026568412781,0.6204057335853577,0.6975869218066906,0.6997273045044161
1,0.4719958119470437,0.4512975215911865,0.3209054055735775,0.5096104429845274,0.4747045338153839,0.46841123700141907,0.5094254612922668,0.5816986560821533,0.5076319329987663,0.4754384225229429
0,0.5126419200200792,0.22524571418762207,0.09326593873158676,0.25524107015465447,0.562826931476593,0.3743685483932495,0.5573717951774597,0.4735155403614044,0.4664676406687102,0.3877193077662716
1,0.21374352725570042,0.051796700805425644,0.11206532798660439,0.036068315473542396,0.53421550989151,0.2663225531578064,0.4287388026714325,0.40895795822143555,0.38320038785508576,0.26137137508249053
0,0.3195372196903204,0.17309366166591644,0.04553945200573704,0.11898804993051444,0.5210192799568176,0.35999366641044617,0.11835623532533646,0.2840611934661865,0.2668288866614545,0.24523113542073222
0,0.4790682993411052,0.22912897169589996,0.04425571743623428,0.08753405719434426,0.6071200370788574,0.754531741142273,0.7089619636535645,0.6430349349975586,0.5786047066520493,0.4508613739272853
0,0.4419154220700803,0.5560370087623596,0.3091867407961147,0.4597798302956164,0.5074445605278015,0.47473976016044617,0.495039701461792,0.5584725737571716,0.5320727375782729,0.4773622312798326
0,0.18766427101037728,0.11410284042358398,0.015616711811336049,0.11566879494642224,0.30408066511154175,0.30772900581359863,0.3285078704357147,0.22955268621444702,0.26497303120984855,0.20298602277174532
0,0.508742341899692,0.6295239329338074,0.8702804241658705,0.47170881230948314,0.6215375661849976,0.6486965417861938,0.67368483543396,0.581540584564209,0.7008902581798709,0.6236478180681526
0,0.5780059933517131,0.644241452217102,0.7646218154726546,0.6213831630032968,0.6140086054801941,0.6224698424339294,0.6791698932647705,0.6106535792350769,0.6874133967804177,0.6405935714265778
1,0.5300711574907306,0.5919337272644043,0.505808232589483,0.2475551014468634,0.6066611409187317,0.6457953453063965,0.6688910126686096,0.5927146673202515,0.6701416424319218,0.550922941750096
0,0.25089611634572984,0.1397026777267456,0.11877799762413192,0.0951707312344848,0.6473246812820435,0.5180847644805908,0.6488240957260132,0.7113097906112671,0.570535751243567,0.3977211705431024
0,0.6342958137216176,0.7991445660591125,0.8537470040167575,0.7812630181393365,0.5101065039634705,0.6723830103874207,0.5774590373039246,0.5273417830467224,0.6435908837627322,0.665293562002415
0,0.4441722528417042,0.21860431134700775,0.45180113022364277,0.09994489926887938,0.4598115086555481,0.3470573127269745,0.5569060444831848,0.23223140835762024,0.44391716770497,0.3530177361468403
0,0.5961362147618677,0.6842478513717651,0.7189173166696393,0.6495266818529362,0.623507559299469,0.5600046515464783,0.5957615375518799,0.6019572019577026,0.6617393487628086,0.6277788642155986
0,0.5516851942349232,0.6696774363517761,0.7743506530703976,0.499634058992635,0.4910951852798462,0.4639523923397064,0.6992385387420654,0.670272707939148,0.6947371803766332,0.6024144601184079
1,0.398954732963077,0.35795074701309204,0.5108083455545097,0.41817807420425646,0.502830982208252,0.4394032657146454,0.4749867022037506,0.47184672951698303,0.4873473884831988,0.4467775513549843
0,0.262770008333468,0.16524700820446014,0.27274318898581756,0.30970440815939126,0.4541601240634918,0.23569273948669434,0.31076154112815857,0.30894532799720764,0.32500110198835347,0.29113715841723103
0,0.27723615239579147,0.1554744988679886,0.6408257860563565,0.2843325542453766,0.29163211584091187,0.25634637475013733,0.17509189248085022,0.15413697063922882,0.2592163237279261,0.27517112356185686
0,0.5204898277618416,0.6582103371620178,0.5440977690608539,0.377559811786532,0.49526461958885193,0.543650209903717,0.42684125900268555,0.4625741243362427,0.5406951973826444,0.5030017965246469
0,0.32410365898775617,0.28878700733184814,0.2529804989817497,0.19657210626118526,0.36571699380874634,0.3281242847442627,0.2718711495399475,0.2763529121875763,0.31814802947470733,0.28890255706830675
0,0.3247338321190647,0.3859449028968811,0.35005269326051425,0.28837996684174644,0.36817502975463867,0.19873221218585968,0.30148521065711975,0.3465825617313385,0.3657482431940796,0.3213315182551174
0,0.07192901678718443,0.019554605707526207,0.0020876815648616935,0.035588694348011714,0.12766973674297333,0.07929510623216629,0.07147758454084396,0.03796309232711792,0.1417815937315149,0.05649457172009853
0,0.34175424711029195,0.2947236895561218,0.06753649634129584,0.3209458826781506,0.4896679222583771,0.6495616436004639,0.43383434414863586,0.4387139081954956,0.40396382277614146,0.38194533616152365
0,0.5494380358511587,0.14083123207092285,0.22175991209046478,0.2358738912549379,0.8733789324760437,0.649138331413269,0.8616374135017395,0.8452047109603882,0.7170442662673046,0.5554269999327615
0,0.3354767196556685,0.04799744859337807,0.00508003120338098,0.0961532597980504,0.4327665865421295,0.491826593875885,0.43553465604782104,0.3371399939060211,0.3304425795499084,0.27682099900663243
1,0.9085134781802441,0.9507390260696411,0.950873038727789,0.9397755502572009,0.9345794916152954,0.9590849876403809,0.9258679151535034,0.9726731181144714,0.8838474537651083,0.9424812444912003
0,0.24297684036684106,0.2685646712779999,0.013999976206172077,0.20229950358730345,0.2856641709804535,0.27153700590133667,0.17351670563220978,0.1558515429496765,0.22742943673952642,0.20320160064565124
0,0.46717245506341576,0.5975409746170044,0.13476595858302207,0.500231719211665,0.5805891156196594,0.49852579832077026,0.5197702646255493,0.5640347003936768,0.5451496584114844,0.4866528689141628
0,0.5330123743655074,0.6495476961135864,0.6081175375915983,0.556634778434616,0.5630488991737366,0.37162211537361145,0.5573055148124695,0.4720693528652191,0.5969188478650859,0.5390225833857367
0,0.087318975790037,0.0330825075507164,0.0058723855884552645,0.0689831491438062,0.16978640854358673,0.0965433195233345,0.13084910809993744,0.07790086418390274,0.16319256702500676,0.08507221188950576
0,0.5756659267070673,0.7034091353416443,0.7312646182660082,0.6688965625309787,0.5191512703895569,0.4754285514354706,0.5752238631248474,0.4682295620441437,0.6084352398759693,0.5876635946967729
1,0.7327808770829044,0.8995643258094788,0.9459766717671595,0.9148002392124795,0.7039183378219604,0.7201356291770935,0.7030490636825562,0.6645287871360779,0.7634699055517333,0.7823362238695434
1,0.553119662642798,0.5430154204368591,0.6256649056332657,0.459424162558366,0.6482174396514893,0.7522789239883423,0.8143330216407776,0.6838091015815735,0.7275739648404377,0.636117852642414
0,0.08123164633376327,0.06980342417955399,0.02541962187104017,0.0931187654574824,0.11025336384773254,0.10177955031394958,0.12015972286462784,0.11712200939655304,0.16254239271843726,0.09069042563754665
1,0.888119647982167,0.8672990202903748,0.7687710832023729,0.8993219322181735,0.6772710680961609,0.9370561242103577,0.9378695487976074,0.8675077557563782,0.8260643498769973,0.8554169865959202
1,0.7599965895187291,0.7935355305671692,0.9169005353908493,0.8414392675095381,0.7951910495758057,0.8134596943855286,0.8396514058113098,0.8003624081611633,0.8167808546680847,0.8187930483420695
0,0.14540140736785134,0.10381225496530533,0.010221288174702562,0.14199512444937473,0.18407133221626282,0.16744062304496765,0.26192814111709595,0.22035671770572662,0.22055612750124287,0.1566492105236189
0,0.14806784041075338,0.06476780027151108,0.0027487088983829946,0.08537633807511176,0.24771234393119812,0.14778298139572144,0.23538486659526825,0.20929566025733948,0.21936052149678775,0.145401461077221
0,0.6924711458568014,0.728523313999176,0.5881117485391992,0.7574561218038308,0.9051822423934937,0.9742923974990845,0.8370313048362732,0.8631744384765625,0.8123465792946255,0.7948154454426515
0,0.13990214807529985,0.07426022738218307,0.01574493238604108,0.11211974080962962,0.24526174366474152,0.14506332576274872,0.15285170078277588,0.1192740947008133,0.18741470448926967,0.12715331980405067
0,0.16259291054821648,0.06426332890987396,0.010247920494749098,0.12022001872954453,0.2705945372581482,0.1897641271352768,0.2638426423072815,0.15171776711940765,0.22016575278733597,0.1564810256877852
0,0.5395115660310662,0.6862717866897583,0.5352833351388705,0.474779344227084,0.5161800980567932,0.44831037521362305,0.46788060665130615,0.4701116979122162,0.5595029303967587,0.5173111701966748
0,0.12598848171678279,0.016364572569727898,0.006261533280370267,0.1117590325224281,0.16845457255840302,0.2277701497077942,0.23484434187412262,0.19960181415081024,0.19667364384227662,0.13805560420866914
1,0.4763367820592619,0.6601681113243103,0.7703019775391058,0.5712039311400179,0.5025985240936279,0.4123784899711609,0.5379406213760376,0.5086468458175659,0.603468577309119,0.5528982577979192
0,0.16900755059792233,0.24660301208496094,0.11573378233048867,0.2253768992081306,0.26586055755615234,0.2031651884317398,0.23155027627944946,0.1782398372888565,0.24714043605250643,0.20524520224376863
0,0.1550964774613693,0.19626711308956146,0.01958672945371492,0.14718653012668317,0.28946319222450256,0.2695153057575226,0.3271351158618927,0.3803534209728241,0.30194449298521187,0.2262650407692397
0,0.5465777970896982,0.6266738772392273,0.5985746417717503,0.6722462637779559,0.5645841360092163,0.5465812087059021,0.5823042988777161,0.5351842045783997,0.6033098887293239,0.5832691723054578
0,0.2350991508345179,0.07769732177257538,0.015025652053801306,0.09341274352682662,0.4652472138404846,0.18263185024261475,0.2630917429924011,0.178207665681839,0.2627275763319716,0.1925082955874823
1,0.13857180567465444,0.07755005359649658,0.030010717966240094,0.15455627396797766,0.18445917963981628,0.17169617116451263,0.2622503638267517,0.22013211250305176,0.2174563285901927,0.1568651686322447
0,0.5643656459557315,0.5542728900909424,0.3446968837540467,0.566531989865044,0.580437421798706,0.5448024868965149,0.6140073537826538,0.5808509588241577,0.5916132700049543,0.5461943027332318
0,0.6161952555503337,0.756805956363678,0.27740066637951033,0.7728268036789839,0.6149774193763733,0.6854572296142578,0.7072836756706238,0.6413974761962891,0.6625925419805905,0.636519901993216
1,0.34920011076238067,0.49394381046295166,0.3201536645639401,0.36908607658399084,0.31493598222732544,0.33214157819747925,0.3372296392917633,0.328000009059906,0.37513985269783123,0.35553374094676554
0,0.5215373085407361,0.450579971075058,0.20244275896057612,0.44941765163333136,0.498061865568161,0.7988662719726562,0.49075910449028015,0.5674026012420654,0.4932670486912384,0.4989045881183478
0,0.6127550838884858,0.6409823894500732,0.6055898722531112,0.6213824911781153,0.5424234867095947,0.45585593581199646,0.6130327582359314,0.598996639251709,0.6300196909957682,0.586932421341427
0,0.23023777761148254,0.07602974772453308,0.057484251563665385,0.03942232647310232,0.5616064667701721,0.5839237570762634,0.5747786164283752,0.5430967211723328,0.46912500336066754,0.338517843711316
0,0.4073469836535476,0.6011304259300232,0.5745167209365516,0.5203173090652261,0.4755519926548004,0.5453298091888428,0.4751467704772949,0.47125476598739624,0.5346430283269028,0.5070237424727356
1,0.924873064174833,0.9692296385765076,0.9912696353530304,0.948293992511809,0.6975433230400085,0.9522266387939453,0.9459300637245178,0.9280399680137634,0.8609890424088222,0.9180191421255501
1,0.5766601412012878,0.8361891508102417,0.9228348003625534,0.8574647325931348,0.7051607966423035,0.6096001267433167,0.5855977535247803,0.6494260430335999,0.7192059514734369,0.7142895593854908
1,0.5367930353059541,0.6142423152923584,0.71786314647614,0.6101602683027971,0.5366101264953613,0.5161342620849609,0.5771563649177551,0.5980574488639832,0.6240092687802767,0.5870905358093256
0,0.07672328821750568,0.03450990840792656,0.00347375871758966,0.055599218847676456,0.11521413177251816,0.13150252401828766,0.12817765772342682,0.12647318840026855,0.16186063380523885,0.08507594535186934
0,0.4852611096497862,0.5813355445861816,0.25841477436025934,0.37662695162594684,0.5205559134483337,0.37476086616516113,0.5210391283035278,0.4772874712944031,0.5340748409619565,0.4528302906933949
0,0.25783323318350415,0.30678316950798035,0.7538811690586035,0.32778215754942003,0.19519959390163422,0.13080060482025146,0.1601417511701584,0.12754102051258087,0.26689062874231323,0.27710132061801585
0,0.23222396962674188,0.09590582549571991,0.05423327347531424,0.11918989265819196,0.25229984521865845,0.19860023260116577,0.254133403301239,0.20524714887142181,0.23120258711859704,0.17882225928689202
0,0.19192240720483641,0.37647923827171326,0.2842575067221799,0.28757295811933875,0.43799489736557007,0.3598089814186096,0.3442266285419464,0.2702643573284149,0.37189324625898607,0.3191027001171576
0,0.6059257189219293,0.7660844326019287,0.8648659029146947,0.805754083969874,0.5215126872062683,0.6477071642875671,0.6863994002342224,0.5464873313903809,0.6787144739298437,0.6769582564075711
0,0.48241779214298297,0.29196661710739136,0.10250087542389218,0.3888762012490797,0.5202791094779968,0.5426153540611267,0.5332689881324768,0.586602509021759,0.47645433175526564,0.4354407294079795
0,0.20080730829602067,0.10096454620361328,0.03596311127650121,0.11765876164141369,0.4107322692871094,0.18953236937522888,0.2236519306898117,0.2442965805530548,0.25690906810520847,0.19355452238465262
0,0.08123164633376327,0.03235659375786781,0.003096872756869128,0.07116517007073261,0.11035331338644028,0.10223133862018585,0.12010914087295532,0.1177498921751976,0.15761111889605753,0.08091393181353299
0,0.06061625999037536,0.0070297629572451115,0.0007857760770588701,0.022049457827299498,0.2900892198085785,0.05556425079703331,0.050884909927845,0.05282556638121605,0.15871647631974337,0.06907088057042172
0,0.13364880013786995,0.0504591278731823,0.003512629925064335,0.1005519150903167,0.2873970866203308,0.2540453374385834,0.17533740401268005,0.15278738737106323,0.19976000025458096,0.14628894653003321
0,0.1402916121083656,0.10543227940797806,0.014624788690021439,0.12049370819356632,0.2694076895713806,0.15688061714172363,0.27459684014320374,0.24179895222187042,0.2439595216640325,0.16831293275352285
0,0.14261595957450016,0.14850394427776337,0.0026859193807783587,0.1494779437051882,0.2596774101257324,0.1383882611989975,0.13885478675365448,0.13643135130405426,0.1962224210602568,0.14123358535835065
0,0.4331848360622786,0.4273431599140167,0.48491292217590887,0.3669543014926413,0.40155214071273804,0.3881233036518097,0.4259783625602722,0.2710377871990204,0.41871058951515205,0.39901918410051207
0,0.49953093582995983,0.3959052264690399,0.16011220408124457,0.42902617355188016,0.5600497126579285,0.5261327028274536,0.537833034992218,0.5436031818389893,0.5054571238403526,0.4603553814481139
0,0.7869344073667637,0.7782256603240967,0.9222437082820207,0.8263532080749566,0.7345160841941833,0.7180063724517822,0.7414329051971436,0.6490703821182251,0.75992153357814,0.7674711765676783
1,0.545357596746846,0.6381666660308838,0.5467597071078811,0.6951294178120558,0.6759729385375977,0.8601372241973877,0.6102774739265442,0.6508203148841858,0.655872256574744,0.6517583484867738
1,0.7697876416886811,0.8870197534561157,0.9186971801932532,0.8696263895529015,0.743299663066864,0.7402723431587219,0.7195996046066284,0.7493623495101929,0.7856066552346033,0.7976232679793315
0,0.06760579198892648,0.012337801977992058,0.0003212327475512375,0.02914681877089862,0.12895750999450684,0.06654106080532074,0.07079049199819565,0.03729073330760002,0.14112871735955773,0.05251916612591081
1,0.5565712675300722,0.5638211965560913,0.41019799307709537,0.5457911494839042,0.6112383604049683,0.5296007394790649,0.5966489315032959,0.5986244082450867,0.6076694604584699,0.5537028509227385
0,0.4781717521870749,0.24474672973155975,0.13479046925874505,0.3204867997697513,0.4925360381603241,0.49403271079063416,0.5119757056236267,0.5854701995849609,0.46072844859941237,0.41220224761182583
0,0.23807128979177075,0.0718170702457428,0.028045277533021263,0.0854672297415404,0.3080901801586151,0.35325610637664795,0.29945486783981323,0.27739664912223816,0.26085689823987995,0.2104133609870226
0,0.6859428459570638,0.9299759268760681,0.9281391083500157,0.9468746962821571,0.5682421922683716,0.5477021336555481,0.8887341618537903,0.6352365016937256,0.7860060298406993,0.7641830125143676
0,0.5814378502962456,0.7270963191986084,0.651527858664625,0.6846315238395094,0.5482450127601624,0.40426936745643616,0.532021164894104,0.5330298542976379,0.6082472375279352,0.5820491365079896
1,0.9312167667045756,0.9746964573860168,0.9967023378044241,0.9551558884094129,0.7011244893074036,0.9475544691085815,0.9457765817642212,0.9338347911834717,0.8625858407513702,0.921619467260411
0,0.1975382179233873,0.4257473945617676,0.07002145281940346,0.19728975757489467,0.12709566950798035,0.085626982152462,0.07165855914354324,0.03829360380768776,0.18911029311496996,0.15164461884314737
0,0.15674864100516261,0.0971129909157753,0.007769367654118341,0.11869635541853331,0.26498091220855713,0.19766353070735931,0.2313910871744156,0.17407511174678802,0.21935498762265432,0.15824793622842726
0,0.13121321911659747,0.061940040439367294,0.006985517545689386,0.10914495152020354,0.15373535454273224,0.11823251098394394,0.11033230274915695,0.14304028451442719,0.1663159690765595,0.10563131172615359
0,0.7895050541700748,0.8996841311454773,0.9604489125797091,0.8943786531524248,0.6084256768226624,0.6941007971763611,0.7236680388450623,0.7385678887367249,0.7662889400418409,0.7857926728723862
0,0.4403496487053694,0.5574682950973511,0.3709932336318872,0.41482096891994524,0.5448809862136841,0.5827836990356445,0.5657202005386353,0.7122885584831238,0.6104212823093643,0.5260465029781263
0,0.5053835949805624,0.27968284487724304,0.07074386363404048,0.23834178282040527,0.5508124828338623,0.5469843745231628,0.5769094824790955,0.588603138923645,0.5067274924873202,0.4254829077913225
0,0.17230331107473798,0.15190860629081726,0.044135027729312395,0.0931907051171605,0.3032103478908539,0.0880725309252739,0.0740562304854393,0.0645240768790245,0.1847158498630844,0.1253632667140613
0,0.10864360830759677,0.046926259994506836,0.006183963600251254,0.09703384805219527,0.2221795916557312,0.1412154883146286,0.16392287611961365,0.1560388207435608,0.1877935164607638,0.1195434727414115
1,0.6000757864646146,0.6246468424797058,0.34435281514583665,0.3842923157903464,0.6447376608848572,0.8104103207588196,0.623532772064209,0.6772895455360413,0.6581786772955573,0.591407722110219
0,0.6310461844851174,0.5349048376083374,0.33608683298331027,0.6137133835323688,0.6511569619178772,0.7322134971618652,0.5760816931724548,0.49023550748825073,0.5653665946529521,0.5718601395794847
0,0.21240564128169606,0.01165800355374813,0.03396063066645957,0.03987463145689958,0.3896392583847046,0.20799221098423004,0.33223989605903625,0.36891764402389526,0.2955007912120104,0.20413664950307206
0,0.35033318588633955,0.10479596257209778,0.06643318825443971,0.16301831828241567,0.3909956216812134,0.28062617778778076,0.43040862679481506,0.2681404650211334,0.3197285633539952,0.2607935184196959
0,0.08261425843916567,0.045165739953517914,0.0010913993086756556,0.03673735387185475,0.09567911922931671,0.05435776710510254,0.08127855509519577,0.08161705732345581,0.1472307945848951,0.06094661069055773
1,0.4952336813246405,0.5470095872879028,0.606323199024657,0.5914502329348669,0.6039252877235413,0.4509606659412384,0.5123571753501892,0.4725150167942047,0.5645362815886935,0.5342362733212995
0,0.1954767467076583,0.10617619007825851,0.009392731916444016,0.055075143649673745,0.1272800713777542,0.010040982626378536,0.13802820444107056,0.02618427202105522,0.16265388661953833,0.08535349588753746
0,0.5060559911191447,0.33555856347084045,0.5524545476210859,0.4883975833328743,0.5191794037818909,0.5202484130859375,0.5736570358276367,0.49536147713661194,0.5260907565804639,0.4988293264783825
0,0.16089059848994824,0.08465829491615295,0.004251126024457913,0.1484034973074679,0.4557121992111206,0.32262247800827026,0.2605624794960022,0.3179932236671448,0.2808356027131554,0.22244609088821687
0,0.12245357801715334,0.018284771591424942,0.0054966184381673175,0.02823641245099266,0.28391239047050476,0.2831270098686218,0.17856357991695404,0.13017292320728302,0.19630054364883048,0.13284406868935256
0,0.646542971570024,0.46703124046325684,0.11335787977775386,0.40274101691447944,0.8941565155982971,0.9863161444664001,0.7996987700462341,0.841793417930603,0.7386701277577093,0.6506601661644732
0,0.6224713316217839,0.6900973916053772,0.7373301745717256,0.68360919411902,0.5064059495925903,0.7424123883247375,0.6192800998687744,0.529323935508728,0.6293892343384426,0.6384368332708079
0,0.09990213768546675,0.022122539579868317,0.0013504068848862805,0.05663932194984428,0.1055218055844307,0.003283555619418621,0.09889841079711914,0.009923728182911873,0.14051670889074422,0.05088985792427131
0,0.4944432021285185,0.28082287311553955,0.13356843906751115,0.3364149066618264,0.5513703227043152,0.5923061966896057,0.5823383927345276,0.5305135846138,0.49547231090047356,0.4419576487551087
0,0.388815729300884,0.22242586314678192,0.0430372782940359,0.3171008853189425,0.4324709475040436,0.47689908742904663,0.3198310434818268,0.5940105319023132,0.36487915803736304,0.35300900135378727
0,0.29911001482528626,0.5466318726539612,0.11242565235868301,0.5260534455321004,0.5567679405212402,0.549225926399231,0.6614629626274109,0.5873494148254395,0.5807222610546273,0.4835290151304131
0,0.5388331960505323,0.5744341611862183,0.26945507635125054,0.5672002762530435,0.5781840085983276,0.4992577135562897,0.5778773427009583,0.648682713508606,0.588359743958597,0.5351189036682913
0,0.25342594092465726,0.1720741093158722,0.2896450329578632,0.14300168686516648,0.31561949849128723,0.3088623285293579,0.3352707326412201,0.23905684053897858,0.30613961853550886,0.2576300819070985
0,0.23118098780568438,0.24719607830047607,0.10173075438073718,0.29959458679522216,0.18287807703018188,0.1883917897939682,0.25770652294158936,0.2210496962070465,0.2402921818328733,0.21717460457625978
0,0.2378573140386814,0.10675953328609467,0.02325965408346036,0.1540279035821732,0.38959065079689026,0.169608935713768,0.33529579639434814,0.31457528471946716,0.2953515067853396,0.2205700564373931
0,0.0596773358388412,0.019099686294794083,0.0003232896984034531,0.029906370508167638,0.3115403950214386,0.05398501455783844,0.04897636920213699,0.06280586123466492,0.1634139754578096,0.07497994608753261
1,0.6521431031578774,0.7381063103675842,0.6861006665857762,0.7317146311141499,0.6592612266540527,0.7424313426017761,0.5819603800773621,0.7328459024429321,0.690372301165542,0.6894388501735758
1,0.6647600537726054,0.8095313310623169,0.5667401531046486,0.8996954874573461,0.6507351994514465,0.5919592380523682,0.6628094911575317,0.5687415599822998,0.6730510320912374,0.6765183564188318
0,0.4611090607120095,0.13236410915851593,0.041313939899509364,0.06814487241347691,0.3259786069393158,5.092920400784351e-05,0.7595539093017578,0.00837101973593235,0.37520403098152544,0.23155160150757614
0,0.22079107408453807,0.03646906837821007,0.004191485835902921,0.08563856637276089,0.3354479670524597,0.27884188294410706,0.35882875323295593,0.33557310700416565,0.285175648132477,0.21096551890950893
0,0.20125356367710417,0.20149841904640198,0.08098692444174617,0.13297591995647493,0.39127984642982483,0.17685583233833313,0.33492863178253174,0.3209174573421478,0.3227911278882764,0.23370621619217524
0,0.5104258379667117,0.20849734544754028,0.10077226752694182,0.23824836665438653,0.636400043964386,0.49525585770606995,0.5936876535415649,0.5251140594482422,0.5072594371685941,0.4195354762540129
0,0.5622288172013526,0.4548375904560089,0.31124551690615804,0.5558233588117488,0.6295297145843506,0.608909547328949,0.48528853058815,0.45862072706222534,0.504287049501083,0.5096230449245247
0,0.4365882420992304,0.30144989490509033,0.04302221161566782,0.34068926883773004,0.5292602777481079,0.3737391233444214,0.49347376823425293,0.5493022799491882,0.45564954364229776,0.3889461669099544
0,0.3711928148687089,0.3569749891757965,0.2559455727719641,0.3437572174791548,0.3267597258090973,0.32113116979599,0.3417742848396301,0.25036749243736267,0.3302777116924662,0.3214664437464204
0,0.7165410801899514,0.8347506523132324,0.916770961587849,0.7937441275914848,0.6943103671073914,0.7924099564552307,0.6175327301025391,0.825225830078125,0.7584157859328365,0.7712718003352081
0,0.3048073111214369,0.13176511228084564,0.016710145961040056,0.1489543482015915,0.33502480387687683,0.38790076971054077,0.33214956521987915,0.34192219376564026,0.2921652241765251,0.25313794901700937
0,0.1045815211569632,0.11545241624116898,0.029318648048525305,0.12126473070059232,0.35009804368019104,0.09748487919569016,0.07097166031599045,0.09979498386383057,0.18818891018590567,0.1250542703209508
1,0.33902492441018184,0.07996659725904465,0.11767947437576351,0.1490376325319016,0.4012354910373688,0.49152249097824097,0.5127158761024475,0.4221295714378357,0.3813942147688925,0.3177363373682804
0,0.10185004391065645,0.05488663539290428,0.006955079173151116,0.0790968790641328,0.11799595504999161,0.1457516849040985,0.129750594496727,0.1313135176897049,0.16469806577942978,0.09700411429021553
0,0.2097334166366982,0.2641582489013672,0.30154861183957904,0.23257520920944932,0.40126729011535645,0.1801375150680542,0.1535903364419937,0.1603045016527176,0.26643677913247654,0.23741274281053618
0,0.7075274340423612,0.8639916181564331,0.9416940328589076,0.8790357112606444,0.6237050890922546,0.6845582127571106,0.7696664333343506,0.7358620166778564,0.7744753678608833,0.7731730872888201
1,0.5176830747647394,0.49961644411087036,0.3130154585582507,0.3528812310495166,0.6052119135856628,0.6311835050582886,0.6685526967048645,0.5976033806800842,0.6222672528865938,0.5267133652944171
0,0.24516914364583262,0.36892634630203247,0.2384111121895637,0.29876040347818267,0.38714784383773804,0.14718247950077057,0.335728257894516,0.30699753761291504,0.35755913117369725,0.2927980439063944
0,0.612377805898416,0.7864685654640198,0.9303935609113997,0.7053741125093731,0.5599371194839478,0.611764132976532,0.5791085958480835,0.5381024479866028,0.6688733308086643,0.6614577005242341
0,0.057062381987373276,0.022197581827640533,0.0006441636792653125,0.022476136792462645,0.10062196105718613,0.06950695067644119,0.08106722682714462,0.08854386955499649,0.14656135475204973,0.056316553209625954
1,0.3729002938787606,0.13232964277267456,0.05133060847759153,0.10182442554765166,0.5422293543815613,0.38852375745773315,0.5012697577476501,0.5058867335319519,0.43574694337667014,0.3305812626985004
0,0.6982524113459289,0.5297656059265137,0.8328814160682908,0.7444182953699757,0.6910858750343323,0.8673988580703735,0.6950787901878357,0.7484665513038635,0.7083783934208502,0.7237669116739842
0,0.2845459176494641,0.08548286557197571,0.033494220912660216,0.08555199822450757,0.4700324535369873,0.3459930419921875,0.6349706053733826,0.5165839791297913,0.4590736263115688,0.3136875121331745
0,0.6018651596412777,0.6842478513717651,0.7230736768635092,0.6495266818529362,0.6232538819313049,0.5583181381225586,0.5959088802337646,0.6017642021179199,0.6621146026340505,0.628763918341118
0,0.45874307093927,0.19280052185058594,0.08090018812215155,0.1602127640271049,0.5079761147499084,0.5203136205673218,0.5699530839920044,0.5931591391563416,0.4831793566417486,0.3913272114667264
0,0.4534640674964502,0.7125877737998962,0.25589947680225866,0.49908670691172574,0.2846828103065491,0.27575764060020447,0.25007396936416626,0.22065110504627228,0.34525604564508156,0.36859214870278567
1,0.9176898257400791,0.9511402249336243,0.9669564310671473,0.9385780015711451,0.6677266359329224,0.9090576171875,0.9378430247306824,0.8279544115066528,0.8417335107219153,0.8877690764777122
1,0.6143852249913522,0.5537768006324768,0.6344441053214004,0.6059877258744368,0.7494872808456421,0.7785634994506836,0.7527925968170166,0.6814337372779846,0.7209167485529847,0.671939123687333
0,0.10224563368784485,0.04398070275783539,0.009958049001514584,0.05521885904621188,0.11276523023843765,0.11753948777914047,0.12433034181594849,0.12193512916564941,0.16177993710310853,0.08719841988231909
0,0.3221528901606673,0.3656787574291229,0.4765955598319417,0.5014906731712099,0.4918366074562073,0.24441951513290405,0.5747655034065247,0.2356993556022644,0.4616382366567541,0.4014960595402367
0,0.5551191005516651,0.3890860378742218,0.4922768854565403,0.48177274001363524,0.544099748134613,0.5453174114227295,0.4973185360431671,0.48423153162002563,0.5067196857903425,0.4988851981160591
0,0.12179493964644696,0.06324395537376404,0.004264982907430371,0.07835439477131753,0.18836361169815063,0.17282047867774963,0.14720278978347778,0.25938689708709717,0.19591358333405534,0.13146721382046944
0,0.49238330208222253,0.05455896258354187,0.012027608862643722,0.05911153362472448,0.5690553188323975,0.16140814125537872,0.20512844622135162,0.45889461040496826,0.31245621908391413,0.25824070141252164
0,0.6455755284563428,0.5452126264572144,0.303987299076586,0.6203463528725564,0.6630690693855286,0.6916748881340027,0.7612684369087219,0.7282835245132446,0.678890986281071,0.6238947952277558
0,0.4044627435786367,0.21429535746574402,0.0855803794874569,0.3186707019540564,0.47794458270072937,0.5271392464637756,0.4662770628929138,0.5591607093811035,0.42271789660159204,0.3855980529818504
0,0.1635695747429274,0.12731963396072388,0.031232566678925586,0.14827909056656682,0.2874675393104553,0.2737344205379486,0.33489853143692017,0.38182228803634644,0.2921055693912841,0.22167853376337338
0,0.10471554772930224,0.035682063549757004,0.008632818285387003,0.06124309274519119,0.1047697514295578,0.003406485542654991,0.09838812053203583,0.009850512258708477,0.14204627361379427,0.05445018002581262
0,0.13428058697940704,0.18316006660461426,0.07826709338133339,0.2814498017570365,0.28223153948783875,0.2869488596916199,0.17857049405574799,0.12987303733825684,0.2118385232015434,0.19412882027809453
0,0.3282951904244233,0.040229033678770065,0.05350592725056872,0.04186615733443854,0.2599373161792755,0.2310563027858734,0.3602573275566101,0.25941506028175354,0.26577067611049593,0.20065370878110372
0,0.6521431031578774,0.7381063103675842,0.6861006665857762,0.7317146311141499,0.6592612266540527,0.7424313426017761,0.5819603800773621,0.7328459024429321,0.690372301165542,0.6894388501735758
0,0.7690468049851128,0.7581029534339905,0.6233060074797315,0.6254250542751644,0.6585559248924255,0.8007676601409912,0.5723673701286316,0.5815593600273132,0.6631212868608191,0.6729400665295252
0,0.4927345382160159,0.44273480772972107,0.18312647582607405,0.490270980115199,0.5580655932426453,0.42647629976272583,0.534472644329071,0.5377561450004578,0.5108344926090944,0.46203098825446304
0,0.43272325001880935,0.6342566013336182,0.6432989723121981,0.538341875309996,0.5503673553466797,0.5097525119781494,0.43512585759162903,0.48502829670906067,0.5548746860176111,0.5265994942705606
1,0.4190169414941949,0.6316472887992859,0.7218013627245744,0.5870559772580928,0.46812766790390015,0.8619772791862488,0.5245488286018372,0.6016384959220886,0.5964634118953882,0.5977175387080509
0,0.39401563784738175,0.3878776431083679,0.11817301930773529,0.4534380511324331,0.44672244787216187,0.4689423739910126,0.5611878633499146,0.4909878969192505,0.4670004123544849,0.4185032445462725
0,0.1408658657988123,0.09178472310304642,0.006039370673598848,0.16604600463129246,0.19772343337535858,0.1292501986026764,0.1589837223291397,0.12745743989944458,0.18185557538029642,0.12867039347648723
0,0.09776374406749382,0.03016219474375248,0.000622584710400171,0.047329920550839635,0.194398432970047,0.09810023009777069,0.12179911136627197,0.1280566304922104,0.17101100415654272,0.09154388904695358
1,0.5176830747647394,0.45226144790649414,0.27531264746691586,0.3528812310495166,0.6060470938682556,0.6310270428657532,0.6685987710952759,0.597771942615509,0.6080270958317343,0.5165292377990349
0,0.12958649422971308,0.08466912060976028,0.004394152113001398,0.14038966824946905,0.18478727340698242,0.1654522716999054,0.2626814544200897,0.22115501761436462,0.21767389894130487,0.15139513788237716
0,0.06890526610398673,0.016973650082945824,0.00015808096092384901,0.027894142083570703,0.16062404215335846,0.07605540752410889,0.11264405399560928,0.07870305329561234,0.15808109325430675,0.06916416769766487
0,0.5551191005516651,0.4123782813549042,0.6112160462008795,0.514234417731748,0.5436986088752747,0.5443930625915527,0.49645110964775085,0.4837939739227295,0.5228625463326093,0.5191963278568095
1,0.6381174804614872,0.2753015458583832,0.3091014585844779,0.3730669501592173,0.6516600251197815,0.8590530157089233,0.6502953171730042,0.8041518926620483,0.6175389301697292,0.5738939634191131
0,0.1107386507634272,0.051541928201913834,0.0021084439092373857,0.08183199610594472,0.3734019994735718,0.12507830560207367,0.10097143054008484,0.1442650407552719,0.19560100093237598,0.1259481300341842
0,0.17912907138639889,0.14347487688064575,0.07754296742808177,0.21562597796885138,0.23612050712108612,0.15259256958961487,0.23552151024341583,0.21034906804561615,0.22835128368938165,0.18286776698295537
0,0.11277536489361636,0.00799606554210186,0.0060898011777611024,0.015957224777670538,0.1724034994840622,0.22965411841869354,0.23490799963474274,0.19984734058380127,0.20140956000056753,0.12451954236088988
0,0.07842889611776178,0.05526111274957657,0.00347375871758966,0.06618098644252994,0.1152406707406044,0.13162729144096375,0.12827791273593903,0.12659065425395966,0.16397960492138192,0.08921131324368038
1,0.5606106810180725,0.6737334728240967,0.8421780931010387,0.653575727416455,0.5583807229995728,0.5570473074913025,0.5780912637710571,0.5078566670417786,0.6337125523835405,0.6133801967902176
1,0.7776333258249588,0.9166066646575928,0.9743158991638076,0.9029262067830955,0.7946828603744507,0.9073232412338257,0.7645983695983887,0.8651150465011597,0.8258644523674237,0.8602936535684913
0,0.46661818994715076,0.2559156119823456,0.44444327498279745,0.2741056085532538,0.6592153906822205,0.049003325402736664,0.7206377387046814,0.5085387229919434,0.6044591241620897,0.4281549630588497
0,0.6071101118700986,0.6237582564353943,0.5677779505014968,0.6648814490552234,0.6549142003059387,0.5811033248901367,0.6130495071411133,0.6112788915634155,0.6462068549867327,0.6159619917294283
0,0.07192901678718443,0.019554605707526207,0.0020876815648616935,0.035588694348011714,0.12771452963352203,0.07926704734563828,0.07149483263492584,0.03800966963171959,0.14179495484716897,0.05650531131338173
0,0.2126241672495859,0.10549551993608475,0.04801614876626498,0.07663675646563314,0.3925571143627167,0.3216135799884796,0.34056633710861206,0.4098494350910187,0.32318433535792,0.24229449148007245
1,0.5618549668963964,0.41179749369621277,0.33747854088810925,0.3888286403285755,0.5660367012023926,0.5123822093009949,0.6891847848892212,0.5996859669685364,0.6017485487637548,0.5123541931673319
0,0.44796237917105736,0.4708124101161957,0.6899217591800221,0.2232560161078198,0.3802388608455658,0.13533858954906464,0.5070683360099792,0.4677373170852661,0.5328403535259795,0.4161171058799473
0,0.18893227752888767,0.12525537610054016,0.018741658148039245,0.04511762033022006,0.43014100193977356,0.15245115756988525,0.1361372172832489,0.12929467856884003,0.22550513593329805,0.15603694118510153
0,0.9188538181996515,0.9413512945175171,0.8978511408159798,0.9381966317874467,0.9614228010177612,0.9972438812255859,0.9245154857635498,0.9483098983764648,0.8806255187521919,0.9409718344656267
0,0.7644977381434939,0.6040075421333313,0.4185441966660325,0.7117056097119906,0.6050137877464294,0.6932262182235718,0.7240287661552429,0.7380528450012207,0.6725819219163124,0.6600555120511835
0,0.254430546477516,0.058994606137275696,0.07203846213052667,0.08411001435759048,0.49628570675849915,0.2085636556148529,0.38910773396492004,0.2944168448448181,0.33163470832583314,0.23682561471842578
1,0.686893800553618,0.8495544195175171,0.9371771293208176,0.7090087877754061,0.7199490666389465,0.7613722681999207,0.7953945398330688,0.6858101487159729,0.7965209065072751,0.7661488958638154
0,0.06792442393187756,0.029352551326155663,0.0005517359862381756,0.028742187989124122,0.15212924778461456,0.07828249782323837,0.11262551695108414,0.07770608365535736,0.15835740782129518,0.06976908295431247
0,0.5120354222175754,0.34135499596595764,0.17364093409198494,0.3177232334077409,0.5104581713676453,0.4429550766944885,0.46721410751342773,0.4404233992099762,0.4438550793779629,0.4043762145050246
0,0.578301003065523,0.3862625062465668,0.12247933144084648,0.47288321078435475,0.5818029046058655,0.5128753781318665,0.573869526386261,0.6354824304580688,0.5332197016536734,0.48812527191904215
0,0.23730688670022893,0.09977733343839645,0.03338169283722445,0.09469852823006404,0.0585964061319828,0.0053398082964122295,0.05795794725418091,0.005576975643634796,0.13576955990259695,0.0749731937247094
0,0.37697578630325296,0.43672189116477966,0.6086890611399046,0.40475394286866334,0.2928273379802704,0.3081691265106201,0.3445957899093628,0.38956886529922485,0.4025947904870232,0.3930530499291359
0,0.5217208035093137,0.31720176339149475,0.13466473758451497,0.37289782884631517,0.5802521109580994,0.43344005942344666,0.5663067102432251,0.5979825258255005,0.5166693450964317,0.44600565206955106
1,0.5051587814132009,0.5451269149780273,0.12391429749044938,0.5800543310806915,0.5596559047698975,0.4720938503742218,0.6705287098884583,0.6056821346282959,0.584130180548479,0.5125933357772504
0,0.2644401745340615,0.36279213428497314,0.4105278679586734,0.3039785283435629,0.32958218455314636,0.17315161228179932,0.22875872254371643,0.3162670135498047,0.32771727001091777,0.2980719657343254
0,0.6437397667070868,0.4695456624031067,0.223150309055164,0.6326223488864269,0.7627119421958923,0.7219730615615845,0.7994400262832642,0.733543336391449,0.6887869742933166,0.628428974667645
0,0.39186392852004803,0.5176465511322021,0.09851568814304532,0.3839294071832679,0.5390415787696838,0.07027070969343185,0.5234156847000122,0.5683668851852417,0.5261978063884931,0.3932693035832162
0,0.5537873897643949,0.7144092321395874,0.6210691248316403,0.6757868003126721,0.4898574948310852,0.5332512259483337,0.4305887520313263,0.45339304208755493,0.5349337387716651,0.556545916016763
0,0.596707033383611,0.5126258730888367,0.7330375330776544,0.5637797181405361,0.585398256778717,0.5779746770858765,0.615318238735199,0.5786139369010925,0.6276774557375306,0.5944588998455804
0,0.5366117077813651,0.5489266514778137,0.6384431029814089,0.6453156342959407,0.5438398122787476,0.3732924163341522,0.5632359981536865,0.5717594027519226,0.5894276288683991,0.5525597642030475
0,0.264132189345466,0.22719107568264008,0.3956347249846989,0.16647585069931276,0.4111027717590332,0.4159282147884369,0.4967731535434723,0.4515061676502228,0.4478701736518231,0.35483682148271245
0,0.3193757930800016,0.39469441771507263,0.4926712997567547,0.3199575660154171,0.4103853702545166,0.25248342752456665,0.2517939805984497,0.23125159740447998,0.3499645525130152,0.33250338071520485
1,0.3824012912428487,0.11017202585935593,0.10962460285515718,0.21790681762207872,0.6701571941375732,0.7070510983467102,0.7095886468887329,0.5685340166091919,0.5483646620387482,0.439643386999069
0,0.7775199043077266,0.7138731479644775,0.565076590859732,0.7054315085656099,0.6101633310317993,0.8044292330741882,0.8320521712303162,0.7558671236038208,0.7449409086962627,0.7220933606730038
0,0.39478633961296294,0.5377718210220337,0.6809920750376811,0.48923875656352184,0.5858166813850403,0.4930536150932312,0.5669366121292114,0.564763069152832,0.6148062573709893,0.538240019760106
0,0.7907583842813947,0.9103785753250122,0.863275467275538,0.8703939619672566,0.7728643417358398,0.9423493146896362,0.7528783082962036,0.8046553730964661,0.8049480034855223,0.8363684405645533
0,0.4796290622176073,0.5311515927314758,0.27066691455282815,0.8215554229165432,0.5885674953460693,0.5972458720207214,0.6706206202507019,0.595975399017334,0.5824392013305376,0.5710906859165157
0,0.21258378273653267,0.169086754322052,0.01271158590579882,0.2243176565202431,0.3707408607006073,0.34207314252853394,0.19739578664302826,0.20265448093414307,0.23808729978009036,0.21793411985447486
0,0.10807729419893265,0.0544702485203743,0.009917368581531485,0.07744523890501062,0.37215253710746765,0.12447752058506012,0.1004958376288414,0.14335349202156067,0.19642879595853271,0.12593542227397464
0,0.5852597083255963,0.6010848879814148,0.7216384844806919,0.6103829861469909,0.6301335692405701,0.5631304979324341,0.4833115339279175,0.49773991107940674,0.5887533128456662,0.5845930021651975
0,0.18293092321531876,0.23190529644489288,0.11196891726490871,0.15445215770165013,0.272606760263443,0.1363883912563324,0.2352479249238968,0.21046988666057587,0.25648252274697786,0.19380808244636988
0,0.5274339021828669,0.5629197955131531,0.7929109513354075,0.5987725558947313,0.5337671637535095,0.3851674497127533,0.5510578751564026,0.5648387670516968,0.6059166401464334,0.5630977063205421
0,0.3839924574126112,0.3922594487667084,0.0752790817491334,0.37776500927215145,0.377769410610199,0.4515376091003418,0.4352791905403137,0.38317936658859253,0.3846650465749515,0.3622382833326904
0,0.34045293678528826,0.23747918009757996,0.05362482435141375,0.27993701046943537,0.4143016040325165,0.4853551685810089,0.43390128016471863,0.3168022334575653,0.351708636454921,0.32290601527264895
0,0.7334320116949355,0.7787971496582031,0.9278951720522378,0.8297744721278152,0.6977540850639343,0.8679400086402893,0.6830418705940247,0.6127827763557434,0.7311193165016395,0.7624930616125993
0,0.28630586423798915,0.44044819474220276,0.1756329642414405,0.3836850109160411,0.2979462444782257,0.23386503756046295,0.40794122219085693,0.3217817544937134,0.36639326213685697,0.3201599536663391
0,0.2782542598752778,0.07558957487344742,0.009837755546769479,0.14406452370593645,0.364435076713562,0.5285215973854065,0.232948899269104,0.20936158299446106,0.2363876119632951,0.23169925966650123
0,0.3770678419204011,0.3340570330619812,0.1687561600301654,0.20909127170655906,0.4391860365867615,0.46159905195236206,0.3927135467529297,0.40406718850135803,0.3999439641733435,0.350916178056893
0,0.25327080538376373,0.4571170508861542,0.5710660786451557,0.35811472086528123,0.26015785336494446,0.14213266968727112,0.23520922660827637,0.2077355980873108,0.32597776113483456,0.3076628690899811
0,0.6461749441202485,0.7378338575363159,0.643758483223718,0.78841650575409,0.9121586084365845,0.9673557281494141,0.79249507188797,0.8033857941627502,0.7988649495677432,0.7866721719399514
0,0.5615848897577765,0.6399557590484619,0.5952521734652763,0.6216194438022261,0.6149091720581055,0.6266195178031921,0.6790931820869446,0.6108267307281494,0.6692211844905884,0.6188990935682915
0,0.09990213768546675,0.022122539579868317,0.001370494129139325,0.05504272432192595,0.10539992153644562,0.003300788812339306,0.0988113284111023,0.009911002591252327,0.1405531324442392,0.050673270728124845
0,0.18525443587501855,0.08876106888055801,0.08313695297968729,0.08905093244106543,0.20178696513175964,0.2309194803237915,0.3225833475589752,0.28005293011665344,0.2562923378587564,0.18756273030301315
0,0.3948628401429341,0.4114845395088196,0.4682908566550183,0.4534380511324331,0.44648149609565735,0.468936026096344,0.5611330270767212,0.49098050594329834,0.5139136193425587,0.46221580970779963
0,0.12187473456077093,0.07122659683227539,0.010883328045445456,0.08333301549167242,0.12730389833450317,0.08533873409032822,0.07174108177423477,0.038543734699487686,0.14601338925151436,0.07697521766839333
0,0.3979558461608245,0.5377718210220337,0.6809920750376811,0.48923875656352184,0.5857776403427124,0.49293655157089233,0.5669256448745728,0.5648466348648071,0.614795250579757,0.5386408626240234
0,0.4127652911060328,0.5323795080184937,0.2375613778185343,0.37893183038185885,0.47891390323638916,0.52211594581604,0.4660385847091675,0.5625672340393066,0.5084418446670357,0.4512892335330581
0,0.49264539380118927,0.46511805057525635,0.07160197875140159,0.5327755835303878,0.568915605545044,0.48479652404785156,0.677081286907196,0.6060432195663452,0.5688786436960802,0.49281340754151975
0,0.35320142733388576,0.19130933284759521,0.11953846341724983,0.2022887893323216,0.5553896427154541,0.5434964299201965,0.6605278253555298,0.5830259919166565,0.5271672875473162,0.40642040104868793
0,0.2589748614538726,0.22437529265880585,0.1482992994523752,0.17859913812884856,0.40737032890319824,0.19761104881763458,0.22259177267551422,0.2500768005847931,0.2853582589015247,0.23804853556393013
1,0.43782334952674584,0.7447311282157898,0.815657344365664,0.6813288316480106,0.4879859983921051,0.6528629064559937,0.43375658988952637,0.43743643164634705,0.5618845608969482,0.5809737633930423
0,0.4786505535884963,0.22337353229522705,0.08207856981264124,0.31802696347375137,0.5882790684700012,0.5984585881233215,0.6704952716827393,0.5956794619560242,0.5336846271448831,0.45000428246227864
0,0.25783323318350415,0.27392780780792236,0.4996772870104475,0.32778215754942003,0.19520869851112366,0.13093596696853638,0.1601817011833191,0.12769418954849243,0.23844097750863077,0.2434923687442711
0,0.16042407072009382,0.06733923405408859,0.017262676452278112,0.12807032339264504,0.2703346610069275,0.1894763559103012,0.26386070251464844,0.15157058835029602,0.2207043924215916,0.15826040960852467
0,0.2996652743064606,0.0586259625852108,0.054987139873815906,0.09584969351626912,0.4579443335533142,0.020760657265782356,0.5329673290252686,0.3211342692375183,0.37447024852790783,0.23694838088350154
1,0.21972843954860316,0.1934923529624939,0.07977066077901242,0.10774392718889446,0.3968082368373871,0.23337529599666595,0.4340454041957855,0.3426867425441742,0.3613416078226927,0.2551376674482757
0,0.1943146412884014,0.19699005782604218,0.0686765340423806,0.2504341662312504,0.18198323249816895,0.16995730996131897,0.26085183024406433,0.2206466943025589,0.23302060496336224,0.19440740602602935
0,0.5393801797275782,0.25849488377571106,0.12156079200048968,0.3948589427291646,0.6778990030288696,0.8799981474876404,0.6091224551200867,0.6439326405525208,0.5482450609225566,0.5195298357053046
0,0.5826776906578306,0.5394541621208191,0.6865980853911073,0.629746513356018,0.5361562967300415,0.5575377941131592,0.5628423690795898,0.6176177263259888,0.6012690232531657,0.5879645412659725
0,0.12734221258137235,0.04000680893659592,0.006864589147539186,0.033752801561461585,0.17542730271816254,0.12652263045310974,0.16017811000347137,0.07707454264163971,0.1724284716716879,0.09501919330808159
0,0.2653310266299185,0.30678316950798035,0.7538811690586035,0.32914744361741743,0.1951928287744522,0.1306990385055542,0.16011208295822144,0.12742668390274048,0.2667387033291319,0.27820487468557076
0,0.5204192051737221,0.6798187494277954,0.7711468833496674,0.5644046820736159,0.5901294946670532,0.3407137393951416,0.563243567943573,0.5242977142333984,0.6402070770609026,0.5684299399995729
0,0.15114382289060344,0.04860509932041168,0.007250602173119702,0.09458517919343114,0.24264509975910187,0.2175242155790329,0.22893857955932617,0.15314210951328278,0.20599980156197772,0.14494080881371604
0,0.22029062484548267,0.15176944434642792,0.15762792264868916,0.21948959648367697,0.2681189179420471,0.19682136178016663,0.26348820328712463,0.14910319447517395,0.23951316420529906,0.20410751216088718
0,0.2884468518998364,0.22869408130645752,0.2818932286687487,0.2663293308455163,0.38626861572265625,0.32837221026420593,0.202837273478508,0.2059299647808075,0.27475338050528014,0.2730578590327989
1,0.9337765011342217,0.9745088219642639,0.9796395050585079,0.966953609068293,0.8454277515411377,0.9758360981941223,0.8766559958457947,0.853342592716217,0.8570929905045431,0.9238969915109919
1,0.9085134781802441,0.9507390260696411,0.950873038727789,0.9397755502572009,0.9345794916152954,0.9590849876403809,0.9258679151535034,0.9726731181144714,0.8838474537651083,0.9424812444912003
0,0.5638802606146427,0.5234190821647644,0.28801720777077355,0.3388413038319144,0.5365017056465149,0.7030582427978516,0.7474691271781921,0.6220937371253967,0.6420434578533727,0.5442571053676553
0,0.7374585345471739,0.7053337693214417,0.5624038798830264,0.8056778425844322,0.7079448103904724,0.824743926525116,0.7002655267715454,0.5890206098556519,0.6862342203468785,0.7037725963408237
1,0.5135163220302735,0.4045218229293823,0.30108767908625145,0.5373362701612675,0.5417431592941284,0.5122924447059631,0.577759325504303,0.6020340919494629,0.5378548561768346,0.5014548137514756
0,0.6307335183175536,0.7620110511779785,0.7603871987942373,0.7017582881757898,0.5883142352104187,0.6150999069213867,0.6187876462936401,0.5722939968109131,0.6719160417620405,0.6542662634093221
0,0.05775878014415461,0.012789519503712654,0.0005415820056068109,0.016696128651675766,0.07298998534679413,0.0010913278674706817,0.058165911585092545,0.003331036539748311,0.1297736590671982,0.028729134418890512
0,0.43120017385149245,0.31798505783081055,0.1533860555647765,0.31930083808829135,0.6243951916694641,0.6532240509986877,0.6616368889808655,0.5863260626792908,0.5668649252460285,0.4729550001074241
0,0.5386570010138998,0.6841391921043396,0.4631733828733913,0.7264009643445064,0.592836320400238,0.5841964483261108,0.6230127215385437,0.6148208975791931,0.6331319207461558,0.6040068497790009
1,0.501416280923757,0.6417834758758545,0.5209517124228767,0.5419844542469225,0.565946102142334,0.5133365988731384,0.5263400077819824,0.56586092710495,0.5956150158700216,0.5474989725469861
1,0.37218881187868275,0.23878704011440277,0.2577337332736855,0.26459690717552503,0.5461328029632568,0.3652248978614807,0.5016911029815674,0.5482805967330933,0.48061352176103916,0.39067003284878377
0,0.3798213269760746,0.49256613850593567,0.16895877271778612,0.5870946741427046,0.5213701128959656,0.47318658232688904,0.5719240307807922,0.4414585530757904,0.4967077394940643,0.4568561101798859
0,0.09870715998247234,0.05488663539290428,0.006955079173151116,0.0790968790641328,0.11794015765190125,0.14556756615638733,0.12963183224201202,0.13111916184425354,0.1646523040658166,0.0965272085917627
1,0.6417446542065044,0.6231939792633057,0.5718591391184057,0.7153056494274832,0.7510296702384949,0.7454012632369995,0.7549561858177185,0.6343206763267517,0.7126425828879703,0.6804482935861729
0,0.5129568697349323,0.4953225255012512,0.24345032798361774,0.37539804179987984,0.6575232744216919,0.07348715513944626,0.6001935601234436,0.0976639911532402,0.49311819687312525,0.3865107221191038
0,0.314859380208374,0.2759031057357788,0.19774168864226307,0.2625975001974146,0.41204559803009033,0.2509855628013611,0.2526557445526123,0.23205941915512085,0.3005764558842659,0.27613926188051485
0,0.35148060721457397,0.23678022623062134,0.08597145469309184,0.35678236807064745,0.579874575138092,0.4992974102497101,0.5658761858940125,0.5495572686195374,0.483877275975988,0.4077696650962639
0,0.055782828827804797,0.016900138929486275,0.0003017326622891043,0.034815478089946866,0.09929127991199493,0.06808693706989288,0.08096058666706085,0.08761268854141235,0.14513179995825998,0.05645827440685869
0,0.26798377133916457,0.055206697434186935,0.04210585979887717,0.101306056104155,0.48245447874069214,0.12701399624347687,0.21380363404750824,0.22271551191806793,0.25727833082105966,0.19299164623000664
1,0.5991035349170198,0.6998249888420105,0.7192463517800547,0.6395391543074014,0.5820242762565613,0.5588539838790894,0.6143253445625305,0.5807979106903076,0.6587563053500437,0.6231237915932983
1,0.13778080757032288,0.022573819383978844,0.004431703788579106,0.033253315318646434,0.2767347991466522,0.19248950481414795,0.17987021803855896,0.10477744787931442,0.19237589111518574,0.12097296981151681
1,0.49895400603338863,0.6051502227783203,0.6652217483124184,0.5114678695976621,0.5490413904190063,0.5313125252723694,0.4345662593841553,0.483012855052948,0.5518355650802386,0.5329166086075983
1,0.10062641683294865,0.038299720734357834,0.002867414384823594,0.0817423447075962,0.36506083607673645,0.1613556444644928,0.15843155980110168,0.12084358930587769,0.2027830123738437,0.13076572799467046
0,0.12868758484649157,0.06074536219239235,0.012436307761844654,0.07762059620054806,0.28075075149536133,0.18162134289741516,0.2257602959871292,0.19636692106723785,0.22111277661239734,0.14794995567831276
0,0.35169165871963143,0.34385359287261963,0.5245867602076529,0.2561895780947181,0.4240097105503082,0.29408207535743713,0.4426623284816742,0.3252628743648529,0.4375758348861249,0.37020786273013906
0,0.14115453285758967,0.06482262909412384,0.004238602771735114,0.09380786135477495,0.1843171864748001,0.16942961513996124,0.26207202672958374,0.220235213637352,0.2168973866088503,0.14500089875480604
0,0.16399772982532493,0.06426332890987396,0.009209548614080246,0.12022001872954453,0.2707917094230652,0.18996107578277588,0.263828843832016,0.15182822942733765,0.22012140527664903,0.15660377387525765
0,0.21021460570419645,0.22181075811386108,0.02676552484504365,0.11554952195349313,0.012250031344592571,0.0,0.2171851247549057,2.502637506951455e-11,0.1732737350221252,0.10188742738317791
0,0.5320030827568146,0.5306722521781921,0.11050960192240188,0.5827977907331526,0.55503249168396,0.4694754481315613,0.6673091650009155,0.6052290797233582,0.5766499574057954,0.5116465504887325
0,0.4869341041264233,0.17825791239738464,0.04582013333613619,0.19081621154055753,0.5921670794487,0.5326679348945618,0.681265652179718,0.6056341528892517,0.53721447539349,0.42125822819908865
1,0.7150193136852265,0.5549931526184082,0.809569430128601,0.5216407644494924,0.6171896457672119,0.7786905765533447,0.7255641222000122,0.7156766653060913,0.7153931656774659,0.6791485730937679
0,0.26488892286539334,0.36336904764175415,0.5448358622860511,0.13358432804416354,0.1866227239370346,0.16593559086322784,0.26356083154678345,0.22259216010570526,0.31783802521885973,0.26634162121359806
0,0.38523856185045857,0.15265361964702606,0.1457283733820577,0.23155124461397203,0.3223872482776642,0.20259398221969604,0.371578186750412,0.2291710376739502,0.29212813182573577,0.25785118615312425
0,0.5343529221571164,0.29635170102119446,0.3534294724079033,0.3363189956111637,0.5796166658401489,0.6432545781135559,0.6001139879226685,0.570704460144043,0.5469315903307439,0.49187764750668106
0,0.39487545816133623,0.533439576625824,0.2523518314362044,0.5163832162629387,0.5905407667160034,0.5040645599365234,0.5675713419914246,0.5836763381958008,0.5676173073434543,0.4956244898251819
0,0.2433373669477438,0.2898062765598297,0.0876106542726369,0.3150236818664619,0.4322035312652588,0.3398072421550751,0.26651209592819214,0.2975645959377289,0.3090865901640633,0.2856500813270675
0,0.3326678086093468,0.21921779215335846,0.011509699215931094,0.17184365892624862,0.3007418215274811,0.14012522995471954,0.3854740560054779,0.46707266569137573,0.3409540140416454,0.25905516671145035
1,0.9350808688446612,0.976318895816803,0.9771790464603033,0.9606554952716154,0.9628222584724426,0.9954054355621338,0.9300082921981812,0.9548190832138062,0.888465618139345,0.9608915788362375
0,0.4320791511766351,0.6408001780509949,0.4533485485535883,0.6034055768524385,0.48961716890335083,0.5262800455093384,0.466511994600296,0.5756801962852478,0.5449099593109642,0.5230926481064424
0,0.45790209223194617,0.7491894960403442,0.7085203260516889,0.6956831145383062,0.5885193943977356,0.6525865197181702,0.6511235237121582,0.594203531742096,0.679867335112916,0.6350894868272183
0,0.48029561514508695,0.4146532714366913,0.31705939776702385,0.6396984894480863,0.39251142740249634,0.4387292265892029,0.445877343416214,0.3955322504043579,0.40474748503964353,0.44050749932306266
0,0.5532724069489712,0.7826437950134277,0.9473516224369822,0.7386845853923932,0.5091444253921509,0.6943889260292053,0.4453122019767761,0.5224454402923584,0.6071432288167774,0.6431161820136186
0,0.177736477053253,0.19682663679122925,0.06463001216269969,0.22565077359869737,0.2827761471271515,0.2944193482398987,0.2580409348011017,0.2423459142446518,0.25480969784014446,0.21910768186708957
0,0.29297458466930254,0.4559346139431,0.3550966228710786,0.4874353072972776,0.4119390547275543,0.3757689297199249,0.4799867272377014,0.4284588098526001,0.45639202043369687,0.4112252435425844
0,0.24987132880494273,0.41464048624038696,0.5133003533230807,0.11971602290521446,0.4657399356365204,0.19077743589878082,0.2642394006252289,0.18207143247127533,0.37967330661821974,0.2993039368681878
0,0.24453208582822597,0.11669699847698212,0.025177412256285996,0.1540279035821732,0.3892776668071747,0.16912789642810822,0.3352871537208557,0.3136441707611084,0.2971701933420879,0.2226794860142079
1,0.5802958362892336,0.7465564012527466,0.6263774363515969,0.6983026999884251,0.745488703250885,0.6833047270774841,0.7312552332878113,0.6694057583808899,0.7397161753717661,0.6855421114988607
0,0.23095364123439258,0.15372231602668762,0.06295641843201806,0.22407352386423807,0.25219231843948364,0.19710080325603485,0.2609567642211914,0.13505014777183533,0.22585524875259164,0.19110124295483763
1,0.39644556295559724,0.2666720151901245,0.34810494347154397,0.33009574934941033,0.6118770241737366,0.038216568529605865,0.6378361582756042,0.41224533319473267,0.5293707934218953,0.3852397098429716
0,0.22826848215496404,0.13930454850196838,0.020499872544506904,0.20352075848071433,0.2857126295566559,0.2700403034687042,0.17362768948078156,0.1558060348033905,0.2078823346263066,0.18587847486270576
0,0.20239281777316173,0.2782668471336365,0.13889255436468223,0.12762230781224332,0.4095231890678406,0.18952864408493042,0.22354620695114136,0.2442375123500824,0.29816061550167955,0.22890656945909768
0,0.5567261666366632,0.6672560572624207,0.46110788573651695,0.5904065537571138,0.5654768943786621,0.5497851371765137,0.5818471312522888,0.5386058688163757,0.6039736834085009,0.5647085836688146
0,0.1915835080602817,0.054809872061014175,0.06087027168049276,0.023966214736412726,0.3924228250980377,0.1502169817686081,0.08223479986190796,0.17153996229171753,0.20576956892597825,0.14324411579772242
0,0.1554308723658279,0.21241144835948944,0.04154879390759163,0.15175500455927585,0.2898136377334595,0.27063700556755066,0.3270234763622284,0.3810761570930481,0.3071133196214996,0.2316873463639961
0,0.17023578826779562,0.12345045059919357,0.06516194355211542,0.10102043386829626,0.3274884819984436,0.2636357545852661,0.22211861610412598,0.23531344532966614,0.24738226200367977,0.19052175096222568
0,0.4123032200216254,0.4795500636100769,0.4172636010320328,0.34645072866222965,0.5114777088165283,0.5364713072776794,0.43715813755989075,0.4261292815208435,0.4879912797660782,0.4460210076656165
0,0.1600203452972762,0.21101726591587067,0.05460587872997033,0.1885092329066306,0.31249523162841797,0.1390095353126526,0.2574578821659088,0.216640904545784,0.2601850467573019,0.19482748057910973
1,0.543956303259561,0.577772855758667,0.3771965114599565,0.5784961002910461,0.5582567453384399,0.556089460849762,0.5789971947669983,0.5080118179321289,0.5663197192993383,0.5361556231284533
1,0.4136938924481132,0.6342566013336182,0.6432989723121981,0.538341875309996,0.5503686666488647,0.509924590587616,0.4351324737071991,0.48500800132751465,0.5549707654139125,0.5241542775212249
0,0.40465455405495404,0.48179134726524353,0.09468591949155676,0.31761656765891116,0.5755651593208313,0.35228198766708374,0.3933872580528259,0.4941323399543762,0.4671449224172952,0.3937717934559214
0,0.32153346614936235,0.3877672553062439,0.4650939822522527,0.3331383226128523,0.46019402146339417,0.22203144431114197,0.32198262214660645,0.32745590806007385,0.3996961003077295,0.35475668239997715
0,0.13747363516619876,0.10578324645757675,0.08046178383888877,0.08223812930655207,0.1635688692331314,0.1088089868426323,0.21709996461868286,0.15867605805397034,0.2065070397871875,0.13332983118644992
0,0.5016697114476444,0.6750754117965698,0.4734116523283709,0.7235582853897056,0.5437093377113342,0.36158230900764465,0.5610342025756836,0.5696428418159485,0.5906925851195373,0.552066293465338
0,0.5322277207437358,0.7234479188919067,0.8437769385579552,0.6647819596537243,0.520191490650177,0.4548405706882477,0.44819387793540955,0.47650712728500366,0.5829120122082698,0.579304433209503
0,0.5228178871934938,0.3793761730194092,0.7404159825424225,0.29942178453800844,0.5404045581817627,0.34557855129241943,0.429903507232666,0.4191552996635437,0.5102237374157159,0.4588102674266064
0,0.5643248131541213,0.5879092812538147,0.37523578434961435,0.5775481034718505,0.5244190692901611,0.7621269822120667,0.41711685061454773,0.532155454158783,0.5053546242062217,0.5419513011101986
0,0.5601529539283949,0.5105158090591431,0.6710910054391869,0.5775042893924509,0.5443927049636841,0.5873039364814758,0.567410945892334,0.6143820881843567,0.600402754954247,0.5781297357193886
0,0.19770062067476105,0.08138249069452286,0.08387226623854363,0.146516204560402,0.3246689438819885,0.1840229630470276,0.22917290031909943,0.3147285580635071,0.25335081631259,0.19784819263655345
1,0.7492416107245083,0.7525739669799805,0.9174109675060345,0.754537432491326,0.749473512172699,0.7584648728370667,0.7559602856636047,0.6338590979576111,0.7639679905027383,0.7568540509025014
0,0.1402916121083656,0.10543227940797806,0.011741885500227497,0.12604841032033576,0.26752322912216187,0.15757521986961365,0.2742903530597687,0.23978394269943237,0.24261021268956962,0.1681843106229787
0,0.32049940927010595,0.23713357746601105,0.1839801856609978,0.32406015975139324,0.5005047917366028,0.3035907447338104,0.1924876868724823,0.2863463759422302,0.29639107074090215,0.2947295161905069
0,0.3658822901082186,0.12745483219623566,0.03685248200807942,0.20251659671830582,0.40513482689857483,0.4455600380897522,0.6475721597671509,0.48059484362602234,0.4396725304900143,0.34440594862586704
0,0.2839558244518514,0.15890909731388092,0.05221886200641302,0.15923200505459087,0.5045186281204224,0.32762080430984497,0.19110918045043945,0.28500989079475403,0.2807811660134829,0.2480935214399513
0,0.5913818902070296,0.16752785444259644,0.4845744225597004,0.18463185263349233,0.7866570353507996,0.8566588163375854,0.821603000164032,0.7994359731674194,0.7132360219094921,0.5909639382052149
0,0.5810058739283916,0.6628313064575195,0.5936540266652671,0.7045387777117003,0.687472403049469,0.32828477025032043,0.6401050090789795,0.6348022222518921,0.6751258268143587,0.6058708665426428
1,0.6305166374607167,0.7864685654640198,0.9303935609113997,0.7053741125093731,0.5590190887451172,0.6095860004425049,0.5795555114746094,0.5375550389289856,0.6686376047978831,0.6634152342596226
0,0.6954622312840921,0.67790287733078,0.6291721869236288,0.7135329267507248,0.6606993675231934,0.6114813089370728,0.7673367261886597,0.7050491571426392,0.7268168725738923,0.6838511627941617
0,0.296540902318279,0.12347341328859329,0.2898593035893868,0.3187723243338858,0.2654207944869995,0.19434170424938202,0.26303723454475403,0.14618849754333496,0.23868960208659218,0.23668400754243463
0,0.6867952680779829,0.367996484041214,0.19123602988866056,0.5154015038786417,0.6180995106697083,0.7448874115943909,0.7240873575210571,0.7032740116119385,0.6100623007814229,0.5737828055556629
0,0.16554730449002988,0.06588499993085861,0.027249112564295828,0.13791450777813488,0.32751259207725525,0.1766190528869629,0.22876134514808655,0.31479352712631226,0.24674937541575975,0.18356937882928206
0,0.18157010657202502,0.1868823766708374,0.11059222785345682,0.22943684482803423,0.19538220763206482,0.13355140388011932,0.16014397144317627,0.1256444901227951,0.19907215999966085,0.16573840904342557
0,0.5681090295391614,0.886360228061676,0.9652036560922094,0.7857403470679201,0.39018362760543823,0.39137542247772217,0.43128904700279236,0.2742196023464203,0.5428992441359048,0.5801341143145649
1,0.3397392362616393,0.43278929591178894,0.5234579008355256,0.36224452777509814,0.450859397649765,0.24931426346302032,0.39065447449684143,0.39220666885375977,0.4503722492317755,0.3924535200885878
0,0.2752146278408645,0.2618621587753296,0.14651545061873053,0.26804640386011674,0.3268625736236572,0.1905626803636551,0.3402611017227173,0.3299036920070648,0.32091799873494475,0.269886797284387
1,0.7430042021981257,0.829806387424469,0.8829283626502474,0.8304660214704398,0.7425488829612732,0.8902578949928284,0.6912454962730408,0.8166919946670532,0.7787011582609652,0.8009823053432601
0,0.45376590452422405,0.3181169331073761,0.18064419275764115,0.3148929269907723,0.33786067366600037,0.20615781843662262,0.2812820076942444,0.5628708004951477,0.35988904390589366,0.33550672579758944
0,0.680370887697406,0.7824569344520569,0.8189905959977822,0.7634030647255681,0.6166964173316956,0.6852227449417114,0.6424393653869629,0.6437942385673523,0.7038049016517675,0.7018927645158568
0,0.26376509589655023,0.12366312742233276,0.012470339322808142,0.14121636784330438,0.41887345910072327,0.037554603070020676,0.3783668875694275,0.3881871998310089,0.33228400793404284,0.22645072400325278
0,0.48084399792775523,0.3840092420578003,0.31601416822075495,0.4686222653581175,0.5242780447006226,0.5209890604019165,0.5341548323631287,0.582969069480896,0.5165283911837797,0.47873763694179017
0,0.07786031331308992,0.04317836835980415,0.006957013114749477,0.07376077707593519,0.16597692668437958,0.08854088932275772,0.12249356508255005,0.07250956445932388,0.16150037707510156,0.08257298126521473
0,0.5094145134425019,0.6196402907371521,0.21643291228008646,0.47063228094385506,0.5124582052230835,0.5079032778739929,0.4712456464767456,0.6318666338920593,0.5425144443851352,0.4956174949065691
1,0.47107806040731126,0.883419394493103,0.9696135545362095,0.857025179390715,0.5077477097511292,0.4905427098274231,0.5286288857460022,0.40490788221359253,0.6272281631822715,0.6329956529851948
0,0.3978072941691614,0.42766109108924866,0.5954055549460201,0.26503784312592427,0.539006233215332,0.540887713432312,0.6909263730049133,0.5840763449668884,0.6361486358344692,0.5062772045244333
1,0.39842540702441875,0.4318293333053589,0.6040243961382614,0.45203379269591204,0.5404900312423706,0.4699467718601227,0.5366858839988708,0.5721796154975891,0.5658122037094888,0.5004500016632043
0,0.3267578048637093,0.347366601228714,0.1748497427942326,0.3681607231781789,0.27595141530036926,0.6250743865966797,0.13131491839885712,0.43324172496795654,0.27558771431057827,0.3340377395117196
0,0.07786031331308992,0.04317836835980415,0.006957013114749477,0.07376077707593519,0.16599474847316742,0.08849317580461502,0.12250129133462906,0.07244770228862762,0.1614970195094447,0.08256255823713833
0,0.5041980419795997,0.355293869972229,0.11525034158497761,0.4571362542525812,0.5603652000427246,0.486867755651474,0.5909557342529297,0.5886875987052917,0.5180820311716056,0.4621987398868096
0,0.18742177020318215,0.07692144811153412,0.002488960663580963,0.07552455248806733,0.4407097101211548,0.4491659998893738,0.30545517802238464,0.27767205238342285,0.2874755791833313,0.22971558113151685
0,0.5265548948845808,0.3760335445404053,0.17316872289477278,0.43062201113299325,0.558161735534668,0.5512439608573914,0.5824059247970581,0.5082221031188965,0.5105212742641693,0.4670507237192452
0,0.40324735532909606,0.5970954895019531,0.7254877033505513,0.6307108616081187,0.2597476541996002,0.4484502375125885,0.3026384115219116,0.42944517731666565,0.41780314365141535,0.4694554723645406
0,0.7676943778886486,0.876631498336792,0.9586928369512452,0.7939850199707992,0.6182858347892761,0.7720316052436829,0.7253431677818298,0.7155324816703796,0.7671012196946257,0.7755936070583616
0,0.401157280492497,0.6763728260993958,0.7790117153588092,0.3146321958325367,0.24769829213619232,0.048624731600284576,0.22049424052238464,0.26572418212890625,0.4017908870764536,0.3660012396901957
0,0.39171177764353954,0.3015791177749634,0.6548977204693509,0.3116795383932885,0.3456416130065918,0.011136365123093128,0.210282102227211,0.47046270966529846,0.3682702136295593,0.33659817045112445
0,0.37947043343952186,0.48690614104270935,0.5372916490521042,0.45897010095921187,0.2599102258682251,0.14097903668880463,0.23531211912631989,0.20967867970466614,0.3205801943835099,0.3360416384676308
0,0.10604820724810718,0.05705306679010391,0.00858919873596811,0.0738104955447675,0.11049467325210571,0.10326089709997177,0.12002666294574738,0.11865111440420151,0.16089463339395443,0.08841876281265718
0,0.5587022698620401,0.5363802313804626,0.48626449619661505,0.635527856132382,0.5481116771697998,0.5255454778671265,0.5301172137260437,0.5824575424194336,0.5606313990637611,0.5507758005151138
1,0.9218032519100271,0.9291518926620483,0.8910209788531251,0.937015420707174,0.9418306946754456,0.9233303666114807,0.92281174659729,0.9045648574829102,0.872726204676099,0.9216356979709545
0,0.10903579829898445,0.07954515516757965,0.003000647542213014,0.0705275329308287,0.20321471989154816,0.08425566554069519,0.12279626727104187,0.12474434077739716,0.17751870929669553,0.10143172530961037
0,0.24059824040306302,0.13235537707805634,0.025356348513179656,0.15685145238619322,0.40349647402763367,0.1958007514476776,0.37947240471839905,0.3853932321071625,0.33056055556972064,0.24459588327082987
0,0.3420388068867312,0.436343252658844,0.30243845822018606,0.38301631166080585,0.4667758345603943,0.2026893049478531,0.2651001214981079,0.18694928288459778,0.3412424616346859,0.32344591577042425
0,0.4748873783217924,0.36878150701522827,0.23594541124120616,0.43054944554393,0.5307744741439819,0.6052875518798828,0.5916913151741028,0.5596256852149963,0.5244974819408816,0.4775446045213426
0,0.5979019974757908,0.44006219506263733,0.5743488744182702,0.393390445999255,0.5320693254470825,0.5485134124755859,0.5572972297668457,0.6193246245384216,0.5834943569801657,0.5339037380701055
0,0.5309351378652449,0.7092036008834839,0.4352693567736814,0.731962396235864,0.5588640570640564,0.7438615560531616,0.7098707556724548,0.6100450158119202,0.655683740829766,0.6289433602961898
0,0.30484716218051444,0.312372624874115,0.4112277506053198,0.3748601323792788,0.5504970550537109,0.5425405502319336,0.6595419049263,0.5776260495185852,0.5716887978221994,0.4683932730905571
0,0.569149279033446,0.665760338306427,0.6136715703885992,0.6605487061415732,0.5621309876441956,0.6206575036048889,0.595779538154602,0.5632295608520508,0.6241472725250351,0.6053492138770276
1,0.4947463674485089,0.2893253266811371,0.06990328953196905,0.3182036039977021,0.6369431018829346,0.41219592094421387,0.5662184357643127,0.5458751320838928,0.509848650545073,0.42291970986886646
0,0.36320263728712987,0.20066124200820923,0.09126248992269544,0.4880922557661513,0.4257982075214386,0.33851659297943115,0.42314955592155457,0.4248014986515045,0.3522764047665301,0.3472796379086788
0,0.1575281841123083,0.21206839382648468,0.1048450576182514,0.24413620306594508,0.23598067462444305,0.1477513611316681,0.15208132565021515,0.11862020194530487,0.20500811895608195,0.1718478301779381
0,0.3939122326596515,0.407251238822937,0.3879440416008012,0.48453110478400524,0.5131326913833618,0.4691561758518219,0.40207621455192566,0.3058222532272339,0.4182382553453069,0.4197888683664671
0,0.20885423684748808,0.27074316143989563,0.7044785532240903,0.26328933031869367,0.3379857540130615,0.11708786338567734,0.1018533706665039,0.13528241217136383,0.271908786725167,0.26295220166761524
0,0.5628723563673799,0.603539764881134,0.4463182205621654,0.6551127986736376,0.6314897537231445,0.5878362655639648,0.4863952696323395,0.47025585174560547,0.5490424254027114,0.5553413214457037
1,0.07767214989340712,0.011951431632041931,0.0016524278749515107,0.023161483387588055,0.21007698774337769,0.19034746289253235,0.17208346724510193,0.12267983704805374,0.18220959833567776,0.10277013663176013
0,0.5487127692180048,0.48303478956222534,0.6159310439860107,0.4797983972829113,0.5613173842430115,0.5400410890579224,0.5855545997619629,0.5176793932914734,0.5864154433966419,0.5413855355155428
0,0.30402255830765246,0.312372624874115,0.18354265869063408,0.366581775786003,0.5498002171516418,0.542605996131897,0.6595933437347412,0.5774735808372498,0.5455022333780197,0.4407320993034701
0,0.29812897976783154,0.2419622540473938,0.5664978240396067,0.2706599341419855,0.4652751684188843,0.31644296646118164,0.26376765966415405,0.3259648382663727,0.3651475045786675,0.34189720844111465
0,0.3406584015700452,0.31249597668647766,0.27734751426966786,0.24233239926232553,0.603166937828064,0.3141358494758606,0.6358639001846313,0.6967763900756836,0.5966653812941153,0.43347152301172115
0,0.7637000036563508,0.7386534214019775,0.7117916729804636,0.6846380663546706,0.7516635060310364,0.7515588998794556,0.8015528321266174,0.7457640767097473,0.7781888314726603,0.7446222543326155
0,0.2900696640106862,0.14676937460899353,0.22854455420880798,0.2557204272276645,0.2884944975376129,0.29381492733955383,0.34162890911102295,0.38593554496765137,0.31028551604725946,0.28029961807192155
0,0.5341474832356179,0.3906559348106384,0.164170442003851,0.5605107414018782,0.546539843082428,0.5853530764579773,0.5672454833984375,0.6159083843231201,0.5164972946261686,0.49903908810593844
0,0.12038021665538849,0.03168603405356407,0.015096694944616169,0.06539263445631208,0.18676228821277618,0.017024245113134384,0.14583003520965576,0.09968120604753494,0.17183028176368972,0.08730702637131546
0,0.1422667312272498,0.060254089534282684,0.03215512972426373,0.1158784893241738,0.1645141988992691,0.1112031415104866,0.21753501892089844,0.15768587589263916,0.19439644718895122,0.12703106435584716
0,0.2691460546422429,0.281200110912323,0.22705207806248665,0.33583935387447145,0.4819642901420593,0.1918129175901413,0.16451247036457062,0.17552216351032257,0.2764840857689154,0.26622777764591204
1,0.423533971522522,0.6170649528503418,0.5747491399495709,0.6341502242548358,0.6260215044021606,0.6614716649055481,0.5672745704650879,0.5663179755210876,0.6173449331181043,0.5825079992689013
0,0.22813722295934613,0.43012890219688416,0.06421922871476961,0.26268542542704376,0.40093743801116943,0.17979900538921356,0.15345005691051483,0.1600896418094635,0.27176589040602117,0.2364544044731945
0,0.1958648466353788,0.07132263481616974,0.023030591923545597,0.11137385205087434,0.2676478326320648,0.1293037235736847,0.27263081073760986,0.24706000089645386,0.23938207711757656,0.16803376011109833
1,0.479803940340376,0.3840092420578003,0.11572651574240321,0.4686222653581175,0.5224123597145081,0.5290077328681946,0.5339719653129578,0.5841163992881775,0.492422245798706,0.45616590735179385
1,0.7355971175050297,0.7452352046966553,0.783812151281682,0.6913663481637896,0.6888720989227295,0.8478628993034363,0.6947373747825623,0.7330483198165894,0.7431638162663702,0.7387804940053708
0,0.10443547878250108,0.05932929366827011,0.0009346799147132681,0.0911406936074781,0.1623803973197937,0.11865340918302536,0.11001528054475784,0.14977264404296875,0.16844409356655668,0.1009667849262882
0,0.1470299132036961,0.24495495855808258,0.234818669629058,0.16071242856472767,0.34379640221595764,0.11882141977548599,0.09944140166044235,0.13761000335216522,0.23302238721103277,0.18573261004677163
1,0.5809066878895415,0.7577477693557739,0.7986702767086721,0.7357113037200153,0.5613906979560852,0.41391652822494507,0.6444804668426514,0.6268410086631775,0.6860460146495555,0.6387752128549322
0,0.07032759620107411,0.04919698089361191,0.0017410192640725428,0.03716232008998939,0.16041366755962372,0.07595889270305634,0.11267604678869247,0.07811713218688965,0.16161057295052142,0.07456535522417233
1,0.6959274017930137,0.7005560398101807,0.8499229689548052,0.6657634342768737,0.6875141263008118,0.6326242685317993,0.69768226146698,0.7281875014305115,0.7433259231326679,0.7065531914091928
0,0.36713808479388055,0.021190369501709938,0.01695020912831112,0.029626805465852588,0.32809025049209595,0.5736175179481506,0.41332077980041504,0.33901217579841614,0.30235243430781517,0.26452703546176853
0,0.6551625218954014,0.8308104276657104,0.7969055616719856,0.7758379348710842,0.5135325789451599,0.44771334528923035,0.6368452906608582,0.5481609106063843,0.6694415281331192,0.64878099319975
0,0.3316160486645899,0.11319805681705475,0.026993630822623862,0.09190941356335976,0.43546247482299805,0.3172930181026459,0.44322118163108826,0.36208879947662354,0.3549063512317489,0.27027336100532867
0,0.12524755206695287,0.018284771591424942,0.07826709338133339,0.028623032085448356,0.28281015157699585,0.2853618562221527,0.17856831848621368,0.12995880842208862,0.2015880025537617,0.14180720444282374
0,0.16497183762208004,0.13328205049037933,0.032075185177691895,0.14827909056656682,0.287171870470047,0.27310264110565186,0.3347194194793701,0.38148021697998047,0.29313438344398984,0.22252194230603856
0,0.31057884370497724,0.2755480110645294,0.4027359900706441,0.30487222469672925,0.33085769414901733,0.16945531964302063,0.22895127534866333,0.3151632845401764,0.3094751400359673,0.29194856901256233
0,0.08072751773205226,0.037631649523973465,0.0027966595510768334,0.057389375362220905,0.09240008145570755,0.003113482380285859,0.09217505156993866,0.00710575096309185,0.13929469385606982,0.04764563424866322
0,0.4068831283864731,0.20865245163440704,0.3922703546284297,0.2676812942475537,0.4797949492931366,0.680804431438446,0.4339587390422821,0.4367533028125763,0.423767880520468,0.413163874538763
0,0.1380627268012157,0.10410596430301666,0.02088459151311043,0.1395229362603254,0.48239865899086,0.19788187742233276,0.16297675669193268,0.16917403042316437,0.23888585628210757,0.1792750785211126
0,0.06890526610398673,0.016973650082945824,0.00015808096092384901,0.027090950583467693,0.16051946580410004,0.07602200657129288,0.11265506595373154,0.07847955822944641,0.15808076363444282,0.06902236976479832
1,0.16982438566760596,0.10951270908117294,0.0041508211857141115,0.04137191217370664,0.19469738006591797,0.20732197165489197,0.2234562635421753,0.21566948294639587,0.21803817151408272,0.14820695163724174
0,0.4393422181172673,0.5587872266769409,0.5208857172791876,0.6486343881504146,0.3823600709438324,0.3546808063983917,0.3799188733100891,0.39839452505111694,0.4344007474440416,0.458412158462462
0,0.6969997869916499,0.7504495978355408,0.5902737483858727,0.7614066448410256,0.6537451148033142,0.8943902850151062,0.719330370426178,0.7459349036216736,0.7241440517788873,0.7262718794087737
0,0.35898999424209777,0.30888667702674866,0.0883008822439755,0.16708570718943114,0.5438119173049927,0.4441705644130707,0.46527284383773804,0.4536353051662445,0.4502339858950996,0.35836111242183366
0,0.3762355492225513,0.37834951281547546,0.1254815646880367,0.37467012794557697,0.5148152709007263,0.37380489706993103,0.5564500689506531,0.5249756574630737,0.4948549159441142,0.40761576233008157
0,0.22846383833745226,0.1963341385126114,0.06958487599932005,0.1965629179507947,0.49682652950286865,0.28826242685317993,0.19309711456298828,0.2885071039199829,0.28679273196890326,0.24712251441655775
0,0.12443386532202448,0.07528743892908096,0.03312663452032953,0.12524676029544257,0.16182833909988403,0.1704958975315094,0.12098988145589828,0.14087551832199097,0.17201879071485918,0.11978944281545748
0,0.6090780030476886,0.4146231710910797,0.2126027958579386,0.37982449152788794,0.7579728364944458,0.7333367466926575,0.800819993019104,0.739854097366333,0.6963655933937234,0.5871580119065744
0,0.4328484882938368,0.7447311282157898,0.815657344365664,0.6813288316480106,0.4876200556755066,0.6534369587898254,0.4337390065193176,0.4371478855609894,0.5617534017494136,0.5803110103825783
1,0.6077155716752196,0.6707425713539124,0.8413498772470654,0.7261219603760495,0.5661037564277649,0.48693954944610596,0.687322735786438,0.5949814915657043,0.6824692296228103,0.645948959951709
1,0.9295994126732006,0.9825775027275085,0.9978714273540061,0.9585322795260852,0.9448951482772827,0.9943654537200928,0.9327767491340637,0.9895325899124146,0.8917335030209339,0.9655464252774646
0,0.07482829238414042,0.04841165989637375,0.008527656955031502,0.1019254387772129,0.16593684256076813,0.08884671330451965,0.12244220823049545,0.07286036759614944,0.16096823490133252,0.08647814466534648
0,0.1294976902670534,0.07122659683227539,0.04711524094399027,0.08561292559659478,0.12720084190368652,0.08546099066734314,0.07170148938894272,0.038425058126449585,0.14802447454808088,0.08242852193006756
1,0.5487127692180048,0.48303478956222534,0.4895116574840996,0.4797983972829113,0.5613282322883606,0.5400620698928833,0.5855430364608765,0.5177354216575623,0.5717603678740911,0.5267022650561717
0,0.2875001760407601,0.07487785071134567,0.043322719602132534,0.20328911445427555,0.495084673166275,0.28609851002693176,0.4044358730316162,0.30840685963630676,0.32991129919655204,0.26701919992975
0,0.5215373085407361,0.5140466094017029,0.4305160222242098,0.44941765163333136,0.4977891743183136,0.799781858921051,0.490764319896698,0.5671972036361694,0.5347254826186422,0.5333933505678863
0,0.4416301988318103,0.35741400718688965,0.07250498043045348,0.42996162889467426,0.5845844745635986,0.6006504893302917,0.5330188870429993,0.525490939617157,0.48653427725727283,0.44705569296463865
0,0.10062641683294865,0.038299720734357834,0.002867414384823594,0.08280193363318313,0.36461973190307617,0.1605578511953354,0.15828344225883484,0.12061312049627304,0.2025879454044616,0.13069185838922898
0,0.07786031331308992,0.04317836835980415,0.006965326045257759,0.05814574526109283,0.16593079268932343,0.08871190994977951,0.12245811522006989,0.07276006788015366,0.16224766435978705,0.08073635252946534
0,0.3701271992130717,0.3399004340171814,0.05324662708457256,0.2544527365259532,0.00028573605231940746,0.00013027085515204817,0.479214072227478,0.04189904406666756,0.2535907498112021,0.19525893040326517
0,0.5533387935921208,0.5773529410362244,0.6792466569747272,0.5666907601859658,0.6629971265792847,0.5727307200431824,0.6238088011741638,0.6236653923988342,0.6643486548922702,0.6073903083672513
0,0.248769842032458,0.19333115220069885,0.07916943454550678,0.1863656394179605,0.4477252960205078,0.24017000198364258,0.30394136905670166,0.305288165807724,0.3155859635500585,0.25382561246567326
0,0.21514792097127125,0.05932420864701271,0.19221913145705075,0.07215184297643358,0.29299741983413696,0.27386608719825745,0.2922818064689636,0.1538374125957489,0.2493615670863721,0.19494609518401154
0,0.33137530321240893,0.1877206265926361,0.07157345803192824,0.1347131185820555,0.31051355600357056,0.34130868315696716,0.44576403498649597,0.3654135763645172,0.3457899485027841,0.2773852857686595
0,0.4213322028412317,0.37130674719810486,0.3862641784205519,0.5017229344277722,0.5168626308441162,0.37373659014701843,0.5615485906600952,0.5294467210769653,0.5164460829361792,0.45968324261264837
0,0.1950329196247487,0.0848754271864891,0.009325979678732079,0.13858806486675845,0.31603318452835083,0.13422097265720367,0.23503568768501282,0.21356908977031708,0.23187763502363226,0.16888189836053935
1,0.15467018355208173,0.16217631101608276,0.07795810303946255,0.1524165713402301,0.164637491106987,0.1506291925907135,0.16334065794944763,0.17875312268733978,0.20069277655718443,0.1514871799535234
0,0.33142791717522824,0.051523830741643906,0.0182417148788306,0.11863242814888086,0.4822544455528259,0.7560468316078186,0.3479081988334656,0.41207045316696167,0.32666895706768745,0.31719809645222496
0,0.7373910854991911,0.7666966915130615,0.7712757289739891,0.7431421159841214,0.7257954478263855,0.8501089215278625,0.6196333169937134,0.6120133996009827,0.7062044578990282,0.7259808651596598
1,0.7106532693616936,0.8876057267189026,0.9234244264021657,0.7841504865443246,0.7562604546546936,0.7614884972572327,0.7555845975875854,0.8077688217163086,0.8098186331465991,0.7967880645744263
0,0.42340547750583096,0.5723145604133606,0.45382301708124045,0.5164574081834763,0.4443165361881256,0.4678950607776642,0.5625496506690979,0.49038228392601013,0.5430904687117417,0.4916242212175794
0,0.16977505473943527,0.04243700951337814,0.004904284636440918,0.0677551556512074,0.4149869978427887,0.30567264556884766,0.3486971855163574,0.2180980145931244,0.2795944981484851,0.1999207316179056
0,0.5810058739283916,0.6628313064575195,0.5936540266652671,0.701863633982342,0.687578558921814,0.3285113275051117,0.6400961875915527,0.634843647480011,0.6753553186065424,0.6055937686084891
0,0.46614908987290965,0.592190146446228,0.6108826539169188,0.4843269714856714,0.4722731411457062,0.31185510754585266,0.2665223181247711,0.3357095420360565,0.4329102287003612,0.44029715310419454
1,0.29161542712528316,0.08521277457475662,0.003845316451080922,0.09891327862622866,0.412317156791687,0.2908824682235718,0.42269453406333923,0.3695870339870453,0.3358508959466763,0.2519040926378315
0,0.4695470528507679,0.8320689797401428,0.8669630878441568,0.6601681915086871,0.43458259105682373,0.5557982921600342,0.598129153251648,0.40637752413749695,0.6284483494747135,0.5983444503789904
0,0.5341474832356179,0.3906559348106384,0.164170442003851,0.5599014549159071,0.5467458963394165,0.5852965116500854,0.5672239661216736,0.6161346435546875,0.5166409792346104,0.4990121887956329
0,0.1519568353133343,0.07255425304174423,0.01515425361141433,0.13886913600119824,0.32949119806289673,0.16986708343029022,0.22881510853767395,0.3157654404640198,0.24734155100845984,0.18093552676036057
1,0.4638424501486449,0.756482720375061,0.6911555706835976,0.6224630126592233,0.4339603781700134,0.5756700038909912,0.5714770555496216,0.5599943399429321,0.6176370137125448,0.581961396066641
0,0.4090050505439282,0.38296836614608765,0.26522144592149416,0.3831451002061072,0.5006913542747498,0.503337562084198,0.5732166767120361,0.5661424398422241,0.5231321968977467,0.4508680207517513
0,0.5742686225172956,0.46435126662254333,0.528827349188562,0.5964606353350304,0.5803046822547913,0.5111242532730103,0.5683454275131226,0.6337980031967163,0.5851973000755802,0.5581274016822932
0,0.30890396003854825,0.2159826010465622,0.025939763409512408,0.40916473684499743,0.5208043456077576,0.45752283930778503,0.4441174268722534,0.47887375950813293,0.3944927042124523,0.3613015241090286
0,0.46204816291172734,0.7547209858894348,0.7644312121552496,0.7706183448472884,0.5339251756668091,0.37417474389076233,0.4153262972831726,0.4916224479675293,0.5668031523230509,0.567470067998078
0,0.7059020484332282,0.6167696118354797,0.17901744690851848,0.6915321500947557,0.715749204158783,0.8808414340019226,0.6735144257545471,0.5916438698768616,0.6292372510101418,0.6348673084817136
0,0.13245324989662374,0.47769179940223694,0.01705310556973883,0.38453654202068843,0.27906376123428345,0.052599795162677765,0.050781529396772385,0.04862618446350098,0.20240903894236123,0.18040035128890455
1,0.9320624363032745,0.9754323363304138,0.9911409009228326,0.9468266846075711,0.9635822772979736,0.9974049925804138,0.924563467502594,0.9509172439575195,0.888456307332236,0.9594669969705405
0,0.46385142199876533,0.5290052890777588,0.278665917071103,0.5158758745775043,0.6310148239135742,0.6707063317298889,0.5074083209037781,0.36411821842193604,0.5091551621982318,0.49572988443972804
0,0.5465879165309437,0.45675864815711975,0.5098547537888269,0.689678549244677,0.5524269938468933,0.5513192415237427,0.546549379825592,0.5773319005966187,0.5467971873590787,0.5536264450578928
0,0.28743410173789863,0.32413622736930847,0.7366076060721798,0.4535994680676035,0.2313319742679596,0.2888278663158417,0.18753421306610107,0.21710412204265594,0.29020659090649553,0.3349796834902299
1,0.704753567912646,0.7165676355361938,0.5788851762329601,0.7864291683403951,0.7886912226676941,0.8552177548408508,0.7961385250091553,0.718618631362915,0.7579015609724519,0.7439539975953011
0,0.3348789654240863,0.26823368668556213,0.08699118217793102,0.13787611004313896,0.48294124007225037,0.0033160564489662647,0.4797375798225403,0.20398640632629395,0.3826207660785772,0.25546628518932785
0,0.1600203452972762,0.21101726591587067,0.05460587872997033,0.1885092329066306,0.31249523162841797,0.1390095353126526,0.2574578821659088,0.216640904545784,0.2601850467573019,0.19482748057910973
0,0.16505893597487567,0.20749935507774353,0.13679440775497928,0.14936188062680586,0.14112034440040588,0.03825769200921059,0.20799966156482697,0.22935600578784943,0.22736324641989103,0.1609245780031559
0,0.1380627268012157,0.10410596430301666,0.02088459151311043,0.13112462910878567,0.48240765929222107,0.1978490650653839,0.16296173632144928,0.16925521194934845,0.2394232569198608,0.17826980066701173
0,0.32445635225006453,0.04570154473185539,0.013298990781727965,0.037510154449734746,0.45630133152008057,0.40372753143310547,0.5216480493545532,0.5157755017280579,0.4068640383400906,0.2959776516927791
1,0.7658240295113611,0.6942936182022095,0.6395595669391282,0.7531399215279456,0.7308794260025024,0.8098973035812378,0.797578752040863,0.704950213432312,0.7492353097581225,0.7376595987994868
0,0.07632207184897088,0.03691984713077545,0.0006905272313333908,0.049982951166356676,0.16834597289562225,0.07570605725049973,0.11280249059200287,0.0788612812757492,0.16056555662010846,0.0763358528457109
1,0.7181550887448374,0.8588479161262512,0.6614805170135571,0.7883351477242513,0.7159443497657776,0.660198986530304,0.7446063160896301,0.6826956868171692,0.7563487891125936,0.72924557948578
0,0.38457175970500734,0.3755762279033661,0.1356003614823615,0.326898771477064,0.46689167618751526,0.49767187237739563,0.46361371874809265,0.4251347780227661,0.43187643857213365,0.3872781977531235
0,0.2539050611474858,0.10651560872793198,0.11879321975121875,0.09283305303143083,0.48830321431159973,0.22805340588092804,0.574737548828125,0.2155999392271042,0.3919359858372477,0.26445337393553286
0,0.06740820071330203,0.014698357321321964,0.0016861202740947317,0.036970796744000375,0.06314846873283386,0.00238060369156301,0.057962656021118164,0.004445172846317291,0.12822538747525833,0.03179240188337297
0,0.16431760963130923,0.18762724101543427,0.22136198804235163,0.23198636762759292,0.33047768473625183,0.11312252283096313,0.10347025096416473,0.13056617975234985,0.21618773421664852,0.1850326770162131
0,0.08301300630195017,0.030535904690623283,0.002969169220524501,0.044749852827391884,0.09326908737421036,0.003170986659824848,0.09209037572145462,0.00716038141399622,0.13913622682059834,0.04566808731695325
0,0.09616725773174367,0.02555449679493904,0.0052990838312988375,0.04166497782913838,0.19435885548591614,0.09763788431882858,0.12194820493459702,0.12604409456253052,0.170789770051696,0.0903203339647955
1,0.6018783768072093,0.6720482110977173,0.6532278383730247,0.6886212068596743,0.6230193376541138,0.5561347603797913,0.5960730314254761,0.601550281047821,0.6490156161824332,0.6235325287069631
0,0.4789246287402819,0.6557721495628357,0.5495996132973339,0.5533249679744134,0.6011825799942017,0.48570117354393005,0.511390209197998,0.510222315788269,0.5923948315940877,0.5431019895740383
1,0.6303099266953529,0.5616511106491089,0.6126069793951722,0.6234521872375367,0.6967394948005676,0.5855397582054138,0.6868704557418823,0.8040236830711365,0.7107128936511417,0.6520349119053939
0,0.3289264983233373,0.2994033694267273,0.0443934832786282,0.15606736139006466,0.4593873620033264,0.28325873613357544,0.5236673355102539,0.4482719600200653,0.44438966880765723,0.3236707970430965
1,0.40651435373834716,0.6543288230895996,0.8290710021541834,0.6821270234173786,0.5034974217414856,0.7922889590263367,0.6105583906173706,0.5699028968811035,0.6375677308699679,0.6261966322216213
0,0.26943925548502495,0.19091051816940308,0.08728115618199911,0.277733924122182,0.3226299583911896,0.24051326513290405,0.337635338306427,0.33249223232269287,0.29903712287799805,0.2599597243759144
0,0.28117974217927444,0.20102034509181976,0.06252446640935573,0.26004434018232553,0.35350754857063293,0.3755912482738495,0.19420750439167023,0.19740428030490875,0.2404258660300594,0.24157496747774207
0,0.0816884013373847,0.013521835207939148,0.0009695128572581033,0.01865085694573152,0.31917843222618103,0.08927786350250244,0.0961204469203949,0.09914866089820862,0.1786325744631883,0.09192447617281402
1,0.2999693801535576,0.4782595932483673,0.13607644946188974,0.5103975105268623,0.5565841197967529,0.5482911467552185,0.6614872217178345,0.5872941017150879,0.5694894162801457,0.4758185014186805
0,0.11919901779389983,0.051972728222608566,0.0059956054413595646,0.09047868163391912,0.2499249279499054,0.14146478474140167,0.13866622745990753,0.13330389559268951,0.18418040553354711,0.11809318764268523
0,0.5366117077813651,0.5489266514778137,0.6384431029814089,0.6453156342959407,0.5438342094421387,0.37276917695999146,0.5633110404014587,0.5717041492462158,0.589442620236644,0.5524992140811052
0,0.31476293534380134,0.19043900072574615,0.04302223767119153,0.2509685722901887,0.4638195037841797,0.6333656907081604,0.6192736029624939,0.47668689489364624,0.45320403779951696,0.37799891878201564
0,0.1617995489895945,0.04243700951337814,0.004955120329279025,0.06796208148488973,0.4182487726211548,0.31315621733665466,0.3502400517463684,0.22044607996940613,0.28111898044538297,0.20073945454173414
0,0.45861226859026194,0.28691014647483826,0.33616588658940794,0.25479969471104064,0.5535392761230469,0.38791006803512573,0.5583550333976746,0.4797215759754181,0.5091551540496073,0.41795966521356853
0,0.41969391444459625,0.4074665606021881,0.34120131185366764,0.3430432806615535,0.3932916522026062,0.7007321715354919,0.34864020347595215,0.3290192484855652,0.382054536989483,0.4088868417642707
1,0.5705310295769732,0.6809403300285339,0.8010174285797645,0.7533315087769256,0.6091967225074768,0.26361358165740967,0.5658433437347412,0.42100876569747925,0.6125986598819755,0.5814555822417855
0,0.41545211564920803,0.49211326241493225,0.11015567182353425,0.37010275014262134,0.6248293519020081,0.668550968170166,0.5671588182449341,0.5649524927139282,0.5576737459443932,0.48055419518839676
1,0.0921500008267868,0.012233938090503216,0.003801888473129643,0.0313939473034774,0.3282536566257477,0.10397706180810928,0.07320781797170639,0.08090817928314209,0.17202992291921185,0.09254781432494733
0,0.5255390800455292,0.5306722521781921,0.14420344143369,0.5827977907331526,0.5561473369598389,0.46970221400260925,0.6680326461791992,0.6052956581115723,0.5811310448553819,0.5149996206580164
0,0.11352527890340566,0.0567961223423481,0.008561415498092317,0.07397388245384068,0.3917044997215271,0.17197655141353607,0.15528015792369843,0.14933331310749054,0.21397839213690603,0.14247383658154059
1,0.5135163220302735,0.4045218229293823,0.30108767908625145,0.5373362701612675,0.5417431592941284,0.5122924447059631,0.577759325504303,0.6020340919494629,0.5378548561768346,0.5014548137514756
0,0.7335577117359062,0.6878999471664429,0.7907102614246266,0.7237737656954248,0.7557178139686584,0.7402920722961426,0.8013253808021545,0.7422147393226624,0.7745329258545304,0.746947194554724
0,0.5196503301800378,0.6243526935577393,0.6665241445216319,0.5452327657182519,0.5733272433280945,0.5707170963287354,0.428989052772522,0.45060282945632935,0.5500476765278074,0.5451123902292084
0,0.29778052846567515,0.1560177206993103,0.019185335307813814,0.350483311353803,0.530265212059021,0.3801487684249878,0.41518181562423706,0.487673819065094,0.3795474332591238,0.3338729431538845
0,0.15674864100516261,0.14095023274421692,0.008209343654635454,0.11869635541853331,0.26524731516838074,0.19936718046665192,0.231439471244812,0.17530374228954315,0.2265652653752213,0.16418229728334993
0,0.13428058697940704,0.18316006660461426,0.07826709338133339,0.2814498017570365,0.28235700726509094,0.2865639328956604,0.17857003211975098,0.1298913210630417,0.2118618705939299,0.19410140670768541
1,0.32540956420500755,0.052783846855163574,0.026490195610959243,0.12258526996388984,0.39229822158813477,0.20356595516204834,0.4345616102218628,0.44111767411231995,0.343373358449877,0.2555476851306359
0,0.5416024079317849,0.5527269244194031,0.4989747436374651,0.38822746227678745,0.5929915308952332,0.5397409796714783,0.4944871664047241,0.46149396896362305,0.5585815631613689,0.5094300866856768
0,0.08355368604289469,0.024099214002490044,0.0006480863906918091,0.03741408328072573,0.09559482336044312,0.05468807369470596,0.0813140943646431,0.08191819489002228,0.14480334252595084,0.05853724188159609
0,0.5949324071372216,0.7039476037025452,0.4967510091080687,0.6610399069927821,0.5506735444068909,0.5869138240814209,0.5863022804260254,0.5593110918998718,0.6123930935615081,0.5926795053755329
0,0.5762601492463524,0.4598460793495178,0.6257104140077208,0.6031376655213732,0.6308996677398682,0.5994672775268555,0.4869832694530487,0.46332600712776184,0.540611731205846,0.5541935277621082
0,0.4465403017358856,0.5163370370864868,0.5119233264392212,0.39743025737574533,0.4071645736694336,0.4837687313556671,0.49248433113098145,0.408212274312973,0.494545403658809,0.4573220480624968
0,0.15971055352713306,0.13410690426826477,0.03658370351391006,0.1764706514680119,0.33118072152137756,0.17001761496067047,0.22889775037765503,0.3169895112514496,0.2579318568542505,0.1970571618377123
0,0.26298783600797987,0.02527671307325363,0.022308436755301,0.023488830935510817,0.4923231899738312,0.16842614114284515,0.45275741815567017,0.3646838963031769,0.358392910291459,0.23277516224457126
0,0.3368221222070227,0.3648329973220825,0.42811136000208466,0.3583148193479189,0.25940003991127014,0.49086758494377136,0.3023413419723511,0.448774129152298,0.36023246629742134,0.3719540608968053
0,0.4395174784999839,0.23751553893089294,0.09382220233650812,0.3490773922259971,0.6155818104743958,0.46464788913726807,0.5881054401397705,0.5069066286087036,0.49285336181078104,0.41708084402333667
1,0.7328172616109271,0.7597969174385071,0.7761395683952543,0.820562894993128,0.8158233165740967,0.8788099884986877,0.7814546227455139,0.8205300569534302,0.7949967087880173,0.7976735977489464
1,0.0847582918275595,0.029585909098386765,0.0009922649506892626,0.047673023965891674,0.09577649086713791,0.054005857557058334,0.08123999834060669,0.08127691596746445,0.1449424894590964,0.06050323138945651
1,0.31934973848156895,0.3877672553062439,0.3561557937235253,0.3331383226128523,0.46021032333374023,0.22213466465473175,0.32194674015045166,0.327432245016098,0.3873189787380325,0.3418193581129453
1,0.9286255343307996,0.9719213843345642,0.9913666551635164,0.9544281554852038,0.6994049549102783,0.9501216411590576,0.9458267092704773,0.9312663674354553,0.8615611447049423,0.9199863378592876
0,0.526649039224338,0.39317333698272705,0.1614868919171073,0.42437302651792436,0.5473957061767578,0.5039021968841553,0.5670453906059265,0.5085867047309875,0.5054485026729407,0.45809904135019774
0,0.07192901678718443,0.019554605707526207,0.0020876815648616935,0.035588694348011714,0.1276584267616272,0.07930215448141098,0.07147329300642014,0.03795146197080612,0.14177824559304275,0.056491880878377324
0,0.25480598063322096,0.16524700820446014,0.27274318898581756,0.30970440815939126,0.4541495442390442,0.23560656607151031,0.3107810914516449,0.30896419286727905,0.32504542251815854,0.29009923522277214
0,0.1528569328986834,0.06833840161561966,0.018718743614193137,0.12251728508284157,0.2987484931945801,0.2359006702899933,0.25772592425346375,0.23208904266357422,0.23691367966985155,0.17577831009274558
0,0.41618152782730383,0.29501694440841675,0.2004174978275203,0.5038637075993714,0.4828439950942993,0.4938219487667084,0.3313452899456024,0.2930182218551636,0.33747824603697973,0.37731562031595683
0,0.3886194792115636,0.5984374284744263,0.7221621986405543,0.4682231469374479,0.33169326186180115,0.16964969038963318,0.2290021777153015,0.31578442454338074,0.3983695311639732,0.3994246668891451
0,0.07157639550782456,0.0347016267478466,0.006251553420515163,0.03826319054950279,0.1290953904390335,0.06629730761051178,0.07084044069051743,0.037445276975631714,0.14361456530904848,0.057630883403752116
1,0.42757878486346196,0.5723145604133606,0.45382301708124045,0.5164574081834763,0.4441857635974884,0.46785300970077515,0.5625235438346863,0.49036458134651184,0.5430240683202392,0.49213701748942884
0,0.3226453753902647,0.1107427254319191,0.014338544140278785,0.0541508264096414,0.47200146317481995,0.013169278390705585,0.304175466299057,0.4060949683189392,0.326766085596633,0.21879369661456413
1,0.5343795928807133,0.6876890063285828,0.7175336945592328,0.47144043189294466,0.6088176965713501,0.6454785466194153,0.6689981818199158,0.5930815935134888,0.6947254649647648,0.6153146365738598
0,0.9320624363032745,0.9754323363304138,0.9911409009228326,0.9468266846075711,0.9635822772979736,0.9974049925804138,0.924563467502594,0.9509172439575195,0.888456307332236,0.9594669969705405
0,0.12400618371612734,0.046319205313920975,0.005253069652748053,0.031801049363365995,0.1654054820537567,0.2031136155128479,0.15815678238868713,0.14710666239261627,0.18018941126703944,0.11163620091148577
0,0.565762677832721,0.6027406454086304,0.30668222215926544,0.4276247174231978,0.5241580605506897,0.21832986176013947,0.5106275081634521,0.6395281553268433,0.5720948131932995,0.47920346221895405
0,0.2592774016636519,0.13638949394226074,0.28318159353280087,0.16218567600182487,0.33925434947013855,0.29073241353034973,0.16833262145519257,0.18493454158306122,0.24369284326021776,0.22756093321091828
0,0.362389677420576,0.478621244430542,0.23765267066744164,0.4708206769054678,0.4463343620300293,0.4938051700592041,0.43017664551734924,0.4524082541465759,0.44362564896775747,0.42254004671955114
0,0.22447136377740975,0.1928035169839859,0.12327314763027127,0.25026397485782703,0.3158991038799286,0.13395337760448456,0.23505918681621552,0.2129981368780136,0.2526219934223324,0.2127529252150221
1,0.9364087220701951,0.9824821949005127,0.9937093950139679,0.9595867258591243,0.9661974906921387,0.9971064925193787,0.9265537261962891,0.9561094641685486,0.8897560714332707,0.9639823077713486
0,0.6728873986631406,0.7781503796577454,0.2407158487493333,0.4535814023401234,0.7403102517127991,0.7592616081237793,0.5695579051971436,0.5158528685569763,0.6440079859102259,0.5945387977211862
0,0.4513084769070735,0.5743246674537659,0.25589947680225866,0.49908670691172574,0.28473299741744995,0.27584052085876465,0.2500751316547394,0.22067297995090485,0.3173272870835256,0.35104981484295694
1,0.7391253563175223,0.8835064172744751,0.9689049366270219,0.8451393964420978,0.7100024819374084,0.6473775506019592,0.7124972343444824,0.5967184901237488,0.7601213122360929,0.7599528916452339
0,0.5234626007991429,0.5254909992218018,0.15299265175274981,0.523220418460913,0.6492090225219727,0.5505859851837158,0.5925427675247192,0.5495662093162537,0.5686530851749823,0.5125104086542605
0,0.24451646756452536,0.29238274693489075,0.1470591040169612,0.25895112749753746,0.2918446958065033,0.2700353264808655,0.2578797936439514,0.2372356802225113,0.2778333343176838,0.2508651940005472
0,0.4078604348485036,0.5997263193130493,0.42949396607681034,0.542501964589595,0.5504047870635986,0.5150365829467773,0.43532511591911316,0.4839838743209839,0.5213768807426646,0.49524101689065625
1,0.7458144656601046,0.8263313174247742,0.8885244898131361,0.8737615380313013,0.6984583735466003,0.7593319416046143,0.7418210506439209,0.7842203974723816,0.7769041108827571,0.7878365984952708
0,0.315304666708219,0.25758203864097595,0.43600811554100066,0.34339534805426175,0.4112584590911865,0.3910144567489624,0.4892941117286682,0.43827134370803833,0.43864169793951535,0.38560614779252655
0,0.523212059457153,0.7021588087081909,0.7671644734573717,0.5819384013443077,0.5903247594833374,0.34240731596946716,0.5632996559143066,0.524587094783783,0.6431749911847238,0.5735044006317944
0,0.5544769520955535,0.5098907351493835,0.5529099384713434,0.6465899546795633,0.5799945592880249,0.5026448369026184,0.5792649984359741,0.6450505256652832,0.6001509155751817,0.5719262394290523
1,0.9258166479953381,0.979770302772522,0.9783651054508765,0.9529999877358801,0.8553223609924316,0.9801825284957886,0.8770524859428406,0.8642172813415527,0.8605832124798116,0.9249572400040014
0,0.3371420597081725,0.3690020740032196,0.5510262739386871,0.5088595780193576,0.360731840133667,0.5332655906677246,0.2329331338405609,0.2090042233467102,0.3147323350338184,0.38285851179501007
0,0.255744313429466,0.1408480554819107,0.06525818380253419,0.17637387632531368,0.2046680897474289,0.18849022686481476,0.31667932868003845,0.2780507504940033,0.2563081311979906,0.20591525363897378
0,0.31476293534380134,0.19043900072574615,0.04302223767119153,0.2509685722901887,0.4638195037841797,0.6333656907081604,0.6192736029624939,0.47668689489364624,0.45320403779951696,0.37799891878201564
0,0.1875342929250184,0.05814198777079582,0.020221759756014968,0.04524216021623268,0.1984376758337021,0.14985129237174988,0.16099423170089722,0.1254345327615738,0.18461944677471875,0.12016241001434033
0,0.312199544331949,0.25758203864097595,0.43600811554100066,0.34339534805426175,0.41090938448905945,0.3900185823440552,0.48915162682533264,0.4380088448524475,0.43846792562427644,0.38498744190759404
0,0.2642038911945164,0.010618862695991993,0.0004433991609315673,0.010408423232481,0.1898527294397354,0.0783960148692131,0.30245622992515564,0.11501352488994598,0.2083988993239593,0.12512472333849728
1,0.5210723937809417,0.6112414598464966,0.7909664209868955,0.5651054640668427,0.5174373388290405,0.4949171543121338,0.43996354937553406,0.4758901000022888,0.5562659278700053,0.5489685457536939
0,0.11362669950760891,0.07013320177793503,0.008782757275912092,0.11996801916335753,0.10906685143709183,0.003809986636042595,0.09999257326126099,0.011352965608239174,0.14437020972375816,0.0680056965463306
0,0.1063841061856019,0.04338207095861435,0.008632818285387003,0.07303331927722576,0.10439762473106384,0.0035082479007542133,0.09816521406173706,0.009841981343925,0.14231829189207382,0.05698210728832638
0,0.4979995935754981,0.3670894503593445,0.48787834196588,0.4131476561390217,0.6555368304252625,0.5797592997550964,0.7385901808738708,0.6387423872947693,0.6524904337067822,0.5500245623016048
0,0.30012567984235644,0.1905009001493454,0.009990342221127432,0.15238037418610745,0.49516576528549194,0.36249014735221863,0.37971922755241394,0.3476670980453491,0.3532928396647715,0.2841067975555741
0,0.3198483457089503,0.3420729339122772,0.18096610796557985,0.20883531270682076,0.5042739510536194,0.5523057579994202,0.42786654829978943,0.4719528555870056,0.4458091426114525,0.37853465635223327
1,0.7619756412073478,0.8804360628128052,0.9660624329090178,0.8070200788264463,0.6997212171554565,0.7264817953109741,0.7218970656394958,0.6490429639816284,0.7704436390206594,0.7737459086482419
0,0.15971055352713306,0.13410690426826477,0.03658370351391006,0.1764706514680119,0.3312874734401703,0.17002712190151215,0.22890454530715942,0.3170740306377411,0.25796766449574005,0.197083952418807
0,0.46560720196221267,0.7274408936500549,0.7798564194223778,0.7105706798398597,0.5338066220283508,0.3740292489528656,0.41541802883148193,0.49129152297973633,0.5674906696549528,0.559020612969831
0,0.28021963575235936,0.06506193429231644,0.007712233632085713,0.15931048973229173,0.2520005404949188,0.1975429207086563,0.2541750967502594,0.20549358427524567,0.21982647963961874,0.18047800131477765
0,0.39482839760265087,0.19242465496063232,0.10964048207056362,0.06782900187980755,0.4926823675632477,0.5202121734619141,0.6304782032966614,0.5281830430030823,0.49940660726096636,0.3726873727654477
0,0.34418385243519994,0.47126731276512146,0.44292984471833563,0.23974402134065878,0.4252069294452667,0.029129622504115105,0.37836459279060364,0.38881340622901917,0.44904605445496726,0.34209957447298367
0,0.3702081927990797,0.4431382119655609,0.7569204698056202,0.3804485687493131,0.2635267376899719,0.19556716084480286,0.2632773816585541,0.14379748702049255,0.33802999425483865,0.34751208202409845
0,0.6187496429518883,0.3678402900695801,0.2868294271348738,0.36339075937537085,0.6979199051856995,0.7163762450218201,0.7572235465049744,0.7055250406265259,0.6627257243193394,0.5692826464881621
0,0.12318407576989204,0.014311661943793297,0.005952404687326197,0.0113448639320699,0.18250305950641632,0.010768021456897259,0.1458788365125656,0.0861491709947586,0.16936376322921284,0.07487975062640258
1,0.9508477697902369,0.9843393564224243,0.9957308809919359,0.9725015587327909,0.9581984877586365,0.9523757100105286,0.9311624765396118,0.912309467792511,0.8856881812302922,0.956412811410928
0,0.3167608238177488,0.5230657458305359,0.227489464617246,0.26984060587470676,0.4104425609111786,0.37531495094299316,0.4707285165786743,0.4130179286003113,0.4679373681629861,0.3782063667829887
0,0.11925805364363788,0.0567961223423481,0.009625980542979435,0.07397388245384068,0.39137113094329834,0.1714693009853363,0.15514110028743744,0.14920909702777863,0.21393693978654138,0.1432020456424299
1,0.18504872252492516,0.13698998093605042,0.0724583114012426,0.07347238439051348,0.23263980448246002,0.2191707044839859,0.24368079006671906,0.26174619793891907,0.24525320919648314,0.18035695414821928
0,0.15829347159945012,0.06588499993085861,0.027249112564295828,0.13791450777813488,0.3276529908180237,0.1766488403081894,0.22875799238681793,0.314855694770813,0.24681188427792447,0.18265939422227528
0,0.463855199879419,0.3578217923641205,0.11639241749890851,0.5041955804524921,0.5808199048042297,0.4987196922302246,0.5196675062179565,0.56428462266922,0.4881189384790875,0.4546727671148556
0,0.47407565080775366,0.5326998233795166,0.41468330637205375,0.37482335196302147,0.6014698147773743,0.6563072204589844,0.485587477684021,0.5638347864151001,0.5661820781047021,0.5139148083173903
1,0.5209513785118759,0.4248148500919342,0.3061067957812094,0.42334654816935957,0.56276935338974,0.5412623882293701,0.5834641456604004,0.5270617604255676,0.5436532931175554,0.4889875710328377
0,0.5280262605635043,0.5245354771614075,0.4888829174512795,0.6144360642886704,0.5329595804214478,0.5174030661582947,0.5765912532806396,0.5882916450500488,0.5748147473087594,0.546981139925312
1,0.3014432791194772,0.2037077695131302,0.06506897749915837,0.1516817884660685,0.5249559879302979,0.4568171501159668,0.6163123250007629,0.44005024433135986,0.47344740991110346,0.3502222262333779
0,0.19967486950465535,0.19024768471717834,0.07098925088494594,0.14545806264891525,0.33385878801345825,0.1676446497440338,0.22931112349033356,0.31196582317352295,0.2728119836041574,0.20897845221403236
0,0.5489705147605884,0.343935489654541,0.20805405379035427,0.4404155020662332,0.5979762673377991,0.5466675162315369,0.712883710861206,0.578801155090332,0.5791595164507167,0.5019656992150374
0,0.3557793861280825,0.3042405843734741,0.24022740737835316,0.13313353135637992,0.5124892592430115,0.04006204754114151,0.36406955122947693,0.3235377073287964,0.39876468899551776,0.2885575753283952
0,0.20912313149068215,0.22497990727424622,0.21580776266829307,0.1941319565093164,0.164333313703537,0.16472366452217102,0.16644932329654694,0.18099051713943481,0.21953475160383118,0.18977135930055003
1,0.3915125083801598,0.4747263789176941,0.09105452519384359,0.24305852664651917,0.5876639485359192,0.4981476962566376,0.5011475086212158,0.6593011617660522,0.549991974617662,0.4362801228604068
0,0.6758020470530447,0.5192334055900574,0.6904454702467606,0.6510236908182707,0.7507628798484802,0.7508643865585327,0.7196040153503418,0.7515231370925903,0.719217283582086,0.6891426035252379
0,0.1955021212173039,0.28105127811431885,0.09663875136229272,0.30703346715291846,0.29357585310935974,0.29685941338539124,0.3202893137931824,0.2224823534488678,0.2841660522545611,0.25268044549231716
1,0.7943883997497261,0.834650993347168,0.9550429178271631,0.7139275351942393,0.6560491323471069,0.8815819025039673,0.9203571081161499,0.8540658950805664,0.8354691589631329,0.8251353807687067
0,0.2988728644744509,0.07025016844272614,0.016512346158391204,0.1267680880382695,0.45351848006248474,0.6031859517097473,0.6193130016326904,0.465871125459671,0.42897520720004984,0.3365517863745713
0,0.6339707736256213,0.7557585835456848,0.8173280139343003,0.7318489990604715,0.5753103494644165,0.5124636292457581,0.5646232962608337,0.5415135622024536,0.6476686731047842,0.6391510653013485
0,0.13045029919849693,0.041629914194345474,0.00322307143549325,0.07745463303026034,0.3119412362575531,0.13913419842720032,0.25745490193367004,0.21968011558055878,0.23449518980083048,0.1508209350100476
0,0.322931975497413,0.18623727560043335,0.06708082471246177,0.10194488552055973,0.37611913681030273,0.017244337126612663,0.3998422920703888,0.40399882197380066,0.35479151934600045,0.24046457943852165
1,0.4962086304367776,0.3827388286590576,0.21012351092713413,0.42486589753415743,0.5472151637077332,0.5817965269088745,0.582934558391571,0.5255316495895386,0.5183523777354332,0.47211177151264444
0,0.2236919063265734,0.13146868348121643,0.050366225808367554,0.14245986067862093,0.25193268060684204,0.1942337602376938,0.25435179471969604,0.2044249027967453,0.23514864144461306,0.18386803107338787
0,0.1472684432449505,0.04877040162682533,0.046976345994250567,0.043882065871409026,0.10022329539060593,0.0033377730287611485,0.09584056586027145,0.008262394927442074,0.14521095503665557,0.06282859615068083
0,0.31135566116693036,0.22477182745933533,0.5911854682363293,0.2589083676522111,0.25995272397994995,0.37272438406944275,0.20916911959648132,0.2341970056295395,0.28626128840871223,0.3040669401277968
0,0.6575692571833549,0.8983058333396912,0.9133607963786351,0.7141823508859505,0.5631514191627502,0.5686898231506348,0.678276538848877,0.6432479619979858,0.7379594501277758,0.7022472481637945
0,0.08301300630195017,0.037903737276792526,0.002969169220524501,0.044749852827391884,0.09331455826759338,0.0031741822604089975,0.0920848473906517,0.007163683883845806,0.13994858565740867,0.046595010751956066
0,0.17493674078032354,0.2096097618341446,0.8741666070449771,0.12063542651860197,0.11264877021312714,0.11643733829259872,0.12383854389190674,0.12059425562620163,0.2481390928221509,0.2252470741295587
0,0.1004315936228354,0.015367968007922173,0.004527534219864036,0.027801548804059613,0.45740649104118347,0.09203334152698517,0.1280527263879776,0.12157668173313141,0.20999069694496802,0.12135822060180781
0,0.5618549668963964,0.41179749369621277,0.33747854088810925,0.3888286403285755,0.5660337805747986,0.5114798545837402,0.6891573667526245,0.5995411276817322,0.6017095794798054,0.5122237405988822
0,0.19601179488982265,0.08138249069452286,0.08077337432726232,0.146516204560402,0.323945015668869,0.1835561841726303,0.22927901148796082,0.3142933249473572,0.2529048219385966,0.19707743405760414
0,0.296540902318279,0.12347341328859329,0.19943332562748137,0.13817517224436746,0.26560109853744507,0.1942201852798462,0.2630113363265991,0.1464000940322876,0.2422615863301382,0.20446425055383893
1,0.49802127264171,0.4955778121948242,0.23339146646848807,0.34873333418829533,0.5433542132377625,0.3610972464084625,0.5617526769638062,0.5701220631599426,0.5545748376978046,0.4561861970273347
0,0.3954056983639318,0.1901666671037674,0.2698623600996969,0.22044657697388984,0.35370758175849915,0.6345782279968262,0.34565117955207825,0.2808629870414734,0.319812788803545,0.33587446942775157
1,0.47876467408887036,0.5486264228820801,0.07766696715791634,0.32573681078978656,0.4436495006084442,0.46668559312820435,0.5636542439460754,0.48851388692855835,0.5090267684928199,0.42882255031996835
0,0.5390830401566467,0.3985564112663269,0.6012647264229578,0.4804950628007139,0.5622200965881348,0.5407670140266418,0.5841243863105774,0.5237610340118408,0.5668622992546821,0.5287651807139069
0,0.5615848897577765,0.644241452217102,0.5952521734652763,0.6213831630032968,0.6144914627075195,0.6245432496070862,0.6791313290596008,0.6107365489006042,0.6700141187027018,0.6190979053071396
0,0.1083915607431665,0.08704645186662674,0.030459692484394535,0.12419166040348492,0.3531531095504761,0.12135057151317596,0.09840726107358932,0.14088638126850128,0.19639149963612976,0.13464374792010492
0,0.16302738859553803,0.04490756615996361,0.002453151133060637,0.07254167422841333,0.2014741599559784,0.20132529735565186,0.320039302110672,0.27741238474845886,0.24163044547723547,0.16359103676614706
1,0.6811541754018833,0.7371100187301636,0.7787801163214682,0.7434979530666886,0.6046914458274841,0.7366407513618469,0.5942381620407104,0.6760567426681519,0.6805537741618793,0.6917450338384026
0,0.5465071562350066,0.5976316928863525,0.47171185492019074,0.5049428931031946,0.53230881690979,0.39218616485595703,0.5507541298866272,0.5651096105575562,0.5840124413836678,0.5219235819324952
0,0.3540590441761375,0.46856361627578735,0.399625517750255,0.34868421379918174,0.5795920491218567,0.49859052896499634,0.5658217072486877,0.5503166317939758,0.574308327515508,0.472525777848879
0,0.4936820940156167,0.5217139720916748,0.6239513298030704,0.5375726314784067,0.5330110788345337,0.5303440093994141,0.5687158107757568,0.5988182425498962,0.5957737718141051,0.550516665222258
0,0.34105577886828997,0.44634073972702026,0.6394896987028168,0.34986109890781564,0.3661482632160187,0.45164602994918823,0.3314383924007416,0.429486483335495,0.433791801498373,0.4166353186810315
1,0.18075095596532564,0.0964372456073761,0.0060509940474087354,0.0851809993382423,0.20110385119915009,0.21490758657455444,0.3214309811592102,0.27803125977516174,0.2501917025519611,0.1761019708701669
1,0.10062641683294865,0.038299720734357834,0.002867414384823594,0.0817423447075962,0.3651156425476074,0.1614559441804886,0.1584501415491104,0.12087240815162659,0.20279998643645797,0.13079094379691764
0,0.42803046075972057,0.4242018163204193,0.06233799563101297,0.46098651398365026,0.5850428938865662,0.5975223779678345,0.5344763994216919,0.5262244939804077,0.49878017125999186,0.45616797510594165
0,0.3552808665862222,0.19130933284759521,0.11953846341724983,0.19998940130608633,0.5552276968955994,0.5432306528091431,0.660539448261261,0.5829839706420898,0.5273107038307124,0.406356263434923
1,0.5471069602164413,0.471581369638443,0.45657332335126555,0.5894725521373891,0.6897521615028381,0.6222441792488098,0.7413697242736816,0.6084685325622559,0.659089145147854,0.5929518718110726
0,0.12467537968255835,0.018284771591424942,0.0054966184381673175,0.15250302950976705,0.284432053565979,0.28203296661376953,0.1785610318183899,0.13030482828617096,0.1897166311636735,0.14804622982353777
0,0.09053173738802146,0.017068222165107727,0.0007036499776942061,0.04651350241711727,0.3713702857494354,0.1585213541984558,0.15689311921596527,0.12813426554203033,0.20313040473368227,0.1235351220961952
0,0.6016365476784947,0.7408261895179749,0.7685513890214565,0.7082850875170155,0.5523950457572937,0.5905393362045288,0.5880025029182434,0.5598177909851074,0.6476201576241607,0.63637776399968
1,0.9021999900957174,0.8504678010940552,0.863026834903441,0.8924647544455445,0.6741464734077454,0.9295332431793213,0.9378582239151001,0.8550087809562683,0.828591554551796,0.8623386650802345
0,0.18712327576363152,0.16022107005119324,0.10892112102194793,0.24847235919243912,0.304005891084671,0.30484989285469055,0.32776787877082825,0.22957326471805573,0.27275772395081344,0.23506664281762435
0,0.19770062067476105,0.08138249069452286,0.08387226623854363,0.146516204560402,0.3246689438819885,0.1840229630470276,0.22917290031909943,0.3147285580635071,0.25335081631259,0.19784819263655345
0,0.33122432162439386,0.06802871823310852,0.01421156421644191,0.04679388317309401,0.3484993278980255,0.2848350703716278,0.41603773832321167,0.18966996669769287,0.2882545704655774,0.21660286449737887
0,0.37896439093711065,0.32690224051475525,0.353848316237838,0.2734798983930768,0.5435226559638977,0.36078914999961853,0.5014457702636719,0.5449441075325012,0.5099098339965688,0.4134699066752916
0,0.5845611363922917,0.8321890830993652,0.9317452657379187,0.7392175017314596,0.5288980603218079,0.6828694939613342,0.5942239761352539,0.595248818397522,0.6848157565371957,0.6816770473029554
1,0.5500591745781431,0.6043579578399658,0.7292212226277885,0.5977719559082636,0.5357051491737366,0.5609439015388489,0.5810286998748779,0.5138922929763794,0.6078197288305474,0.5821994826168376
1,0.613183081813298,0.4146231710910797,0.33622511250441756,0.38257273074111975,0.7579755783081055,0.7333019971847534,0.8008102178573608,0.7398415803909302,0.708443146737126,0.6023816269591549
1,0.9255350768456774,0.9597125053405762,0.9606298081825219,0.9547495154692102,0.7056133151054382,0.9314383268356323,0.9457031488418579,0.9365068078041077,0.8597287459349973,0.9137636058285825
0,0.11447090154696199,0.07900700718164444,0.01729924123084213,0.0851817456521434,0.3726109266281128,0.1247057393193245,0.10065508633852005,0.14369110763072968,0.20025875379985458,0.13177084794112487
0,0.22479506307516328,0.11205203831195831,0.0452214334111965,0.1656726694745319,0.2587742805480957,0.44377201795578003,0.30261537432670593,0.42661944031715393,0.28135302383252353,0.24961243452776286
0,0.7206641029321288,0.8076089024543762,0.8271112473124358,0.7993987623697328,0.7054584622383118,0.8034210801124573,0.617969810962677,0.831943929195404,0.7487086269379352,0.7623569131724192
0,0.11842888658558355,0.039316531270742416,0.002831449003023753,0.07710826729766895,0.23453660309314728,0.14180441200733185,0.15749526023864746,0.14621123671531677,0.18657408021913105,0.11662117531084444
0,0.5343204478945137,0.3827388286590576,0.5420942877956373,0.44490776922822306,0.5437840223312378,0.5733142495155334,0.582701563835144,0.5211905837059021,0.5538795492298699,0.5159929977562374
0,0.45391115964765616,0.3298261761665344,0.1349510920605753,0.3399528782780291,0.5369561314582825,0.3639349639415741,0.4977426528930664,0.5467106103897095,0.4758431974491005,0.405376104452325
0,0.5861378737080273,0.6752453446388245,0.7305043878583409,0.7458458051074576,0.5921712517738342,0.5573053956031799,0.5277217030525208,0.46996092796325684,0.5960418823747394,0.6079027245450991
0,0.11367067432477244,0.04175906255841255,0.012738461983755488,0.09496318821724178,0.2599359154701233,0.12652316689491272,0.16235826909542084,0.12424071878194809,0.18866032314833261,0.11884744223694652
0,0.17618992608389597,0.16308550536632538,0.5545088325672414,0.23943823874158587,0.06077742949128151,0.003494872245937586,0.057954806834459305,0.004927415866404772,0.16908611537721324,0.15294245938604378
1,0.6234478178929537,0.6795403361320496,0.4921965618173244,0.6704210386220818,0.7583906650543213,0.7347897291183472,0.8010042309761047,0.7400830984115601,0.7512638055003257,0.6898958053792399
0,0.7099246893134233,0.7679927349090576,0.4602712726033188,0.6281681002157127,0.7562530040740967,0.761702835559845,0.7555703520774841,0.8077823519706726,0.7636798436727599,0.7091579372216785
0,0.07187192187607731,0.054273057729005814,0.014831984086154892,0.039448562677021494,0.06593334674835205,0.0017440567025914788,0.057974182069301605,0.0041159214451909065,0.1332104305921533,0.03938574193544787
0,0.4694839378093639,0.2816675305366516,0.059365356057109096,0.2708354095734745,0.6054686903953552,0.6402649283409119,0.6060134768486023,0.6708884239196777,0.5448696612872017,0.45635158000215004
0,0.14836289659959628,0.06525984406471252,0.01270565420188191,0.11671345900368485,0.29969722032546997,0.13566768169403076,0.23502957820892334,0.21042273938655853,0.22721383416050495,0.1557991125128917
0,0.4477360026020715,0.2452029287815094,0.6194452863967068,0.6546741901148488,0.503093421459198,0.5448305606842041,0.6051372289657593,0.4492029547691345,0.4971139609518985,0.5067527408840974
1,0.6720066391554655,0.7805793285369873,0.8858700280114389,0.755813977533977,0.6743074059486389,0.6466401815414429,0.6793261170387268,0.671914279460907,0.7376445664776652,0.7187371593358237
0,0.1550964774613693,0.19626711308956146,0.01958672945371492,0.14718653012668317,0.2894461452960968,0.26944518089294434,0.3271416127681732,0.38030529022216797,0.30193432207310816,0.22624906443390003
0,0.581628196541201,0.6280414462089539,0.6234170285525076,0.6554968904360827,0.5373798608779907,0.5656681656837463,0.5654491782188416,0.6166261434555054,0.612263005222105,0.5959983657256509
0,0.3473870362624753,0.29040080308914185,0.25122085328623833,0.4306344029119011,0.41749608516693115,0.2561579644680023,0.2540956735610962,0.2371615171432495,0.2988744025249528,0.31078186457938595
0,0.5826513358556195,0.7281689047813416,0.5640306674118969,0.5964606353350304,0.5799475312232971,0.5107504725456238,0.5672268867492676,0.6334561705589294,0.6454956030269127,0.595999869673107
0,0.1472684432449505,0.04877040162682533,0.046976345994250567,0.043882065871409026,0.10022329539060593,0.0033377730287611485,0.09584056586027145,0.008262394927442074,0.14521095503665557,0.06282859615068083
0,0.3273361278621735,0.10765880346298218,0.07622487548715473,0.0817460841663162,0.270819753408432,0.29154688119888306,0.375201553106308,0.31779730319976807,0.2943349669316379,0.2345601307864401
0,0.5709508115999277,0.743337869644165,0.9067432727325488,0.7404484519898064,0.5360629558563232,0.5835248231887817,0.5657884478569031,0.4664750099182129,0.6309134855062587,0.6346771960661379
0,0.2899644644550719,0.13057714700698853,0.03930004501881763,0.1879202556734569,0.3517797589302063,0.3274820148944855,0.35939159989356995,0.3388007879257202,0.3028156062039772,0.2564869871685145
0,0.613183081813298,0.46114382147789,0.33622511250441756,0.38257273074111975,0.7579737901687622,0.7332897186279297,0.8008069396018982,0.7398374080657959,0.717135973332633,0.6081939345096355
0,0.6785731603691372,0.552116334438324,0.4164246001673866,0.6675274402324547,0.6757415533065796,0.6502266526222229,0.6439621448516846,0.788960337638855,0.6643841416199796,0.637049629324757
0,0.6225335464878382,0.7287055253982544,0.5367155346102763,0.8612974856533414,0.649273693561554,0.8025242686271667,0.5723023414611816,0.5782487988471985,0.6268937017347725,0.6671993752350824
1,0.5171157453419836,0.6203256845474243,0.6000882572783027,0.6250424939698502,0.6750033497810364,0.6361678242683411,0.6732559204101562,0.6568924188613892,0.6853364385453082,0.625785971227362
0,0.7898333175348156,0.8996841311454773,0.9559556191036487,0.8943786531524248,0.6086705923080444,0.6938931345939636,0.723716139793396,0.7387930750846863,0.7659952841226736,0.7853553404580439
0,0.7206641029321288,0.8076089024543762,0.8271112473124358,0.7993987623697328,0.7054584622383118,0.8034210801124573,0.617969810962677,0.831943929195404,0.7487086269379352,0.7623569131724192
1,0.8861844216207487,0.9923408031463623,0.9886335815896266,0.9863357516747907,0.9627172350883484,0.9330411553382874,0.9022519588470459,0.8945232033729553,0.8801719627981613,0.9420734005210091
1,0.5484424610900619,0.6261557340621948,0.48365649426563295,0.3538495695465221,0.5243473052978516,0.7705718278884888,0.6194041967391968,0.5597851276397705,0.6247166471272388,0.5613256414235274
0,0.6924569497061742,0.6208447813987732,0.47699684298921935,0.6714016976036064,0.7506144642829895,0.7486693263053894,0.7546355724334717,0.6345049142837524,0.7056386347975115,0.6707288576750141
0,0.5328013432847528,0.2497405707836151,0.2601252511298342,0.26903354486498576,0.5372027158737183,0.31173625588417053,0.42910367250442505,0.4151274263858795,0.4247452668095718,0.37933945758412657
0,0.3724059870748818,0.4139091968536377,0.6201829652995348,0.5798959456614127,0.3154919147491455,0.3306220769882202,0.3372093737125397,0.3286833167076111,0.37459354638526715,0.4087622240778871
0,0.30890396003854825,0.29464876651763916,0.09094310262958206,0.40916473684499743,0.5208072066307068,0.45759105682373047,0.4440610408782959,0.47892341017723083,0.4192773686225491,0.3786971559104013
0,0.5567261666366632,0.6672560572624207,0.46110788573651695,0.6804167312813636,0.5653690695762634,0.5494593977928162,0.5818870663642883,0.538337767124176,0.5964597584238747,0.5754629398632738
0,0.278307047278601,0.08395738154649734,0.05965876623154566,0.03386871933500376,0.4232039451599121,0.3571654260158539,0.2124355584383011,0.23697103559970856,0.25896720687759794,0.21332889956089976
1,0.9264001986729022,0.9708430171012878,0.9929936349875353,0.9584594288001902,0.8429288864135742,0.9738500714302063,0.8766335248947144,0.851396918296814,0.8573326844118798,0.9221975421954535
0,0.21053446886842628,0.34990155696868896,0.18121033918421764,0.21612342789184272,0.3318723738193512,0.17136940360069275,0.22908708453178406,0.3134404718875885,0.30836631457721336,0.2520094638865381
0,0.2451804677709072,0.16524700820446014,0.09471406426013075,0.2457196450040711,0.4541178345680237,0.23535899817943573,0.31084051728248596,0.30902060866355896,0.31151560588608346,0.2604395792113384
0,0.27916608984394187,0.3208381235599518,0.1267718720006513,0.34199451234150335,0.4139793813228607,0.3790090084075928,0.47979849576950073,0.4302233159542084,0.4125949379895795,0.3493581404585704
0,0.10903579829898445,0.07954515516757965,0.003000647542213014,0.0705275329308287,0.20321474969387054,0.08425566554069519,0.12279626727104187,0.12474434077739716,0.17751871351194493,0.10143172915835469
0,0.11078880226177504,0.05525103211402893,0.005510866976208401,0.08616760819338193,0.25766080617904663,0.13695716857910156,0.15690767765045166,0.12230539321899414,0.18864627342481274,0.11825038279909228
1,0.2593401851343552,0.13725580275058746,0.03567795381639844,0.13164343945049484,0.42800968885421753,0.3473941385746002,0.38196244835853577,0.3960362374782562,0.34243925995830704,0.2687630151916384
0,0.6330972004456412,0.6856215596199036,0.8315703139323948,0.8385646763483559,0.5894417762756348,0.5787887573242188,0.6848677396774292,0.6152790188789368,0.6836712271772952,0.6797879286870668
0,0.07786031331308992,0.04317836835980415,0.006965326045257759,0.07380914951133484,0.16593235731124878,0.08866096287965775,0.12246900796890259,0.07268831878900528,0.16150883547016798,0.08260836894100206
0,0.11853094591593955,0.04750680550932884,0.004512987759645472,0.08684144998682491,0.15943989157676697,0.11998704075813293,0.11002208292484283,0.14761567115783691,0.16668225072444018,0.10071250720060462
0,0.6693566276603741,0.7885130643844604,0.7801568752537422,0.781597328398174,0.5633585453033447,0.7405775785446167,0.7095046639442444,0.618604302406311,0.705156713750578,0.7040943461683487
0,0.20125356367710417,0.20149841904640198,0.08098692444174617,0.13297591995647493,0.39127984642982483,0.17685583233833313,0.33492863178253174,0.3209174573421478,0.3227911278882764,0.23370621619217524
0,0.6406339712430565,0.6791175603866577,0.8746198686377424,0.5863138351687824,0.5716230273246765,0.633905827999115,0.6346169710159302,0.6096617579460144,0.6845782344708007,0.6515741831158921
0,0.26559245462090986,0.16315661370754242,0.08403934407330171,0.08759134686024847,0.12772227823734283,0.09220056980848312,0.07197356969118118,0.03905526176095009,0.1610025488650449,0.11706132337274927
0,0.527272401872209,0.7605149745941162,0.40698840400726655,0.6574981615672657,0.48535680770874023,0.5309656858444214,0.43660417199134827,0.44294872879981995,0.5206156132814507,0.5303660291028918
1,0.7752893056793277,0.950153648853302,0.9409907259235439,0.834367069909531,0.8697364330291748,0.8129565119743347,0.8662418127059937,0.9047085642814636,0.8645820625624843,0.8688947225606443
0,0.28973723525630857,0.36336904764175415,0.5448358622860511,0.37941895256318653,0.1866595298051834,0.16605927050113678,0.2635672688484192,0.22260111570358276,0.2996505154583952,0.29917806302949135
0,0.5243116027650687,0.769923985004425,0.8149192832765726,0.7203915020332476,0.5255094766616821,0.5347515344619751,0.5520422458648682,0.6206756234169006,0.6521984242055282,0.6299362901949999
0,0.42207472683107844,0.14007513225078583,0.3715473867757552,0.22253260116813947,0.6376913785934448,0.7547992467880249,0.647793173789978,0.5608194470405579,0.5531326035107285,0.4719571828631437
0,0.7039599495426739,0.8272390961647034,0.7558407253487921,0.283640327068439,0.5978730320930481,0.6628811955451965,0.8387100100517273,0.668206512928009,0.7917991119879988,0.6691274099011124
0,0.1846876462020016,0.3045749366283417,0.062716705771994,0.1822478606307483,0.40437784790992737,0.21944479644298553,0.4348282814025879,0.4444926679134369,0.40037860701271727,0.2841202783655441
0,0.36797073254282614,0.3114345669746399,0.05928870458430923,0.26415219445062604,0.5443648099899292,0.36305299401283264,0.5016226768493652,0.5462091565132141,0.4727595333545214,0.3753214076758081
0,0.33150796563582474,0.4171258509159088,0.2470729565768092,0.43322882224314413,0.5199690461158752,0.4469834566116333,0.4461718499660492,0.47805243730545044,0.46338397242943186,0.41676493859944774
0,0.479325107156406,0.18418580293655396,0.042153817512888214,0.24969574695938543,0.6238463521003723,0.3396342694759369,0.5659515261650085,0.48543307185173035,0.47226976273817867,0.3780681066466204
1,0.32113020316035423,0.3420729339122772,0.07143764110394131,0.2082452521894321,0.5044814348220825,0.5526009798049927,0.42795196175575256,0.47218260169029236,0.4331408786796672,0.3660028092002542
0,0.5609191854385709,0.7282655835151672,0.8590045310560431,0.710582931395537,0.5604308247566223,0.5388817191123962,0.5861631631851196,0.5145126581192017,0.6470784010554768,0.6290707409294103
0,0.41693339628938486,0.2893780469894409,0.15046617609038337,0.24961443270128927,0.38744670152664185,0.5277935266494751,0.38007107377052307,0.3757377564907074,0.36259995264176537,0.34913292194034085
0,0.4073941339935208,0.40415963530540466,0.11704912628189318,0.3235513382119041,0.5493515729904175,0.36820316314697266,0.5016676783561707,0.5515260696411133,0.4978168568225236,0.407836707729958
0,0.18584906663864104,0.1979151964187622,0.04263344109227496,0.1093692877114885,0.27449315786361694,0.19358164072036743,0.19929192960262299,0.24270474910736084,0.2429103481150443,0.18301723020119554
0,0.6635614839121218,0.7690954804420471,0.3345306761803423,0.7145985370569207,0.6457064747810364,0.7089846134185791,0.6348849534988403,0.6244066953659058,0.654682227169604,0.6389411381257382
1,0.3415341773642135,0.4311041831970215,0.32866622639313986,0.27210437624372674,0.29312658309936523,0.3084927499294281,0.34482139348983765,0.3896428346633911,0.38085794061140926,0.3393620782524961
0,0.6305166374607167,0.7864685654640198,0.9303935609113997,0.7053741125093731,0.5587129592895508,0.6088757514953613,0.5797019004821777,0.5373321175575256,0.6685782457604912,0.6632810779014077
0,0.5016018357285136,0.39636653661727905,0.19274276783802483,0.30111286035807244,0.7752838730812073,0.815737247467041,0.6910107731819153,0.5655426979064941,0.6305436373607782,0.534263463755835
0,0.5328013432847528,0.2497405707836151,0.2601252511298342,0.26903354486498576,0.5372027158737183,0.31173625588417053,0.42910367250442505,0.4151274263858795,0.4247452668095718,0.37933945758412657
0,0.47307312302778753,0.43761783838272095,0.372169606052455,0.4326767940891853,0.5278540253639221,0.4764711856842041,0.4941760003566742,0.4644998013973236,0.4989033014952353,0.46116958270129926
0,0.2916594984317163,0.16830088198184967,0.14545701552098395,0.23651990064105474,0.18226705491542816,0.17517775297164917,0.2612125873565674,0.22023630142211914,0.2354474512438941,0.21132853475582797
0,0.2570981980483328,0.2671872675418854,0.28846584611967707,0.16710851779063887,0.20932656526565552,0.012730023823678493,0.14617609977722168,0.15769699215888977,0.23280396115738278,0.18845205666145548
0,0.26741834749908305,0.0645151436328888,0.018867456368346056,0.061038794525817744,0.5095635056495667,0.18616820871829987,0.3017098009586334,0.32111257314682007,0.30857042507977567,0.22134874228763107
1,0.5626194950773037,0.5444044470787048,0.7991818907273268,0.7341228035138785,0.5434660315513611,0.003617324400693178,0.7406882047653198,0.09984324872493744,0.5640368119772028,0.5024011853862128
0,0.5572754152145554,0.4461521506309509,0.8974976031490495,0.71302582423972,0.5287441611289978,0.67527836561203,0.5947626829147339,0.5932720899581909,0.602482429759972,0.6216440025107616
0,0.20429143315217155,0.09054084867238998,0.034704487685773125,0.18101500489681244,0.26080620288848877,0.19587892293930054,0.2621705234050751,0.1411842554807663,0.21889918658416713,0.17320569550439613
1,0.6073065997919989,0.6869822144508362,0.6462545415974568,0.667704432524584,0.7676706910133362,0.7263361215591431,0.7738503217697144,0.7022456526756287,0.7544594598253159,0.6980439114808294
0,0.47374970733065835,0.2816675305366516,0.05784390223109375,0.2708354095734745,0.6053878664970398,0.6389822959899902,0.6061080098152161,0.6708075404167175,0.5446684189392872,0.45656546411723886
0,0.286744362026162,0.008923858404159546,0.04564614650955763,0.015553854542539092,0.5416927337646484,0.5432775616645813,0.6911234855651855,0.5806320309638977,0.5007308254108862,0.3458327307522142
1,0.5571605600679896,0.39550355076789856,0.16707510562417444,0.41160713445324293,0.554474413394928,0.8453383445739746,0.6987863183021545,0.6813936829566956,0.5940261681362393,0.542755585866123
0,0.32422046667240073,0.14862631261348724,0.04076823055127643,0.13600526426043133,0.6022319197654724,0.10586674511432648,0.5381698608398438,0.3160885274410248,0.42320960826325144,0.2833721226220136
0,0.714943452831843,0.6482718586921692,0.5387793209935354,0.7462373405521335,0.8420763611793518,0.8235791921615601,0.7604290246963501,0.7875185012817383,0.7562829792897623,0.7346500650121719
0,0.5117037457439093,0.5369810461997986,0.4683043883789799,0.6035866435152384,0.5969334840774536,0.7957920432090759,0.6213716268539429,0.6637350916862488,0.6222609266503828,0.5998530293033068
0,0.5109243408479588,0.44210508465766907,0.49507549984753424,0.5687091142090783,0.5906724333763123,0.4301869571208954,0.475045382976532,0.4073062837123871,0.4983747340608966,0.489955294882775
1,0.7071622177326518,0.7013481855392456,0.23574731608831812,0.4990469551860546,0.7037994265556335,0.6406278610229492,0.7499123215675354,0.6638771295547485,0.703950404805254,0.6181687456135563
1,0.25704431272738065,0.1956024467945099,0.09639156182496035,0.25603466950076065,0.48897871375083923,0.13497905433177948,0.2903788089752197,0.21259836852550507,0.2998187925627163,0.2445311112930279
0,0.1065877054089714,0.0761684849858284,0.02811828496942253,0.07746538670918125,0.10491359978914261,0.0033798697404563427,0.09848151355981827,0.009863343089818954,0.14710355270167544,0.06400033119801898
0,0.2834878874926408,0.06022101268172264,0.18066335461806787,0.1373264313790455,0.7126206755638123,0.621535062789917,0.6686039566993713,0.6767280101776123,0.571352630120719,0.42313812911057874
0,0.5322277207437358,0.7234479188919067,0.8437769385579552,0.6647819596537243,0.520191490650177,0.4548405706882477,0.44819387793540955,0.47650712728500366,0.5829120122082698,0.579304433209503
0,0.5526499849404698,0.6275995969772339,0.27374743533070256,0.4065664844274344,0.6079025268554688,0.6220254898071289,0.6307665109634399,0.7064452767372131,0.6501124792763076,0.5576072926263772
0,0.34509107477408113,0.04372332617640495,0.0034983180992712976,0.036828059053654896,0.590610682964325,0.08670436590909958,0.14212137460708618,0.26252201199531555,0.2621118192305227,0.19426907584266578
0,0.28869536869247875,0.23111695051193237,0.08684905456942911,0.30090969633560244,0.38026708364486694,0.26234787702560425,0.25377610325813293,0.19889432191848755,0.26717520502070685,0.25196551559300334
0,0.12958649422971308,0.08963602781295776,0.011835565440021454,0.14426108469738497,0.18529865145683289,0.1670701950788498,0.2627823054790497,0.22124138474464417,0.2189451333559538,0.15363044443359813
0,0.5806082697882998,0.6065001487731934,0.47813453228761355,0.5867757981660393,0.5864517688751221,0.6556670665740967,0.6005123853683472,0.5722001194953918,0.6110902636471832,0.5838928360088561
1,0.509418400827323,0.5735538601875305,0.6134273066405428,0.530886630455254,0.5618040561676025,0.38654792308807373,0.7688405513763428,0.6735567450523376,0.6949559288647119,0.5793883005276892
0,0.4624798238639765,0.48781266808509827,0.2694431321027731,0.5134612826505447,0.5743120312690735,0.7803670167922974,0.620672345161438,0.6454029679298401,0.587323827935683,0.5461343904245531
0,0.248682207402208,0.2051156461238861,0.12543974608658015,0.14041300801369627,0.2750755548477173,0.3014792501926422,0.206948384642601,0.3623637557029724,0.27141113219967017,0.23491440849505926
0,0.12665851623267108,0.082639679312706,0.007443980507243413,0.11644882413319962,0.2881942093372345,0.2535208463668823,0.17540957033634186,0.1526922732591629,0.2040652315650958,0.151814493784594
1,0.23962754067811026,0.1333286166191101,0.03656664428950273,0.08347671649582132,0.3849608898162842,0.31315168738365173,0.3293074071407318,0.4186646640300751,0.3233414014091503,0.24644893387092393
1,0.6799178900070543,0.8772735595703125,0.8028891627478298,0.8521774745716316,0.6005174517631531,0.5590165257453918,0.621913492679596,0.599128782749176,0.6962963354794849,0.6968709352187978
0,0.3411320505217912,0.47121918201446533,0.6962720555008975,0.4705939919450246,0.2668687701225281,0.1734362691640854,0.27466896176338196,0.23775362968444824,0.3535202188238626,0.3625480322729996
1,0.5730245171792984,0.6869897842407227,0.8000585142151093,0.6433020302494938,0.5501511693000793,0.5332016348838806,0.5298234820365906,0.5834246277809143,0.6294675328856504,0.6101269080153155
0,0.18728189675639575,0.11656589806079865,0.045998255103782915,0.0955716536403892,0.13925626873970032,0.0010045325616374612,0.16462495923042297,0.06372600048780441,0.1762979801742412,0.1035380425585299
1,0.5388648930767772,0.5306722521781921,0.1499037961032427,0.4759605314952634,0.5534482002258301,0.4690694808959961,0.666355311870575,0.6051127314567566,0.5893877977379971,0.5038583540174069
0,0.31432929567006945,0.36810022592544556,0.5523562522210372,0.3261741336608283,0.4477345645427704,0.24187003076076508,0.3040473163127899,0.3049304187297821,0.39196050376665453,0.3561599879405715
0,0.4151958373275552,0.3467673659324646,0.3977520566259496,0.20977960730845813,0.4374833106994629,0.21220959722995758,0.43910011649131775,0.26879554986953735,0.41706631284552326,0.34263417960611514
0,0.2496320965630309,0.2230859398841858,0.33885465997396935,0.19912911236136147,0.3475699722766876,0.32139527797698975,0.3574417531490326,0.3390594720840454,0.3505533825960385,0.29750178183494513
0,0.25737719847965357,0.3319339156150818,0.40946987143582964,0.24046082907508773,0.32039764523506165,0.24068555235862732,0.3379870057106018,0.3306487202644348,0.3635655341622401,0.3085224878520876
1,0.6271799310948554,0.7389145493507385,0.8692699453054609,0.6321435848791137,0.5517136454582214,0.5828620791435242,0.6389409899711609,0.5903553366661072,0.6861392128611553,0.6515955385812124
0,0.5064490318041697,0.48951825499534607,0.5790954226336512,0.614959496568163,0.4733164310455322,0.4630219638347626,0.48202458024024963,0.45706066489219666,0.5001729018342101,0.5067744656302752
0,0.371455976020584,0.3683909475803375,0.08740321713334241,0.36383236588893225,0.5803252458572388,0.5006908178329468,0.5659650564193726,0.5484726428985596,0.5132710562591541,0.42791765624445116
1,0.696397715795148,0.8304386734962463,0.9626644763145943,0.7862884690711615,0.6674750447273254,0.7966411113739014,0.6180130243301392,0.6777069568634033,0.7332262447401288,0.750492425056208
0,0.5488639624555253,0.23730644583702087,0.21947710267038048,0.26348383599360026,0.7798567414283752,0.6648688316345215,0.713272213935852,0.6457922458648682,0.6277623617902939,0.5149989170265976
0,0.34198592533645533,0.31249597668647766,0.27734751426966786,0.24233239926232553,0.6030635833740234,0.31011831760406494,0.6358205676078796,0.6964722275733948,0.5965629913467957,0.4331054954348056
0,0.30888331879191244,0.40336689352989197,0.12827810368967996,0.21089602771889243,0.3347882926464081,0.38794538378715515,0.3320697247982025,0.34212198853492737,0.3531029149204601,0.30803000833964733
0,0.3855411240983162,0.3691937029361725,0.1592538140276938,0.4587576138699283,0.5138988494873047,0.4685811996459961,0.4023393988609314,0.3037705719470978,0.3857542762438096,0.38406356783663553
0,0.11246560900523721,0.04550338163971901,0.00599114274826441,0.07407811427841327,0.16200290620326996,0.11758942902088165,0.11008084565401077,0.14782540500164032,0.16754156142207766,0.09839164070543552
0,0.5305556186178645,0.42414528131484985,0.2851903981116619,0.5168747119262235,0.5746347904205322,0.6360083818435669,0.5995761752128601,0.5680762529373169,0.5504380384316325,0.5192470855726521
0,0.1510382105782641,0.15869036316871643,0.012915519760164702,0.12604841032033576,0.2666930556297302,0.1579439491033554,0.2741648852825165,0.2389049082994461,0.25138844865474186,0.1761756360183309
1,0.7367047970877318,0.6113677620887756,0.8052959889651887,0.6719222588065928,0.6838198304176331,0.8044391870498657,0.6945065855979919,0.7164201140403748,0.7186506243110521,0.7143216808057715
0,0.5429182230593655,0.6376825571060181,0.9064971804288907,0.5756092129493331,0.5421072840690613,0.36088642477989197,0.5532272458076477,0.5641825199127197,0.639014014641328,0.5832380644794307
0,0.37697578630325296,0.43672189116477966,0.6086890611399046,0.40475394286866334,0.2928273379802704,0.3081691265106201,0.3445957899093628,0.38956886529922485,0.4025947904870232,0.3930530499291359
0,0.5266726825492674,0.3871677815914154,0.17321253653012425,0.28863986747548326,0.5541895627975464,0.413179486989975,0.5331457257270813,0.5363105535507202,0.5124557591117757,0.43160410385448733
0,0.27747259156699655,0.04426923766732216,0.007712233632085713,0.12178143285854073,0.2519301474094391,0.19729512929916382,0.25418445467948914,0.20555949211120605,0.21880248791627385,0.17297605628985857
1,0.4392946825670301,0.358604371547699,0.3926935726379734,0.5871326124601983,0.480655312538147,0.6196250319480896,0.4811588525772095,0.5448974370956421,0.4711730408390386,0.4876364620558651
1,0.5546326220640209,0.7174806594848633,0.7499577022574508,0.7113709925713031,0.5662192702293396,0.6271364092826843,0.5973924994468689,0.5647010207176208,0.6478591431129631,0.6335955429506777
0,0.339826735514294,0.14676937460899353,0.22854455420880798,0.2627569590345668,0.28888624906539917,0.29455700516700745,0.34209346771240234,0.3863946199417114,0.30985741750338774,0.2878493249078652
1,0.10221736786258523,0.014541816897690296,0.0014396811468651873,0.03137794203389689,0.2773630619049072,0.19482970237731934,0.22581039369106293,0.19587895274162292,0.2152016568138228,0.13298324188322
0,0.17353431598598953,0.24267323315143585,0.1205161524790955,0.13604401060915985,0.3475349247455597,0.14935390651226044,0.15952806174755096,0.10564980655908585,0.23592790749411283,0.18043728785158952
0,0.13460445081101727,0.19033758342266083,0.13682312452607392,0.11801546146933377,0.1784925013780594,0.1279599964618683,0.12116164714097977,0.13572755455970764,0.19742645251331706,0.14309860033278016
0,0.569149279033446,0.665760338306427,0.6136715703885992,0.6605487061415732,0.5624436736106873,0.6211546063423157,0.5959107279777527,0.5633814334869385,0.6242941244407426,0.6054857655102786
1,0.5645212166071477,0.6081929206848145,0.4937102679769907,0.5842420298257152,0.5865563154220581,0.6464605331420898,0.552878737449646,0.5492896437644958,0.5918387058855036,0.5732494027602438
1,0.6112842032006796,0.471956729888916,0.3262408293838854,0.6082231899144634,0.5756661295890808,0.5544310212135315,0.6837030053138733,0.632405698299408,0.6022907878788287,0.5611804954103214
0,0.1422667312272498,0.060254089534282684,0.007051995049307636,0.1158784893241738,0.16451512277126312,0.11126989126205444,0.21752513945102692,0.15765686333179474,0.19252594859625488,0.12411650672560333
0,0.13284217859964403,0.1254364550113678,0.032087784477765245,0.11709576416798738,0.15585383772850037,0.11794042587280273,0.11018494516611099,0.14256495237350464,0.17604192937390178,0.11781161034297771
0,0.19984502636198273,0.1402864009141922,0.017943904522953268,0.13405448107645196,0.2800268530845642,0.2140681892633438,0.40650051832199097,0.2974138557910919,0.29953316317639417,0.21503186625538037
0,0.08072751773205226,0.037631649523973465,0.0027966595510768334,0.057389375362220905,0.09250348061323166,0.0031200528610497713,0.09216643124818802,0.007111516315490007,0.13930576528316116,0.04765939603006657
0,0.3625287168479811,0.353851854801178,0.1598473467753417,0.3286049293143277,0.41454875469207764,0.4286416471004486,0.49913543462753296,0.45381084084510803,0.4365761232931404,0.37809588437229746
0,0.4642979553219315,0.3415157198905945,0.6227188764288902,0.27465454248159926,0.536154568195343,0.55483078956604,0.5585505962371826,0.4999181032180786,0.553700831038771,0.48153947727921764
0,0.14780291483852215,0.07817242294549942,0.03213458837017324,0.06783014634812912,0.16581402719020844,0.08672880381345749,0.11975349485874176,0.07129169255495071,0.16688615611459134,0.09746333544533817
0,0.4222612234887098,0.12005508691072464,0.18484593153034826,0.21942576819443926,0.4741111099720001,0.4548625946044922,0.569553554058075,0.5568493008613586,0.45799174985396546,0.37976584893880255
0,0.5631745610259542,0.545613169670105,0.5610355724645921,0.41823758742943,0.526159405708313,0.5306782722473145,0.5023056864738464,0.5229281187057495,0.5617133640615473,0.5214515505464801
0,0.5520110962835016,0.45189568400382996,0.25225520452000866,0.5147091229794886,0.5813133716583252,0.5047154426574707,0.5799227952957153,0.6420018672943115,0.5634437615446897,0.5136436758089598
0,0.3640914347199006,0.14791540801525116,0.21332463935294863,0.16864196300258216,0.34194639325141907,0.41819092631340027,0.3587989807128906,0.42132627964019775,0.3386363705508842,0.3063590330958
0,0.3870237679921047,0.25417616963386536,0.015623946001166112,0.17617083080638765,0.39249444007873535,0.2854183316230774,0.36313721537590027,0.3408638834953308,0.3355501661186302,0.28133407622615914
1,0.5112407313451883,0.4395377039909363,0.15003577930754167,0.5147504148860128,0.5266424417495728,0.545380175113678,0.5776520371437073,0.5041028261184692,0.5048093443550075,0.4745198459559972
1,0.2715267600262648,0.2322077751159668,0.34165091343559995,0.23800727404469046,0.26184409856796265,0.20946112275123596,0.24916209280490875,0.1930193305015564,0.2707244102201426,0.24894983317485414
0,0.5697927653229715,0.4598460793495178,0.7108947961645495,0.6473917934377695,0.6310813426971436,0.5970823168754578,0.4869810938835144,0.4647941291332245,0.5472823413261937,0.5685138594720407
0,0.3418698686690963,0.14679844677448273,0.26609531707805417,0.36427854552170563,0.40994149446487427,0.36975258588790894,0.21415477991104126,0.23812644183635712,0.2649571798613365,0.2933510188445058
0,0.5892573458743232,0.6234977841377258,0.7619147883569004,0.6068736412928484,0.5544896721839905,0.5476266741752625,0.5291587114334106,0.5844855308532715,0.6153974490726588,0.5978062922284386
1,0.6180343454699968,0.865287721157074,0.9341658355842326,0.7511828317467703,0.6269623041152954,0.8030888438224792,0.5028791427612305,0.5358031392097473,0.6702249974270653,0.6992376755670221
0,0.5648708834432946,0.573381245136261,0.5084259872188173,0.6286088002423115,0.5480471253395081,0.7780783772468567,0.6198328137397766,0.6032288670539856,0.6081457729016857,0.6024726413949724
0,0.7512906336392543,0.8255202174186707,0.713091696848587,0.8002249818429796,0.7105769515037537,0.8077367544174194,0.7719286680221558,0.6835249662399292,0.7607914876304667,0.7573851302319112
0,0.355374939166906,0.42405393719673157,0.19849550841332683,0.37661703204196345,0.5044715404510498,0.311051607131958,0.38074007630348206,0.3152064085006714,0.4019230167674625,0.36033909262511377
1,0.535310813555015,0.5070042610168457,0.3294184704005892,0.5046298597466646,0.531919002532959,0.42989522218704224,0.5546470284461975,0.5410181283950806,0.5432037724626884,0.4943965455093354
0,0.5500591745781431,0.6043579578399658,0.7292212226277885,0.5977719559082636,0.5359938144683838,0.5613447427749634,0.581106960773468,0.5141536593437195,0.6079676027277995,0.5823287686899616
1,0.5452674694803276,0.41853606700897217,0.3160546420938608,0.4660851875515824,0.5260096192359924,0.6977590322494507,0.5775949358940125,0.5466110706329346,0.5325271528744525,0.5133550469149841
0,0.21499466937603529,0.1471925675868988,0.11230288068288537,0.2511393443416931,0.3803141117095947,0.33670350909233093,0.2003992199897766,0.20418408513069153,0.24416585036775967,0.23149986700322614
0,0.6927792202047253,0.5954562425613403,0.6828323245559581,0.7402519796574906,0.7559956908226013,0.7227597236633301,0.7549232244491577,0.7713402509689331,0.740854439196479,0.7152319664238425
1,0.45916517830167464,0.6727485656738281,0.6705963016459391,0.5836386750600695,0.5412886738777161,0.3563802242279053,0.5002652406692505,0.5450615286827087,0.5971894537702677,0.5402871188879962
1,0.9021999900957174,0.8504678010940552,0.863026834903441,0.8924647544455445,0.6741464734077454,0.9295332431793213,0.9378582239151001,0.8550087809562683,0.828591554551796,0.8623386650802345
0,0.48110934509545117,0.23183491826057434,0.19203364880285842,0.2653731651901852,0.5310918688774109,0.5968843102455139,0.5901495814323425,0.5549553036689758,0.500743990923879,0.43447246580443016
0,0.24741607036302699,0.16289779543876648,0.04519809419388446,0.09341274352682662,0.4649007022380829,0.18108318746089935,0.26328301429748535,0.17772726714611053,0.28081881554859234,0.2079928335036264
1,0.5596893790705457,0.6075640916824341,0.6799687163605487,0.5694807427670322,0.5532782673835754,0.48456841707229614,0.5904924869537354,0.588077187538147,0.6279686196405236,0.5787477062784029
0,0.19315871783675384,0.0848754271864891,0.009325979678732079,0.13858806486675845,0.31608155369758606,0.13428495824337006,0.23503178358078003,0.21371980011463165,0.23191521413957786,0.16867216201605228
1,0.4211072052725468,0.41024938225746155,0.19845576386137195,0.351388709231761,0.5114708542823792,0.3792082667350769,0.5493990182876587,0.5228424072265625,0.5086896654360223,0.4221077551584249
0,0.6154953789802802,0.6371068954467773,0.6794201492054014,0.653289972724324,0.5978994369506836,0.6851037740707397,0.6164296865463257,0.7218149900436401,0.6719098135968143,0.650148741654742
0,0.5615380235029057,0.5038135051727295,0.634725238250873,0.5513640809735192,0.5994292497634888,0.5472086668014526,0.7130700349807739,0.5790603756904602,0.6528891710126866,0.5868347085749962
0,0.4016930376338537,0.2786853611469269,0.21185703439492906,0.21599368839845218,0.556857705116272,0.5250065326690674,0.6155493259429932,0.4974205791950226,0.5217281934960557,0.41699144062297866
0,0.5782700970086729,0.4956689476966858,0.5624249350793448,0.6425897377115027,0.5834697484970093,0.5684903860092163,0.6147352457046509,0.5796318054199219,0.5979701870356966,0.5782863934148137
1,0.5705310295769732,0.6809403300285339,0.8010174285797645,0.7533315087769256,0.6091967225074768,0.26361358165740967,0.5658433437347412,0.42100876569747925,0.6125986598819755,0.5814555822417855
0,0.495482719443461,0.6439092755317688,0.5728709364474758,0.6094302467200583,0.5397223234176636,0.41450706124305725,0.5603892803192139,0.520636260509491,0.5932113862957508,0.5445364194915774
1,0.7886966571384345,0.8687497973442078,0.9161255034881999,0.8244514530492884,0.7283462882041931,0.8530750870704651,0.6204533576965332,0.6114137172698975,0.7336411658262283,0.7727175871474423
1,0.11882523538496803,0.09677617251873016,0.0017952531320577455,0.08277319066365947,0.18939906358718872,0.23742803931236267,0.2220056802034378,0.32827696204185486,0.22925891576958896,0.1620741617986223
0,0.5569006297852755,0.3566967844963074,0.48493378116286573,0.28823335874782907,0.7206085324287415,0.84770268201828,0.7396122813224792,0.6949340105056763,0.6840313234425158,0.5887835779161286
0,0.4437679469010356,0.6531512141227722,0.7265081209022706,0.7306296469930901,0.5061866044998169,0.4961460828781128,0.5264032483100891,0.40197426080703735,0.5575269723140742,0.5569996092287979
0,0.5097997696405085,0.2988337576389313,0.12549481595360198,0.26846576555140356,0.6315544247627258,0.5710647106170654,0.48394668102264404,0.4900553226470947,0.4785492793891485,0.42680412577347837
0,0.41843111279823103,0.4014468789100647,0.060212904269596725,0.3284883745809133,0.6205119490623474,0.6623147130012512,0.5674819350242615,0.5667896270751953,0.5342984496661821,0.45777133304414896
0,0.42177537429133666,0.3281599283218384,0.09738594127234493,0.47174739875190363,0.4590163230895996,0.4698585271835327,0.5573261380195618,0.49056726694107056,0.4507360106899057,0.4155602101976153
0,0.15446817509812766,0.14146684110164642,0.03462605339341856,0.1557039454060978,0.27263447642326355,0.13662058115005493,0.2352241575717926,0.2099870890378952,0.23433629541733839,0.16994486156986865
0,0.4678993099764178,0.3366048038005829,0.10108031814767214,0.33755221414046954,0.6059203743934631,0.6482647657394409,0.6054452657699585,0.6712273955345154,0.5564656668410871,0.4768769132188835
0,0.48683477797255514,0.275236040353775,0.3727535631777573,0.4064007208520419,0.5039598941802979,0.5344052314758301,0.4695453643798828,0.6108384132385254,0.48094785973141385,0.45918934594768346
0,0.08470006924653571,0.0238213911652565,0.0012208907350901672,0.04653692236215557,0.08359289914369583,0.00309477630071342,0.08728808164596558,0.006083190441131592,0.13616237113325083,0.04303397397419904
0,0.377997455047076,0.23060044646263123,0.1223499977937503,0.4612656513559333,0.48971685767173767,0.38551899790763855,0.3034908175468445,0.20317357778549194,0.2958461361776004,0.32277169792083726
0,0.5158969146001813,0.5619774460792542,0.38530664752001287,0.6552769703143503,0.5778198838233948,0.590392529964447,0.6685041189193726,0.6079296469688416,0.6151476820758881,0.5720165642081789
0,0.569791254201624,0.5057913661003113,0.47974829471369235,0.3645756234190814,0.5276669859886169,0.4041643440723419,0.46938157081604004,0.5304740071296692,0.5378276488002671,0.4832056077515657
0,0.265620021873714,0.26000073552131653,0.08930678571019998,0.18871120872629468,0.4127283990383148,0.37687891721725464,0.479923278093338,0.42908960580825806,0.4072163290509674,0.3166438335768994
0,0.28870641429366994,0.08518555015325546,0.010964202038455991,0.04870189590730944,0.49090808629989624,0.34573987126350403,0.4830314517021179,0.46779540181159973,0.39884854693523,0.28363608107796184
0,0.46871007313321855,0.5853390693664551,0.5597639397304044,0.36785746603900293,0.4962294399738312,0.5463039875030518,0.42685893177986145,0.4640314280986786,0.5276469105154543,0.4884736247698539
1,0.5985172657618663,0.5138387680053711,0.7035760827757426,0.5867757981660393,0.5848571062088013,0.6528421640396118,0.6004495620727539,0.5724582076072693,0.6160542063109541,0.6003134440660638
0,0.550867311562006,0.4745117127895355,0.6261725165626959,0.5848660109695093,0.5403835773468018,0.5821266770362854,0.5675870776176453,0.6140171885490417,0.5858042378969908,0.566932628673594
0,0.15084661289789444,0.07810655981302261,0.011641486712992881,0.10347370719072449,0.27273717522621155,0.13770775496959686,0.235142320394516,0.20808105170726776,0.22506663599010646,0.1524810169338859
0,0.40770709875067757,0.14931386709213257,0.11318074805219527,0.4848273662417428,0.21899929642677307,0.45390433073043823,0.32323041558265686,0.25934645533561707,0.24249882795536523,0.3013035645178722
0,0.24744373955775084,0.05975744128227234,0.019587223685795102,0.09289255786941625,0.3406224846839905,0.41322776675224304,0.3588060438632965,0.4178398549556732,0.30623155389436474,0.2473824504402027
0,0.44839647230541774,0.6209057569503784,0.673724106320926,0.6750304872763305,0.5584584474563599,0.5656771659851074,0.6619672775268555,0.5932289958000183,0.6487629669108976,0.5983280797176908
1,0.5359257287590249,0.301313191652298,0.0788071160502141,0.3195217831669855,0.5756269097328186,0.532082200050354,0.5613673329353333,0.553912341594696,0.49818156920243806,0.43774287247501803
0,0.4073469836535476,0.6084697842597961,0.6279797736119783,0.6152205035463513,0.47555676102638245,0.545054018497467,0.47516927123069763,0.4715227782726288,0.5345673815781891,0.5255861729745599
0,0.5294257358447045,0.2752664089202881,0.134465836546352,0.3024151378668202,0.5793610215187073,0.500177264213562,0.5926545262336731,0.5909750461578369,0.5210066914771344,0.4436281732718392
0,0.9076442298684984,0.9778322577476501,0.9648158049308683,0.9618842605976229,0.8243606090545654,0.7994396090507507,0.9271984100341797,0.871903121471405,0.8655070984307173,0.9038318549588269
0,0.7033803316718286,0.8157813549041748,0.94821123962926,0.757236068924762,0.6610337495803833,0.5739829540252686,0.6191738247871399,0.6193943619728088,0.7205304696046757,0.7095593876954236
0,0.21406360807127695,0.11376175284385681,0.16253886076343368,0.18973095908349827,0.2595243752002716,0.20948192477226257,0.23091307282447815,0.17630109190940857,0.22962977652026495,0.19522342799672646
0,0.08807238840003188,0.062490612268447876,0.016174878751730133,0.06827227328681514,0.279744029045105,0.052886202931404114,0.050866466015577316,0.048840608447790146,0.16248418683147922,0.08473645529596124
0,0.398485140522541,0.21995645761489868,0.38473588043103163,0.16944701786028865,0.4331100583076477,0.5734355449676514,0.5713749527931213,0.5578880906105042,0.4996517419477381,0.4156159816721099
0,0.608485762275136,0.6030956506729126,0.6251232037390742,0.7036656280606232,0.6764880418777466,0.7751444578170776,0.617155134677887,0.807384729385376,0.6886408669275637,0.6768521416535345
0,0.6314995172004919,0.8307691216468811,0.24402406369810453,0.7620051927506428,0.7307342290878296,0.5768031477928162,0.806607723236084,0.7012173533439636,0.7393275292139471,0.6652810076241938
0,0.39622175344183685,0.161995992064476,0.02999479630469032,0.18805591530808682,0.5100163221359253,0.7356569170951843,0.533356785774231,0.5293479561805725,0.4408760330776071,0.3897093546803192
0,0.6552762403036931,0.7259957790374756,0.281033791894786,0.5828500366755089,0.8945226669311523,0.9878060221672058,0.7996399998664856,0.8418282270431519,0.7847076063810752,0.7255551211017133
0,0.13703858802914923,0.12071042507886887,0.013973013082742678,0.12554724715776086,0.2689705193042755,0.14450137317180634,0.2741042971611023,0.2433444857597351,0.24622681420019177,0.1689370303631631
0,0.26705287198580646,0.0380852147936821,0.015099869731906674,0.007826207761294699,0.35127362608909607,0.23040704429149628,0.5486540198326111,0.397760272026062,0.3694143750016964,0.23816959048840222
1,0.6835649848141103,0.8419188857078552,0.8361320687133355,0.7477438100644761,0.7628846764564514,0.7223564386367798,0.7995123267173767,0.7337186336517334,0.7999682221516439,0.7653352248294315
0,0.7011347842761517,0.6077590584754944,0.44880020680121646,0.7087928616198043,0.7171621322631836,0.6544105410575867,0.746164083480835,0.6789020895957947,0.6964186644501927,0.6605378457275436
0,0.40287872907055144,0.4702385365962982,0.715537624040055,0.46204094242030785,0.29009637236595154,0.26458948850631714,0.17441926896572113,0.15522082149982452,0.3116096193406198,0.361702485436626
0,0.669873876656334,0.7655714154243469,0.7824321187913257,0.7314121290012378,0.6285490393638611,0.8037764430046082,0.6226072907447815,0.6729873418807983,0.7006639331647976,0.707205949947288
0,0.576865179848709,0.25027236342430115,0.4486483057432373,0.4059036033486677,0.5662128925323486,0.5298863053321838,0.6895095109939575,0.6011967658996582,0.5778180428039215,0.5114341223018266
0,0.1480340873369046,0.18435333669185638,0.06643636918428254,0.08393950774650247,0.15391743183135986,0.11773667484521866,0.1103026494383812,0.14230620861053467,0.18784642403920213,0.12685093428582167
1,0.8352987412030243,0.9274411797523499,0.9816699185092116,0.8836772350733004,0.6336535215377808,0.888670802116394,0.8842822909355164,0.7666076421737671,0.8192677612841348,0.8474448975838853
0,0.3406251879898252,0.037709373980760574,0.004711594838571515,0.05454088268928793,0.4684831500053406,0.647217869758606,0.6745213270187378,0.48389309644699097,0.453751372095549,0.3445553379554823
0,0.25103957377381325,0.23601649701595306,0.08387648911204289,0.23178445168513953,0.4476657509803772,0.23946452140808105,0.3038908839225769,0.3054342269897461,0.3211204039795917,0.2653908866136585
1,0.4386573130819842,0.3106756806373596,0.22746523908057967,0.46017730077682,0.5061467289924622,0.4187938868999481,0.5404748320579529,0.5494278073310852,0.48106540030573747,0.4347296358731103
0,0.14519970851948802,0.14798209071159363,0.0517563610070976,0.09516846054920293,0.19632978737354279,0.22495365142822266,0.15441203117370605,0.16414916515350342,0.20047526278936478,0.148448010912488
0,0.16318671494681417,0.04014299437403679,0.008762582025354805,0.117677832737202,0.16936825215816498,0.15280604362487793,0.1182103306055069,0.11173984408378601,0.1631002921590219,0.11138566308050946
0,0.6015786837839877,0.7018774747848511,0.39038821562103754,0.6491030815411811,0.7580794095993042,0.7338762879371643,0.8009194731712341,0.7399811148643494,0.7473633545141465,0.6752833817759587
0,0.2680420443940466,0.07693991810083389,0.024706109592878236,0.08326941661416386,0.4334529936313629,0.44546809792518616,0.5769252181053162,0.4481908977031708,0.41171034130757195,0.2998715873323978
0,0.3853972317358378,0.14950330555438995,0.04929754958440307,0.3367780987215801,0.6383265256881714,0.7233196496963501,0.68635493516922,0.6395609974861145,0.539082231411605,0.45627707367738446
0,0.2933550578692303,0.19274522364139557,0.06439845592749444,0.24815145706185668,0.5560426712036133,0.546175479888916,0.6615452170372009,0.5871612429618835,0.5187414583282716,0.39903746440772636
0,0.13838381311686543,0.08602403104305267,0.07694072004995219,0.10774272602459586,0.18355044722557068,0.011251512914896011,0.14588239789009094,0.08731625229120255,0.17910768503579885,0.10601331776781389
1,0.8969790497163741,0.9435965418815613,0.8520442617981638,0.9309194628118748,0.9406816959381104,0.9755825400352478,0.9259485602378845,0.978270947933197,0.879731772658227,0.9310369856471717
0,0.2899644644550719,0.13057714700698853,0.03827191466002392,0.18121860472860457,0.3520723283290863,0.3279665410518646,0.3595660328865051,0.33879879117012024,0.3033137276598124,0.2556787476574046
0,0.6342958137216176,0.7991445660591125,0.8537470040167575,0.7812630181393365,0.5101065039634705,0.6723830103874207,0.5774590373039246,0.5273417830467224,0.6435908837627322,0.665293562002415
0,0.1484457244372817,0.04877040162682533,0.049387947687638906,0.04018086636544859,0.09991912543773651,0.0033543251920491457,0.09573733806610107,0.008233710192143917,0.1454502520002868,0.06276122203727152
0,0.3494805851528453,0.2914744019508362,0.1504317757673109,0.41620840574941587,0.49934837222099304,0.3952711820602417,0.6360234618186951,0.5317514538764954,0.5017689068914175,0.4130193984946018
0,0.09616725773174367,0.0466635636985302,0.0052990838312988375,0.04166497782913838,0.1943582147359848,0.09766258299350739,0.12194062769412994,0.12614311277866364,0.1735472262681939,0.09297366187460214
0,0.3826570634828802,0.5764634609222412,0.6158798422837196,0.38658994295910076,0.2525762915611267,0.19213813543319702,0.2545011043548584,0.20261135697364807,0.3561245894630927,0.3548111129531434
0,0.19267060562681038,0.0625467300415039,0.04133153776724269,0.17723062208218882,0.4816034138202667,0.1911274790763855,0.16522212326526642,0.17856231331825256,0.2331953607400313,0.188672068635398
0,0.10638187760362358,0.010221334174275398,0.0013961426234150552,0.02756600673728519,0.45717164874076843,0.08990944176912308,0.12821148335933685,0.12102267146110535,0.20888298800906507,0.12075806584481338
0,0.46294644800016344,0.29703813791275024,0.3139545125895903,0.41824612402547356,0.5791817903518677,0.4980420470237732,0.5202540755271912,0.5628640055656433,0.5046776205116624,0.45917031849918655
0,0.47716330165150056,0.32537806034088135,0.21432223791854355,0.3694408839753154,0.5703074932098389,0.6117650866508484,0.6397626996040344,0.6055780649185181,0.554486249803613,0.4806654754001608
0,0.09616725773174367,0.02555449679493904,0.001391308344680008,0.04166497782913838,0.1943623274564743,0.09744027256965637,0.12200912833213806,0.12525434792041779,0.17044268792434036,0.08974834515425494
0,0.2190648406119489,0.38733625411987305,0.3831913343093481,0.365968172488576,0.2600124180316925,0.14152070879936218,0.23525811731815338,0.20874498784542084,0.29302316844286275,0.2736667751181567
0,0.7249949446885003,0.7184566855430603,0.8025406698374343,0.785966631301513,0.7451246380805969,0.7148147225379944,0.7529373168945312,0.7274014949798584,0.7597949430921921,0.7458742185969076
0,0.7038546991026438,0.6957546472549438,0.6614805170135571,0.7883351477242513,0.7146787047386169,0.6596552729606628,0.7445379495620728,0.6826565265655518,0.7276629776689535,0.7067651780752164
1,0.612358396457221,0.8751446604728699,0.8529072817317922,0.7830046642508166,0.6035037636756897,0.3289487957954407,0.6360070705413818,0.697763979434967,0.7287765685707449,0.6729303783436207
1,0.5904939670599532,0.7816158533096313,0.9117849638880643,0.6782579113465377,0.5638422966003418,0.7760310173034668,0.6203640103340149,0.6327611207962036,0.6996890697005755,0.6903794819629735
0,0.5365040917055667,0.428647518157959,0.47069739101114244,0.5089871810030436,0.5456504225730896,0.5663171410560608,0.4964313209056854,0.49730774760246277,0.513783328341324,0.5064778604264208
1,0.1633603521630192,0.18352968990802765,0.03233049326869929,0.19060316651621403,0.4553850591182709,0.32187819480895996,0.2605058550834656,0.31763389706611633,0.2990145177564947,0.24328357865450922
0,0.21013739817771068,0.10675865411758423,0.01781751211101433,0.10833419847024957,0.2823598086833954,0.271420955657959,0.25000283122062683,0.2197074294090271,0.2369021568267322,0.18569123315745734
0,0.11925805364363788,0.0567961223423481,0.07280374505279352,0.07397388245384068,0.3913160264492035,0.17140361666679382,0.15511812269687653,0.14918839931488037,0.2190193672462624,0.15052416652746806
0,0.2445375330607006,0.2898062765598297,0.08463362088934387,0.21920048106591233,0.43243274092674255,0.3405230939388275,0.2666403651237488,0.29772841930389404,0.3159941379430577,0.2740758970015933
0,0.5853472827095526,0.670568585395813,0.6953408939764171,0.639702765621574,0.6239557266235352,0.5625182390213013,0.5955117344856262,0.6022666692733765,0.6572965272301492,0.6211144583897967
0,0.2729199798529657,0.43869489431381226,0.15414929552847434,0.3236789699206818,0.2716287076473236,0.1836436688899994,0.2639956772327423,0.15383702516555786,0.284208793541902,0.258489358528178
0,0.5296514618784601,0.6073369383811951,0.6961644882138414,0.39297992543603,0.49735864996910095,0.3796323835849762,0.7123393416404724,0.6266526579856873,0.6799704868099429,0.5566290576943298
0,0.35078728007497584,0.18796461820602417,0.05424405575712017,0.24444403095959538,0.5048689246177673,0.30863136053085327,0.3822021484375,0.3164351284503937,0.346976648970319,0.29766892200930395
0,0.1554308723658279,0.21241144835948944,0.04154879390759163,0.15175500455927585,0.2898136377334595,0.27063700556755066,0.3270234763622284,0.3810761570930481,0.3071133196214996,0.2316873463639961
1,0.543956303259561,0.577772855758667,0.3771965114599565,0.5784961002910461,0.5582640767097473,0.5561476349830627,0.5789439678192139,0.5080030560493469,0.5663000712470011,0.5361554285784415
0,0.283941104562116,0.1814267933368683,0.023278514837438553,0.41859781033274707,0.4015407860279083,0.32042068243026733,0.3461538255214691,0.385328084230423,0.3088736829443596,0.2978762474915252
1,0.1237714061289437,0.03567996248602867,0.04727754847002584,0.01932065306439262,0.23072519898414612,0.14771008491516113,0.17977017164230347,0.09387192130088806,0.18983881786440085,0.11138392403365312
0,0.20027545540715203,0.26043057441711426,0.07486727316475694,0.19297211083778248,0.3346201777458191,0.19906097650527954,0.3450677990913391,0.3277742564678192,0.32195821462382845,0.24500437076351128
0,0.35139598404942235,0.1986599713563919,0.037238518229737595,0.21615772742252023,0.5482003092765808,0.4442388713359833,0.5364336371421814,0.5829739570617676,0.47032140767732983,0.3702399816486619
0,0.674852447356767,0.7802994847297668,0.8880173866324034,0.6349849096064016,0.6985899209976196,0.7039157748222351,0.7417958974838257,0.7753905653953552,0.7828065295535898,0.7363408269911367
0,0.6976122779349074,0.7116264700889587,0.3292023460046134,0.5554913159208179,0.5602261424064636,0.46443066000938416,0.6894316673278809,0.6487334966659546,0.659287360246083,0.5864487016686883
0,0.364564607992737,0.16067121922969818,0.07313593028660312,0.2817804530117978,0.3592637777328491,0.35500264167785645,0.45789068937301636,0.3536297082901001,0.34116526738848635,0.3041703217064077
1,0.5281237737496531,0.41910919547080994,0.41159414577644304,0.3322490059884103,0.5741291046142578,0.4965831935405731,0.5921127796173096,0.5900845527648926,0.5818644275189258,0.49594942543792675
0,0.15674864100516261,0.0971129909157753,0.007769367654118341,0.13136150205607947,0.2649011015892029,0.19713331758975983,0.23137658834457397,0.17370297014713287,0.2185365012715993,0.15964892920422558
1,0.1270358060117201,0.07275451719760895,0.014873188074392965,0.06569823096762752,0.3179665803909302,0.11186616122722626,0.257547527551651,0.21472309529781342,0.24174391353301453,0.15110010173419172
0,0.5336959409016971,0.45699402689933777,0.20828680538018057,0.5385134986891313,0.6753236055374146,0.8486456274986267,0.6108489036560059,0.6541304588317871,0.5928788771836939,0.5684572815720113
0,0.3865144989177622,0.5984374284744263,0.7221621986405543,0.4682231469374479,0.3316335678100586,0.1696324497461319,0.2289983183145523,0.31574004888534546,0.3983555881630718,0.3991360526789285
0,0.31280253341907494,0.08971643447875977,0.014587746919993422,0.04960302733904525,0.5780388712882996,0.047187212854623795,0.1858137995004654,0.2955824136734009,0.2870640543677238,0.20232164484971243
1,0.20251792309000824,0.14682333171367645,0.17521449923223478,0.45729311609083734,0.4252961575984955,0.3391685485839844,0.4238908290863037,0.42324450612068176,0.35319595889513844,0.3256991742454909
0,0.33702196675531954,0.4915318191051483,0.4335349514567636,0.517588056051579,0.46695831418037415,0.3261021375656128,0.24953734874725342,0.21286135911941528,0.3560395462975242,0.37722002325381104
0,0.17089863797328878,0.07869558781385422,0.02076706070700071,0.10273733823173448,0.1723862737417221,0.1029105931520462,0.1327139437198639,0.08201704919338226,0.16931527953788342,0.10926533066680202
0,0.41284917345197925,0.36459046602249146,0.468513866516555,0.466290371522851,0.46649691462516785,0.5638031959533691,0.40181976556777954,0.3618411421775818,0.4201373208939495,0.4365942294413703
0,0.6021918003807141,0.5227969288825989,0.39778920495268183,0.44409248475848073,0.5402140021324158,0.4939712584018707,0.7747605443000793,0.6677980422973633,0.6647229855185682,0.5595997604213881
0,0.5390539215235204,0.4402558207511902,0.3764383070096408,0.5599014549159071,0.5471425652503967,0.5852110981941223,0.5671826004981995,0.6165466904640198,0.5531700026424974,0.5306071744226133
0,0.17196216195859318,0.09054290503263474,0.12684499077065362,0.17986355328669693,0.21695508062839508,0.1675751656293869,0.1386117935180664,0.12628641724586487,0.18758099519900712,0.15249270053892283
0,0.1844268714111922,0.09622478485107422,0.040429340330470846,0.13066385653553217,0.35578402876853943,0.1542663276195526,0.1588304191827774,0.11261018365621567,0.20876995651295124,0.15605131286262514
0,0.24144049364998654,0.1811297982931137,0.13878308019406765,0.15452486155642275,0.27352625131607056,0.05169176310300827,0.051261723041534424,0.046013131737709045,0.1803446424436142,0.14279899822783954
0,0.20059839807741997,0.007982868701219559,0.00839878599233038,0.0039659548268499165,0.5677797794342041,0.11438103020191193,0.3799692392349243,0.4534369111061096,0.3649585783746336,0.2238999092971306
0,0.08191103836327224,0.03784511238336563,0.014685820834308382,0.05219979326151529,0.16978450119495392,0.09587900340557098,0.13011179864406586,0.07755246013402939,0.16498237323310386,0.08374995107466018
0,0.4204245607891005,0.15519051253795624,0.0725137177752076,0.04943754565781075,0.5520612597465515,0.4073942303657532,0.5180813670158386,0.43865442276000977,0.44160109428695393,0.33272565946302834
0,0.3232054541097382,0.3658358156681061,0.1275863626697805,0.33641752989474993,0.39312154054641724,0.2077588587999344,0.4345364570617676,0.44296178221702576,0.4047503780695749,0.33273019307289575
0,0.9218032519100271,0.9291518926620483,0.8910209788531251,0.937015420707174,0.9418306946754456,0.9233303666114807,0.92281174659729,0.9045648574829102,0.872726204676099,0.9216356979709545
0,0.248769842032458,0.19333115220069885,0.07916943454550678,0.1863656394179605,0.4477252960205078,0.24017006158828735,0.30394136905670166,0.305288165807724,0.31558596344839485,0.2538256195781707
0,0.12660816892765286,0.16235049068927765,0.06531794597097221,0.13619500528263312,0.2822518050670624,0.308399498462677,0.17854520678520203,0.13184872269630432,0.21631707111792497,0.17435691741567422
1,0.22253333332063885,0.12717826664447784,0.07071858776061513,0.15077065544511178,0.25167006254196167,0.21474246680736542,0.23007045686244965,0.16685223579406738,0.2234396494810508,0.18091046532345803
0,0.4714095605271488,0.4820977449417114,0.1891900730705919,0.2510026868645785,0.5813429951667786,0.49087879061698914,0.5902869701385498,0.5488215684890747,0.5694610360108986,0.45549904554230664
0,0.08011652535885982,0.03293248638510704,0.009148697730543588,0.05152567055287925,0.1374426633119583,0.08306147158145905,0.11264126747846603,0.07822360098361969,0.15642898227852134,0.07428044504403644
0,0.5232481104339981,0.46293580532073975,0.08353221846033645,0.478070781230144,0.5430834293365479,0.48242753744125366,0.5900181531906128,0.587510883808136,0.5321563184929595,0.4739176778212357
0,0.25925272611739864,0.10125177353620529,0.021378934947886785,0.11457784772627312,0.41778895258903503,0.036490194499492645,0.3782808184623718,0.3848068416118622,0.32983523585664276,0.22017570615961302
0,0.28785241731354555,0.17643983662128448,0.494668761827031,0.2861471874626343,0.27190452814102173,0.18357031047344208,0.26399603486061096,0.15396226942539215,0.2712992612620634,0.2627427413639296
0,0.294060408417451,0.08415710180997849,0.07892630043531274,0.08211694956083762,0.40427884459495544,0.37451812624931335,0.5768550038337708,0.4280391335487366,0.4085377659723736,0.29544397094006963
0,0.32722426621178785,0.2958640158176422,0.14972151657391616,0.4112795709832929,0.5193566679954529,0.47202733159065247,0.44247138500213623,0.47745317220687866,0.42484241845463366,0.38944432012602703
1,0.39620629252323697,0.3004847764968872,0.4029861249398774,0.3629561794422833,0.5245941877365112,0.29034727811813354,0.358284056186676,0.30925828218460083,0.39461609054346675,0.36872782515461144
0,0.12660816892765286,0.16235049068927765,0.06531794597097221,0.13619500528263312,0.2822518050670624,0.3083995282649994,0.17854520678520203,0.13184872269630432,0.2163170710780289,0.1743569209719229
0,0.4926439801492629,0.5619352459907532,0.2812614340893628,0.6086336831612342,0.6275530457496643,0.5562202334403992,0.4826890230178833,0.5043310523033142,0.5295589046861787,0.5159309544870732
0,0.6552130457411113,0.7106988430023193,0.7783366508219022,0.7365535808673092,0.6716322302818298,0.7446891069412231,0.5831416845321655,0.7441036701202393,0.6989987831721244,0.7011972407559612
0,0.46103134734405266,0.4182896316051483,0.1962321634149496,0.3754738435623521,0.607131838798523,0.5226032733917236,0.4346275329589844,0.3762436807155609,0.45644653929194035,0.4263639024850507
0,0.2728665486770596,0.2951817214488983,0.053735414969160754,0.32446271830962137,0.5025804042816162,0.316397488117218,0.1918562948703766,0.2850545346736908,0.29466490363961184,0.2822742504235748
0,0.18712327576363152,0.16022107005119324,0.10892112102194793,0.24847235919243912,0.304005891084671,0.30484989285469055,0.32776787877082825,0.22957326471805573,0.27275772395081344,0.23506664281762435
1,0.669873876656334,0.7655714154243469,0.7824321187913257,0.7314121290012378,0.6285490393638611,0.8037764430046082,0.6226072907447815,0.6729873418807983,0.7006639331647976,0.707205949947288
0,0.7115136184753204,0.8951175808906555,0.9660345563670895,0.7982413617419732,0.7516134977340698,0.7213054299354553,0.7521845698356628,0.6355929374694824,0.7878203857804492,0.7762740660671943
0,0.09790546120614638,0.06123773753643036,0.005078460238767133,0.09409329173082007,0.060960084199905396,0.003637210000306368,0.05795423686504364,0.005061059258878231,0.13072376025584012,0.048776670216982315
1,0.7280882062826923,0.7269407510757446,0.7116070349150768,0.7421891346157476,0.7003844380378723,0.7196110486984253,0.7212830781936646,0.6499541997909546,0.7257573542359849,0.7120961825585204
0,0.3167608238177488,0.3078092336654663,0.227489464617246,0.26984060587470676,0.4102019965648651,0.3750460147857666,0.4707474112510681,0.412777304649353,0.419366671086338,0.3512078384177476
1,0.15455878922865232,0.12724225223064423,0.06425736496968236,0.1075433517158029,0.24291002750396729,0.21523414552211761,0.22881589829921722,0.1517341136932373,0.22167163318962618,0.1629600931720416
0,0.19562322242477026,0.2017340362071991,0.027124431364266136,0.28179566816503326,0.3921155035495758,0.25134003162384033,0.2470313310623169,0.2137855887413025,0.26091952586636585,0.22826971911686494
0,0.4100628412122975,0.6890754699707031,0.5745167209365516,0.5193403540272408,0.47553738951683044,0.5455598831176758,0.47512954473495483,0.47104036808013916,0.5545673917234183,0.5182461896533492
1,0.5509594226517952,0.634850263595581,0.8948899680192565,0.5635850799623249,0.5413691401481628,0.3637601137161255,0.5528990030288696,0.5641857981681824,0.6377780179975864,0.5813338084150883
0,0.5305556186178645,0.2735297679901123,0.10271446226609175,0.31236561936612695,0.5743474364280701,0.6357033848762512,0.5995391011238098,0.5679299235343933,0.512031377549034,0.454493199059727
0,0.5643656459557315,0.5542728900909424,0.3446968837540467,0.566531989865044,0.5804475545883179,0.5448818802833557,0.614007830619812,0.580852210521698,0.591615924649401,0.5462053100254883
0,0.18919363504781508,0.07817242294549942,0.5199663274626496,0.06783014634812912,0.16565218567848206,0.08670493215322495,0.11974668502807617,0.071585513651371,0.20158124794115767,0.15953431974617566
0,0.38522672880688624,0.17197324335575104,0.0323837731495715,0.21763420473002323,0.405569463968277,0.49216488003730774,0.5123677253723145,0.43017682433128357,0.38837271697025566,0.33520168569228814
0,0.5702018700240726,0.6256279945373535,0.6260894875800377,0.5906438933961395,0.6273152232170105,0.6146005392074585,0.478630930185318,0.45448994636535645,0.573242915054688,0.5717761841730744
0,0.07857938757815262,0.05357819050550461,0.024101725218909686,0.03691515623193074,0.09731725603342056,0.06234163045883179,0.08108913153409958,0.08376916497945786,0.1499856236511082,0.06559062562699516
0,0.6130948555736494,0.7057877779006958,0.8626790597941033,0.734502080219001,0.5866796970367432,0.5843425393104553,0.6157166957855225,0.5782212018966675,0.6687553120147117,0.6572736469317837
0,0.26873226461952315,0.23080338537693024,0.04971646300068383,0.3014579506717675,0.3330492079257965,0.17221949994564056,0.22917117178440094,0.31421977281570435,0.26741118126389735,0.24001539756646972
1,0.6037120787363084,0.8493475317955017,0.6979465408867354,0.8403923442245735,0.605726420879364,0.780874490737915,0.7966834306716919,0.7099050879478455,0.7538345576125918,0.7342408156129161
0,0.6679702028853757,0.7802064418792725,0.910942006993503,0.7379416198425822,0.6791521310806274,0.7479175925254822,0.6941375136375427,0.6986170411109924,0.7504002967747141,0.7370434639637071
0,0.5819186159456159,0.673366129398346,0.4368243235025076,0.6293545871415261,0.5822315216064453,0.5610367655754089,0.6143824458122253,0.5805263519287109,0.6231823335942945,0.5838002351195839
0,0.11207642957738168,0.01890355348587036,0.00729353108873475,0.022938882230212558,0.17930114269256592,0.002236902480944991,0.08868882805109024,0.04462369158864021,0.15275090014283405,0.061277736923636396
0,0.10343488672260197,0.014732026495039463,0.0007393760958900762,0.02941528067993432,0.2774224281311035,0.19508296251296997,0.22581014037132263,0.19581298530101776,0.21528432008687814,0.1328762715678474
0,0.3220915153342972,0.3055441081523895,0.28927524725516696,0.27668027911664117,0.38200992345809937,0.3282715678215027,0.20364859700202942,0.2070898413658142,0.28840581094103634,0.2888194053886122
0,0.5726109954017999,0.7397332191467285,0.8399872041913248,0.588493523535871,0.5392109155654907,0.5783049464225769,0.5674628019332886,0.6149266362190247,0.6656036029588219,0.6276819214117487
0,0.16302738859553803,0.04717026650905609,0.006004889745117159,0.07254167422841333,0.2014094889163971,0.2013145238161087,0.32002970576286316,0.27741312980651855,0.24230547518495915,0.1642758732172397
0,0.5948675421382315,0.6910637021064758,0.590533779120055,0.6659695404067387,0.5818567872047424,0.5064440965652466,0.5800610780715942,0.6409220695495605,0.6413550107142202,0.6067699013105814
0,0.1914076647749609,0.12206452339887619,0.057029543864676326,0.17307982929165172,0.4824509918689728,0.19382908940315247,0.16373535990715027,0.17242904007434845,0.2434538221265092,0.19671369333321426
1,0.4391019153820564,0.35620689392089844,0.16137540914739124,0.30277139802043695,0.5415292978286743,0.3561529219150543,0.5003678798675537,0.5449110865592957,0.4899791921594674,0.405121264786113
0,0.1548429778272062,0.06833840161561966,0.018718743614193137,0.11168463355708312,0.29870539903640747,0.23645484447479248,0.25769978761672974,0.23123499751091003,0.23743200139534953,0.1746774577699166
0,0.3926954700055459,0.4088591933250427,0.2994136120137402,0.45466479429684337,0.44965970516204834,0.4724469780921936,0.5588486194610596,0.49112749099731445,0.4930760327099113,0.44267757220260645
1,0.5374421771245737,0.6098389029502869,0.7452968249664909,0.5938799131972403,0.517922580242157,0.5088533163070679,0.5723749995231628,0.4927627146244049,0.599731396020692,0.5702633676037171
0,0.5877121296627814,0.7139939665794373,0.7619295584792437,0.7164357566272112,0.6138268113136292,0.5523836016654968,0.579262375831604,0.6015303134918213,0.659621853942234,0.6390930600871048
0,0.6363137353046188,0.592732846736908,0.41642468705134106,0.5249857248536057,0.6492922902107239,0.8013450503349304,0.5722935199737549,0.5786446332931519,0.6114840639229208,0.5974285639266139
0,0.6660806292288348,0.546607255935669,0.23033772504583339,0.6761914463946598,0.6991732120513916,0.7187894582748413,0.7204912304878235,0.6511515974998474,0.6461681081376636,0.6174425068507522
0,0.1387629793861171,0.13023366034030914,0.02107860304258842,0.11983929886728022,0.2702334523200989,0.15658630430698395,0.27474403381347656,0.24268792569637299,0.24911766790741044,0.17209265087451228
1,0.7126845710853,0.9043518900871277,0.9436773733404573,0.8489259619969577,0.7708543539047241,0.7478419542312622,0.774604856967926,0.7112703919410706,0.8037306201953431,0.7994946145677919
0,0.2988728644744509,0.07025016844272614,0.016512346158391204,0.1267680880382695,0.45351848006248474,0.6031859517097473,0.6193130016326904,0.465871125459671,0.42897520720004984,0.3365517863745713
0,0.4061881277904342,0.5478609204292297,0.3964489333941417,0.5073268879911726,0.5514562726020813,0.4904431998729706,0.4358731508255005,0.48369309306144714,0.5091025324485935,0.4777007151568296
0,0.4153679903493033,0.5710811614990234,0.45057916469508846,0.38866691654351,0.5734206438064575,0.48793864250183105,0.5182371139526367,0.5593301653862,0.5826267602156014,0.49690988744939024
1,0.6572129064499396,0.5568786859512329,0.37574644421380765,0.5627921759875237,0.7945604920387268,0.2155371606349945,0.7437957525253296,0.6904456615447998,0.7079242303329836,0.5812387204406023
0,0.5372653951561452,0.543906033039093,0.40043717167362713,0.6076508466771623,0.5395485758781433,0.4089098572731018,0.5886334180831909,0.5414124727249146,0.56550245949668,0.5228861805700395
0,0.1950329196247487,0.0848754271864891,0.009325979678732079,0.13858806486675845,0.31603318452835083,0.1342209428548813,0.23503568768501282,0.21356908977031708,0.23187763506554912,0.1688818948042906
0,0.1270358060117201,0.04034220799803734,0.0031569969640617515,0.06195701971840906,0.31864893436431885,0.11117253452539444,0.25766023993492126,0.21204403042793274,0.23531795542442674,0.14490842356073094
0,0.3354767196556685,0.04799744859337807,0.00508003120338098,0.0961532597980504,0.4327665865421295,0.491826593875885,0.43553465604782104,0.3371399939060211,0.3304425795499084,0.27682099900663243
0,0.49563276321555866,0.2818196713924408,0.36801367433890336,0.43724487331718265,0.49691399931907654,0.5305628180503845,0.46739962697029114,0.5928440093994141,0.472784476044737,0.46032736586512957
0,0.08487535448008782,0.037903737276792526,0.002852362277336805,0.044749852827391884,0.09354224056005478,0.003175258170813322,0.09205876290798187,0.007182673551142216,0.13996109625599426,0.0468511901270303
1,0.5499598242729556,0.41821110248565674,0.22580762045727132,0.3273454734508913,0.49729129672050476,0.5222465991973877,0.662078857421875,0.514125406742096,0.5511819728923747,0.46887839741310877
1,0.6571024343171671,0.7113670706748962,0.7529789508751731,0.7737672784572327,0.6797047853469849,0.7078977823257446,0.6535138487815857,0.6532711386680603,0.7009075723802087,0.6970885368630608
0,0.10221736786258523,0.022709036245942116,0.0008365533736793448,0.03137794203389689,0.2773135304450989,0.19460318982601166,0.22581003606319427,0.19594764709472656,0.21641726380618845,0.13390948193507762
0,0.3621266075531725,0.14791540801525116,0.136434662642645,0.16864196300258216,0.3425581753253937,0.42029908299446106,0.35879454016685486,0.4228944480419159,0.33092659560441867,0.29770193034714126
0,0.2891868887475269,0.07431154698133469,0.02258027813698096,0.06932989165907695,0.21441350877285004,0.4626655578613281,0.32309865951538086,0.25775834918022156,0.2476895921718272,0.21625694825641456
0,0.13364880013786995,0.0504591278731823,0.003512629925064335,0.1005519150903167,0.28744328022003174,0.2540196478366852,0.1753416508436203,0.15278178453445435,0.19976741347196966,0.14629167258575038
0,0.5332479692031378,0.3508088290691376,0.06086283342171597,0.21659146401157928,0.6056438088417053,0.4434589445590973,0.5316036343574524,0.4928448796272278,0.4993280789715596,0.4105872730033
1,0.47503418346521137,0.44795262813568115,0.14061125104410696,0.300568632122223,0.6264777183532715,0.552623987197876,0.48240700364112854,0.5067727565765381,0.5136598153071115,0.4456791566292551
1,0.49084477405434207,0.48840397596359253,0.3230277363504311,0.4131478363678578,0.48118314146995544,0.5008328557014465,0.557992696762085,0.5924288630485535,0.5463043898611268,0.4835869126608641
1,0.6194039134081352,0.66688472032547,0.4456314295623455,0.6844637558281271,0.6427573561668396,0.5096681118011475,0.6486788392066956,0.7130613327026367,0.6697376109771563,0.6188870585049697
0,0.16531700076681383,0.055179644376039505,0.5399498022127384,0.0883697584156258,0.2597971558570862,0.13224495947360992,0.1599573791027069,0.12331218272447586,0.23166983824339132,0.18792441376471491
0,0.5497027833546496,0.5456775426864624,0.6759538448038358,0.5898371292357772,0.5308192372322083,0.4783492386341095,0.5894238352775574,0.5869510173797607,0.6068309911221957,0.5677747238006237
0,0.2451804677709072,0.16524700820446014,0.09471406426013075,0.2457196450040711,0.4541178345680237,0.23535899817943573,0.31084051728248596,0.30902060866355896,0.31151560588608346,0.2604395792113384
0,0.5287435635987918,0.531885027885437,0.21752397449159708,0.5250535787629177,0.6454607248306274,0.5294032692909241,0.5928760766983032,0.5443065166473389,0.5755705814812967,0.5180625004882113
0,0.283057997069021,0.32686203718185425,0.15015167889841297,0.32446271830962137,0.502205491065979,0.31674110889434814,0.19177687168121338,0.2856268882751465,0.31040726145890185,0.2988163965410284
1,0.2916594984317163,0.1117977499961853,0.05388105585133861,0.1472999843183635,0.18224243819713593,0.17479686439037323,0.26118627190589905,0.22025199234485626,0.22404294015422668,0.18283080284094544
0,0.524143722453514,0.5306722521781921,0.14420344143369,0.5827977907331526,0.5562286972999573,0.46974435448646545,0.6680848598480225,0.6052980422973633,0.5811766051857652,0.5148415910527859
0,0.08100977111182277,0.037631649523973465,0.00305479534273931,0.0503515070629106,0.08743972331285477,0.002848183736205101,0.08923782408237457,0.006356326397508383,0.13842510320666157,0.045712001689491674
0,0.1470299132036961,0.24495495855808258,0.234818669629058,0.16071242856472767,0.34379640221595764,0.11882141977548599,0.09944140166044235,0.13761000335216522,0.23302238721103277,0.18573261004677163
0,0.32463600228714595,0.6524993181228638,0.7131809025217445,0.12851410667150295,0.443410724401474,0.4682426452636719,0.3113931715488434,0.2853699028491974,0.48824198683829745,0.4128088975134371
0,0.4670298606439355,0.5098065137863159,0.7366392768086025,0.8008761864309419,0.5595346093177795,0.409026175737381,0.5741139650344849,0.5486319065093994,0.5820868590178055,0.5735057180846298
0,0.4180165632796301,0.6143980622291565,0.7790195150680121,0.5734969168464792,0.35898518562316895,0.603650689125061,0.23295491933822632,0.21144618093967438,0.38471547688427943,0.46677881114312547
0,0.39558801266085775,0.5377718210220337,0.6809920750376811,0.48923875656352184,0.5857971906661987,0.49299508333206177,0.5669311285018921,0.5648048520088196,0.6148046294120316,0.538339042576758
0,0.7435210459264162,0.6339272856712341,0.7281052557974703,0.7540736152790544,0.6138243079185486,0.6853854060173035,0.7227790951728821,0.7388132810592651,0.7084311720986213,0.7022963358178445
1,0.5521850943110411,0.283798485994339,0.24912862708664413,0.5642393456246357,0.5485048890113831,0.5624740719795227,0.6580567955970764,0.5705376267433167,0.5261188445641682,0.5018167830560911
0,0.5951970179553477,0.6842478513717651,0.7189173166696393,0.639702765621574,0.6235879063606262,0.5604177117347717,0.5957167148590088,0.6020152568817139,0.6625146987656052,0.6265358570830712
1,0.13460445081101727,0.19033758342266083,0.04925608729314123,0.11801546146933377,0.17854256927967072,0.1275358349084854,0.12117735296487808,0.1350615918636322,0.19082761031410866,0.1327925805184451
0,0.54281155418018,0.7940285801887512,0.721552494864037,0.7171424283380878,0.5761809945106506,0.41151943802833557,0.5528337359428406,0.5411608815193176,0.6431285657416219,0.6057113205528204
0,0.21379513644378467,0.19603770971298218,0.02836630510040089,0.07262312006014823,0.0122678829357028,0.0,0.21705186367034912,2.5368752237797665e-11,0.17209903667879786,0.09413234637423311
0,0.2401564483662708,0.13928945362567902,0.03407131868855633,0.14886413482182884,0.4821077287197113,0.14652730524539948,0.21422217786312103,0.2271994650363922,0.269138477700588,0.207611343364417
1,0.5410251718384359,0.6132789254188538,0.6475181945552616,0.6393478268170523,0.5167226195335388,0.6001622080802917,0.5273048281669617,0.595475435256958,0.5904703757936358,0.5834753092055875
0,0.0596773358388412,0.019099686294794083,0.0003232896984034531,0.029906370508167638,0.3110730051994324,0.053805410861968994,0.04891010746359825,0.06259121000766754,0.16331327948937577,0.07486161512917805
1,0.7097712847752594,0.8951175808906555,0.9100180877107376,0.7946648253765196,0.7516465187072754,0.7217700481414795,0.7521354556083679,0.6356894373893738,0.7835514964246232,0.7691732401028932
0,0.2565239462145134,0.079312264919281,0.006176735833400252,0.08953643404426674,0.41843685507774353,0.23992101848125458,0.3901725709438324,0.3848573863506317,0.32942458048204604,0.23821497462836755
0,0.29176483969804656,0.15578319132328033,0.11985405136127579,0.14315539202934519,0.47137174010276794,0.3342236280441284,0.25567883253097534,0.21108153462409973,0.28769445520553266,0.24996382277121756
1,0.9082927822193854,0.9267969727516174,0.9722672263395993,0.937947151657354,0.8497960567474365,0.9788387417793274,0.8805262446403503,0.8868128061294556,0.8574087250425217,0.9160610003047785
0,0.11842888658558355,0.039316531270742416,0.002831449003023753,0.07710826729766895,0.23453660309314728,0.14180441200733185,0.15749526023864746,0.14621123671531677,0.18657408021913105,0.11662117531084444
0,0.25147980021844446,0.4243052899837494,0.3118136584637543,0.3081786818479229,0.4094027280807495,0.0939149260520935,0.3790960907936096,0.38826191425323486,0.41418506479073536,0.32293885687519136
0,0.1287583501024452,0.1462784856557846,0.14849018212161566,0.1104457146209108,0.2534233331680298,0.14173954725265503,0.15450982749462128,0.12004929780960083,0.20980832302752525,0.1509134862833444
0,0.5310104736357498,0.6203256845474243,0.7715115947492511,0.6250424939698502,0.6757671236991882,0.6376445889472961,0.6730669140815735,0.6580284833908081,0.702899919188808,0.6479065323076205
0,0.06530876481450135,0.03919302299618721,0.007912613815332845,0.028094191456981287,0.096031554043293,0.059371449053287506,0.08130105584859848,0.08351129293441772,0.14762303380996075,0.05860418965049059
1,0.5514964692736691,0.6900123953819275,0.8406413948935039,0.6951117531925939,0.5918604135513306,0.5683920383453369,0.5637553930282593,0.4758799374103546,0.629804135096686,0.6187085138480828
0,0.2645113402713166,0.11488749831914902,0.005721751010741628,0.08527341344953684,0.4918483793735504,0.34430623054504395,0.24714604020118713,0.480008602142334,0.32380950055254304,0.2587709296492209
1,0.09966141353366806,0.009497104212641716,0.008331480951237268,0.007659322454163765,0.22076278924942017,0.13648010790348053,0.17978474497795105,0.09258554875850677,0.18247954784473186,0.0962667690554703
0,0.17363468094478748,0.10904567688703537,0.032131779207477715,0.08956752119207201,0.29792189598083496,0.3072618246078491,0.24677027761936188,0.31202125549316406,0.2567036446568308,0.1985156358950388
0,0.6890186789528363,0.7706927061080933,0.8805857975200756,0.8126404715810721,0.638990581035614,0.9892117977142334,0.6124268174171448,0.789740800857544,0.7248641310974291,0.7688325548109464
1,0.6221245212583841,0.5990320444107056,0.4941790402881976,0.5716713898213777,0.7488120198249817,0.7139462828636169,0.7537640333175659,0.7357969880104065,0.7278835238531677,0.6575579116368532
0,0.3054811980678396,0.5486562252044678,0.1837774277020394,0.38363374635275665,0.43373942375183105,0.3443407118320465,0.2674895226955414,0.298714280128479,0.36741214533311645,0.34650627277765256
0,0.3566106392299973,0.07655408978462219,0.0070535280230460285,0.1172218943341315,0.5113619565963745,0.44633227586746216,0.4930846095085144,0.36535730957984924,0.3774538837884895,0.3017897837365026
0,0.28613406302763367,0.40734946727752686,0.46302663318726855,0.32680898961585925,0.3625774681568146,0.3590243458747864,0.1952841728925705,0.1999199241399765,0.31394172578518487,0.32225501152923886
0,0.11021987401564357,0.03624189272522926,0.012738461983755488,0.09489453269501444,0.25925347208976746,0.12648600339889526,0.16250941157341003,0.12446842342615128,0.1878687567692748,0.1176594357031081
0,0.45326389969992936,0.49242931604385376,0.23223552073450326,0.4370320537432837,0.3974897861480713,0.5733795166015625,0.41782310605049133,0.3837774991989136,0.41756913739506285,0.42399301766173464
0,0.2456382509534215,0.22173579037189484,0.31593468576491646,0.24917386665693408,0.45839202404022217,0.22907833755016327,0.316590279340744,0.31557729840278625,0.3500233642724358,0.2950915507779855
0,0.6975332344289753,0.677024245262146,0.6456921783458617,0.7238208783946326,0.7188600301742554,0.6546801924705505,0.7463045716285706,0.6789129972457886,0.7279031824771991,0.6936934981791462
0,0.9264001986729022,0.9708430171012878,0.9929936349875353,0.9584594288001902,0.8429288864135742,0.9738500714302063,0.8766335248947144,0.851396918296814,0.8573326844118798,0.9221975421954535
0,0.2999693801535576,0.4782595932483673,0.13607644946188974,0.5103975105268623,0.5565841197967529,0.5482911467552185,0.6614872217178345,0.5872941017150879,0.5694894162801457,0.4758185014186805
0,0.06740820071330203,0.014698357321321964,0.0016861202740947317,0.036970796744000375,0.06320185959339142,0.0023934643249958754,0.05796104297041893,0.0044752685353159904,0.12823382173799558,0.031804532059322786
0,0.3228857878168228,0.3055441081523895,0.2960823522711887,0.2860215423777819,0.3825213611125946,0.3281153440475464,0.2035476118326187,0.20695345103740692,0.28845305279168554,0.2908545538301581
0,0.3210628154461423,0.5850201845169067,0.10550945541608724,0.29693004703909015,0.28565099835395813,0.2721382677555084,0.17346979677677155,0.15586407482624054,0.2839945581999755,0.2749634879128958
0,0.11452717085139746,0.08238738775253296,0.017297489333397316,0.1276296182772038,0.16785211861133575,0.09087774902582169,0.11989028006792068,0.07121323049068451,0.16397805710355398,0.09992233580803225
1,0.7667341646108516,0.8310009241104126,0.9116356681279051,0.858583446483263,0.9106327891349792,0.9831622838973999,0.8643234968185425,0.8602217435836792,0.8480784725203113,0.8719572134682285
1,0.4053165207056431,0.39205050468444824,0.22282566544122248,0.24818741186952353,0.5697880983352661,0.20708055794239044,0.23249705135822296,0.3430687189102173,0.37671268615745196,0.33047917922374004
1,0.9341267862636846,0.9785459041595459,0.986342426065662,0.9520013058928013,0.8562854528427124,0.9806821346282959,0.8772690296173096,0.8654068112373352,0.8611984097564058,0.9270540326013234
1,0.13703858802914923,0.12071042507886887,0.013973013082742678,0.12554724715776086,0.2689075171947479,0.14452265202999115,0.27409276366233826,0.24326851963996887,0.2461999936144409,0.1689200566102139
0,0.06740820071330203,0.014698357321321964,0.0016861202740947317,0.03700901884929921,0.06333024054765701,0.002437013201415539,0.05795784667134285,0.004547810181975365,0.12825274983123464,0.031839919693894735
0,0.21142488175798457,0.169086754322052,0.01271158590579882,0.2243176565202431,0.37051403522491455,0.3416944146156311,0.1973830610513687,0.2027803212404251,0.23806883284036592,0.21772425888365438
0,0.2842281986193316,0.3561667203903198,0.03366558801065044,0.20378042417002057,0.2694741487503052,0.31000906229019165,0.29684972763061523,0.33394768834114075,0.3073271882979992,0.26369232675729487
0,0.650143560716349,0.5608718991279602,0.4549564355506883,0.6544140304397511,0.7593804001808167,0.8070688843727112,0.6918930411338806,0.7795395255088806,0.702046939164508,0.6719084604684804
0,0.5496920772278594,0.5271682739257812,0.1501808736017803,0.19944787578539608,0.38097721338272095,0.5182898640632629,0.7502509355545044,0.5409899353981018,0.5877523641266755,0.45777691024971573
1,0.3545628648389573,0.14783139526844025,0.017634952242571132,0.13140908086509523,0.527527391910553,0.36758920550346375,0.4474257528781891,0.5611523389816284,0.4216535993111612,0.3255500903691366
0,0.07965704372641504,0.04841165989637375,0.010353664974154679,0.1019254387772129,0.16593405604362488,0.08878709375858307,0.12244912981987,0.07281747460365295,0.16106807539335632,0.08730350894676843
0,0.2731786341937115,0.15752451121807098,0.07024249568876514,0.34339534805426175,0.4116767942905426,0.3922582268714905,0.489471971988678,0.43858644366264343,0.37512060253734203,0.32540012036366317
0,0.12665851623267108,0.082639679312706,0.007443980507243413,0.11644882413319962,0.28833621740341187,0.2534191310405731,0.17542238533496857,0.15267547965049744,0.20408841990799986,0.15182018519685841
0,0.3972408126993141,0.4849996864795685,0.599430299116205,0.5834624607559181,0.44250988960266113,0.5703446269035339,0.6193655729293823,0.4580819308757782,0.5482109617888059,0.5175191504344927
0,0.6551625218954014,0.8308104276657104,0.7969055616719856,0.7758379348710842,0.5135325789451599,0.44771334528923035,0.6368452906608582,0.5481609106063843,0.6694415281331192,0.64878099319975
1,0.25179382764207275,0.31227776408195496,0.09730495191458526,0.26154456775440904,0.3019370436668396,0.28367307782173157,0.31475746631622314,0.36931487917900085,0.3202519984129726,0.27633940638265064
1,0.22787548104809902,0.03768882527947426,0.007473583091497715,0.024943747103038334,0.37032169103622437,0.36264854669570923,0.31618019938468933,0.336980938911438,0.2840558682442404,0.21423220295361858
0,0.40870825462577365,0.6230224370956421,0.5718571929155993,0.542501964589595,0.5503914952278137,0.5130940079689026,0.4352465569972992,0.4845586121082306,0.5436284625193597,0.514639683478292
0,0.2046782285715759,0.2696206271648407,0.058102514022072,0.18521253284055123,0.25907260179519653,0.20641769468784332,0.23080097138881683,0.17404916882514954,0.24627174352217776,0.2000768492411814
0,0.3212368082110355,0.1244785264134407,0.26403670200304485,0.1746141208887521,0.2662232518196106,0.1948733776807785,0.2637162506580353,0.14721517264842987,0.24612636523566353,0.22003950790308266
0,0.33772038862541387,0.3275710940361023,0.2870804725558862,0.45670528152679446,0.3448339104652405,0.3934871256351471,0.19377940893173218,0.1947471797466278,0.26729125246905766,0.3151050316298142
0,0.23151134404765064,0.2481936812400818,0.19276709032730271,0.21686786129407234,0.3930070102214813,0.17498940229415894,0.33538365364074707,0.3247731029987335,0.33872675702217664,0.2671135917322198
0,0.5289582767919366,0.7347097992897034,0.8286610623295594,0.6864172744070193,0.5953876972198486,0.5387343764305115,0.568043053150177,0.600652277469635,0.6656752919752088,0.6326281718602029
1,0.35525393347219164,0.21338112652301788,0.21014417675129962,0.07648244389357667,0.48510757088661194,0.5606226325035095,0.4108442962169647,0.38238728046417236,0.4017276241638564,0.3391469567085845
0,0.15315561962315696,0.10034319758415222,0.03187139448148111,0.16206117439626308,0.4834045469760895,0.20329928398132324,0.1619028002023697,0.1672065258026123,0.23731310470792852,0.18513011992811787
0,0.7327808770829044,0.8995643258094788,0.9459766717671595,0.9148002392124795,0.7039183378219604,0.7201356291770935,0.7030490636825562,0.6645287871360779,0.7634699055517333,0.7823362238695434
0,0.1679247457032584,0.14113955199718475,0.05316186427217681,0.21455951945614907,0.2983739376068115,0.2770979702472687,0.31694313883781433,0.37236350774765015,0.2871173791240871,0.23273651708289367
0,0.4082264656208322,0.3328317105770111,0.5202875927478127,0.4131090674539821,0.519477128982544,0.4716000258922577,0.4426209628582001,0.47717443108558655,0.47626348481019204,0.44779105321270873
1,0.4419154220700803,0.5560370087623596,0.3091867407961147,0.4597798302956164,0.5074445605278015,0.47473981976509094,0.495039701461792,0.5584725737571716,0.5320727374610861,0.47736223839233005
0,0.12617930585392734,0.104080930352211,0.023181942025852824,0.09336206762286413,0.15556462109088898,0.11860863119363785,0.1102345809340477,0.14360810816287994,0.17391741537835978,0.11057136162111908
0,0.06947282983858966,0.0347016267478466,0.006251553420515163,0.03826319054950279,0.12911152839660645,0.06627050787210464,0.0708468109369278,0.037463508546352386,0.1436250281483869,0.05736057538968303
1,0.5153860806703927,0.2536679208278656,0.4353551393147703,0.3557663204920603,0.839888334274292,0.0016056853346526623,0.7992059588432312,0.2349315881729126,0.6087679796606057,0.4353362226717244
0,0.5176243958302257,0.5309413075447083,0.2545810918121957,0.5402371840897234,0.5265432596206665,0.5374999642372131,0.5528709888458252,0.6205845475196838,0.5518651926309851,0.5129414816127992
1,0.35895996495735366,0.29113057255744934,0.10757159361810835,0.2582482576755728,0.3697080612182617,0.3867565989494324,0.4587893784046173,0.3650212585926056,0.37912958739252667,0.32765630034212084
0,0.27681688847955394,0.48886483907699585,0.6075971619350004,0.47666614020873327,0.2562013566493988,0.4159318208694458,0.30266937613487244,0.41494104266166687,0.3901356995054541,0.4010881455954452
0,0.28470566824561233,0.20503418147563934,0.2216469680935122,0.270717872453922,0.3494037985801697,0.32442790269851685,0.35822397470474243,0.3388720452785492,0.3292578454738074,0.295460099467318
0,0.3369729897032244,0.34287208318710327,0.11910739165088186,0.4913863509441713,0.30000412464141846,0.35912203788757324,0.2987995445728302,0.27464964985847473,0.28823348238216345,0.31576905429446056
1,0.6312145040175112,0.770429790019989,0.9187257745779517,0.8064455382184085,0.6899202466011047,0.9915790557861328,0.6426255702972412,0.7540391087532043,0.7413523822052958,0.7711616725268721
0,0.1270358060117201,0.04034220799803734,0.0036278107733376274,0.06569823096762752,0.3180531859397888,0.11178744584321976,0.2575596272945404,0.21438118815422058,0.23536099878980501,0.14570059604596997
0,0.35105670665348754,0.4263875186443329,0.4528921822540132,0.37528741843965163,0.4107789099216461,0.3739284873008728,0.4800710678100586,0.4275480806827545,0.4701297591171066,0.4124404211467001
0,0.19346671520186734,0.09446079283952713,0.07417691961099186,0.1439867303767649,0.20329570770263672,0.24616818130016327,0.32346075773239136,0.2825065553188324,0.25374770022406296,0.19735900009142957
0,0.29510522749394213,0.4571061432361603,0.1450341378958967,0.5423070420593903,0.3322945535182953,0.4599302113056183,0.4259035885334015,0.38106048107147217,0.37938652639452297,0.380381202841116
0,0.0596773358388412,0.019099686294794083,0.00028816630448465127,0.029906370508167638,0.31048721075057983,0.05359067767858505,0.04882989823818207,0.062320541590452194,0.16318523083996198,0.07471061977205307
0,0.24202078318805903,0.16524700820446014,0.052944833721119494,0.17172986791844602,0.4540966749191284,0.23519402742385864,0.3108808994293213,0.3090582489967346,0.3127550112875306,0.24625558369108388
0,0.1955021212173039,0.28105127811431885,0.12495555915593916,0.30703346715291846,0.2935798168182373,0.2962881624698639,0.3203136920928955,0.222322478890419,0.2868962297345692,0.2558862842414978
1,0.5622061396041343,0.6017685532569885,0.49761427241286843,0.7002387502938822,0.6300239562988281,0.6598455905914307,0.46619123220443726,0.5802633762359619,0.5665849123797255,0.5864914414486009
0,0.22494809366587373,0.0819903165102005,0.0022826144151019867,0.10797505951405482,0.45434558391571045,0.27416664361953735,0.4232759475708008,0.3754265010356903,0.34514213231208346,0.24804548256478073
1,0.6719211400128262,0.6898633241653442,0.595834168599389,0.7752816873043703,0.6950844526290894,0.7095758318901062,0.7185802459716797,0.6464999318122864,0.7030635842862226,0.6880335684178764
0,0.07666124176989078,0.041288942098617554,0.0074303858126444754,0.05554750467345292,0.11504852771759033,0.13051334023475647,0.12738317251205444,0.12537048757076263,0.16264888317573103,0.08598252503952997
0,0.12305181999482731,0.07287944108247757,0.07230086794379167,0.10017083592257815,0.18421323597431183,0.013258077204227448,0.14585748314857483,0.09195355325937271,0.17813219102906647,0.10185843330464289
0,0.24317048180361095,0.09253270924091339,0.052922432592919656,0.07500792441526835,0.3357079029083252,0.3494057059288025,0.2981549799442291,0.29251977801322937,0.27503361302313883,0.22019797427536336
0,0.0596773358388412,0.019099686294794083,0.0003232896984034531,0.029906370508167638,0.3106628954410553,0.05365503579378128,0.04885366931557655,0.062402475625276566,0.1632252564026732,0.07475881885905745
0,0.6977529399422528,0.6529654264450073,0.28792928607243073,0.7531341222980859,0.665856122970581,0.5944049954414368,0.767374575138092,0.707862138748169,0.6872464558162227,0.6451366569585136
0,0.12451705201337811,0.12817704677581787,0.04674842411137561,0.10824683900196243,0.13093987107276917,0.08846523612737656,0.11264374852180481,0.07743281871080399,0.16690846576753965,0.10283682566027244
0,0.21341404571015893,0.35175830125808716,0.08393317714874181,0.3435843692019824,0.4260808825492859,0.3370620012283325,0.4239210784435272,0.4237830340862274,0.39625769035853886,0.3283513922196013
0,0.8097100348685389,0.7585930228233337,0.7724228627538787,0.8788487305986912,0.6336362957954407,0.8897419571876526,0.8842701315879822,0.7656425833702087,0.7788456192515557,0.7981235129217916
1,0.7301895643142058,0.8154828548431396,0.8375841904119645,0.8372447888381148,0.793740451335907,0.8988146781921387,0.7534211874008179,0.788075864315033,0.7922039425516013,0.8051039902766073
1,0.6843716666692593,0.48818182945251465,0.5756188413272857,0.4117093089197949,0.7240397930145264,0.788811206817627,0.7967618703842163,0.695606529712677,0.7270170027438003,0.648090445673305
0,0.44612142820545775,0.31260988116264343,0.13059474431024345,0.2925809373522641,0.5153460502624512,0.3983269929885864,0.48400941491127014,0.5536789894104004,0.466670497217361,0.39643266631468815
0,0.1923643349575641,0.07457378506660461,0.00998631835519741,0.1781391858137531,0.1819750964641571,0.16946889460086823,0.26081839203834534,0.22069406509399414,0.21314371171712382,0.16327040672170356
0,0.5515274707957808,0.5977391600608826,0.7682972799990926,0.6297746117415306,0.5770758986473083,0.6315320134162903,0.5340678095817566,0.6126050353050232,0.6213950914624905,0.6104235198269435
0,0.11898352964581332,0.15526452660560608,0.04210237249598595,0.134996919837434,0.3634791672229767,0.15863585472106934,0.1579183042049408,0.12003631144762039,0.2200720072325636,0.1580341001262141
0,0.25916835458874665,0.41464048624038696,0.5133003533230807,0.483858917161477,0.46584030985832214,0.19129039347171783,0.26419204473495483,0.1821892112493515,0.35056176812161627,0.3444321301007652
0,0.10559258795578087,0.11453520506620407,0.06585960800608083,0.14306502280490907,0.2827158570289612,0.2661392092704773,0.17857925593852997,0.12884022295475006,0.20843640429723773,0.16117942340499458
1,0.9304483098401758,0.9809675812721252,0.9964920524809324,0.9606391684650449,0.9457103610038757,0.9938461184501648,0.9328175187110901,0.9900435209274292,0.891581726124846,0.9656634795061557
0,0.1439446568957939,0.11410444229841232,0.0026224424278434187,0.18498324976961156,0.3296089768409729,0.11247088015079498,0.1031385287642479,0.1298900693655014,0.1908420259552608,0.14180158546991128
0,0.428708713856195,0.36011815071105957,0.1603879888621186,0.163208158709281,0.5257146954536438,0.4518914818763733,0.5518896579742432,0.45488619804382324,0.49832778695856345,0.39175198737884065
0,0.2804203166705298,0.31139054894447327,0.11141762126137678,0.3894910471486808,0.27880460023880005,0.2947029173374176,0.3143804371356964,0.22274573147296906,0.28045745159225893,0.2762125053061765
0,0.48891236588793185,0.35646265745162964,0.2013729329716646,0.27967711910244586,0.4786864221096039,0.4884423315525055,0.4628281891345978,0.4043251872062683,0.4368298766747915,0.39797452539885775
0,0.2761792270359197,0.2833532691001892,0.09752635593165368,0.374008691440739,0.5053696632385254,0.34910309314727783,0.5749272108078003,0.34296756982803345,0.4357501528123963,0.35404737238411543
0,0.5484576976440363,0.3482060134410858,0.4651169430394543,0.3224781653626638,0.5750955939292908,0.5115101337432861,0.5645648837089539,0.5422025322914124,0.5528817466061228,0.4868535443468788
0,0.2350991508345179,0.07769732177257538,0.01570841909724141,0.09341274352682662,0.4651467800140381,0.18210174143314362,0.2631518840789795,0.17805740237236023,0.2627644209889216,0.1924997420586141
1,0.1658365786460109,0.0057319579645991325,0.0011545703871079405,0.014948819379947128,0.45629820227622986,0.19487029314041138,0.2815781533718109,0.23733989894390106,0.2678718471923409,0.1738859591916169
0,0.5456535415426089,0.38677269220352173,0.4895072569132634,0.5271006749190901,0.5547410845756531,0.7272538542747498,0.577964723110199,0.5849394798278809,0.5558530164277065,0.5491990628375105
0,0.5861224303629671,0.6473881006240845,0.5358016455467255,0.6770097176975433,0.6100500226020813,0.6941002011299133,0.6165072917938232,0.7426590323448181,0.6638002440281469,0.6391556736346322
0,0.4276893982594506,0.4585525393486023,0.14708350255425381,0.3790667036846017,0.5906006693840027,0.6994524598121643,0.5936532020568848,0.4865782558917999,0.5381624462471729,0.47585384713168744
0,0.0921500008267868,0.012233938090503216,0.003447466253865181,0.031245719712181912,0.3264281153678894,0.10192921757698059,0.07291500270366669,0.08018781989812851,0.17161267532730046,0.091876841120513
0,0.12958649422971308,0.08963602781295776,0.006222186172124301,0.14426108469738497,0.1855352222919464,0.16782931983470917,0.2628329396247864,0.2212965339422226,0.21854773232209684,0.1531129449519592
0,0.3081889379000547,0.42400088906288147,0.501104443725352,0.3078249296352539,0.48552989959716797,0.1644076406955719,0.37800803780555725,0.16592726111412048,0.4061048038584704,0.34141005700241384
1,0.9264001986729022,0.9708430171012878,0.9929936349875353,0.9584594288001902,0.8429288864135742,0.9738500714302063,0.8766335248947144,0.851396918296814,0.8573326844118798,0.9221975421954535
0,0.11533736220221166,0.017564479261636734,0.01179213981368902,0.008274946126989185,0.1720617115497589,0.22896850109100342,0.2348809540271759,0.19928540289402008,0.20353952385211502,0.12558266313015962
0,0.1746149427250016,0.07861588150262833,0.01473382509019833,0.08305952768569747,0.20099741220474243,0.23048271238803864,0.3224085867404938,0.27997297048568726,0.2486262807771037,0.17605819290320396
0,0.6096596240657423,0.7997932434082031,0.8578754841869445,0.7626450075442631,0.5275824666023254,0.5190320611000061,0.5757421255111694,0.552930474281311,0.6543835670564833,0.6474818900592235
1,0.5580606172006027,0.4402558207511902,0.7509087187604677,0.5628854466322193,0.547426164150238,0.58503258228302,0.5671498775482178,0.6168531179428101,0.5964733102671712,0.5770009088391337
1,0.5321610022358125,0.5309413075447083,0.4169442900528518,0.6437777830731823,0.5281847715377808,0.541274905204773,0.5542113780975342,0.6203144788742065,0.5628647610280159,0.5469623341321727
0,0.28299475002267493,0.3556733727455139,0.2377411615894115,0.3149525940689598,0.5041142702102661,0.3283434212207794,0.19098418951034546,0.28580042719841003,0.3260273903428882,0.3129946857146335
1,0.548605072124214,0.4554985463619232,0.5285850980752005,0.5540443799631132,0.5694488883018494,0.7319076657295227,0.5782017111778259,0.6048808693885803,0.581341531831578,0.5710345600532143
1,0.9301948228882676,0.9805992841720581,0.9950725662803735,0.9584237980063433,0.9462093710899353,0.9932376146316528,0.9328850507736206,0.9900034070014954,0.8916117674390056,0.9651483508830552
0,0.3559043541841953,0.4617777168750763,0.4208239451314663,0.400493110240279,0.37373021245002747,0.20161902904510498,0.30330976843833923,0.3582174777984619,0.38492782370192963,0.3593818564684105
0,0.2152219677183672,0.050343841314315796,0.025790455717927936,0.19845470006941074,0.2713368535041809,0.19385658204555511,0.23197008669376373,0.1767551302909851,0.21033721258765814,0.17246106795016683
0,0.7409286561734197,0.8397255539894104,0.8963306095422162,0.88387756094742,0.6985141038894653,0.7352963089942932,0.7418075799942017,0.7805315256118774,0.7785580490710867,0.7876612956121547
0,0.47044773916338484,0.34842872619628906,0.12042220372670741,0.3768853381697262,0.5241215229034424,0.357858270406723,0.5102502107620239,0.5800538063049316,0.4838857145805032,0.4161828539730975
0,0.9356998186941058,0.9632754325866699,0.9853770923022992,0.9491087785313406,0.8491448760032654,0.9786227941513062,0.8767189979553223,0.8571197390556335,0.8577716157331695,0.9225719466410227
0,0.5515067965688696,0.4904262125492096,0.6576060041471911,0.5281013944353492,0.5707647204399109,0.5270472168922424,0.5593239665031433,0.5193780660629272,0.5819627009072568,0.5497982700615404
0,0.7431542171256927,0.8304451704025269,0.7770427014992429,0.8389723703616792,0.6041957139968872,0.8214249014854431,0.8121877312660217,0.7178472280502319,0.7622889579649375,0.7666526330489608
0,0.07247067277791727,0.017281264066696167,0.0024773772032332013,0.039523458812081635,0.13746356964111328,0.08306637406349182,0.11263145506381989,0.0777597427368164,0.15464721127984932,0.06905535552090612
0,0.31432929567006945,0.36810022592544556,0.5523562522210372,0.3261741336608283,0.4477308392524719,0.24165090918540955,0.3040347397327423,0.30497512221336365,0.39196489048535044,0.35613752793644815
0,0.5452832589834194,0.6652342677116394,0.733351838143208,0.5614823472945067,0.6319077610969543,0.5566356778144836,0.7256843447685242,0.687099039554596,0.7245590816917729,0.6385928328826401
0,0.49956890945990645,0.45984962582588196,0.2468405024254608,0.5131803584799697,0.5354267954826355,0.37995097041130066,0.5514172911643982,0.5646725296974182,0.5270476684336989,0.4724517481716701
0,0.5644236672557382,0.1704551726579666,0.03637225843216843,0.15552866377008773,0.6475086212158203,0.5626582503318787,0.5691948533058167,0.7730945944786072,0.5451279903484466,0.4428360911581499
0,0.36916593494649885,0.13041214644908905,0.04157552754264386,0.14052816227811274,0.5429096817970276,0.3585233688354492,0.5012062191963196,0.5443403124809265,0.4393513841712045,0.3348807537665196
1,0.5250755883405386,0.6015287041664124,0.7605198092539089,0.632323568133587,0.46961790323257446,0.49600616097450256,0.6083006858825684,0.34455540776252747,0.5667240534313476,0.5516772307695443
1,0.5611853811638193,0.6848602294921875,0.7977265356423567,0.7478628577055876,0.5117828845977783,0.445051908493042,0.5259059071540833,0.4742903709411621,0.5875115894628948,0.5904782666745204
0,0.19486567145486802,0.035525742918252945,0.012236711768096133,0.13619346577071328,0.2210233509540558,0.24308308959007263,0.1431422233581543,0.1107240840792656,0.1737188140034857,0.13810795068613105
0,0.5443746865430606,0.5989885330200195,0.6750873509041119,0.7275609431441085,0.5693566799163818,0.48527127504348755,0.5297857522964478,0.575219452381134,0.5922861329253493,0.5867263862626669
0,0.21265431573180166,0.30968329310417175,0.0940017712724011,0.19193898811191362,0.29888325929641724,0.23351651430130005,0.2578360438346863,0.2352210134267807,0.28178322035922754,0.2309511245708965
0,0.40513205927031165,0.35670703649520874,0.11524398458442958,0.20827689286393736,0.5714974999427795,0.1675414890050888,0.37998637557029724,0.4615929424762726,0.4380541292394018,0.3388768047926896
0,0.3402488124101243,0.6555920243263245,0.5580559336765485,0.08946679161165667,0.388625830411911,0.251066118478775,0.44290563464164734,0.4361305832862854,0.5424741959121068,0.39624658520925143
0,0.3913378057890348,0.34660232067108154,0.08904234944729975,0.20685260591143806,0.3810989260673523,0.4888578951358795,0.4533112347126007,0.36905112862586975,0.3944222734287981,0.34390501358182524
0,0.24187333262173588,0.1612267792224884,0.05157539765406788,0.1816878379500824,0.3403404951095581,0.23781466484069824,0.3517131209373474,0.3288906216621399,0.3042049914742329,0.2403002883219741
1,0.10962193071986846,0.10896926373243332,0.06045293198256881,0.08535278172953557,0.2110907882452011,0.1936899870634079,0.17180868983268738,0.12327892333269119,0.1968777969596227,0.13392770402030804
0,0.41545211564920803,0.49211326241493225,0.09001361908051683,0.38413692368936103,0.6249874830245972,0.6674555540084839,0.567176342010498,0.565152108669281,0.5542016269757898,0.47982078812797546
1,0.16798248002326033,0.3021174967288971,0.0801922140032909,0.26299019743548036,0.2992161810398102,0.27865833044052124,0.31609073281288147,0.3739648461341858,0.31748560271134774,0.26223009538403613
1,0.5050974920656026,0.527276873588562,0.5926935915671067,0.5134595223783807,0.5362362265586853,0.37820854783058167,0.5516073703765869,0.5645999312400818,0.5830432775312282,0.521737867796686
1,0.27828894256649195,0.2602744400501251,0.11128400379127722,0.30647038021719814,0.4250078499317169,0.3332313299179077,0.4236288070678711,0.4237130880355835,0.3818623415035924,0.3233844634151675
0,0.5305293481105127,0.17626821994781494,0.08411531374986221,0.15000035426947342,0.40917301177978516,0.2407040148973465,0.7254826426506042,0.6023790836334229,0.5166288744739784,0.37306578295740245
1,0.51366949839629,0.6298853158950806,0.12549481595360198,0.26846576555140356,0.631481409072876,0.5705211758613586,0.4838902950286865,0.4906947910785675,0.5539711593770127,0.46868735676715856
0,0.19857810430666314,0.11425210535526276,0.06508141187988611,0.10081671155703908,0.3336654305458069,0.16744501888751984,0.2292972356081009,0.3118571937084198,0.2616356626896393,0.19321120818558263
0,0.42481317449984346,0.48795971274375916,0.474750883406319,0.5970232529050132,0.5124320387840271,0.46695470809936523,0.5341716408729553,0.6121024489402771,0.5517773321432954,0.5141939934567398
0,0.4942843088086542,0.5964162945747375,0.4347897800666583,0.6822528260251962,0.5435686111450195,0.605987548828125,0.5393712520599365,0.5659805536270142,0.5630656695992611,0.5576598882683622
0,0.3522660493356898,0.6088131666183472,0.44292984471833563,0.32822063807360685,0.42554226517677307,0.029432063922286034,0.3783343732357025,0.3894941210746765,0.47283920772953525,0.37115512605823586
0,0.23476193190396585,0.43012890219688416,0.830559289575912,0.2290832128531538,0.40104737877845764,0.17991752922534943,0.15349648892879486,0.16016122698783875,0.352231843582007,0.322377400506375
1,0.566810809593841,0.5979809165000916,0.48185973685641603,0.6695511009745562,0.5756929516792297,0.49226558208465576,0.5330544114112854,0.43970271944999695,0.5480812306529764,0.5445327644927993
0,0.5316325326627875,0.2752664089202881,0.4402828793403512,0.3024151378668202,0.580433189868927,0.5011811256408691,0.5927690267562866,0.5912279486656189,0.5574970552244346,0.4797632231977022
0,0.3940254564232431,0.46043580770492554,0.4528660607346108,0.489224339935252,0.551266074180603,0.4644238352775574,0.43630945682525635,0.48428618907928467,0.4977818201035667,0.4665799700340605
0,0.5633400632160229,0.44006219506263733,0.45396850097864433,0.393390445999255,0.5338828563690186,0.5515632033348083,0.5589721202850342,0.6187484860420227,0.5705941057488196,0.5161789632109823
1,0.529646539129965,0.6030676960945129,0.6440203343476505,0.4441458093117779,0.6432698369026184,0.5379501581192017,0.6051679253578186,0.6651736497879028,0.6730165481431531,0.5849527488104067
0,0.6438779608368597,0.5711507797241211,0.6132742686866777,0.626197653310421,0.7677494883537292,0.7262532711029053,0.773187518119812,0.6981256604194641,0.733047162692188,0.6788490518218415
1,0.6478728360654382,0.7608648538589478,0.8461747102115599,0.7169744498601301,0.5800535678863525,0.5908198356628418,0.5184318423271179,0.5128172039985657,0.6323812136205942,0.6433582969414078
0,0.4738966084897393,0.5823433995246887,0.9118004061785099,0.49012990801637424,0.4740358591079712,0.48828309774398804,0.32934248447418213,0.2927352786064148,0.4795619231573701,0.49963404862179844
0,0.5607131803839279,0.6441538333892822,0.31145165215391957,0.5394307803000248,0.601751446723938,0.7725671529769897,0.5827904939651489,0.6720758080482483,0.622060128430194,0.5875426534400824
1,0.924873064174833,0.9692296385765076,0.9912696353530304,0.948293992511809,0.6975433230400085,0.9522266387939453,0.9459300637245178,0.9280399680137634,0.8609890424088222,0.9180191421255501
0,0.20582503961545048,0.08917213976383209,0.03731712743135973,0.12608634942108216,0.49155163764953613,0.30490660667419434,0.36204734444618225,0.35048454999923706,0.3318357821465267,0.24996255144028398
0,0.5294344971251437,0.6609138250350952,0.5091573826826845,0.2874605449990174,0.6735506653785706,0.253678560256958,0.7014703154563904,0.5626609325408936,0.7005081733272006,0.5268494236954769
1,0.5926373549693947,0.6481561660766602,0.4676284582398435,0.6146677802130337,0.6184383034706116,0.7373621463775635,0.6527094841003418,0.6486713290214539,0.6569010307763752,0.6234214182826733
0,0.08072751773205226,0.037631649523973465,0.0027966595510768334,0.057389375362220905,0.09263542294502258,0.0031282517593353987,0.09215528517961502,0.007118728943169117,0.13931985312817122,0.04767689680300774
0,0.11585031819256976,0.05488663539290428,0.010054835319586916,0.10972618735771,0.11801452934741974,0.14581891894340515,0.12979067862033844,0.13137832283973694,0.1634301274972609,0.10288899078875222
0,0.479803940340376,0.3840092420578003,0.11572651574240321,0.4686222653581175,0.5221207141876221,0.5305010080337524,0.5339160561561584,0.5843502879142761,0.49237887929352386,0.45632953259147413
1,0.2066397630803253,0.08723654597997665,0.12432942827440979,0.06248598158187706,0.4029446840286255,0.012460457161068916,0.6165022253990173,0.08651280403137207,0.36027450449078874,0.20483720828486024
0,0.22706794715004605,0.552275538444519,0.014220752760533467,0.7418176244417561,0.41902461647987366,0.25295689702033997,0.20066730678081512,0.318175345659256,0.3018774966166751,0.34122759510493383
0,0.46536565910019084,0.2895766794681549,0.5995702921950116,0.21306140407965088,0.5297438502311707,0.5380768775939941,0.492911696434021,0.5204209089279175,0.5231755596360641,0.4563529015445308
0,0.29621977540308025,0.5404152274131775,0.7654694035322444,0.2742826576391477,0.4062601327896118,0.2523207366466522,0.42978838086128235,0.3573981821537018,0.507513643005193,0.4129899256756649
0,0.17350116330529938,0.02611590176820755,0.0008406403554630512,0.039055232496646344,0.3921316862106323,0.29201123118400574,0.28719258308410645,0.14510053396224976,0.24408275773550278,0.17234311026307653
0,0.08877013559488685,0.05705306679010391,0.0057765213414837585,0.07362746850791928,0.11046415567398071,0.10297303646802902,0.12005060166120529,0.11840181797742844,0.16074291838355217,0.08576489454493108
0,0.12443386532202448,0.07528743892908096,0.03312663452032953,0.12524676029544257,0.16180254518985748,0.17072929441928864,0.12098722904920578,0.1411040723323822,0.17204277477297988,0.11984331731189375
1,0.9243619727343478,0.9577984809875488,0.9613600801828193,0.9540213559094352,0.958245575428009,0.9966683983802795,0.9244825839996338,0.9438543319702148,0.8840172982548251,0.9519651422948398
1,0.3015553884148802,0.1587413251399994,0.030672919457018034,0.25355962935202536,0.5511311292648315,0.4514056146144867,0.4368613362312317,0.4823301136493683,0.4005924134934616,0.3376999112855619
0,0.6415865170214308,0.6284071207046509,0.7426763426590741,0.6604272017879328,0.6813425421714783,0.748008131980896,0.6146318912506104,0.8903618454933167,0.723227505928317,0.7006016524882721
0,0.4759537241897994,0.36641672253608704,0.10153584671495382,0.49943619751254503,0.53147292137146,0.5495447516441345,0.5747403502464294,0.5846457481384277,0.5014788614034882,0.46453744664252605
0,0.13176838128362683,0.08226035535335541,0.00303748380008692,0.09569990684000282,0.20055440068244934,0.13460470736026764,0.15869367122650146,0.12880092859268188,0.1845133331675822,0.11862489197613411
0,0.15686135767744447,0.06833840161561966,0.019278644566565518,0.12526820362936084,0.2984701693058014,0.2387138158082962,0.25760939717292786,0.22763913869857788,0.23599148710043863,0.17639939049197748
1,0.5508057277748769,0.5418134927749634,0.21492324922864517,0.6528047450594924,0.5484963059425354,0.7233660817146301,0.6187023520469666,0.47785234451293945,0.5381497999731131,0.5425954541696039
1,0.5336558097874865,0.6279469132423401,0.7700537143243782,0.5147715239931894,0.6634484529495239,0.045298852026462555,0.7105041146278381,0.7969927787780762,0.7455050417106706,0.5864249760904687
0,0.27446761195222275,0.21461521089076996,0.47585313651887323,0.19207158506048747,0.2563055157661438,0.4164498746395111,0.30267032980918884,0.41532671451568604,0.34046462098810837,0.3170533024081166
1,0.6540910953508288,0.7413881421089172,0.6822245647954226,0.5214325717389192,0.7120591998100281,0.5742748379707336,0.7403042316436768,0.6876654624938965,0.7546607889034587,0.6658744692934084
0,0.1402916121083656,0.10543227940797806,0.011741885500227497,0.12049370819356632,0.2687758505344391,0.15711739659309387,0.27449092268943787,0.24111990630626678,0.24345541746441224,0.16782246589837208
0,0.1267561706479619,0.012128651142120361,0.00735200347048877,0.02724971028468149,0.16331279277801514,0.1070188656449318,0.21694457530975342,0.16063812375068665,0.19061998797845575,0.10510598370871047
0,0.24375257765651168,0.291039377450943,0.3229124229222771,0.26190085207771624,0.4815763235092163,0.19102390110492706,0.1652606576681137,0.17802411317825317,0.2935068666891007,0.2666873368710059
0,0.4061881277904342,0.5478609204292297,0.3964489333941417,0.5073268879911726,0.5514562726020813,0.4904431998729706,0.4358731508255005,0.48369309306144714,0.5091025324485935,0.4777007151568296
0,0.5306407726930938,0.45932629704475403,0.522138768844177,0.5842900838751504,0.6002797484397888,0.5765194892883301,0.7330579161643982,0.7013078927993774,0.6600756083307919,0.5902533387425918
0,0.1380627268012157,0.10410596430301666,0.023580526598707168,0.1395229362603254,0.48238974809646606,0.19791747629642487,0.1629917323589325,0.16909290850162506,0.23910880290420417,0.17958291960890685
0,0.22219514067874588,0.09718315303325653,0.04382038929819983,0.09289675704827283,0.13648848235607147,0.05612858384847641,0.2081291675567627,0.2299443930387497,0.20523703563615958,0.13855774258249734
0,0.24348013231904875,0.34928351640701294,0.47797972687962964,0.29133793894049476,0.28705376386642456,0.2540483772754669,0.17587867379188538,0.15177777409553528,0.27735515795579985,0.27587308877933564
1,0.9365889966184424,0.9787182807922363,0.9922808895990258,0.9624739113720392,0.9660990238189697,0.9967729449272156,0.9302789568901062,0.9570515751838684,0.8898680287319964,0.9642726894213045
0,0.2791595181897611,0.46028366684913635,0.18894158768641628,0.38365999929031647,0.29777631163597107,0.23389260470867157,0.4079146385192871,0.32185879349708557,0.3720911982304988,0.32324560362410226
0,0.3777284244389971,0.36136627197265625,0.2652021615070197,0.20012482175467242,0.395701140165329,0.6177277565002441,0.46110665798187256,0.33038800954818726,0.4163388369838307,0.37690843284653647
0,0.5293996454161654,0.7383216023445129,0.8556796921218819,0.7021695172416565,0.5534788966178894,0.5024324655532837,0.5350070595741272,0.5633460879325867,0.6405035485104222,0.6192712652831207
0,0.24845567110063602,0.1581190526485443,0.09361667844554408,0.19510005686454807,0.27018848061561584,0.1878664493560791,0.23185372352600098,0.1731852889060974,0.23217071298135286,0.19637317271530577
0,0.6357992601536874,0.7363817095756531,0.8886555204356793,0.8423807571488762,0.5952646732330322,0.6666710376739502,0.7300820350646973,0.5992597937583923,0.7111427976989126,0.708633006857855
1,0.4707014113796386,0.3252619802951813,0.20970155981905103,0.3558258090666651,0.5259043574333191,0.5173795223236084,0.5755903720855713,0.5372588634490967,0.5060708472200529,0.443390091348821
0,0.16900755059792233,0.235608771443367,0.06602888594634276,0.1893186839410686,0.26594066619873047,0.20366667211055756,0.23156464099884033,0.17862564325332642,0.24328505751899648,0.19387501903851173
1,0.6037208077497541,0.6401327252388,0.8222592516806395,0.6501421398945215,0.5313461422920227,0.5469041466712952,0.556635320186615,0.6195476055145264,0.6335944297838693,0.6190475051796152
0,0.3511278817108422,0.10635866224765778,0.011937473669254692,0.05554247147075238,0.6003040671348572,0.5193195343017578,0.517917275428772,0.4002665579319,0.4263923112467189,0.3259190836129015
0,0.1207654683623607,0.04175906255841255,0.0448275277187288,0.09496318821724178,0.26064687967300415,0.1266840398311615,0.16220475733280182,0.12401451915502548,0.19102699363853096,0.12355726314744012
1,0.6258574503414382,0.7658867835998535,0.7903333832572319,0.7547099758867872,0.612246036529541,0.7104963064193726,0.6537359952926636,0.6425125598907471,0.7009842823138612,0.6921336586812754
0,0.669873876656334,0.7655714154243469,0.7824321187913257,0.7314121290012378,0.6285490393638611,0.8037764430046082,0.6226072907447815,0.6729873418807983,0.7006639331647976,0.707205949947288
0,0.15588596868164747,0.0476970449090004,0.010743786131958104,0.03646335507225574,0.1807001382112503,0.13925522565841675,0.16133517026901245,0.07839071750640869,0.17460962679981296,0.10297613061048787
0,0.13703305874544064,0.03347966447472572,0.013125338417924851,0.07825920224560397,0.16459240019321442,0.11215507239103317,0.2174086570739746,0.15734778344631195,0.19115419392114813,0.11632898284353163
0,0.3304770254049448,0.0990620106458664,0.45883246099293795,0.15223205075009727,0.7087748050689697,0.6102789044380188,0.5855892896652222,0.6497869491577148,0.5741441117120812,0.45203052906967917
0,0.14415592668718666,0.15731078386306763,0.009109482823268107,0.13686229677924758,0.255321204662323,0.19526101648807526,0.19652098417282104,0.25411257147789,0.22949100189047997,0.1708020116160902
0,0.09734413539989076,0.14573846757411957,0.06019001029610677,0.1515627848313392,0.1637984812259674,0.1719970554113388,0.17064109444618225,0.1819852888584137,0.19920448024590262,0.14365530967171358
0,0.3176716400597684,0.060281407088041306,0.06068478874813374,0.03344562389932238,0.4195486307144165,0.5080246925354004,0.6194992661476135,0.4461459815502167,0.42766367464763877,0.31335698108604004
0,0.25341262474819815,0.05663228780031204,0.013956785246079162,0.07616011800448456,0.28602683544158936,0.26206716895103455,0.2501033842563629,0.22058886289596558,0.23101161476627688,0.18019209492228416
0,0.6645725880906435,0.6694377660751343,0.6247816204145629,0.6249022621631315,0.7518053650856018,0.7323164343833923,0.7535781860351562,0.6343153119087219,0.7320731649851574,0.682809728335307
0,0.5802666339757764,0.6996002197265625,0.8332018312241842,0.7140023651087862,0.6179262399673462,0.6498948931694031,0.6530092358589172,0.5747941136360168,0.6841167091593253,0.6626328933721304
0,0.61088788992803,0.6869822144508362,0.6462545415974568,0.667704432524584,0.7675778269767761,0.7263364195823669,0.7738686800003052,0.7021792531013489,0.754423282666199,0.6984894685340493
0,0.13460445081101727,0.200497105717659,0.04925608729314123,0.11075449140448075,0.17859101295471191,0.12684035301208496,0.12120337784290314,0.13402977585792542,0.19252752091625733,0.13298088777163697
0,0.494699222227879,0.64091557264328,0.26034699417064494,0.6648066531306356,0.5852887034416199,0.5925445556640625,0.6699923872947693,0.6001471877098083,0.6180785629187613,0.5661669274271937
0,0.5922928790586943,0.5845547318458557,0.630795740536165,0.5442137248042208,0.5732824206352234,0.5393663048744202,0.7654111981391907,0.6764784455299377,0.6990434117453045,0.6147681836115861
0,0.5229537049639299,0.5090193152427673,0.43026905790298753,0.6168599934319141,0.5316436290740967,0.5191572308540344,0.576326310634613,0.5823822617530823,0.562643316113049,0.5371011789477611
0,0.16089059848994824,0.08465829491615295,0.004251126024457913,0.12982922804021846,0.45585256814956665,0.32297173142433167,0.260588139295578,0.3181573152542114,0.2821946659224666,0.22029431566525287
0,0.5756017028811045,0.7387803196907043,0.8861257400546131,0.740220387523407,0.6145367622375488,0.5506471991539001,0.5989997982978821,0.7046450972557068,0.7016678683613063,0.6737807276336003
0,0.6998901242925766,0.7957435846328735,0.7929932685128688,0.6447662727670169,0.7928784489631653,0.897593080997467,0.7533947825431824,0.7880683541297913,0.7965952288739238,0.7700955950298753
0,0.06772240421753589,0.012253533117473125,0.00033053321564881926,0.02575530864975963,0.12914463877677917,0.06621697545051575,0.0708598643541336,0.03749943524599075,0.1413183026868424,0.052138158849905636
0,0.5857506324978092,0.649298906326294,0.3380030475789141,0.5552052493929766,0.6120843887329102,0.5443298816680908,0.5362988710403442,0.5028836131095886,0.5756767405428131,0.5424598369678901
0,0.12318407576989204,0.014311661943793297,0.006861280458366595,0.01111902733666771,0.1823093444108963,0.0106781255453825,0.14587803184986115,0.08593198657035828,0.1693824860865816,0.07489412175027577
0,0.5922041633040539,0.8918864727020264,0.9382378342454069,0.8536104913241639,0.45165500044822693,0.6006711721420288,0.4755691587924957,0.4690924286842346,0.6067691664004504,0.6529967455316625
0,0.20683107274000168,0.1448204219341278,0.0215285492100239,0.16926805037029555,0.42783769965171814,0.28062504529953003,0.362833708524704,0.34495407342910767,0.32372764070514937,0.24867084890828495
0,0.5229537049639299,0.5090193152427673,0.43026905790298753,0.6168599934319141,0.5316436290740967,0.5191572308540344,0.576326310634613,0.5823822617530823,0.562643316113049,0.5371011789477611
0,0.05775878014415461,0.007237360347062349,0.00012316219954406976,0.013265341149410205,0.07266116887331009,0.0010641355765983462,0.058226559311151505,0.0032657478004693985,0.1292808788692935,0.027527166560486885
0,0.2502426526771643,0.1182837262749672,0.11206532798660439,0.15462153343438384,0.5342844128608704,0.2678092122077942,0.4286467432975769,0.40923404693603516,0.387753542465748,0.28889182343739483
1,0.5367930353059541,0.6142423152923584,0.71786314647614,0.6101602683027971,0.5366101264953613,0.5161342620849609,0.5771563649177551,0.5980574488639832,0.6240092687802767,0.5870905358093256
0,0.24049648746879182,0.3940003514289856,0.4483542744341415,0.2433340377237091,0.2676481306552887,0.1730675846338272,0.27477845549583435,0.23847618699073792,0.3295791077028631,0.2838542812154421
0,0.3980409440834754,0.4318293333053589,0.5867780458891296,0.45203379269591204,0.5392861366271973,0.46992027759552,0.5366103649139404,0.5712529420852661,0.5632834979418845,0.498106868975701
0,0.1107386507634272,0.051541928201913834,0.0021084439092373857,0.08224694012408845,0.37347638607025146,0.12512408196926117,0.10100431740283966,0.1443210244178772,0.1956051250861703,0.12602472200453826
0,0.47005608860291453,0.23342788219451904,0.08740529306551263,0.2633917946608604,0.5426843762397766,0.3984295129776001,0.5309478044509888,0.5277404189109802,0.46424908089814626,0.3873966431575948
0,0.0583656597589057,0.011624054983258247,0.0008849635602900333,0.024040966880064865,0.0985683724284172,0.06611531227827072,0.08099114149808884,0.08528333157300949,0.1446922596456368,0.05427647470129465
1,0.38916117288597923,0.27437061071395874,0.3037671925670839,0.13772330670483848,0.487591952085495,0.5069342851638794,0.4600062072277069,0.5215346217155457,0.46933865321514245,0.38782638372050293
0,0.25341262474819815,0.05663228780031204,0.013956785246079162,0.07616011800448456,0.2862538695335388,0.2622348666191101,0.25010600686073303,0.22063300013542175,0.23105797681049642,0.18024750352924124
0,0.431545402448793,0.31429243087768555,0.17705540238578166,0.39006852230832856,0.576372504234314,0.7312334775924683,0.7014529705047607,0.6294750571250916,0.5749601391493824,0.4977181627369019
0,0.5569180375340226,0.49982255697250366,0.44650294677913,0.47158261743560437,0.6324835419654846,0.48805680871009827,0.5938360095024109,0.5213030576705933,0.5917767298510251,0.5284045287893908
1,0.3862482797868857,0.5071110725402832,0.10935770050334334,0.43662116270862494,0.5497704148292542,0.20416145026683807,0.5315754413604736,0.5819682478904724,0.5288867030095286,0.41902370753238727
0,0.626360737645454,0.6337707042694092,0.5180676824305663,0.6799141964291786,0.5813583731651306,0.6553325653076172,0.6563189029693604,0.6255558133125305,0.6427059574948898,0.6225977770225726
0,0.06061625999037536,0.0070297629572451115,0.0009965780210628257,0.019633713652030326,0.2864695191383362,0.05422463268041611,0.050399016588926315,0.05164104327559471,0.15814103420650683,0.06795990157286903
0,0.5322277315757897,0.5684086680412292,0.7094030456543249,0.4898737285891417,0.5283521413803101,0.5485604405403137,0.5782818794250488,0.5057064294815063,0.6023447408745205,0.5562537022005558
0,0.6142104860927412,0.7051907181739807,0.7385195965099921,0.7460085569440358,0.6160899996757507,0.7408447861671448,0.5795172452926636,0.6707251071929932,0.6666461994901155,0.6740697731104002
1,0.48084399792775523,0.3840092420578003,0.3584889243452636,0.4686222653581175,0.5246742963790894,0.5196443796157837,0.5341630578041077,0.582787275314331,0.5216371106562363,0.48354238020629203
0,0.0775665546351718,0.05646375194191933,0.00520151475049925,0.04830875314083642,0.13743765652179718,0.08306758105754852,0.11264930665493011,0.07849746197462082,0.1592220363143327,0.07608226060681653
0,0.6073680662620139,0.6517595648765564,0.5597782324965115,0.5765913528429248,0.5547170042991638,0.484359472990036,0.6217707991600037,0.5690164566040039,0.6305145437074476,0.5790979039220776
0,0.11273490671986014,0.07641259580850601,0.0021084439092373857,0.08609470569767726,0.3728771507740021,0.1248178482055664,0.10075493156909943,0.14388081431388855,0.19877232115230412,0.12965157641646874
1,0.5496684776173281,0.5208975076675415,0.383839020201303,0.5287183113338386,0.5743813514709473,0.561701774597168,0.5109420418739319,0.5049002766609192,0.5366783214876684,0.5180336048407125
1,0.45386256022650007,0.5377827882766724,0.334397761186444,0.49763809245587326,0.5515241026878357,0.41573411226272583,0.5612826943397522,0.4970026910305023,0.5494451302428124,0.48342177614240656
1,0.9304483098401758,0.9809675812721252,0.9964920524809324,0.9606391684650449,0.9457103610038757,0.9938461184501648,0.9328175187110901,0.9900435209274292,0.891581726124846,0.9656634795061557
0,0.377157162021448,0.32690224051475525,0.353848316237838,0.2734798983930768,0.5434625148773193,0.36060288548469543,0.5014293193817139,0.5448787808418274,0.5098847359825863,0.4131952564058134
0,0.19950154660068692,0.08138249069452286,0.08714007490133857,0.14500938219667997,0.3253161609172821,0.18446297943592072,0.2290876805782318,0.3150867819786072,0.2538896590785919,0.19845130353497936
0,0.1777569989211701,0.11634752154350281,0.007418802048843374,0.058237681321826267,0.39616578817367554,0.2207345962524414,0.4329862892627716,0.34288159012794495,0.3410999668914076,0.22398624869974804
1,0.49676584589489925,0.3925311863422394,0.2887606699297787,0.4423694359611132,0.5717306137084961,0.5497226119041443,0.5580679774284363,0.5788399577140808,0.5367601962314816,0.4876766113492622
0,0.3980409440834754,0.4318293333053589,0.5867780458891296,0.45203379269591204,0.539587140083313,0.46992695331573486,0.536628782749176,0.5714846849441528,0.5634116099128095,0.4981790561456262
1,0.9371571941627838,0.9685776829719543,0.9396969870811475,0.9444264268441508,0.9371867775917053,0.9108867049217224,0.9228127598762512,0.9008519053459167,0.8780332582421378,0.932534627951908
0,0.5530960649239762,0.6275995969772339,0.27374743533070256,0.4065664844274344,0.6081133484840393,0.6221585869789124,0.6307446360588074,0.7064172029495239,0.6501436279979275,0.5577016623047605
0,0.4922162180844505,0.2823742926120758,0.24177855396711392,0.3492957015979162,0.539351761341095,0.5069809556007385,0.5316358804702759,0.5798342227935791,0.49679036161212664,0.4440509092408794
0,0.27220201216657,0.16233175992965698,0.02927260095250635,0.16939362583775858,0.48224326968193054,0.12220089882612228,0.6163358092308044,0.2534639537334442,0.4090470359149299,0.26954670102203193
1,0.5517680385654912,0.656649112701416,0.6922088809378485,0.5720195654016408,0.5286062359809875,0.515854001045227,0.46040770411491394,0.4665241539478302,0.5622476148572715,0.5533646351606336
1,0.5481856224938834,0.401579350233078,0.6983165068297783,0.6277755811425574,0.5598763823509216,0.5398763418197632,0.5863281488418579,0.5127918124198914,0.5642643891649128,0.5577864343006091
0,0.3747034630436725,0.3019949793815613,0.10583370517222687,0.3184307977524294,0.5127009153366089,0.33287927508354187,0.5006933808326721,0.5570703148841858,0.46586745951037234,0.3805582860523271
0,0.2264927263288907,0.235970139503479,0.058434450650864764,0.19806900700868046,0.33360445499420166,0.129527285695076,0.23545221984386444,0.21597377955913544,0.2615734359901475,0.20678690733772512
0,0.19292569825191935,0.0815509781241417,0.01932344093467533,0.12732357292862154,0.39296358823776245,0.1789792776107788,0.3349953293800354,0.325457900762558,0.2948286320568029,0.21085695894416862
0,0.19084918146549834,0.18003644049167633,0.021755476183051722,0.07975815308806254,0.41044673323631287,0.19025664031505585,0.15156063437461853,0.17100214958190918,0.2396601882681923,0.17705361261438715
0,0.24987132880494273,0.41464048624038696,0.5133003533230807,0.11971602290521446,0.4657399356365204,0.19077740609645844,0.2642394006252289,0.18207143247127533,0.37967330667364785,0.2993039333119391
0,0.16042407072009382,0.06426332890987396,0.010247920494749098,0.12022001872954453,0.27056169509887695,0.18973122537136078,0.26384493708610535,0.15169936418533325,0.2201659345493812,0.15618991922599523
0,0.5752489736184629,0.22529302537441254,0.11272489744093749,0.19898440252946628,0.6353447437286377,0.46005779504776,0.5689806938171387,0.7146276235580444,0.5473493783806473,0.44375856939591674
0,0.08725293417805233,0.004855788312852383,0.0014039107746703374,0.012361116370643613,0.45736438035964966,0.08118575811386108,0.12786394357681274,0.11776594817638397,0.20849473537296428,0.11429600510460089
0,0.3835657456125976,0.14706353843212128,0.08638779679829757,0.7140310621278908,0.5449839234352112,0.5691360831260681,0.6941649913787842,0.6135590076446533,0.48544270390796945,0.47265220396555896
0,0.21828600638667914,0.20528164505958557,0.16366551196254775,0.340596009441895,0.19515232741832733,0.1293817013502121,0.15975776314735413,0.12599773705005646,0.1994723426921797,0.1918123451689809
0,0.25811558334449225,0.08604263514280319,0.02958283545309,0.14542799957525904,0.5022516250610352,0.23933783173561096,0.4255254566669464,0.36755403876304626,0.35566891786070104,0.26183012680533274
0,0.45683930409873885,0.4596737325191498,0.1498672215816714,0.08830464743478389,0.42413464188575745,0.4366796016693115,0.5586191415786743,0.5789759755134583,0.531028628309472,0.39966823104748195
0,0.7560725524924315,0.7852391004562378,0.8800560809981004,0.7741049182968774,0.7004867792129517,0.7329516410827637,0.7216989994049072,0.6489487886428833,0.7492755529746978,0.7479561153829459
1,0.30890396003854825,0.2159826010465622,0.027014178018571037,0.40916473684499743,0.5208021402359009,0.45746514201164246,0.4441628158092499,0.47883403301239014,0.3946222885857615,0.36141998638952066
0,0.35141808143512465,0.5578665137290955,0.646190286811632,0.7063208285332425,0.2579164206981659,0.43347179889678955,0.39462122321128845,0.22455650568008423,0.38366944786795654,0.4410789129106125
0,0.15829347159945012,0.06588499993085861,0.027249112564295828,0.13791450777813488,0.32758277654647827,0.1766342669725418,0.22875967621803284,0.314824640750885,0.24679469612981605,0.1826447717554112
0,0.07474556978996158,0.02289879508316517,0.011351098857461387,0.037106621609152686,0.12839341163635254,0.07352840155363083,0.0714038833975792,0.038076095283031464,0.14271082130329799,0.05794708650663149
1,0.522139260716471,0.3388349711894989,0.08353221846033645,0.478070781230144,0.5480033755302429,0.4834403097629547,0.5902342796325684,0.5877050757408142,0.5051916078742513,0.45907143332783296
0,0.22804193399884035,0.24391211569309235,0.10577295851353719,0.20042676339315782,0.4641234576702118,0.3135051727294922,0.26310548186302185,0.3242042660713196,0.32114173050827477,0.2702478183909357
1,0.2896480216651798,0.13057714700698853,0.037731401148034534,0.19275136014846023,0.35291633009910583,0.32911691069602966,0.3600175082683563,0.3388485014438629,0.30274231757849485,0.2572750686677182
0,0.4924915083884585,0.41470304131507874,0.06304790249962364,0.4743899268689992,0.6787952780723572,0.651922345161438,0.6933072805404663,0.6898829936981201,0.6105383312127739,0.5256131813701228
0,0.4206759173047414,0.3217741549015045,0.3770792130106892,0.3331744114278203,0.5503397583961487,0.3707656264305115,0.5016413927078247,0.5519348382949829,0.5093668983002656,0.43112194317626223
0,0.43316121494598847,0.31303587555885315,0.15666883956650213,0.25419229362620516,0.6261883974075317,0.6528013348579407,0.662359356880188,0.5877504348754883,0.5726275543762162,0.4655935897738729
0,0.06581797896116523,0.03635739907622337,0.0004466704614919245,0.024763090791294955,0.32040101289749146,0.055656131356954575,0.048332713544368744,0.06729356199502945,0.1674154390595919,0.07917029464895237
0,0.14890395707652937,0.12386230379343033,0.060196223681641,0.13112462910878567,0.48252859711647034,0.19758954644203186,0.16275297105312347,0.17035330832004547,0.24627941264022296,0.18681220858984887
0,0.06061625999037536,0.0070297629572451115,0.0007123228797794042,0.019620903834911566,0.28893083333969116,0.055196985602378845,0.050723880529403687,0.05244315415620804,0.15859780425828837,0.06850583136825998
0,0.41881693795054464,0.43797963857650757,0.20595623872182894,0.5394372198159594,0.49273693561553955,0.5772022604942322,0.46139994263648987,0.5474603772163391,0.4675386924112245,0.4617140076676658
0,0.2322744727517144,0.3132791817188263,0.6135214942726644,0.30163713659690833,0.22777636349201202,0.15580736100673676,0.13858972489833832,0.12854129076004028,0.25701503671554,0.2596519249285419
0,0.5872437843279921,0.7074963450431824,0.5643133249655433,0.6832850987123875,0.5805968046188354,0.1402732878923416,0.553328275680542,0.6011573672294617,0.623704643905342,0.5543615797859249
1,0.17875901793000215,0.16456125676631927,0.061693270813653014,0.09567722570477795,0.2106364369392395,0.19044244289398193,0.17200331389904022,0.12288174778223038,0.20423208615981747,0.15074400937446947
0,0.09990213768546675,0.022122539579868317,0.0013504068848862805,0.05663932194984428,0.10549744218587875,0.0032869940623641014,0.0988808199763298,0.009921184740960598,0.1405104342089789,0.050884496279781304
0,0.4172686257848206,0.06455563008785248,0.0454106786348769,0.15465275540791865,0.6555696725845337,0.05060802027583122,0.718841016292572,0.48331373929977417,0.5183582929125321,0.33329463972223106
0,0.3800524638386873,0.1888859122991562,0.13934069294729687,0.19536671431701016,0.5067003965377808,0.27992257475852966,0.5839912295341492,0.5319768190383911,0.47867329278868787,0.3567033764653357
1,0.6169485251901142,0.6219052672386169,0.5826168042060259,0.633579111038468,0.6670945286750793,0.5986745357513428,0.767329216003418,0.7081573009490967,0.7197955955562237,0.6513484291464458
0,0.4337725041798538,0.5661033391952515,0.6143725776563421,0.5235916676335733,0.6310097575187683,0.6687434315681458,0.5669040679931641,0.5663283467292786,0.6207583809886558,0.5702231341022155
0,0.5929632319254651,0.8197247385978699,0.9267155928816079,0.7868701384137092,0.5809129476547241,0.5041608214378357,0.5318139791488647,0.4489781856536865,0.6404501776666717,0.6446013199299829
1,0.6467971788042965,0.29416459798812866,0.24284479134592807,0.3972051680159678,0.6718969941139221,0.7213217616081238,0.70915687084198,0.5766180753707886,0.5905154571189096,0.5368708986424475
0,0.47156261472452404,0.37243935465812683,0.3169466642116237,0.20888505696957804,0.6315299868583679,0.6340032815933228,0.5001304745674133,0.5733966827392578,0.5473421351378492,0.46658029110645377
1,0.3769751419314792,0.5195449590682983,0.12961482819979844,0.32962049557462914,0.5171224474906921,0.5365985035896301,0.4438660144805908,0.49361976981163025,0.48308988590589386,0.4213774615826571
0,0.41824347893381714,0.21986979246139526,0.1747218048082181,0.5953944763152487,0.47480833530426025,0.4514716565608978,0.4771568775177002,0.512356162071228,0.40446552281100445,0.4176587727533553
1,0.7222521332157621,0.8193960189819336,0.9024671083422645,0.8286906639331163,0.7701939940452576,0.7365471720695496,0.7742191553115845,0.7067041993141174,0.7882269467347545,0.7808116346638897
0,0.6960071158665327,0.589535117149353,0.5005559986477406,0.6964263381594206,0.7183256149291992,0.6545483469963074,0.747448205947876,0.6763004064559937,0.6991877521194592,0.6621184396852808
0,0.3954056983639318,0.1901666671037674,0.2698623600996969,0.22044657697388984,0.35370758175849915,0.6345782279968262,0.34565117955207825,0.2808629870414734,0.319812788803545,0.33587446942775157
0,0.0683597813074049,0.025497011840343475,0.001246866362456166,0.030951135608051433,0.1284334510564804,0.0697380006313324,0.07106046378612518,0.03758183494210243,0.14258204700122054,0.05497334198152017
0,0.3073486533826289,0.34546536207199097,0.05139346627509598,0.3330944762446538,0.242091104388237,0.7094201445579529,0.1315353959798813,0.40126022696495056,0.25436564456961525,0.3142811265164146
0,0.31345268917968994,0.2082744836807251,0.01306406958689508,0.15382815568429528,0.5014316439628601,0.549034595489502,0.42656582593917847,0.46922701597213745,0.3994811824878993,0.3335638293948104
0,0.516918008209806,0.6937466263771057,0.7526517353853959,0.5819384013443077,0.5904921293258667,0.34391796588897705,0.5633450746536255,0.5247743725776672,0.6399380643841537,0.5701832831039135
0,0.6518108410717548,0.6449832320213318,0.8202642175408621,0.7795723618967341,0.6866427659988403,0.7835623025894165,0.6173359751701355,0.8178094625473022,0.7144186277460791,0.7232112603308354
0,0.5289351298803208,0.5437777638435364,0.15299265175274981,0.5392397435582116,0.6496734023094177,0.5536217093467712,0.5925018787384033,0.5500441789627075,0.571554849447864,0.5179125028131025
0,0.37511487905594615,0.22055698931217194,0.2030369163298732,0.13202153032643757,0.7126466035842896,0.6567070484161377,0.6686060428619385,0.6817988157272339,0.6102822067533855,0.4618659335447716
1,0.5720042677513361,0.7397332191467285,0.8399872041913248,0.588493523535871,0.539423942565918,0.579026997089386,0.5675132870674133,0.6147095561027527,0.665625660671599,0.6276954037383131
1,0.428702717042077,0.37260305881500244,0.11116594825080607,0.44189363349108207,0.5857641100883484,0.6005436182022095,0.5379848480224609,0.5365447998046875,0.49817381569767377,0.45543412758376667
0,0.28571001627249354,0.1581953912973404,0.11479253610950164,0.20049090143948406,0.482356458902359,0.1927546113729477,0.16344840824604034,0.1744105964899063,0.25283359580198356,0.22353458738768683
0,0.28122952951099606,0.3771118223667145,0.18225873506215612,0.3526774613915822,0.44772765040397644,0.24110382795333862,0.3040024936199188,0.3050869107246399,0.3508318669840229,0.3130991474123921
0,0.27029073556818295,0.19854316115379333,0.08474021753905019,0.28842296558607006,0.4289906322956085,0.25915005803108215,0.2960890829563141,0.29767531156539917,0.30175579867300584,0.2680301586092365
0,0.49345612716889525,0.3681318163871765,0.0655544601524236,0.34255392821883035,0.6161836385726929,0.5478398203849792,0.5551132559776306,0.5257360935211182,0.511422654526875,0.4444686724407574
0,0.4117954102463347,0.25123563408851624,0.2857840100024965,0.28984863471107747,0.5184240341186523,0.4505086839199066,0.2072211056947708,0.280056357383728,0.31848734263533457,0.3369778751051544
0,0.4418043203258293,0.1303342878818512,0.027346259887192664,0.10645115145672121,0.4073898196220398,0.29371047019958496,0.39144736528396606,0.529323160648346,0.36651914440720457,0.29701352339684006
0,0.5560752480446602,0.43835869431495667,0.25030459542743766,0.2747780877797969,0.5710933804512024,0.5675578117370605,0.5800127983093262,0.5491750240325928,0.5580777873003137,0.47749243040661027
0,0.5555881467199576,0.7630398869514465,0.7922174591396124,0.6922172376050889,0.48943787813186646,0.5315423607826233,0.43031442165374756,0.4528537094593048,0.5643539515796707,0.5843634951158203
0,0.7331264869427118,0.8468598127365112,0.957075243214695,0.6748188644183996,0.672839343547821,0.8043965101242065,0.7097711563110352,0.6268137097358704,0.7609778188800997,0.7502073496848767
0,0.2913180355535634,0.42745575308799744,0.1438541142710543,0.5236199713252375,0.476291298866272,0.48853185772895813,0.6234389543533325,0.575526773929596,0.522151851637311,0.4468502319595311
1,0.5671153355287657,0.5722078084945679,0.37427560998620335,0.5654854309067893,0.5807132124900818,0.5464206337928772,0.6140156984329224,0.5810889601707458,0.599136810538748,0.5523646646916889
0,0.22993172176223223,0.26390087604522705,0.08149799848172878,0.21292709299606083,0.333402544260025,0.19965055584907532,0.3451399505138397,0.32776010036468506,0.32146402923607253,0.2523722023446465
0,0.3852143433740751,0.1410185545682907,0.3922703546284297,0.04642241827980008,0.4791719913482666,0.6823181509971619,0.433941125869751,0.43626534938812256,0.4271731073871276,0.3752998594317333
1,0.3351957996223951,0.23006020486354828,0.2447081446498765,0.12440380166549349,0.45079848170280457,0.5131360292434692,0.5624063014984131,0.43618351221084595,0.4641333662005812,0.3650890409240588
0,0.30484716218051444,0.312372624874115,0.4112277506053198,0.3748601323792788,0.5502358078956604,0.5425058007240295,0.6595610976219177,0.5775735974311829,0.5716226793576052,0.46835107626820716
0,0.18910473623580654,0.24269041419029236,0.15865314742679038,0.14832306066745013,0.16489745676517487,0.1589473932981491,0.16390123963356018,0.1805228590965271,0.2198060437589473,0.1762253830213689
0,0.5471069602164413,0.471581369638443,0.45657332335126555,0.5894725521373891,0.6897521615028381,0.6222441792488098,0.7413697242736816,0.6084685325622559,0.659089145147854,0.5929518718110726
1,0.42751973450768505,0.6129569411277771,0.767479009011914,0.5963987006277248,0.43460991978645325,0.5731244087219238,0.5715613961219788,0.561612069606781,0.5979053636764969,0.5650514543429028
0,0.5193238075096261,0.5839129686355591,0.5888095382539236,0.40117193473196333,0.6888444423675537,0.3266698122024536,0.639930784702301,0.6388988494873047,0.6830124213331025,0.5514261315260159
0,0.4881221981386316,0.6142184734344482,0.6405527071354065,0.5276034748019809,0.41374292969703674,0.45379915833473206,0.5035833716392517,0.46469545364379883,0.5387517269386954,0.5116250197875454
0,0.1746412389992373,0.05204324796795845,0.044824198965831105,0.07096084491132626,0.36333167552948,0.12409570813179016,0.09893593937158585,0.14235329627990723,0.19698453693175993,0.136009649569433
0,0.5519158521476888,0.4546290934085846,0.29458097571692904,0.41829119316996244,0.6054232716560364,0.6956853866577148,0.6004008054733276,0.6713993549346924,0.5960182390819049,0.5396776954603937
0,0.5323734057624762,0.49621301889419556,0.2917030541651393,0.3261735795353594,0.5882706642150879,0.4980851113796234,0.5931901931762695,0.5533081293106079,0.5815191938238513,0.488838785747991
1,0.49309446243779,0.39177751541137695,0.5294176289375332,0.38916915831544996,0.5288372039794922,0.6288743615150452,0.5945878028869629,0.5728809237480164,0.5711202741096182,0.5165680286432744
0,0.22560409977904994,0.21399252116680145,0.089665187091717,0.2073453131967326,0.2695048451423645,0.18726752698421478,0.27544718980789185,0.2386484593153,0.26315871726139745,0.21544805428037878
1,0.6071157723320706,0.7356727123260498,0.6277959317163487,0.6989153341450204,0.6674323678016663,0.45963236689567566,0.7781757116317749,0.66475909948349,0.7361803363364547,0.6566403957907077
0,0.3998605004007038,0.07975322008132935,0.06305490587954315,0.11585076101652271,0.4895320236682892,0.14239314198493958,0.3934224545955658,0.4270365536212921,0.3579762220501324,0.2700585693103329
0,0.22804193399884035,0.24391211569309235,0.2375849414658981,0.20100029437719102,0.4639956057071686,0.31323477625846863,0.2630426585674286,0.32404085993766785,0.3348462418490952,0.2855583559325279
1,0.13446508867487222,0.11810188740491867,0.007868525784202343,0.16249057370709083,0.16904090344905853,0.20149117708206177,0.18210305273532867,0.20040692389011383,0.19654312368548751,0.14832815520978399
0,0.15674864100516261,0.14095023274421692,0.008209343654635454,0.11869635541853331,0.26524731516838074,0.19936718046665192,0.231439471244812,0.17530374228954315,0.2265652653752213,0.16418229728334993
1,0.6478681740817404,0.8190219402313232,0.7160901460992513,0.8105346674843342,0.5957219004631042,0.5318260788917542,0.6212426424026489,0.5970675349235535,0.6776580295017576,0.6661184629173309
1,0.5013816332042392,0.6454505324363708,0.7506606053022862,0.7509784125737762,0.4798712432384491,0.5270949006080627,0.4408261179924011,0.4283316135406494,0.5243759527460797,0.5613090763860106
1,0.5103772172921206,0.6908032894134521,0.8111995207023999,0.6584370663064347,0.5147632956504822,0.46021926403045654,0.4859602451324463,0.4552586078643799,0.5803752582472274,0.5699512272122672
0,0.17912907138639889,0.18847426772117615,0.08129481727433295,0.2061608645103076,0.2361219972372055,0.15252859890460968,0.23552782833576202,0.21044696867465973,0.236599770984513,0.18779519373860415
0,0.4902648274632523,0.38343843817710876,0.2771975982875181,0.5418229444903824,0.5386832356452942,0.5493924021720886,0.5754420757293701,0.5860397219657898,0.5248279326549554,0.495223212099808
0,0.4916011637912683,0.6142184734344482,0.563196377108205,0.5276034748019809,0.4142565429210663,0.4552561342716217,0.5039345026016235,0.4649500846862793,0.5298783297404223,0.5034039559499783
0,0.526326256422809,0.283798485994339,0.24912862708664413,0.4637597652214979,0.549297034740448,0.5624409317970276,0.6579830646514893,0.5706732273101807,0.5350759626350977,0.48647737764705234
0,0.5696324755266109,0.5807594656944275,0.8324722335306691,0.8216929176950809,0.6057645678520203,0.7014448642730713,0.600138783454895,0.6715483665466309,0.6503622227202883,0.6695377424933044
1,0.5855064547675384,0.6154497265815735,0.33572445165256276,0.7680777380239132,0.7191332578659058,0.8462514281272888,0.7395669221878052,0.6944832801818848,0.683445314729976,0.6648323393398424
0,0.4226940762519236,0.3987646996974945,0.7591629491922867,0.44168907144130226,0.3879569172859192,0.5268343091011047,0.38027337193489075,0.3788284957408905,0.4409363144539639,0.4578013466650301
0,0.06792442393187756,0.013473003171384335,0.0005517359862381756,0.028742187989124122,0.1521528661251068,0.07832537591457367,0.1126234233379364,0.07781586050987244,0.15644979934111944,0.06780633537983494
0,0.28470566824561233,0.20503418147563934,0.2216469680935122,0.270717872453922,0.3495742678642273,0.32467907667160034,0.3582993149757385,0.33886289596557617,0.3293168174592259,0.29552072703067866
0,0.5889002482716633,0.4632616341114044,0.8973864895411919,0.7150643249751719,0.5538095235824585,0.5783156156539917,0.57163006067276,0.4645957946777344,0.5765465977136714,0.6000371952209138
0,0.3622470469977951,0.14950330555438995,0.05325229811454007,0.3367780987215801,0.6382988095283508,0.7238346934318542,0.6863641142845154,0.6393319368362427,0.5396159978216816,0.45376826142261106
0,0.6542919865830058,0.6997886896133423,0.68004841303726,0.6872050097109825,0.7848199605941772,0.7737678289413452,0.7628754377365112,0.7457635402679443,0.7650340791349515,0.7241022759105087
1,0.13244049346094797,0.07552728801965714,0.009982394124655918,0.08859083716376082,0.27766188979148865,0.1862115114927292,0.22580429911613464,0.1961217075586319,0.22202521829932162,0.15144189994948137
1,0.6936478648502379,0.36828839778900146,0.2711363095780592,0.5689215725212895,0.8037037253379822,0.9085341095924377,0.7696608901023865,0.7644321918487549,0.6828105017717211,0.6478270780624715
0,0.25179382764207275,0.31227776408195496,0.09730495191458526,0.26154456775440904,0.3019370436668396,0.28367307782173157,0.31475746631622314,0.36931487917900085,0.3202519984129726,0.27633940638265064
0,0.27488147737154894,0.10844813287258148,0.11442733597732942,0.19656502392337002,0.5343446731567383,0.2691691219806671,0.4285658299922943,0.4094756245613098,0.38237960349512795,0.29636812721246525
0,0.4618225543960183,0.4113485515117645,0.5829540375579568,0.5063585786206959,0.5371447801589966,0.3736874759197235,0.4160444140434265,0.49508458375930786,0.49181821854041824,0.47251379383389314
0,0.2101609481735856,0.23253056406974792,0.091930511267384,0.29133793894049476,0.28741660714149475,0.25352710485458374,0.17592941224575043,0.15187275409698486,0.22326231364911509,0.21210017335388293
0,0.6330972004456412,0.6856215596199036,0.8315703139323948,0.8385646763483559,0.589736819267273,0.579039454460144,0.684879720211029,0.6153457760810852,0.6837490319933145,0.6798661847031368
0,0.11223663885062503,0.03624189272522926,0.01033293944746153,0.09489453269501444,0.2589883804321289,0.12646391987800598,0.16256986558437347,0.12455610930919647,0.18767391986886736,0.11762342368724878
0,0.3212368082110355,0.1244785264134407,0.26403670200304485,0.1746141208887521,0.2661956548690796,0.19485777616500854,0.26371923089027405,0.1471899300813675,0.24611816736504435,0.22003119079711805
1,0.37819728451531714,0.26123517751693726,0.0977815974016232,0.27553872484695086,0.5423015356063843,0.08865922689437866,0.5250647068023682,0.5700775384902954,0.47877289174964305,0.34936644755813984
0,0.5642577690492974,0.5722078084945679,0.29905644629424827,0.5654854309067893,0.5808346271514893,0.5475446581840515,0.6140190362930298,0.581231415271759,0.5905804318617103,0.5434211277618989
0,0.38476447742177533,0.5396670699119568,0.4398237747766376,0.46792743630811373,0.5511847138404846,0.46243879199028015,0.43625813722610474,0.4844232499599457,0.5161885222448723,0.47096834437616786
0,0.39403621048731724,0.5377718210220337,0.6205229390584378,0.47763028762532744,0.5859886407852173,0.4935216009616852,0.5669806599617004,0.5644342303276062,0.6089116676109438,0.5297583912865869
1,0.47214032600165984,0.3770751357078552,0.16930671765283095,0.30748611983232305,0.6064997911453247,0.6597861647605896,0.6047461628913879,0.6717744469642639,0.5760167248989775,0.4882240428853207
0,0.47440236378256495,0.7276791334152222,0.8703498744396446,0.6653770045790838,0.4079056680202484,0.3735164701938629,0.4706149399280548,0.40613076090812683,0.5538098944134493,0.5450801453696323
0,0.3950141105529292,0.4337383806705475,0.6221826316922813,0.544042391091234,0.4745084047317505,0.34263181686401367,0.6351520419120789,0.5195391774177551,0.5697646366733131,0.4957276293262751
0,0.40758740028637525,0.4069833755493164,0.23752923874730478,0.34509803323595806,0.4056379795074463,0.015179500915110111,0.4008805751800537,0.40936803817749023,0.40947181848549125,0.33250306494061244
0,0.657592103492852,0.5705767273902893,0.7121279328036557,0.6408860868355042,0.7526798844337463,0.713767945766449,0.754404604434967,0.7506685256958008,0.7416797293119237,0.6947521650480928
1,0.9246664348706013,0.9623346924781799,0.9915278060890166,0.9516422972266673,0.6953238248825073,0.9534621834754944,0.9462603330612183,0.9240459203720093,0.8594895130444786,0.9169485202522921
0,0.5057474140855737,0.5775302052497864,0.22041999519588348,0.45172755122598734,0.47358033061027527,0.7196513414382935,0.5236604809761047,0.45772725343704224,0.5068108088759291,0.49252193217252416
0,0.5442260152189824,0.6201669573783875,0.7199378948250502,0.606669727834232,0.5736895799636841,0.4943227767944336,0.679509699344635,0.6063951849937439,0.670253405420386,0.6052378562835196
0,0.18119909996795053,0.15530410408973694,0.02015975668040817,0.09439966891856554,0.32513320446014404,0.19690711796283722,0.2299998253583908,0.3170853555202484,0.2646947454776699,0.1932834780357308
0,0.402232573510748,0.22507020831108093,0.2623088014444527,0.29574179374345444,0.5100786685943604,0.41744348406791687,0.4753977954387665,0.47425058484077454,0.4407370080933451,0.3856515378255033
0,0.35513074290666297,0.3281599283218384,0.12716526653965346,0.47174739875190363,0.4583323299884796,0.4702425003051758,0.557214617729187,0.4906681478023529,0.45440789395570613,0.41034739068572423
0,0.35571108418580616,0.11532707512378693,0.06821691675295638,0.3016142157985347,0.4137290418148041,0.5450222492218018,0.4100263714790344,0.41496655344963074,0.33741365642664384,0.3306064907536269
0,0.1402916121083656,0.10543227940797806,0.011741885500227497,0.12604841032033576,0.26738476753234863,0.15762579441070557,0.2742689549922943,0.23963730037212372,0.24255618103285806,0.1681506161489709
1,0.15538361611326626,0.20689068734645844,0.04269778989413418,0.17710978394896346,0.24367761611938477,0.20807813107967377,0.19165092706680298,0.22506316006183624,0.23006085407086044,0.182817993144482
1,0.6512801128494755,0.657035231590271,0.4808086547936286,0.659879611710912,0.7116126418113708,0.5708023905754089,0.7402648329734802,0.6867081522941589,0.71131168916152,0.6476239859467624
0,0.5357026618594254,0.29845955967903137,0.17248406161444915,0.4029909641190807,0.40310895442962646,0.4902818202972412,0.5125248432159424,0.4258432686328888,0.41460600483540705,0.40801150353279964
0,0.4040562383736008,0.4982444643974304,0.30368145887664705,0.49363583320370547,0.5513909459114075,0.48882707953453064,0.4358251988887787,0.48399919271469116,0.48796967710990646,0.4586248199141316
0,0.26864452679247885,0.2079215794801712,0.20604835768723234,0.34728921766722537,0.4848633408546448,0.4876938760280609,0.6233784556388855,0.5758136510848999,0.4968939374014635,0.40350844463008806
0,0.08470006924653571,0.0238213911652565,0.0006149006796055127,0.03190599222749484,0.08316801488399506,0.0030379868112504482,0.08750554919242859,0.005982374306768179,0.13670204370459665,0.04115567644753661
0,0.2776820433950313,0.17619699239730835,0.0035841920274465697,0.134267774445307,0.380685031414032,0.356795072555542,0.3695165514945984,0.3311959207057953,0.3198755295369428,0.2575518654479161
0,0.3323369614890675,0.12499845027923584,0.15794527255393193,0.0733768547410883,0.514098584651947,0.07297004014253616,0.5831164717674255,0.2893843948841095,0.4266199759697306,0.2746350309634268
0,0.06006023076303996,0.018218668177723885,0.00026396998568158504,0.026823013423847207,0.31433746218681335,0.055092912167310715,0.04943516105413437,0.06415114551782608,0.1640680483855781,0.07526939041718714
0,0.40604610074996045,0.29055359959602356,0.2436205373947023,0.21588497732997633,0.4457883834838867,0.2239322066307068,0.4383431673049927,0.28454622626304626,0.39153248499826854,0.3216635044535089
0,0.06061625999037536,0.0070297629572451115,0.0007857760770588701,0.022049457827299498,0.2896255552768707,0.05544527247548103,0.05082003027200699,0.052672307938337326,0.1586259571748423,0.06896842339426394
0,0.08565919533744148,0.026173515245318413,0.002699936998513876,0.05114357108373411,0.19000226259231567,0.10424502193927765,0.11969108134508133,0.09075876325368881,0.1649112486797702,0.08522202948294147
0,0.38457851582506963,0.2755480110645294,0.7221621986405543,0.4682231469374479,0.3315141499042511,0.16959795355796814,0.22899077832698822,0.3156512677669525,0.33019767533089645,0.35849287010972297
0,0.27079113579611513,0.4470829367637634,0.3930619007236589,0.40457664109391545,0.26012665033340454,0.14198677241802216,0.2352195382118225,0.20796418190002441,0.3022680094547689,0.2935924334061225
1,0.17919306384098302,0.034831173717975616,0.0011492090698444121,0.06738263963198617,0.18792696297168732,0.13434894382953644,0.185751274228096,0.18012051284313202,0.190180029305453,0.12374673285980897
1,0.3063206756197243,0.3624400496482849,0.19885699152309586,0.39036049893519587,0.47083985805511475,0.26549816131591797,0.37881821393966675,0.4107702970504761,0.3991374197155465,0.350370861388761
0,0.4033650727292888,0.35709065198898315,0.2493889353687924,0.3583797928555662,0.4904971122741699,0.49731865525245667,0.3333362340927124,0.2943164110183716,0.36989633708846437,0.3734252252969863
0,0.16433999284679277,0.052676305174827576,0.025836069247664413,0.09825739095306496,0.3342764675617218,0.10285697132349014,0.07240371406078339,0.08636943250894547,0.1766734003845589,0.11881088130993106
1,0.9243619727343478,0.9577984809875488,0.9613600801828193,0.9540213559094352,0.958245575428009,0.9966683983802795,0.9244825839996338,0.9438543319702148,0.8840172982548251,0.9519651422948398
0,0.6473699944053444,0.7702085971832275,0.6909864290090623,0.7301246964124299,0.5591347217559814,0.5012499690055847,0.6975388526916504,0.603512704372406,0.6895285155260799,0.6497721697771912
1,0.3460068667862241,0.1986599713563919,0.04165309709999255,0.2247673623613583,0.545072078704834,0.44469937682151794,0.5362462997436523,0.5802088379859924,0.46870823533767647,0.37035896324330136
0,0.1679247457032584,0.14113955199718475,0.05316186427217681,0.21455951945614907,0.2983739376068115,0.2770979702472687,0.31694313883781433,0.37236350774765015,0.2871173791240871,0.23273651708289367
1,0.6679060553391415,0.5940655469894409,0.8334985843042041,0.5569115180715769,0.6866414546966553,0.7264156937599182,0.6549875736236572,0.6225784420967102,0.6983427485956931,0.6663842820167933
0,0.4883867039179939,0.42094022035598755,0.3055135900414996,0.4699761613453896,0.5448132157325745,0.3542652130126953,0.5557694435119629,0.5640160441398621,0.5327064253021991,0.4663874705442565
1,0.30386300387693077,0.1795729398727417,0.3114072518810932,0.26581181507448154,0.5023602247238159,0.1446312963962555,0.7636899352073669,0.3069334030151367,0.5082093100032429,0.3516489377561644
0,0.07672328821750568,0.03450990840792656,0.00347375871758966,0.05370616473136955,0.11515963077545166,0.13121457397937775,0.1279594898223877,0.12618885934352875,0.16186479452903324,0.08474121883479527
0,0.7294300557309574,0.8275991678237915,0.9185662050010976,0.8177178533959376,0.43989354372024536,0.5033951997756958,0.7215284705162048,0.6527068018913269,0.7088208171263651,0.6989475943664056
0,0.5083903087203755,0.8098821043968201,0.8164556591574236,0.847566105101378,0.48431360721588135,0.6667704582214355,0.43386903405189514,0.43686771392822266,0.5611638336865084,0.6194883186944338
0,0.34601402331618636,0.32089051604270935,0.4071867751173418,0.42868242936808443,0.45511871576309204,0.46766164898872375,0.40749797224998474,0.4203566908836365,0.41878019826658197,0.4062249800826022
0,0.3353095253152597,0.7506150603294373,0.7651045319901921,0.7383769382145019,0.44664624333381653,0.3687506914138794,0.6915115118026733,0.40987083315849304,0.6302678338195628,0.5602332831187921
0,0.1535382582832871,0.137461319565773,0.01958672945371492,0.14736833659374945,0.2893778085708618,0.2691672444343567,0.3271670937538147,0.3801107406616211,0.2906930001087535,0.21865464022919168
0,0.4869341041264233,0.17825791239738464,0.04582013333613619,0.19081621154055753,0.5909210443496704,0.530314564704895,0.681333601474762,0.6057128310203552,0.5369611093259833,0.42083557913204417
0,0.26585249685977397,0.16289757192134857,0.03904816093872957,0.17979982706302453,0.2715945839881897,0.2584182918071747,0.2713315188884735,0.2702878713607788,0.255635810904995,0.21740865088161843
1,0.6877749523004989,0.6446471214294434,0.8841669677584871,0.7950464092742946,0.6031762361526489,0.7195378541946411,0.5939545035362244,0.675468385219574,0.6686039301979354,0.697149369182832
0,0.14896536289789444,0.07810655981302261,0.04989289305934969,0.09925732508291345,0.27266058325767517,0.1368572860956192,0.23520313203334808,0.20952285826206207,0.228746655959841,0.1562594272182074
0,0.14780291483852215,0.07817242294549942,0.037868260820068486,0.06783014634812912,0.16585999727249146,0.08675003051757812,0.11975717544555664,0.0712079405784607,0.16726270911204585,0.09812779106584886
0,0.536937563037072,0.5960417985916138,0.5496769867638073,0.605760518648973,0.5769755840301514,0.5018330812454224,0.6806188225746155,0.6068538427352905,0.6483744222957986,0.5829054926471705
0,0.3332710905485531,0.4081696569919586,0.552488256321052,0.3871958888314913,0.2618669867515564,0.19487027823925018,0.26205557584762573,0.14202232658863068,0.30835211180187777,0.31472289270660525
0,0.28814607799379377,0.03406244516372681,0.01153861753684289,0.06457181781457487,0.4555911719799042,0.20812396705150604,0.34061959385871887,0.2628656327724457,0.2920991974099941,0.21295698349889508
0,0.1338582165738012,0.14929193258285522,0.09520086070451074,0.1377469317250699,0.3447127938270569,0.11913105100393295,0.09957306832075119,0.13806597888469696,0.20825975173782924,0.15330920149880012
0,0.4140853306376118,0.46023547649383545,0.39086455347546845,0.7023457244504928,0.5133426785469055,0.5414136648178101,0.46660521626472473,0.5313419103622437,0.4840431222122659,0.5019623804820166
1,0.9203002036383058,0.9418972134590149,0.9664141957397357,0.9384604366726502,0.960373044013977,0.9971244931221008,0.9245014190673828,0.94710773229599,0.8838385818624619,0.9489199180640407
0,0.46416828263355897,0.09262754768133163,0.00398316316605493,0.04150283486617834,0.6913631558418274,0.6371118426322937,0.6471319198608398,0.6559027433395386,0.5477058724921903,0.4121201307765845
0,0.5097228656959115,0.36170077323913574,0.3855816031050474,0.34576799815364595,0.5100069642066956,0.6564371585845947,0.5315170884132385,0.5121880769729614,0.5100379999785959,0.4777605645361933
0,0.11372101671364153,0.05525103211402893,0.005664488050607429,0.08553878591625712,0.25699582695961,0.13689430058002472,0.15686452388763428,0.12252283096313477,0.1886019682391422,0.11850147494777447
0,0.12746751478952098,0.16379235684871674,0.13917311546488415,0.1236265793205234,0.20209504663944244,0.1157502830028534,0.17985187470912933,0.08907786011695862,0.20457656932680832,0.14299126851109598
0,0.582907327591355,0.06195151060819626,0.427022589605689,0.14191921217108353,0.7746323347091675,0.8315941691398621,0.8215352892875671,0.7939005494117737,0.6869496748603909,0.5595664867451738
0,0.6391198524872103,0.6694270968437195,0.8372010131267511,0.6426299089603094,0.7832692265510559,0.31759414076805115,0.7326672673225403,0.8117562532424927,0.7786832889343502,0.6812407975581833
0,0.15674864100516261,0.0971129909157753,0.008209343654635454,0.11869635541853331,0.26522061228752136,0.1991969794034958,0.2314346432685852,0.17517708241939545,0.21960413350536517,0.1586618958485501
0,0.12346662595020047,0.024612847715616226,0.0035133199773231603,0.026685173637705395,0.16365154087543488,0.22745749354362488,0.23472990095615387,0.19942499697208405,0.20155911459946715,0.1275026872425809
0,0.33516579421038195,0.24697041511535645,0.05461456999932537,0.29199254495271737,0.46790963411331177,0.22391924262046814,0.3205277621746063,0.5602110028266907,0.3755122518457835,0.3175401168502161
1,0.39478633961296294,0.5377718210220337,0.6809920750376811,0.47763028762532744,0.585893988609314,0.4932876527309418,0.5669586062431335,0.5645986795425415,0.6157449109626664,0.53686183526452
0,0.16684272133592917,0.0035879246424883604,0.004911641557167446,0.005164619997601361,0.49853765964508057,0.18813928961753845,0.2254382073879242,0.18360616266727448,0.25134647951560174,0.1633513021057421
0,0.4082384755354982,0.4055730998516083,0.1300452602928648,0.308098222217464,0.5322349071502686,0.3321039378643036,0.3594087064266205,0.3568229079246521,0.4029810708058772,0.3573921193968242
1,0.5924320160858361,0.5670961141586304,0.5694494170197344,0.5968463164532317,0.595916211605072,0.7355623841285706,0.5787851214408875,0.6412978768348694,0.620615081769726,0.6092244951705235
0,0.5851193382196577,0.5670961141586304,0.5837795911518169,0.5713439177691171,0.5838170647621155,0.7319299578666687,0.5784748792648315,0.6256718039512634,0.618257431517151,0.6028056403095845
0,0.2870261925836659,0.20060525834560394,0.13566406587084792,0.3123756412106721,0.503633975982666,0.328624963760376,0.1908634603023529,0.28660598397254944,0.28587268759603657,0.28202002533122666
0,0.5217901950807278,0.599578320980072,0.6843901068851815,0.5666562703919762,0.5425168871879578,0.3628409802913666,0.5632119178771973,0.5705645084381104,0.6117970976878444,0.5512653665920981
0,0.7028321295368969,0.6428459882736206,0.2737732855173006,0.7074404562282258,0.7002834677696228,0.6403939127922058,0.7497192025184631,0.6636431813240051,0.6803110117562506,0.6392668935336925
1,0.29805552970368443,0.14485317468643188,0.16911213633099464,0.1179426306875691,0.4798491597175598,0.3357934057712555,0.2056066244840622,0.14986129105091095,0.2681461863911114,0.2388952038945314
0,0.16042407072009382,0.06733923405408859,0.017262676452278112,0.12807032339264504,0.2703646719455719,0.18951982259750366,0.26385849714279175,0.15158897638320923,0.22071152651614084,0.1582715738959961
0,0.312199544331949,0.25758203864097595,0.43600811554100066,0.34339534805426175,0.41090938448905945,0.3900185823440552,0.48915162682533264,0.4380088448524475,0.43846792562427644,0.38498744190759404
0,0.2474743397412071,0.4167097806930542,0.07261396858651505,0.2350837925408248,0.4088100492954254,0.09319275617599487,0.3789837956428528,0.3862851858139038,0.3906345224816296,0.2844355456806315
1,0.475134066508598,0.0875789150595665,0.09561267270752828,0.10986578657496125,0.5822804570198059,0.45580539107322693,0.5154834389686584,0.46134960651397705,0.43473187466472807,0.3536084084630723
0,0.358057023964285,0.13876844942569733,0.01770693378638538,0.16160129004623788,0.5443345308303833,0.34134185314178467,0.42320966720581055,0.4304937422275543,0.3850850278909378,0.30741281711175417
0,0.46234886996480723,0.594285786151886,0.6574094713888722,0.42039806670425406,0.44832858443260193,0.5154686570167542,0.46581289172172546,0.5393191576004028,0.5559211814540544,0.5114430991210794
0,0.4329017501909754,0.3772168457508087,0.16549543675625733,0.3981850834411628,0.5764157176017761,0.7311773896217346,0.7013864517211914,0.6296802163124084,0.5869479066714818,0.5054097247696634
0,0.43120017385149245,0.30007803440093994,0.13221857717139376,0.2791643255763904,0.6245946288108826,0.6531712412834167,0.6617133617401123,0.5864787697792053,0.5638808034546966,0.46347353614655545
1,0.1203655172234531,0.15526452660560608,0.04210237249598595,0.13804195419524692,0.36324986815452576,0.15826059877872467,0.15784616768360138,0.11992217600345612,0.2198138760262885,0.1584810288243702
1,0.6927792202047253,0.5309877991676331,0.6251187307473143,0.7356193318552392,0.7560638785362244,0.7230094075202942,0.7549077868461609,0.77139812707901,0.724276021379636,0.6999522236734288
0,0.5729496908668166,0.5535414814949036,0.6919836151175877,0.6281800097833142,0.6164289712905884,0.6344775557518005,0.6789548397064209,0.6112297773361206,0.6616966032910271,0.6227697980415903
0,0.3779969515428176,0.25334247946739197,0.08788184445608238,0.21924352345496287,0.4565426707267761,0.6370671987533569,0.43518513441085815,0.6135492920875549,0.4352648482900955,0.38871357200427575
0,0.44236127026864724,0.7504701018333435,0.8514748885232415,0.8186577602538732,0.35878148674964905,0.572018027305603,0.23295316100120544,0.20970295369625092,0.40194367768238154,0.5208494075219225
0,0.49259870605942035,0.14102567732334137,0.5059838339393201,0.3107859271902136,0.6658815741539001,0.03906431049108505,0.7232444882392883,0.6070459485054016,0.6062375024239464,0.44154298687848126
0,0.2514955357227203,0.08658827096223831,0.057077454153560456,0.04797012143752839,0.48335161805152893,0.21375320851802826,0.5747169852256775,0.19892485439777374,0.37978180929473876,0.24456086515222095
0,0.22646217691932083,0.13689857721328735,0.0739667050135578,0.19834108994525032,0.2671148180961609,0.19599495828151703,0.2636018991470337,0.14817947149276733,0.23090887881319563,0.19044475946147138
0,0.08288828826755018,0.04194566607475281,0.0034371248939001433,0.05761086875596845,0.09289984405040741,0.0031447068322449923,0.09213178604841232,0.007134103216230869,0.13984308927645134,0.04863208849905696
0,0.6955602993718215,0.2888280153274536,0.03423240486129829,0.5869981313798356,0.813141405582428,0.9024946093559265,0.7716676592826843,0.7139594554901123,0.6325858494064304,0.6069857556891691
0,0.07187192187607731,0.054273057729005814,0.014831984086154892,0.039448562677021494,0.06592067331075668,0.001741273794323206,0.057974763214588165,0.004110169596970081,0.13320853645563832,0.03938310154040514
0,0.6889926385725235,0.893258273601532,0.9024176273297237,0.8289679440809895,0.717240571975708,0.8338348865509033,0.7396190166473389,0.6951356530189514,0.7805336222441184,0.7845180237507332
0,0.5665824926820399,0.6264128684997559,0.4338287000708126,0.4302141098923742,0.5239948630332947,0.21801254153251648,0.510858952999115,0.6392221450805664,0.5918323148075618,0.497289286603147
0,0.47005608860291453,0.23342788219451904,0.08740529306551263,0.23970310768483688,0.5424466133117676,0.3979892432689667,0.5308597683906555,0.5273815393447876,0.466114569260037,0.38440327764478444
0,0.6763285145327815,0.6496943831443787,0.6671145743280208,0.6761914463946598,0.6992651224136353,0.719376266002655,0.7204692363739014,0.6512495875358582,0.7118064287835306,0.6825108177180099
0,0.4914949889839714,0.5576080083847046,0.5780711135252817,0.4821176641997774,0.5420066118240356,0.5111258029937744,0.5311058163642883,0.5804779529571533,0.5878411537798216,0.5342893614736646
0,0.5493993586447404,0.6297289729118347,0.4596372564054665,0.604828416512706,0.5503696799278259,0.5795987844467163,0.5667130947113037,0.6190932989120483,0.6023018551806427,0.5707259452443312
1,0.5744194052518189,0.3953658938407898,0.11938907298802658,0.5428935331752243,0.5838629603385925,0.557431161403656,0.7143428325653076,0.5643227100372314,0.5656203841578655,0.5114933224915983
0,0.19236877311378625,0.15626181662082672,0.040592042368274475,0.1621526224089044,0.298858106136322,0.23430153727531433,0.25780433416366577,0.23437592387199402,0.2513826151486668,0.1993298378441042
0,0.3068395619212109,0.2999149262905121,0.13987304610620213,0.28752224618775785,0.429465651512146,0.2878148853778839,0.3775118291378021,0.47231078147888184,0.3899926484384291,0.3285326609225966
0,0.5068863023055115,0.19596420228481293,0.20957946601027036,0.2505686841611017,0.5624018311500549,0.5574429035186768,0.4500865042209625,0.3879183828830719,0.41589087731154084,0.3929397628120218
1,0.9092216685843769,0.950545072555542,0.9622698632705718,0.9391154092286939,0.9416488409042358,0.9794761538505554,0.925993025302887,0.9797202944755554,0.8857305954197127,0.9480721113507142
0,0.3199377352900586,0.38827091455459595,0.10994458901487174,0.31372402884887957,0.41854143142700195,0.3027373254299164,0.43947452306747437,0.31661489605903625,0.3906410763073274,0.32917050555493177
1,0.614080270808882,0.6472503542900085,0.5760208880317006,0.691516654826973,0.6582455039024353,0.5761905908584595,0.6156524419784546,0.6167205572128296,0.6525621755438785,0.6248565436612162
0,0.3656377388589512,0.353851854801178,0.505101433908527,0.3286049293143277,0.4142824411392212,0.4276071786880493,0.4989195764064789,0.4536159932613373,0.47712977684003144,0.41841391798482674
1,0.45613170325184066,0.30071574449539185,0.15886296087975466,0.32658887494382394,0.5793238282203674,0.6245827078819275,0.6401910781860352,0.6129621863365173,0.5500365644888929,0.46696382078663906
0,0.42925710995478794,0.3456810414791107,0.3463440434915971,0.43691309454424854,0.5480097532272339,0.5432519316673279,0.6597437858581543,0.5770112872123718,0.5650368201181756,0.48830677322016147
0,0.4067254279495318,0.230805441737175,0.39086455347546845,0.08439062403006538,0.5128417611122131,0.5401267409324646,0.46660521626472473,0.5307137966156006,0.4847287325057491,0.3976324903284461
0,0.2816770099597237,0.33768409490585327,0.16024823737955413,0.30595314886610164,0.4624672830104828,0.05728946626186371,0.6163640022277832,0.18853817880153656,0.43341552147159157,0.3056226827911007
0,0.24076397911471945,0.09096894413232803,0.025542436968436187,0.11625026984605612,0.465263307094574,0.1882077008485794,0.2644612193107605,0.1814560443162918,0.26544148610954416,0.20014083233464858
0,0.3687877874474189,0.39665883779525757,0.27304305811219687,0.3201025434081094,0.3324049711227417,0.4196387231349945,0.3346191644668579,0.2953603267669678,0.3495365130852641,0.3426517189321616
0,0.24128301854329537,0.17992228269577026,0.054820604720002865,0.20365022471563468,0.453642874956131,0.23284967243671417,0.31146129965782166,0.30950966477394104,0.31364420548941063,0.2518515221638283
0,0.36945161982090324,0.27045682072639465,0.061305950021110445,0.37162499080864275,0.5392191410064697,0.5376542806625366,0.5380867719650269,0.5698684453964233,0.4714718599380461,0.4115669999259371
0,0.5569006297852755,0.3566967844963074,0.48493378116286573,0.28823335874782907,0.7204667925834656,0.8475735783576965,0.7396083474159241,0.6948874592781067,0.6839918368237291,0.5887433049710555
1,0.5705310295769732,0.6809403300285339,0.8010174285797645,0.7533315087769256,0.6091967225074768,0.26361358165740967,0.5658433437347412,0.42100876569747925,0.6125986598819755,0.5814555822417855
0,0.2573503212605809,0.16551649570465088,0.18453259393103627,0.18488144884535068,0.32312655448913574,0.3655725419521332,0.1597772091627121,0.18114204704761505,0.2327400907118124,0.2274579615321532
0,0.4478709131731617,0.5828444361686707,0.524710115388837,0.5833410843217202,0.4352090656757355,0.5745646357536316,0.5715745091438293,0.5616090297698975,0.5642344592875799,0.5343857149151878
1,0.7127824873171797,0.723339855670929,0.5725339872405592,0.690064001354753,0.7574217319488525,0.741051435470581,0.7552310228347778,0.7914787530899048,0.7596583804084932,0.7199697556628628
0,0.7092948535801356,0.7842661738395691,0.9121149253697123,0.8141831290293814,0.7139620184898376,0.6933519840240479,0.668596088886261,0.6908658742904663,0.7440920209544367,0.745862115854455
1,0.6330972004456412,0.6856215596199036,0.8315703139323948,0.8385646763483559,0.5896385312080383,0.5789552927017212,0.6848757266998291,0.6153234839439392,0.6837231042140985,0.679840030773162
0,0.39401563784738175,0.3878776431083679,0.11817301930773529,0.4534380511324331,0.4469229578971863,0.4689196050167084,0.5612291693687439,0.4909934997558594,0.467065282738963,0.41853253921674827
0,0.2615181739470127,0.10447467118501663,0.04761973857560422,0.11138612506676963,0.3102416694164276,0.33992815017700195,0.44580113887786865,0.3653238117694855,0.3283233084331622,0.2521346886488475
1,0.9021999900957174,0.8504678010940552,0.863026834903441,0.8924647544455445,0.6741464734077454,0.9295332431793213,0.9378582239151001,0.8550087809562683,0.828591554551796,0.8623386650802345
1,0.4624798238639765,0.48781266808509827,0.2694431321027731,0.5134612826505447,0.5743120312690735,0.7803670167922974,0.620672345161438,0.6454029679298401,0.587323827935683,0.5461343904245531
0,0.5851193382196577,0.5670961141586304,0.5837795911518169,0.5713439177691171,0.5838170647621155,0.7319299578666687,0.5784748792648315,0.6256718635559082,0.6182574437750511,0.6028056480552832
0,0.06740820071330203,0.016732405871152878,0.0016861202740947317,0.040782401527957826,0.06343740224838257,0.002484259894117713,0.05795590206980705,0.004608535207808018,0.12833208746298116,0.032575582232423766
0,0.636269112465681,0.4687548577785492,0.32086137852547497,0.5565372961774926,0.7480988502502441,0.8786332607269287,0.6913188099861145,0.8118831515312195,0.6811390053210057,0.6424393735454292
0,0.5428902597338855,0.7193312644958496,0.4492712951324161,0.6895927731165024,0.552406907081604,0.4094594120979309,0.532750129699707,0.5352426767349243,0.5848432403851684,0.5547166616094762
0,0.4122823255598812,0.1896045058965683,0.07967559595434956,0.23272933284551564,0.5308794379234314,0.5248458385467529,0.5315351486206055,0.41323980689048767,0.4288624918155692,0.3686052188624321
1,0.34100178658955543,0.17027512192726135,0.009846604645421468,0.12153762115825709,0.4889141023159027,0.08613398671150208,0.3079642057418823,0.6107768416404724,0.37884129014356593,0.27418692962369373
0,0.5255515387196591,0.46293580532073975,0.17036120574684877,0.478070781230144,0.5402607917785645,0.4819212257862091,0.5899013876914978,0.5874496102333069,0.5416844335966924,0.48385941536535465
0,0.4578451311702639,0.3590896725654602,0.2411551044281181,0.4737654455256712,0.5635987520217896,0.5044508576393127,0.5175241827964783,0.5529024004936218,0.4984496555345605,0.4615908889061442
0,0.3644688690725049,0.257286936044693,0.38456556084954846,0.23450404352350065,0.4690624475479126,0.7416568398475647,0.3473220467567444,0.38817572593688965,0.39267854639603567,0.3971200768529046
0,0.6187611004061047,0.8025392889976501,0.8605816215096533,0.7726398457203039,0.49408310651779175,0.6430354118347168,0.5773261785507202,0.5073363184928894,0.6382356118520941,0.6552740773616731
0,0.5446983067518771,0.4769727885723114,0.4356347363759459,0.396828379134148,0.557133138179779,0.3734854459762573,0.5520046353340149,0.47732868790626526,0.5495402062886314,0.4791280596825664
0,0.6116566307542639,0.6357236504554749,0.6187911515297492,0.6213824911781153,0.5432906746864319,0.4565160870552063,0.6131144165992737,0.5990567207336426,0.6306053483248399,0.5878763807857451
1,0.25186889316279604,0.4571170508861542,0.5710660786451557,0.35403344367239276,0.2601638734340668,0.14216193556785583,0.2352072149515152,0.207688570022583,0.3262850490322524,0.30698786321991156
0,0.19913159445033113,0.12150122970342636,0.01683904213066318,0.1315557712518188,0.40651318430900574,0.17356348037719727,0.22544868290424347,0.23805968463420868,0.25655839817729537,0.19232856031346637
0,0.4356355396719367,0.46063148975372314,0.2833165494035733,0.4955379528464901,0.5179018378257751,0.5325055718421936,0.46657973527908325,0.5420352220535278,0.4924890131873646,0.4683162617957394
0,0.608485762275136,0.6030956506729126,0.6251232037390742,0.7036656280606232,0.6764880418777466,0.7751444578170776,0.617155134677887,0.807384729385376,0.6886408669275637,0.6768521416535345
1,0.9509174127483364,0.9843393564224243,0.9969925457985827,0.9729165205482554,0.9591906070709229,0.9542057514190674,0.9311699867248535,0.9117322564125061,0.8857803626978873,0.9568908947029171
0,0.12318407576989204,0.01829472929239273,0.019751033811591243,0.013446472560717376,0.18211577832698822,0.010588157922029495,0.14587721228599548,0.08571521937847137,0.170594785726516,0.07710629621388056
0,0.19386072438593172,0.27074316143989563,0.19541568135680723,0.1795183519452484,0.3383912444114685,0.1173708364367485,0.10201051831245422,0.13559934496879578,0.23198129811219234,0.19190762970562125
0,0.1958648466353788,0.07132263481616974,0.023030591923545597,0.11137385205087434,0.2676478326320648,0.1293037086725235,0.27263081073760986,0.24706000089645386,0.23938207713900192,0.16803375833297396
0,0.13176838128362683,0.08226035535335541,0.00303748380008692,0.09569990684000282,0.2005644291639328,0.13469471037387848,0.1587018370628357,0.1288319081068039,0.18452057370135108,0.11864201817351556
0,0.33902492441018184,0.07996659725904465,0.13826757578921564,0.1490376325319016,0.4009213149547577,0.49164140224456787,0.5126922726631165,0.4220183491706848,0.38360545962274195,0.320085248648575
0,0.23623293973318224,0.30678316950798035,0.22205616848465615,0.32914744361741743,0.19518600404262543,0.13058391213417053,0.16008268296718597,0.1273125559091568,0.22030230820293684,0.21259287823152906
1,0.24571985360862336,0.08726745843887329,0.11743919792568712,0.09956787590856642,0.34286484122276306,0.34566575288772583,0.4246026575565338,0.24667274951934814,0.3106359520836155,0.24134297140835123
1,0.4846798890245138,0.6758007407188416,0.7598442391779004,0.6095959746034664,0.5508555769920349,0.4405849874019623,0.4371606707572937,0.4789561331272125,0.5712328955163865,0.5519301855760406
0,0.2861986908570109,0.07355635613203049,0.05297384535780437,0.06163240937456469,0.24969632923603058,0.06881628185510635,0.3182028532028198,0.22353798151016235,0.2508141689734358,0.17085488650681235
0,0.30559522333044786,0.31452879309654236,0.5014105344323777,0.5075981295455666,0.39639270305633545,0.21403546631336212,0.43454107642173767,0.44497278332710266,0.42350307232743917,0.38952649000342776
1,0.08730836317031562,0.075638048350811,0.0024778994611960193,0.0796135698149126,0.16601036489009857,0.18958733975887299,0.17985142767429352,0.19226869940757751,0.19261752207403515,0.12314619039914287
0,0.33902492441018184,0.07996659725904465,0.11767947437576351,0.1490376325319016,0.4010559916496277,0.4915960133075714,0.5127024054527283,0.42206233739852905,0.3813345144866621,0.3177114349825542
0,0.6072263631953249,0.5741641521453857,0.39529799450247805,0.5909176421666845,0.6621346473693848,0.5707173347473145,0.6221317052841187,0.6213550567626953,0.6294532759788307,0.5830142290564314
0,0.25327080538376373,0.48956504464149475,0.5710660786451557,0.35811472086528123,0.26014578342437744,0.1420743465423584,0.23521330952644348,0.20782703161239624,0.3325368227384554,0.31172268944441905
0,0.650143560716349,0.5608718991279602,0.4549564355506883,0.6544140304397511,0.7593804001808167,0.8070688843727112,0.6918930411338806,0.7795395255088806,0.702046939164508,0.6719084604684804
0,0.21952379916066803,0.11950177699327469,0.012891195693903923,0.06144507339450518,0.4331924021244049,0.27612370252609253,0.4227180480957031,0.37415918707847595,0.3526422040421453,0.24492719659549203
