y_true,RandomForest,XGBoost,LightGBM,CatBoost,DeepMLP,ResidualMLP,TabTransformer,1D-CNN,StackingEnsemble,WeightedEnsemble
0,0.2217308429044479,0.03637368977069855,0.01813244201193792,0.0348611381023435,0.009179522283375263,0.0010367616778239608,0.11274950206279755,0.1618923842906952,0.20798085506814698,0.07564760681110562
1,0.5681413595736153,0.7504494786262512,0.48091164730522545,0.510403393904404,0.698861300945282,0.46123528480529785,0.5541468858718872,0.5467071533203125,0.696611554123924,0.5750211010179445
0,0.1251564169475155,0.026989948004484177,0.0008707319400143137,0.04318768840672426,0.17227385938167572,0.008582498878240585,0.09266158938407898,0.11919496953487396,0.18767067492400422,0.073889401956
0,0.5108065568917863,0.4287373423576355,0.4381903986007311,0.4341453526671445,0.599087655544281,0.7581621408462524,0.46035999059677124,0.3419855833053589,0.5047272854788795,0.4912199731798055
1,0.6030140977460342,0.7558375000953674,0.613582818607883,0.7835579017991069,0.7353537678718567,0.8489803075790405,0.8372629880905151,0.6069539785385132,0.7421365210320019,0.7202003769541425
0,0.5589969556227328,0.6661195158958435,0.4304070341101234,0.6860562788500861,0.7484473586082458,0.9959420561790466,0.5922006964683533,0.9339433312416077,0.6305553501865444,0.6907187214832068
0,0.44330828355119467,0.48517826199531555,0.06563312524611303,0.5198080275741117,0.43224215507507324,0.3637967109680176,0.35502889752388,0.23654960095882416,0.4315854802975366,0.365818421925013
0,0.5963871649937921,0.5234898328781128,0.453466377425337,0.5337016467862574,0.7620097994804382,0.6413421630859375,0.735206127166748,0.6672484874725342,0.6601805011546814,0.6100951641980412
1,0.7072638602260539,0.8648809194564819,0.6594190104190409,0.7942467256967618,0.9436898231506348,0.938387930393219,0.8151064515113831,0.5690028667449951,0.796493048946689,0.7847330864398321
0,0.19429300873809985,0.14345024526119232,0.011534054414057224,0.17435570408348006,0.030645085498690605,0.023852653801441193,0.09172680974006653,0.05188530683517456,0.21772905125401584,0.09384649214485073
0,0.3426478428244608,0.3141838312149048,0.03081254634374203,0.28602492517655426,0.4173671007156372,0.024560336023569107,0.5501502156257629,0.3486590087413788,0.41616212109370504,0.2928459162623252
1,0.4924277019171398,0.4734134376049042,0.24443917158884396,0.4981802891773141,0.5534542202949524,0.06189865618944168,0.5935133099555969,0.29038742184638977,0.5851004790777331,0.4098404176019568
0,0.5703639454513986,0.5703264474868774,0.6977546365061272,0.7026858898942817,0.798459529876709,0.9997851252555847,0.6575735807418823,0.8648065328598022,0.6805475417897169,0.7224946109656165
0,0.1520143592074047,0.022787710651755333,0.003178309375501795,0.04797509245461311,0.24310989677906036,0.029558656737208366,0.07762806862592697,0.1069531962275505,0.19331033115267374,0.08565238375700904
0,0.3455945248762481,0.6331343054771423,0.12594594468035164,0.5012561831269776,0.6130235195159912,0.7988532781600952,0.3892766535282135,0.6158379912376404,0.43027784167109134,0.49445848614814103
1,0.39908562301622524,0.1467905342578888,0.5083728339262306,0.18926409824900112,0.4041065275669098,0.017906969413161278,0.42978236079216003,0.04326708987355232,0.46397562801781067,0.2741689538201547
1,0.6785697324269591,0.8589392900466919,0.9883070532411635,0.7444981428842393,0.6422553062438965,0.9650934934616089,0.68672114610672,0.9185134768486023,0.8190676088789572,0.806307772187417
0,0.43560463933392135,0.4283404052257538,0.4773668503254297,0.4472555041871917,0.4110925495624542,0.6223160624504089,0.40714314579963684,0.6241975426673889,0.5014998762598027,0.4765115771912876
1,0.2760521198883346,0.19711410999298096,0.1385560437033667,0.15052872783978277,0.05418640002608299,0.006138333585113287,0.11209934949874878,0.08342193812131882,0.2792538579300393,0.13272674726000877
0,0.26744462582369194,0.06874162703752518,0.0169695025619566,0.16679717350451378,0.17312777042388916,0.003331327810883522,0.30639857053756714,0.0069586364552378654,0.2564777881284778,0.12967902543364218
0,0.25399908846892943,0.0959022268652916,0.025574795390568224,0.16610193225063496,0.13329800963401794,0.008525365963578224,0.23879104852676392,0.0036245721857994795,0.24843185910642362,0.11957799286876457
0,0.49835221349608744,0.3828733563423157,0.02404746294337103,0.39893182897924045,0.5596088171005249,0.4347951114177704,0.5997220873832703,0.48536235094070435,0.4601863759126174,0.4198720214567504
0,0.2614085020023533,0.09711138159036636,0.0302323358872425,0.06532400905001765,0.2226584255695343,0.18677249550819397,0.34169572591781616,0.24541375041007996,0.25607351176064125,0.17842037974158614
0,0.2820394852505644,0.047787975519895554,0.0803919712462993,0.11773107456670129,0.1035037636756897,0.053271014243364334,0.15313513576984406,0.10108833760023117,0.24123252160974548,0.11941151435064346
1,0.8781760907402345,0.8937410712242126,0.9641571264996661,0.900741393758947,0.9366974234580994,0.9521579742431641,0.8584204316139221,0.945185661315918,0.8879211928002592,0.9148322450386485
0,0.26856509870423234,0.3262089192867279,0.32083559464353784,0.2617774472964772,0.4392247796058655,0.642365038394928,0.5290654301643372,0.4261839687824249,0.3753708103838922,0.39261478936064925
1,0.4138474864831981,0.2467246949672699,0.3069570139300475,0.2308534327109688,0.4838724434375763,0.09594587981700897,0.42461568117141724,0.33973127603530884,0.46153436535123105,0.3211876379017766
1,0.9103271507186047,0.9586284756660461,0.9821640877304613,0.9378989924381037,0.9820111989974976,0.9885717034339905,0.9365078806877136,0.9804347157478333,0.9058209981121897,0.9583030714833307
0,0.5011948178051537,0.318015456199646,0.2598121976146399,0.26648764155870025,0.5524030327796936,0.12056644260883331,0.4363294839859009,0.13326996564865112,0.4930865326532513,0.3298667208682102
0,0.48686811011002007,0.3716049790382385,0.0472955486767943,0.43089381393209397,0.39171501994132996,0.7038919925689697,0.5129928588867188,0.4411984384059906,0.3900976777240606,0.41558934218761046
0,0.14459252216725965,0.022973094135522842,0.0019503880097896296,0.04792180590482443,0.13341712951660156,0.051122911274433136,0.1215851902961731,0.10138429701328278,0.1875307674805107,0.07778224549597071
0,0.18430274511315978,0.09691762179136276,0.0011793053095130023,0.06520219758355013,0.010039418004453182,0.004654780961573124,0.09361477941274643,0.062434591352939606,0.20230070191750318,0.06726532751140438
0,0.5701436637587138,0.374830037355423,0.23057283187462982,0.4005382009009001,0.571211040019989,0.9407666325569153,0.47099778056144714,0.6452406644821167,0.4478292477563562,0.5127695007444979
1,0.5013686341582573,0.549301028251648,0.653864858227794,0.7173744779822155,0.48969095945358276,0.010577413253486156,0.4279221296310425,0.6885716915130615,0.7103447458305453,0.5162144758839382
0,0.373097800860552,0.28314408659935,0.07092719995138369,0.261460440599557,0.16311025619506836,0.06591571867465973,0.28948819637298584,0.2724444568157196,0.3548391453297572,0.22682327559792187
1,0.4678749160602322,0.39355096220970154,0.2304117409284729,0.25273232079847924,0.4405318796634674,0.30093228816986084,0.3992440700531006,0.6975505948066711,0.48501928278687056,0.39608942568254735
1,0.49461424576402613,0.579367458820343,0.5320272803514895,0.5710346808582122,0.6722452044487,0.5418927669525146,0.2344280481338501,0.31135275959968567,0.5722180105417386,0.4953190295740478
1,0.29874505365715104,0.5395303964614868,0.15456231692610464,0.3465847822684223,0.7384621500968933,0.22649066150188446,0.2927803695201874,0.6170579791069031,0.46888477775249066,0.40279123302032005
0,0.17571139495486862,0.10886749625205994,0.006650961933178113,0.09307031500333544,0.02018728107213974,0.004551027901470661,0.11166945844888687,0.06720922142267227,0.20711829724247077,0.07612370677626182
0,0.1661026694755323,0.095449298620224,0.003774439358659825,0.08367255592496024,0.028069520369172096,0.005082127172499895,0.11596977710723877,0.049972254782915115,0.20193093977815674,0.07093545570977064
0,0.27336603802917836,0.10383016616106033,0.03416548674863569,0.08261843035823381,0.45435386896133423,0.4435257911682129,0.48037850856781006,0.36962348222732544,0.2713929712868196,0.2707565707817722
0,0.5203287900567733,0.6258605718612671,0.7622486445063558,0.7075128192333502,0.4269949495792389,0.43681931495666504,0.4070402681827545,0.3796145021915436,0.6768874802664536,0.540278870890893
0,0.34266016221383594,0.08474967628717422,0.0030806655333186048,0.023450614819563672,0.2530394196510315,0.03170756250619888,0.36642178893089294,0.1956906020641327,0.28998028798845704,0.1634526286699492
0,0.3962886449894431,0.28773558139801025,0.1607530593978561,0.3279555427861243,0.27203065156936646,0.12639151513576508,0.33449360728263855,0.2988573908805847,0.3970880174343641,0.2794233718077983
0,0.22891840672102995,0.07328137755393982,0.00308384740531285,0.09613004074531184,0.16849704086780548,0.0003566981467884034,0.1784621924161911,0.12395535409450531,0.2320595385910484,0.11114827800263594
0,0.34058859720899287,0.42065754532814026,0.19586513741570996,0.5885819589344271,0.06204096972942352,0.011402998119592667,0.22389261424541473,0.09768664836883545,0.40627137508075317,0.2539950712050095
0,0.6030743258769855,0.7294250726699829,0.4622608363136341,0.6960113248874,0.6576966643333435,0.7930402159690857,0.4964018762111664,0.6206938624382019,0.6569736851487437,0.6301671697320195
0,0.6000603721979669,0.7206165790557861,0.4309770490594966,0.703070214727021,0.5505124926567078,0.6541764736175537,0.37273499369621277,0.5088658928871155,0.6332591073559212,0.5695473262342334
0,0.30750019133922313,0.16081750392913818,0.025314526105563593,0.16350997628744632,0.33799684047698975,0.009786633774638176,0.31262117624282837,0.35630545020103455,0.3193480055641449,0.21089776658361314
0,0.2721056666177632,0.10906881093978882,0.027544057940904743,0.09568290729477111,0.19181549549102783,0.0020454716868698597,0.2974275052547455,0.01719137281179428,0.2655355226038991,0.13008138544996534
0,0.44952538947029785,0.5322449207305908,0.07496559415135488,0.4750737911053949,0.29127371311187744,0.10056503862142563,0.48242640495300293,0.38588812947273254,0.5021340314193979,0.35609053042303024
1,0.5926837834954964,0.7089794874191284,0.34690114800994576,0.6157785403767586,0.669171929359436,0.9566475749015808,0.6961679458618164,0.8360472321510315,0.6375483332708105,0.6682782321358136
0,0.1648023759270305,0.044879112392663956,0.0034199994420970265,0.03407772415751133,0.0023933870252221823,0.00010160686360904947,0.12752994894981384,0.023195432499051094,0.1902408043328752,0.05182958543997819
0,0.3755199292149786,0.4132424592971802,0.5641047954579793,0.5138096870580993,0.47164860367774963,0.5112552642822266,0.44047147035598755,0.6697803735733032,0.5325205607935366,0.49161013064333836
0,0.2238433439809857,0.10069051384925842,0.002004251398348348,0.06312521516880762,0.13236354291439056,0.0018345367861911654,0.24888916313648224,0.009320111945271492,0.23488400275873583,0.10057264064374237
0,0.5152396829248701,0.5966847538948059,0.5046223706947821,0.4324651599608168,0.5723481178283691,0.029504887759685516,0.5272558331489563,0.7122219204902649,0.6977801219972428,0.4946951881775386
0,0.4297441973702085,0.3043794631958008,0.16384312657729264,0.5443385893970306,0.38573065400123596,0.2855719029903412,0.3949260413646698,0.22657395899295807,0.4178733033985856,0.3449570682333679
0,0.18153008217425295,0.21161316335201263,0.00114441323163786,0.12194274265381898,0.09889893978834152,0.0025594448670744896,0.14134074747562408,0.07705476880073547,0.23660999671966512,0.10837912565014404
1,0.7249765151782378,0.7583252787590027,0.8927208072863364,0.7855077501096757,0.8788180351257324,0.9505516886711121,0.8221142292022705,0.942108154296875,0.8275935990994528,0.8390323528932124
0,0.3564029494576468,0.17667217552661896,0.09678597402292796,0.125588768641787,0.4141181409358978,0.6864303946495056,0.5072791576385498,0.29625165462493896,0.2922543299624704,0.3208383058813834
1,0.5173647302506559,0.5235700607299805,0.2544580410160479,0.23991461718989968,0.6312879920005798,0.4221120774745941,0.7849588990211487,0.5627887845039368,0.5931067038954505,0.4895288816121475
0,0.525703279663829,0.6127693057060242,0.26449613071973266,0.5302945688193413,0.5998449921607971,0.7246726155281067,0.5873628258705139,0.6127644181251526,0.5639777721106938,0.5520634445125513
1,0.4887317281390812,0.13367976248264313,0.048193639838788924,0.20100436168844402,0.4669656455516815,0.67463219165802,0.537621021270752,0.5252881050109863,0.3375640532734301,0.3721992049108748
0,0.2115037402149047,0.09614983946084976,0.004575024591462909,0.09198036902312047,0.08210526406764984,0.11625874787569046,0.13518556952476501,0.09292621165513992,0.20871140544995917,0.10406300059750137
1,0.6833014196409557,0.7319031953811646,0.040440525174957755,0.6189953065459789,0.8393658399581909,0.9724540114402771,0.7457403540611267,0.6404022574424744,0.6102876323384465,0.6505668246473997
0,0.4030354180427277,0.25169357657432556,0.026560094453725917,0.24901171579621692,0.19547544419765472,0.0038501224480569363,0.29180577397346497,0.4031928479671478,0.3649652892749006,0.23221566044140482
0,0.37013871581067165,0.24561992287635803,0.03937703490215049,0.29391060025116145,0.1989297866821289,0.0329253226518631,0.25520411133766174,0.3378653824329376,0.3456744339178978,0.22596502017321463
0,0.5453444321575787,0.6295136213302612,0.13983420443500302,0.6375026906661695,0.5050134658813477,0.7121873497962952,0.5396438241004944,0.6823621988296509,0.5413771218794817,0.5442168157522311
0,0.5005882702081055,0.306531697511673,0.8209696095615955,0.2947233261973388,0.4696193337440491,0.1993035227060318,0.4122046232223511,0.2854986786842346,0.6142252764809536,0.41723853203698896
0,0.4805762964255653,0.32009443640708923,0.4346472945426683,0.3377955168652078,0.566968560218811,0.5624987483024597,0.5527154207229614,0.6872864961624146,0.5209815205937014,0.4859968675563733
0,0.47984896518658826,0.5662944316864014,0.10998746534320528,0.4391415186534592,0.526719331741333,0.9672520160675049,0.5161439180374146,0.39481568336486816,0.4245466195660676,0.4897807749743803
1,0.6900697159233553,0.6662354469299316,0.8241045707694016,0.6836309113868035,0.7685973048210144,0.8096946477890015,0.9325991272926331,0.3918662965297699,0.787318693262671,0.7203685237227557
0,0.5022728405520414,0.528069019317627,0.4077626034189236,0.5219929329002699,0.5112902522087097,0.8665227890014648,0.6968206167221069,0.4461599886417389,0.5458669839282945,0.5524943241953184
0,0.19986884020648876,0.043521251529455185,0.01069038231643229,0.09696800934354621,0.23815132677555084,0.002032435266301036,0.16004623472690582,0.02120859920978546,0.21855372953623953,0.09892899293243924
0,0.22855953078892935,0.2908622622489929,0.13357006738281127,0.2829157613672536,0.2769637405872345,0.1961366832256317,0.2681261897087097,0.2990167737007141,0.3169151584272954,0.24758610643017648
0,0.5997973326208569,0.3162783682346344,0.6010269249100485,0.37942191783220214,0.629005491733551,0.5447037220001221,0.4689498245716095,0.6789026260375977,0.5982139230983301,0.5233462556409877
0,0.13209114145644513,0.05565933883190155,0.0014131025418316887,0.022380025273417127,0.013214779086411,0.0013867584057152271,0.0993322879076004,0.05020932853221893,0.18311896477037617,0.04827566216460709
1,0.6369938601659451,0.6439563035964966,0.7604446192422251,0.582505061852485,0.6841965317726135,0.5559368133544922,0.7272412776947021,0.7583624720573425,0.7696298123652829,0.6691788284005694
0,0.398644614135046,0.29200369119644165,0.1310436652599593,0.2398164290924571,0.44823381304740906,0.27033448219299316,0.36266204714775085,0.31779706478118896,0.3865356722097832,0.30747707953983316
0,0.5541179785999343,0.8216400742530823,0.1628002105968802,0.7007261606621794,0.7244082689285278,0.8708274960517883,0.5809059739112854,0.7140511870384216,0.6081978338698898,0.6355766956788345
1,0.7363811570082008,0.7986815571784973,0.9260727367540065,0.6405489126326325,0.8659659028053284,0.9887294173240662,0.678172767162323,0.9822386503219604,0.8198512252055102,0.8208390829687707
0,0.3562448531610083,0.3366684019565582,0.5239217986340257,0.37075854583405105,0.4337668716907501,0.4748225212097168,0.35890212655067444,0.2923390567302704,0.4525875795896371,0.39214347461236826
0,0.6206381640982065,0.5194680094718933,0.7136726848783621,0.6156533205515513,0.5550934076309204,0.6613945960998535,0.6014794707298279,0.11529835313558578,0.6598824120600584,0.5532270321518349
0,0.27509507261555843,0.2770969569683075,0.04100422229905631,0.23888445249286172,0.3496643602848053,0.007949218153953552,0.3679165244102478,0.18599380552768707,0.34428284332584436,0.22254259754055078
0,0.2628872986179387,0.15337863564491272,0.014674531584470617,0.17953794186989094,0.14395539462566376,0.07711147516965866,0.23217275738716125,0.17103689908981323,0.2609218974128205,0.15615444889534175
0,0.297206406621311,0.27697381377220154,0.12059456251752311,0.18977879980774603,0.1772986650466919,0.2575906813144684,0.3728038966655731,0.3346986472606659,0.3271077016454015,0.25185047508452496
1,0.44025536028877965,0.5128374099731445,0.15000398969564185,0.46283221180016126,0.37929320335388184,0.06972451508045197,0.2849498689174652,0.38746583461761475,0.492792646434971,0.3442410078435911
0,0.3957845629421659,0.26991504430770874,0.07904312310347682,0.21475591728473162,0.23465496301651,0.006036365404725075,0.22519786655902863,0.29013755917549133,0.3639171284251759,0.21987038875013312
0,0.21453376547885694,0.29833683371543884,0.032838144463953646,0.16021430265162426,0.25900381803512573,0.4114971160888672,0.4284968674182892,0.19550246000289917,0.2749054513697347,0.2451915275392119
0,0.33865300628283435,0.3045501708984375,0.11841062962915812,0.3465721927422096,0.3882718086242676,0.8721384406089783,0.41776689887046814,0.4879733920097351,0.3041230210421763,0.39552135704514135
0,0.45456083326916896,0.44303879141807556,0.1653118044072773,0.5437551545683547,0.2845556139945984,0.31831344962120056,0.2777246832847595,0.31411874294281006,0.4362221872155149,0.3541227234576769
1,0.5026415588812836,0.5682657361030579,0.20861658890046927,0.5573234002394675,0.7617771625518799,0.6976338624954224,0.4528254270553589,0.36886873841285706,0.5145638328110932,0.5118811706513989
0,0.18447153346316952,0.02528463304042816,0.006305965222727018,0.031645776877487826,0.015342158265411854,0.004355114419013262,0.13099433481693268,0.064792200922966,0.19382471421257963,0.05918207565855985
0,0.5712736905756163,0.4304076135158539,0.48944805727747676,0.5185212365162205,0.598958432674408,0.8466085195541382,0.4963555932044983,0.4365476071834564,0.542072856614277,0.5420013882109469
0,0.41214333244482604,0.3134066164493561,0.13495074140929608,0.3049222814492517,0.47415629029273987,0.725336492061615,0.49322667717933655,0.3652336001396179,0.3607461968672083,0.3935299208199695
0,0.5803401537269844,0.6653730273246765,0.31806185526301683,0.538721916846657,0.5833522081375122,0.8107991814613342,0.49532708525657654,0.9298588037490845,0.6001077408247406,0.6073280477303283
0,0.10148945764723317,0.034202758222818375,0.0003581069348774091,0.02532908459960077,0.017792778089642525,0.0012647543335333467,0.100429967045784,0.05633897706866264,0.1740403107153421,0.04286710827013393
0,0.5648110246514038,0.6286488771438599,0.2879311327695861,0.5787665390948776,0.6541900038719177,0.6865237355232239,0.5792893767356873,0.6286304593086243,0.5999843525391131,0.5725978608448945
1,0.7408781246805858,0.8783215880393982,0.9752793095081747,0.8332528131332716,0.7993301153182983,0.842414379119873,0.9329960942268372,0.7924304008483887,0.8680133173320174,0.8493774636279425
1,0.34546702989062433,0.41816040873527527,0.03369994657946599,0.2558979214205173,0.5074372887611389,0.9890950322151184,0.3023701310157776,0.577046811580658,0.29278269119539463,0.41245092233179936
0,0.36278983332599507,0.39059656858444214,0.6803447310881515,0.44393712804474256,0.4586843252182007,0.4114713966846466,0.5202872157096863,0.26314055919647217,0.5479626047801957,0.4429557873276384
0,0.4582509689193688,0.5213432312011719,0.42656103726764555,0.37059684772457097,0.5171598792076111,0.38656380772590637,0.30037274956703186,0.601323664188385,0.5438616974758599,0.4484980740646552
0,0.6478066514467309,0.722826361656189,0.2142870261372169,0.7537295169334449,0.5717555284500122,0.6008170247077942,0.662245512008667,0.6741570234298706,0.6633849460432587,0.6063753360944407
0,0.7631917125631772,0.6753213405609131,0.57548765280345,0.7026644585718748,0.8658000826835632,0.9186723828315735,0.8451651334762573,0.5511789917945862,0.7561630244502421,0.7332743706171021
1,0.4731784569440813,0.40872037410736084,0.2227108999422316,0.33438081391596275,0.5083246231079102,0.07315146178007126,0.46749329566955566,0.46874362230300903,0.5314944590098514,0.3749583942813243
1,0.5554746184905067,0.6844967007637024,0.6589446663516964,0.585408333068707,0.6277679800987244,0.5539734363555908,0.5052937269210815,0.3470894694328308,0.6846178758350854,0.5689566528976926
1,0.6238915600511497,0.7063270211219788,0.37488131984059114,0.7580466137378767,0.7324243187904358,0.8646750450134277,0.49169179797172546,0.6826244592666626,0.6407847111687877,0.6501571823346242
0,0.45689980641405925,0.2777157425880432,0.008813121908184915,0.21970728601396317,0.4811185598373413,0.5362280607223511,0.4884647727012634,0.3943336606025696,0.36064369185441014,0.3510189286348109
1,0.5457744887391996,0.7203225493431091,0.9191837221195922,0.5931121260201917,0.8418538570404053,0.9955615997314453,0.5726659297943115,0.9581893086433411,0.7430736407758883,0.7593306717233722
0,0.6692855457014063,0.6555594205856323,0.6001066164797424,0.5770851989227007,0.6047407388687134,0.034371718764305115,0.7468476295471191,0.8616987466812134,0.8068081696082372,0.6035844384960192
1,0.6784703477385873,0.732386589050293,0.5797654689240035,0.8256747458850577,0.8760664463043213,0.8879532217979431,0.5217952728271484,0.726226806640625,0.725017648601147,0.7255896602483125
0,0.2696680591803539,0.1535399705171585,0.003916822432245723,0.10888574880339111,0.44098496437072754,0.002764203818514943,0.46477481722831726,0.05450128763914108,0.3126682097030656,0.1902781594206867
0,0.16347300959748406,0.044233329594135284,0.0022970457152169266,0.06060586284255498,0.039201777428388596,0.0022673415951430798,0.1516878753900528,0.023701833561062813,0.19497138980181766,0.0627247371540733
0,0.32102571291133236,0.3497385084629059,0.12612720884922352,0.3292741198201684,0.3835052251815796,0.6141438484191895,0.3492339849472046,0.2922411561012268,0.3235737067476964,0.3393542804499953
0,0.6876310780026474,0.7629880309104919,0.7392360716524785,0.8406476347406088,0.7489524483680725,0.8963468670845032,0.9091085195541382,0.7386596202850342,0.7981790729894622,0.7870951673016602
0,0.23155449658497396,0.17037463188171387,0.028368598348258764,0.21261066204471304,0.20999646186828613,0.025045888498425484,0.25691428780555725,0.3259028196334839,0.28183463987768004,0.184167978730437
0,0.5432277389420767,0.6118359565734863,0.32906365597284026,0.6155768293133753,0.5076735019683838,0.8231131434440613,0.47058117389678955,0.5625986456871033,0.5463040204867718,0.552736013690927
0,0.2881659703083735,0.04876430705189705,0.05947107800727212,0.07999284742413884,0.24989180266857147,0.06681201606988907,0.27297651767730713,0.13670586049556732,0.2618170388677316,0.15102329186379723
0,0.6256182307952524,0.6037337779998779,0.40291587230158493,0.5146574734164281,0.6099544167518616,0.8117372393608093,0.549720823764801,0.5529072284698486,0.6062196788901479,0.579022646062449
1,0.8949471892230911,0.9264633059501648,0.9666660193641288,0.9134516112367451,0.940650463104248,0.9692912697792053,0.8500977158546448,0.9905377626419067,0.8938426804480815,0.9301172240407025
1,0.5420655311461594,0.598318874835968,0.8542554908379592,0.5697672383376328,0.4829355478286743,0.5745956301689148,0.4182506799697876,0.42501407861709595,0.67960855395519,0.5611916054824321
1,0.5661552935075074,0.7096636891365051,0.858646254758538,0.497470622255999,0.652996838092804,0.7347304821014404,0.44247961044311523,0.4030334949493408,0.7038604148269921,0.6089938859953377
0,0.42140791363307706,0.07803722470998764,0.013594930675546861,0.18619741454198038,0.6337668895721436,0.301154226064682,0.3583293557167053,0.39675354957580566,0.32649779633900605,0.2940762134843222
1,0.498758645175088,0.6186418533325195,0.6514301511643166,0.7231292661385277,0.603730320930481,0.7677494883537292,0.6015602946281433,0.5534994006156921,0.6515739943872707,0.6245777579185536
0,0.5550086404696798,0.3727618455886841,0.2929386495876035,0.18125684577385467,0.44374382495880127,0.4917472302913666,0.6111297607421875,0.45242708921432495,0.5107090225940356,0.421257914407306
0,0.3158650126677291,0.18607869744300842,0.09167841433024551,0.09895866631871976,0.1224503368139267,0.004988741595298052,0.19877712428569794,0.07980655878782272,0.29233310217057096,0.14220987058534068
0,0.5348389516292128,0.6266034245491028,0.4218012155271553,0.5501953767354459,0.553016722202301,0.7114197611808777,0.6164752244949341,0.3931506276130676,0.5988771563635977,0.5489425503956331
0,0.538300352756171,0.35817477107048035,0.8889618186641375,0.5271132986185486,0.4977453649044037,0.22803433239459991,0.5091519355773926,0.3361864984035492,0.682329674182982,0.4930491479867226
1,0.500779092275462,0.6279441118240356,0.7200855318466773,0.5338221798554262,0.4638148844242096,0.5314793586730957,0.44485732913017273,0.6654677391052246,0.6638128879298357,0.5618378984105449
1,0.2947011238705549,0.16047139465808868,0.29127681988497967,0.29487744479488637,0.2837027609348297,0.0018046320183202624,0.2850739657878876,0.1313694566488266,0.3618508694555288,0.22378546392079304
0,0.514422008922436,0.6031786203384399,0.6777097955800161,0.6034829154247471,0.6276277899742126,0.5237630009651184,0.5351467132568359,0.41907185316085815,0.6701429995356388,0.5659375496341732
0,0.576447037703277,0.5216439366340637,0.5902474033805103,0.33862957644615577,0.8619619607925415,0.8616560697555542,0.6824828386306763,0.458092600107193,0.6315274914468955,0.6038665359486843
0,0.20856014881583426,0.0478602834045887,0.0026663177356535477,0.060063496309092065,0.012620997615158558,0.0003361450508236885,0.11212974041700363,0.042079031467437744,0.2009465257430767,0.06311323690601123
0,0.20640842649910446,0.15857499837875366,0.002649718476425555,0.0694760139090605,0.15321135520935059,0.0012669541174545884,0.20302224159240723,0.48840904235839844,0.2603428662390903,0.15971215871028105
0,0.4395777504363757,0.4144054353237152,0.13588932733556405,0.42079898018435374,0.28193342685699463,0.0059564621187746525,0.37893378734588623,0.48278334736824036,0.48177263945684473,0.32701927089573946
0,0.4019510097457645,0.33148303627967834,0.041341312741437534,0.39732148867159967,0.5250478386878967,0.3338145613670349,0.3053465783596039,0.23445886373519897,0.36995687648313064,0.32208460273857126
0,0.22311434932863977,0.10708653181791306,0.004989209936830525,0.17643893980844552,0.007587115280330181,0.0003490064409561455,0.12238576263189316,0.054546795785427094,0.22135448666856863,0.09090582730379598
0,0.10388621906879941,0.006271831225603819,0.00013776441594941227,0.019418131913148656,0.03628447279334068,3.799120895564556e-05,0.08984272181987762,0.00024790441966615617,0.16816396407029957,0.032939775304438035
0,0.5145484149940306,0.6377130746841431,0.17076330597881806,0.5462555772173934,0.4206329584121704,0.32951632142066956,0.428235799074173,0.6062090396881104,0.5626446691414124,0.4601886026236672
0,0.5092807433280468,0.23655031621456146,0.026979129870210013,0.23815794399672638,0.7760027647018433,0.6622297167778015,0.6653124094009399,0.7602124810218811,0.42836498263337536,0.47120055132963723
0,0.41148648762893203,0.49824652075767517,0.33042976361477017,0.40025425293905953,0.5007237195968628,0.9492781758308411,0.3575913906097412,0.4661986529827118,0.41441305084210867,0.4785730367487558
0,0.17342517253507095,0.0499211922287941,0.005901099519734324,0.0441414667881847,0.11330638080835342,0.00018303537217434496,0.15154671669006348,0.022323042154312134,0.20246510531622441,0.07197652449276624
1,0.5695369255317718,0.7721889019012451,0.5158544392463205,0.8859416583722396,0.6301857233047485,0.9209927320480347,0.8083342909812927,0.5588797330856323,0.6994896123894193,0.7041187444233143
0,0.32630692167898706,0.10518810898065567,0.006752754198730173,0.1675336054496226,0.24604125320911407,0.08366453647613525,0.3076575696468353,0.2555476725101471,0.2862312664566645,0.18793348810587235
0,0.6277342802721051,0.5390058159828186,0.4878676208047793,0.5720419940217456,0.6457825303077698,0.3629334270954132,0.580936074256897,0.573979377746582,0.6842655637718422,0.5527853780117837
0,0.08454420363851359,0.006033957004547119,0.0011463153773251299,0.00893654083896553,0.014601427130401134,7.70512724557193e-06,0.08821632713079453,2.308471636069953e-08,0.16296438869743374,0.02610690897142425
0,0.13743789837956202,0.06196456402540207,0.0004955145455704017,0.06097971605726674,0.16075412929058075,0.027048226445913315,0.1732885092496872,0.11630551517009735,0.20240220412158025,0.09256910920060658
1,0.24898672429931407,0.4484977126121521,0.7566296952176638,0.36072379013477324,0.3131118714809418,0.4214969873428345,0.14467380940914154,0.20541319251060486,0.45987673430942044,0.3649664567599781
0,0.33302841618953544,0.0663207620382309,0.0068153060989381824,0.05180524674709,0.0745001807808876,0.012703047133982182,0.2819540500640869,0.22890564799308777,0.26568814983452255,0.13323939260793533
0,0.228367385773183,0.21253634989261627,0.0025491573843893335,0.19786771208788154,0.21769385039806366,0.0025640041567385197,0.23377645015716553,0.12753170728683472,0.27470503727394757,0.1569382149324987
0,0.43563785928086907,0.2953236401081085,0.2912676884842437,0.4377617779734764,0.3072686195373535,0.17747868597507477,0.5112042427062988,0.15003536641597748,0.46479310116886113,0.331045999266969
0,0.4769405857491955,0.42569807171821594,0.262579761399366,0.4865784083717607,0.41360118985176086,0.9825147986412048,0.26999589800834656,0.5332244634628296,0.384767573113147,0.46993213076326723
0,0.44073332181885033,0.4624597728252411,0.6383825427441367,0.4739938453675865,0.19470125436782837,0.04754864051938057,0.25542670488357544,0.3438069224357605,0.5793944710339965,0.3681042571010868
0,0.4773172211508907,0.15500807762145996,0.15427849759481277,0.12615005037437632,0.4324422776699066,0.006912766024470329,0.6272889375686646,0.2694118618965149,0.45164549457929587,0.28436031731939926
1,0.41031278422151546,0.15009644627571106,0.06453881262379023,0.2365962117037355,0.5412695407867432,0.016814498230814934,0.4681691527366638,0.3187065124511719,0.39901750255802804,0.2786329195750727
0,0.5358043683917979,0.6640229225158691,0.4171936888727986,0.555797786092927,0.5542323589324951,0.5506297945976257,0.5217284560203552,0.4658108055591583,0.621207907988951,0.5346008162153255
0,0.32832425147113425,0.336997926235199,0.07225252542675384,0.32925967129336564,0.4817531704902649,0.8268957138061523,0.37308457493782043,0.4817972183227539,0.30452085511822136,0.3910693818575336
0,0.23818928612601722,0.1902373880147934,0.025580854602735417,0.208250113945233,0.3741861879825592,0.9314225912094116,0.20955954492092133,0.42114007472991943,0.19686930754895618,0.3074699210505655
0,0.2471870720379171,0.09876703470945358,0.01450574658566756,0.11620440471018889,0.02236216887831688,0.001008211518637836,0.23555539548397064,0.025195179507136345,0.23703885207562547,0.09852892815088073
0,0.4857599127018588,0.4386555850505829,0.1885123077526818,0.3902065471852531,0.45560526847839355,0.5900518894195557,0.592173159122467,0.343390554189682,0.4679277840148596,0.43176960078041576
0,0.7674923038101258,0.7495095133781433,0.75566414779854,0.7878103000934071,0.8248582482337952,0.9020399451255798,0.8239842057228088,0.6148741841316223,0.8043823748341199,0.7765305986371174
0,0.5430211450285914,0.5049552917480469,0.32759165321562556,0.5096175932649104,0.5144949555397034,0.3506571352481842,0.6277663707733154,0.15057960152626038,0.5819863334882012,0.44651559384683537
0,0.3605244500027734,0.22725661098957062,0.010669956094882565,0.1475780000080054,0.2231745719909668,0.0014497758820652962,0.35954535007476807,0.14782477915287018,0.3344363901072917,0.18940783949259293
1,0.5092988522588355,0.26433080434799194,0.238063261328613,0.2912657195039017,0.4854796528816223,0.2446260005235672,0.6437456011772156,0.3859225809574127,0.5013563991357651,0.3832817723144809
1,0.45945480452994564,0.5255842804908752,0.5517752278888816,0.3906898550254338,0.4097304344177246,0.596252977848053,0.4942338168621063,0.4675629138946533,0.5585372874422431,0.48461999500430664
0,0.42263821966858856,0.40382909774780273,0.11787484725840656,0.28477907515188466,0.41730520129203796,0.004729367792606354,0.4287058413028717,0.2948172092437744,0.46901279623308056,0.3039127345382644
0,0.49918892363366657,0.5812397003173828,0.6481916743026004,0.536136973279154,0.6247217655181885,0.19340693950653076,0.2223040759563446,0.3066662549972534,0.6435568624696383,0.46220682418726633
0,0.34965901839036884,0.12077123671770096,0.0056730174271932225,0.09860553367034171,0.17891301214694977,0.22064964473247528,0.34743043780326843,0.2723427712917328,0.2767458681338181,0.19671981846588021
0,0.304411863961517,0.3241928517818451,0.08175352768005138,0.2862907467294964,0.21471382677555084,0.002983340760692954,0.254076212644577,0.09937122464179993,0.34509679572381236,0.20324581347742243
0,0.6788391545986507,0.5865941047668457,0.23199600175422982,0.6526061768729087,0.7412937879562378,0.8562377095222473,0.7243893146514893,0.5402575135231018,0.6179375690860723,0.6207383310187587
0,0.25474769209282816,0.12113412469625473,0.04648085673243615,0.14834614099991136,0.009001914411783218,0.0020908047445118427,0.13310521841049194,0.08661479502916336,0.24038974899122517,0.10414370785654535
1,0.6670911536707953,0.8615511059761047,0.8315971134461544,0.631491693561373,0.9368747472763062,0.8704560995101929,0.7695571184158325,0.793285071849823,0.8175810209578245,0.7922129378360907
0,0.41448056659404636,0.5176267027854919,0.20883861308529628,0.5007603350438835,0.28217199444770813,0.08789944648742676,0.30411583185195923,0.0013818468432873487,0.4697849406027514,0.3012683459425755
0,0.583515294580194,0.6953020691871643,0.7918625536305121,0.6578011069258951,0.6435901522636414,0.8450212478637695,0.7691856026649475,0.5203388929367065,0.7339358128506125,0.685573251541199
0,0.3523684668983049,0.41817545890808105,0.09658022958508465,0.30738252029439045,0.5390576124191284,0.0217119287699461,0.5932345390319824,0.23041152954101562,0.47524181625011,0.32602759720901725
0,0.2143097967028381,0.08072558045387268,0.03992138689020388,0.07347059163018098,0.36798903346061707,0.04014519229531288,0.3224240243434906,0.01708633452653885,0.2563891485893345,0.1460282153870857
1,0.22597208312555087,0.19204510748386383,0.029485165497074025,0.17858357095121744,0.1913164258003235,0.12900114059448242,0.14145153760910034,0.0947374776005745,0.24462729742968187,0.14968256332730911
1,0.34111835826116427,0.18530072271823883,0.32486894030063124,0.262838516889609,0.3559422492980957,0.3170156478881836,0.3676568269729614,0.21865347027778625,0.36772141141668246,0.2957176168257145
0,0.2791273129765954,0.03986773267388344,0.01094770765127728,0.11850805954920166,0.29447412490844727,0.014493230730295181,0.26791808009147644,0.1377606838941574,0.25881056111970335,0.1469875710398472
0,0.31717870914104374,0.326643705368042,0.3483432156594347,0.20355541011606176,0.1838413029909134,0.004737376235425472,0.21980738639831543,0.09613900631666183,0.3983966082692857,0.22066709761688683
1,0.7833110071440061,0.8353198766708374,0.7832579966391567,0.8391226073180295,0.8220310211181641,0.9317769408226013,0.8742460012435913,0.8188828229904175,0.8363178438113792,0.8333057636027184
1,0.48700244223920647,0.2658202350139618,0.09923119349834965,0.18770793631510663,0.38469815254211426,0.0019917672034353018,0.5920957922935486,0.016351720318198204,0.45019841925168735,0.2616454885714852
1,0.19539495584281358,0.14131087064743042,0.16505858227136372,0.21099764350461098,0.18811260163784027,0.06080083176493645,0.13503101468086243,0.1587035208940506,0.26298670378581207,0.15956833297464584
0,0.25766193482352767,0.05001500993967056,0.013360417961007667,0.12333869027688683,0.07265572249889374,0.022114984691143036,0.2264479398727417,0.11176294088363647,0.23411768408037573,0.11152181574300203
0,0.24982869961530305,0.0903240442276001,0.041287229577585204,0.06281281536834785,0.04928020015358925,0.0011222113389521837,0.3341026306152344,0.12678974866867065,0.25660972494987644,0.12128179312484323
0,0.11974003201430411,0.015949128195643425,0.0009731391009848949,0.011662772585136837,0.01757008396089077,0.00315484288148582,0.13293461501598358,0.0179945956915617,0.1759202517758798,0.040773703188608526
0,0.32329590974870726,0.29245734214782715,0.14043572249941272,0.13341296152930682,0.3461705446243286,0.1318107545375824,0.5650423765182495,0.207122340798378,0.3930900555308233,0.2689876464236791
0,0.636669436747148,0.8057655692100525,0.8468269293651899,0.7593036973361733,0.6775499582290649,0.9398269653320312,0.7200539112091064,0.5922951102256775,0.7734047967931132,0.7449103347787445
0,0.5827839131346285,0.7749355435371399,0.5444234655159911,0.8343346705477994,0.7429297566413879,0.9471124410629272,0.7162005305290222,0.7090922594070435,0.7078478844427147,0.7262301048921699
0,0.435377782189049,0.34390759468078613,0.17902428997403225,0.16830614066513633,0.4163222312927246,0.16033488512039185,0.3598334491252899,0.2897528111934662,0.4307108731617305,0.2971957918216644
0,0.3591801788865863,0.5591201186180115,0.6715359100907929,0.4580058423069266,0.48285111784935,0.7210714221000671,0.627744734287262,0.3541916310787201,0.5682572546725749,0.5252190939770733
1,0.3130700717737858,0.1578167825937271,0.054393019631092054,0.111963691918361,0.2720867395401001,0.2472214698791504,0.4618631899356842,0.267940491437912,0.3034528610224123,0.2326617035394289
0,0.25909586421527575,0.29053565859794617,0.00259745172504789,0.07016523546593095,0.33112379908561707,0.03705862537026405,0.1828637570142746,0.49520182609558105,0.3104951589096234,0.20918713042540452
1,0.531007871707207,0.7225848436355591,0.8929465426382615,0.7500849567640989,0.7535253167152405,0.8013227581977844,0.44390425086021423,0.5522439479827881,0.7232724627525626,0.6808310492949277
0,0.351793992690673,0.13901954889297485,0.10037436680206778,0.2596751774589472,0.43587812781333923,0.12483885884284973,0.5442411303520203,0.05168687552213669,0.35833460025677966,0.25325110925062855
0,0.14767960253732204,0.04335010424256325,0.00584117709629764,0.0618448149998748,0.017917772755026817,0.001511370181106031,0.09694773703813553,0.030368750914931297,0.1857963995353733,0.05249253838848589
0,0.3440685873352771,0.32184454798698425,0.226672227008541,0.3776620885259425,0.5101417899131775,0.9354082942008972,0.3636167347431183,0.5113234519958496,0.3295952851389095,0.43467764604049736
0,0.3385466588579342,0.07653988152742386,0.037978814340516955,0.07779973795066893,0.24581946432590485,0.3117786645889282,0.22102078795433044,0.3484136760234833,0.25168893735574294,0.2019906249767855
0,0.32793039985384836,0.19971531629562378,0.034227830646183725,0.2844826314458766,0.10546337813138962,0.02218726836144924,0.25022390484809875,0.1426425725221634,0.3032323779115615,0.17600967944831392
0,0.35272639790909255,0.44087904691696167,0.06967976667664448,0.23664779497273897,0.30070436000823975,0.0072404309175908566,0.18880079686641693,0.0008776120957918465,0.375229626378724,0.20937027863743626
0,0.24819957093920908,0.21765124797821045,0.047559754268338965,0.24761210393319102,0.06376945972442627,0.011190354824066162,0.1368948370218277,0.0778937041759491,0.26582420483872793,0.1369060421070098
1,0.5459805184868924,0.7222008109092712,0.6749862260219814,0.7063528597633145,0.5780898332595825,0.74399334192276,0.8092844486236572,0.49234387278556824,0.7199384436656305,0.6583405892958649
1,0.9088429657990693,0.9518697261810303,0.9894212644920057,0.9190541449602911,0.9843403100967407,0.990394651889801,0.9411723613739014,0.9820680022239685,0.9055056463916822,0.9568663202411847
0,0.17770559098647237,0.04837574437260628,0.0014387406450323686,0.02577809314002413,0.07320403307676315,0.0004870347329415381,0.12943284213542938,0.0013824451016262174,0.19630451787520656,0.05925752641133683
0,0.6803981602173833,0.8418914675712585,0.9351203438012917,0.7972344756575894,0.8552063703536987,0.7592881321907043,0.819623589515686,0.6667726635932922,0.8428181277383949,0.7961735622109978
1,0.53018838404851,0.6900736093521118,0.7991972968102743,0.5704468330714668,0.7664818167686462,0.6572611331939697,0.788184404373169,0.3940529227256775,0.7427025724211116,0.6503485815368839
0,0.1982411459148923,0.07831565290689468,0.01154550372454488,0.06560297785917356,0.06883357465267181,0.04016709700226784,0.10816112160682678,0.06464880704879761,0.2054293572010716,0.0810702399327882
0,0.22494268511639312,0.20907780528068542,0.04362713456126404,0.0819757482055239,0.39063021540641785,0.3498520255088806,0.1332532912492752,0.25873926281929016,0.2409883233023491,0.20695531333537776
0,0.2107350713100549,0.11677464097738266,0.03677238516840355,0.057851656313281284,0.023718897253274918,0.0038188688922673464,0.21181534230709076,0.0653119906783104,0.2316236366523396,0.09347702609061732
0,0.42480063498201126,0.4474627673625946,0.3376830461372946,0.3172571479013281,0.36839228868484497,0.4083869755268097,0.20869804918766022,0.42528000473976135,0.44530732534783973,0.36750191696034257
1,0.8375794371402654,0.8748462200164795,0.942653950155451,0.8817092447749985,0.8531334400177002,0.7950448393821716,0.8294064998626709,0.9568734169006348,0.882525703988945,0.8724538031074252
0,0.32036464341657656,0.29264676570892334,0.34107943118148976,0.19537402073750992,0.48872506618499756,0.01170496828854084,0.48098069429397583,0.37640076875686646,0.4720311553858397,0.3174366561219498
0,0.1750549648255013,0.051696427166461945,0.023431733522147856,0.06850653840465278,0.2586649954319,0.06538433581590652,0.1679794043302536,0.26333269476890564,0.22087035715912337,0.13287746207314807
1,0.7507752832497648,0.6594972610473633,0.637026664399672,0.7233275767701225,0.7207936644554138,0.9079095125198364,0.8431624174118042,0.7849523425102234,0.7638322474369387,0.7478680969185112
0,0.284202030580049,0.4405832290649414,0.10159487645951737,0.41162349042551954,0.10493180900812149,0.06137441471219063,0.2695045471191406,0.450850248336792,0.38413248837588,0.270688317971222
1,0.42227776534731276,0.4794520437717438,0.4799460945625043,0.2812910278577753,0.19136592745780945,0.4181797504425049,0.2591356337070465,0.21633371710777283,0.46345028265223714,0.3459713199364039
0,0.5058706710971852,0.49839648604393005,0.23613876050943242,0.3249732577788408,0.48368293046951294,0.6834004521369934,0.4176042973995209,0.5728747844696045,0.47336713163674937,0.45895000299342326
0,0.31218092538961545,0.11487794667482376,0.007148021014305073,0.09347296128839257,0.16505247354507446,0.044043540954589844,0.23241287469863892,0.0005274944705888629,0.2579077480388128,0.12459442193466029
0,0.26774987666999644,0.3415263295173645,0.13991679628295806,0.15219711336920752,0.28665822744369507,0.7882318496704102,0.21244749426841736,0.8475235104560852,0.28061610700885,0.36353280686153316
0,0.26468018387377346,0.21239641308784485,0.01781206910598779,0.09003983337607888,0.017215140163898468,0.007783363573253155,0.2371320277452469,0.29262083768844604,0.27586107597446824,0.14472349953695118
1,0.49652474867967655,0.7690050601959229,0.633315505079677,0.45085439749970246,0.7086228728294373,0.9932308197021484,0.6055878400802612,0.6919499635696411,0.6540238634488124,0.6597349500384773
0,0.14970152863668307,0.01949143037199974,0.005171400975499101,0.021494101068309374,0.043099015951156616,0.0001263246376765892,0.11568515002727509,0.0005228255176916718,0.1829552401780978,0.04588935328716457
0,0.531048862360888,0.33448001742362976,0.37428999544272146,0.5619162364811604,0.4780455231666565,0.06536724418401718,0.6683529615402222,0.10851804167032242,0.5904637747278586,0.40022211579376005
0,0.36486603082717717,0.2647087275981903,0.5592992331223654,0.20733475909829005,0.28272727131843567,0.1625455617904663,0.4123631417751312,0.48930102586746216,0.489123860592479,0.3443650545856712
0,0.35408781306784726,0.2499418407678604,0.30937006678669726,0.18706224584969533,0.3517218232154846,0.5276955962181091,0.22876788675785065,0.6448509693145752,0.3539894362887714,0.34849568164676115
0,0.24786342392920868,0.053995467722415924,0.012056634589634803,0.0722589159426895,0.21764275431632996,0.002046365523710847,0.24925875663757324,0.07822366803884506,0.242770037334358,0.11865966515750151
1,0.5084128013587903,0.608335018157959,0.8088947764082997,0.553268160876546,0.4380267262458801,0.07984063774347305,0.4658900797367096,0.3711031377315521,0.7247418273286415,0.49210600607556626
1,0.28041017681587516,0.39057108759880066,0.09971958640760263,0.21095959236242381,0.39964768290519714,0.023327097296714783,0.47576236724853516,0.0004392858245410025,0.3935847117107319,0.24200448354532378
0,0.26749563029084716,0.2520512342453003,0.09928007599291135,0.24295218896030157,0.32418158650398254,0.12294959276914597,0.2909431755542755,0.2942783236503601,0.3264128489266229,0.23828139127352196
0,0.5994067068425314,0.5431044101715088,0.40357247128863266,0.6369662196452028,0.6158578395843506,0.1164192408323288,0.5007678866386414,0.8856684565544128,0.697558833962186,0.5441730676391349
0,0.29441162440916413,0.5738744735717773,0.3309939353078069,0.2713904519256833,0.8068475127220154,0.9516212344169617,0.2868184447288513,0.3307989239692688,0.3947049186383895,0.4701779364457211
1,0.5479816760096246,0.688916802406311,0.15663093566958777,0.30280449769995726,0.8360708951950073,0.5116653442382812,0.6146395802497864,0.6334806680679321,0.6092920032498178,0.5343263715437103
0,0.4328359625539951,0.23690186440944672,0.11029317547044297,0.2820505174994664,0.473553329706192,0.08781638741493225,0.3439553380012512,0.5144137144088745,0.41892720747012,0.31212074636620013
0,0.4927364771361685,0.27400514483451843,0.22671996792504276,0.48574245059429577,0.636759340763092,0.02132490649819374,0.6616310477256775,0.35853245854377747,0.5559031543928209,0.4010576033221839
1,0.5044284950383365,0.46555331349372864,0.26438275490517116,0.27714908743893624,0.48895546793937683,0.3640291094779968,0.3064126968383789,0.4043799936771393,0.48890829296235416,0.38576388343619233
0,0.10995245253047978,0.019497180357575417,0.00029110988171248607,0.01047242058826005,0.02489728108048439,0.004388539120554924,0.09677758067846298,0.01732419617474079,0.171323100287598,0.03626595505409471
0,0.40306096377713446,0.40661218762397766,0.4593931661856175,0.3794876184046309,0.3393354117870331,0.018274245783686638,0.32425469160079956,0.2765003740787506,0.5262624190707208,0.33523603620216974
0,0.47078605047036703,0.5156998038291931,0.6992143409153815,0.6470890250496957,0.6222354769706726,0.6595953106880188,0.5019074082374573,0.5911714434623718,0.627902152580687,0.5861603511716852
0,0.5354685499591793,0.518916130065918,0.05988683605601054,0.5253007409161399,0.46441882848739624,0.2927374541759491,0.5192413926124573,0.3871353268623352,0.5202164895377616,0.4168724690215862
0,0.4998798400184131,0.6107056736946106,0.6485196742273471,0.5112115852160611,0.4669712483882904,0.8560417294502258,0.4695062041282654,0.8544881939888,0.610807320879206,0.6064420285272711
0,0.6093272867416505,0.5202858448028564,0.40499746138635045,0.42871329751237697,0.536486029624939,0.3652718961238861,0.7595191597938538,0.31565067172050476,0.650129330866592,0.49634724634626926
0,0.4341791245918203,0.27385708689689636,0.06842336300492102,0.33141480895811753,0.4518243074417114,0.6612629294395447,0.46203938126564026,0.39794450998306274,0.3488367145408463,0.37653603081646453
0,0.1976075982073001,0.026570960879325867,0.003562373213023089,0.10441453362206465,0.1662663221359253,0.0007453204598277807,0.182610422372818,0.08419356495141983,0.21483933462047425,0.09734022582093155
0,0.48791217425775474,0.5732373595237732,0.8613062725307287,0.4706293763785609,0.608917772769928,0.2324250340461731,0.5906459093093872,0.8856493234634399,0.7518915216896385,0.5926329624535223
0,0.4563585103850932,0.46546807885169983,0.20014712374729673,0.4665564661169444,0.4886707365512848,0.017236201092600822,0.3927152454853058,0.5759665966033936,0.5447920212945366,0.39006306955837855
0,0.4076206397974593,0.24181045591831207,0.16578143958849847,0.3171769323790726,0.03096543252468109,0.00504089193418622,0.4638843536376953,0.22303184866905212,0.4016219249740058,0.23806137071191802
0,0.61203204580459,0.30904293060302734,0.2154070869487358,0.22984692900736728,0.5399184823036194,0.5033716559410095,0.7092992067337036,0.392368882894516,0.5161292849581622,0.43479083309212607
0,0.5181346390887926,0.3627091646194458,0.2094135461537518,0.4492716733593993,0.8003194332122803,0.7749974727630615,0.4522606432437897,0.35016244649887085,0.44901478525691524,0.48240728579021797
1,0.6479194575695008,0.7066541910171509,0.7607141214187413,0.7291686461439977,0.6931655406951904,0.595542311668396,0.7108812928199768,0.48760560154914856,0.7733486303719442,0.6704189912443383
1,0.5782675756016901,0.7831533551216125,0.7627555988234092,0.710763300214049,0.7270881533622742,0.9997941851615906,0.6377571225166321,0.9689976572990417,0.7405949452639812,0.7629000248945259
1,0.5892026633579457,0.5566652417182922,0.5304363878942375,0.44373533344643556,0.8771035671234131,0.8228731155395508,0.7139434218406677,0.29192379117012024,0.6385493944033388,0.5988439752077009
0,0.43106854774337455,0.21910056471824646,0.04203375521461879,0.22452989201418894,0.1644691377878189,0.26746758818626404,0.402424156665802,0.3002002239227295,0.33921882198860737,0.25549504002211465
0,0.14366536811911032,0.020260293036699295,0.00845488623728011,0.0359718368769621,0.125405415892601,0.00060083664720878,0.07618904113769531,0.0014247049111872911,0.1835284548188001,0.05313393521176062
0,0.16010702464192808,0.0162520632147789,0.0029253454785602407,0.015489193484874653,0.1288200467824936,9.871706424746662e-05,0.2078702747821808,0.018441826105117798,0.1986057678285212,0.06971889462521175
0,0.26709924776144506,0.16116608679294586,0.0017604594276636161,0.08981224310036379,0.252463698387146,0.0018418834079056978,0.47702690958976746,0.01065342128276825,0.2972233284275254,0.16097283919327554
0,0.2705666237386197,0.3563864231109619,0.35099520035936355,0.18733773773480172,0.2803758382797241,0.45403119921684265,0.1700904816389084,0.4028307795524597,0.34519788164396964,0.3052942159196149
0,0.45705196912784496,0.18809355795383453,0.106734428865787,0.21927177612029594,0.5151604413986206,0.8113222718238831,0.4247688949108124,0.434974730014801,0.31929249853314684,0.3814433995579862
0,0.3181506397562917,0.08315454423427582,0.01817120053605817,0.14241911822678388,0.13292504847049713,0.06584881991147995,0.2266303449869156,0.263383150100708,0.26435796301984604,0.15710201521715722
0,0.6547272467027047,0.6730098724365234,0.5602149126280126,0.5847795625380147,0.6267151236534119,0.37297797203063965,0.3387240171432495,0.6274996995925903,0.7058497533556158,0.561270500829367
0,0.4242909655345645,0.16993510723114014,0.17567408922672298,0.29690253413405016,0.21598592400550842,0.30475538969039917,0.5106371641159058,0.39379367232322693,0.37965421593765786,0.3090532527262917
0,0.34850969849138835,0.11229970306158066,0.07359772459766646,0.09361973827836792,0.24404682219028473,0.08164791762828827,0.40909239649772644,0.26778578758239746,0.3187776854100586,0.20406086655484082
0,0.22797703096125665,0.22787167131900787,0.00407763625865964,0.18263009805360425,0.014420399442315102,0.0002009781019296497,0.09840179979801178,0.06047198548913002,0.2437812276782289,0.10736124866605942
0,0.35686051189894824,0.1950097680091858,0.11744856281068303,0.11451747598394375,0.39908459782600403,0.0071501778438687325,0.381622314453125,0.3646070063114166,0.37686019279694505,0.24435879355223408
0,0.7425965016358385,0.9456758499145508,0.9553321246763404,0.9416274411104015,0.9747179746627808,0.9976344108581543,0.7456880211830139,0.9322851896286011,0.8640889195514421,0.9021673219220967
0,0.41061024869560275,0.4396291971206665,0.8283677646432959,0.3620661099414939,0.25249746441841125,0.2874399423599243,0.271423876285553,0.3344388008117676,0.5737722237464018,0.4038648006704978
0,0.42568615782336267,0.058014314621686935,0.12718171520049507,0.038123372652603675,0.3158559203147888,0.08802972733974457,0.44288286566734314,0.26507461071014404,0.3479073438530381,0.22008815899322468
0,0.5343083197796049,0.6561638116836548,0.33683327139587405,0.4310345088433694,0.5869629383087158,0.5760899186134338,0.7168307900428772,0.6190031170845032,0.6300108445095929,0.5546768072466132
1,0.5703639454513986,0.5703264474868774,0.6977546365061272,0.7026858898942817,0.798459529876709,0.9997851252555847,0.6575735807418823,0.8648065328598022,0.6805475417897169,0.7224946109656165
0,0.4059133627193154,0.2851368188858032,0.03284373048922377,0.23365166961090694,0.40768685936927795,0.9335498213768005,0.265859991312027,0.3055483102798462,0.26124370161296623,0.345180450413059
0,0.5052986259103845,0.6422315835952759,0.5197727932939235,0.6211426751720438,0.5999366641044617,0.7289984226226807,0.5714333057403564,0.8535411953926086,0.6414992823189274,0.6248771814198242
0,0.3292977770818139,0.41848108172416687,0.09992566662169383,0.4177724225337509,0.43176594376564026,0.1458207666873932,0.31139981746673584,0.07576572149991989,0.3936691525722262,0.2854036202339961
1,0.38296921387239524,0.07182029634714127,0.05872058079463181,0.09342531335601427,0.12027930468320847,0.21603834629058838,0.41739949584007263,0.2919729948043823,0.29218351034765794,0.20370477093760583
1,0.6146615549998613,0.6620233654975891,0.6324266158646384,0.6269443763162021,0.5899350643157959,0.4724084436893463,0.6446965932846069,0.2449944168329239,0.7143626964966985,0.567743934338522
0,0.3174223276496897,0.3071400225162506,0.2441311174673489,0.3110556851466117,0.41973134875297546,0.08058661967515945,0.4154631495475769,0.3036627173423767,0.42699220764559115,0.3039598581765084
0,0.187649778074446,0.13420332968235016,0.018001190171057484,0.10865861437687609,0.07348240166902542,0.000201177695998922,0.1393638402223587,0.0006309090531431139,0.22090813668843468,0.08652879416788169
0,0.300405072951752,0.21874435245990753,0.04621445926236029,0.1461590740443112,0.331096887588501,0.004383878782391548,0.27970802783966064,0.26207128167152405,0.32486862107342157,0.20188019823866188
0,0.48917980599586763,0.6112015247344971,0.19798693495506042,0.47692719237242454,0.5370268225669861,0.6100082397460938,0.4999651312828064,0.40947994589805603,0.516776304941781,0.47719055291739854
0,0.4186119323238444,0.3911712169647217,0.20116651991867449,0.24537311335999476,0.32578790187835693,0.4386488199234009,0.4380943179130554,0.30281493067741394,0.41115707064277063,0.3432811962149295
1,0.7316632666900797,0.8667725920677185,0.9632198843091214,0.8690218355248395,0.9184072613716125,0.9892235994338989,0.9382748603820801,0.7591912746429443,0.8586858691193165,0.8766976181166302
0,0.19083611001711864,0.07227186858654022,0.0013179473297155358,0.10286686617080218,0.17816998064517975,0.9037099480628967,0.19938908517360687,0.18237173557281494,0.14582483655182968,0.21158804022144695
0,0.556357126692512,0.7372236251831055,0.4895617746101919,0.6475688324687482,0.6862801313400269,0.8570371866226196,0.822074294090271,0.5013285279273987,0.6808802759858635,0.6579474121484563
0,0.37216104570721514,0.031438399106264114,0.006083909087728101,0.045150192974862835,0.04163285344839096,0.002383018145337701,0.503998875617981,0.3248441219329834,0.30097383325181126,0.1657185194182132
0,0.29246947041713056,0.11186039447784424,0.03844181197557571,0.11276527936749692,0.40553024411201477,0.18484394252300262,0.3318594992160797,0.10890418291091919,0.2768369409823974,0.1974830749637661
0,0.31829966789190295,0.436770498752594,0.28731881972814033,0.3118159063790129,0.2593066394329071,0.5534688234329224,0.34884554147720337,0.3068373501300812,0.37810608938015267,0.3492337705809613
0,0.41273914168373493,0.6700894236564636,0.18370761947579262,0.5240409313127198,0.6312816143035889,0.9941388368606567,0.5140748023986816,0.9451833367347717,0.4908962885489195,0.5952070861251356
1,0.7235947908360412,0.7574971914291382,0.5049265649845157,0.8260401156838969,0.9224010109901428,0.9697350859642029,0.8960381746292114,0.763113796710968,0.7684844978112017,0.7895164039328118
0,0.544189795543129,0.6404296159744263,0.7531491255004374,0.7039810692866678,0.46006888151168823,0.6512702107429504,0.4971553683280945,0.3333889842033386,0.6695722147100491,0.5759715493362473
1,0.3307509046080304,0.0704529881477356,0.005269121261236612,0.07534925558497134,0.35057851672172546,0.003543720580637455,0.43886882066726685,0.5027292966842651,0.3233871697419981,0.22072764858979718
0,0.6034801393463309,0.6582858562469482,0.7909580159630876,0.6459161015882021,0.6920443177223206,0.8439105749130249,0.518485426902771,0.5478269457817078,0.7035371347292529,0.6602300717813785
0,0.48470596098552454,0.47394198179244995,0.1564208656722351,0.348341875144731,0.424749493598938,0.188383087515831,0.5610248446464539,0.46089693903923035,0.5268591786838764,0.3907667257461671
0,0.5852933174510465,0.6054357290267944,0.19243929147708963,0.6365272630020364,0.5649917125701904,0.4611469507217407,0.608788251876831,0.6191597580909729,0.6105892417682228,0.5352552740084373
0,0.45367071539150267,0.5126492381095886,0.2372726161254914,0.5037299892023044,0.8505198955535889,0.9619684219360352,0.5339082479476929,0.5339403748512268,0.47742463831679355,0.5620481043771786
0,0.2849097918103596,0.10262668132781982,0.026652991229960784,0.13832168151421848,0.10560442507266998,0.006472461856901646,0.12403956055641174,4.999608427169733e-05,0.24133523473812063,0.10313811411334704
0,0.4287002298409729,0.2922270894050598,0.032660865240528,0.3315172094296445,0.5676418542861938,0.5550157427787781,0.6275724768638611,0.40234053134918213,0.39305168527683826,0.39760168699376625
0,0.5334058161270728,0.6159438490867615,0.11398376514858562,0.602680869490073,0.5801259875297546,0.6124890446662903,0.46755123138427734,0.459983766078949,0.5218867555819934,0.4971309124339475
0,0.53502680562551,0.4756357967853546,0.15732543730292167,0.440167832155593,0.5061957240104675,0.4169328510761261,0.6139105558395386,0.5671891570091248,0.538294498990806,0.4628890763903763
0,0.4220699718591358,0.3924151360988617,0.02704019934664973,0.14836139067356743,0.4603250324726105,0.33178117871284485,0.381809800863266,0.28327620029449463,0.38314275792382285,0.30505710653911067
0,0.4049381091949071,0.18832579255104065,0.4974269687877391,0.25039649762884164,0.43291428685188293,0.01260108221322298,0.3760029673576355,0.014241351746022701,0.47125488891974254,0.2804223116332829
0,0.5059225392416904,0.40261903405189514,0.24230890474908034,0.1677881128405232,0.454468309879303,0.9427614212036133,0.5856114625930786,0.49095427989959717,0.41988956092172663,0.46028120301338876
1,0.5990288963592661,0.7809279561042786,0.6306925421241276,0.7671833439835088,0.6959676742553711,0.8993470072746277,0.7855319976806641,0.44741711020469666,0.725977784347454,0.6986723220083132
0,0.46649118122042793,0.3345335125923157,0.06515901842815866,0.24594407563056073,0.5502122640609741,0.4148055613040924,0.5195199847221375,0.3739438056945801,0.420022580151975,0.36812688756289513
1,0.3661954849961336,0.11914656311273575,0.09231623255322391,0.16000822710550078,0.3926987051963806,0.08752229064702988,0.3622247576713562,0.1709415465593338,0.3326905168898238,0.22076989185842086
1,0.49661805743079435,0.3438836336135864,0.3575170709860915,0.5793218426134673,0.843368411064148,0.15623003244400024,0.2907741665840149,0.40431106090545654,0.5560944421134445,0.4405855706581143
1,0.5127457463244649,0.5909339189529419,0.8842609966652059,0.35574277481769334,0.5285902619361877,0.44581958651542664,0.5676969289779663,0.6868322491645813,0.7179603329599369,0.5726172997427654
1,0.7142417395415346,0.8334155678749084,0.9553548137894479,0.7442833516472209,0.7663971781730652,0.5457231998443604,0.6675344705581665,0.9311027526855469,0.8569108406603679,0.7740776571510009
1,0.544585962463613,0.7040614485740662,0.9094778087953169,0.7089792258426193,0.4782017767429352,0.9403917193412781,0.47022220492362976,0.4391932189464569,0.683698987859712,0.6471400254951459
1,0.6986507664463002,0.8507072329521179,0.8872988907426674,0.668315585432122,0.88163822889328,0.9529693722724915,0.7724036574363708,0.6011331677436829,0.8146987188296307,0.7868260266038223
0,0.5203033964037158,0.5902277827262878,0.2347513411874439,0.5469707492150545,0.4248204827308655,0.4162871837615967,0.5167388319969177,0.32042795419692993,0.5516174161970014,0.44997323211644535
0,0.18618110908305,0.16368578374385834,0.01681576091864142,0.11509736396552263,0.11808016896247864,0.016642652451992035,0.19136066734790802,0.053769707679748535,0.23540975384571114,0.11081669519474881
0,0.11327974733999144,0.009166967123746872,0.00015162786981167488,0.01190290306684051,0.004598017316311598,0.0007273572264239192,0.07642383873462677,0.013958505354821682,0.16778060988641758,0.029703120775170552
0,0.29988363084140696,0.3630158007144928,0.13364792367991626,0.37289054078337025,0.2842662036418915,0.06713155657052994,0.3303492069244385,0.08051955699920654,0.3769683504271555,0.24852881305629856
0,0.3134359220535954,0.2330535501241684,0.04761744398103454,0.207267515349485,0.26685768365859985,0.25128117203712463,0.5388298034667969,0.18625003099441528,0.32998110742302283,0.25430714574316804
0,0.2971023011637859,0.1706658899784088,0.2263632779476391,0.15564827235640488,0.478426456451416,0.12862810492515564,0.10941094160079956,0.11504101008176804,0.3156114985695988,0.21303249937113763
0,0.1141392030263453,0.030293410643935204,0.0004999009385868623,0.03015421545118811,0.20875762403011322,0.01956396922469139,0.17596039175987244,0.13025175034999847,0.19493448451221887,0.08816998461146935
0,0.6227426667187742,0.7821062207221985,0.9558692601242407,0.7665783900968783,0.7018395066261292,0.7691025137901306,0.673395574092865,0.5930938720703125,0.7982412318444653,0.7344595824487945
0,0.2418898282457047,0.22482086718082428,0.006038025277850994,0.1384926299988071,0.062381234019994736,0.005886794533580542,0.14597809314727783,0.30476683378219604,0.26490496676385944,0.14399656507307212
0,0.12397460044332158,0.02594715543091297,0.0031602692288005677,0.04342670373675559,0.09807327389717102,0.0004236983077134937,0.21345634758472443,2.352366976765552e-07,0.19154793064018824,0.06461452817638437
0,0.3068054239386324,0.04797225818037987,0.10273051543562574,0.21393458948580507,0.3231621980667114,0.003770294599235058,0.2873374819755554,0.11335015296936035,0.29577802515264023,0.17828673634720474
0,0.7150150745339695,0.9177774786949158,0.9716832313057011,0.8922596356222868,0.8460942506790161,0.9825835824012756,0.9581680297851562,0.893020749092102,0.8668758601198209,0.8938400494131309
0,0.1372114126326093,0.029807720333337784,0.001577183515181728,0.02950151637668972,0.11572406440973282,0.004001003690063953,0.11465751379728317,0.17501944303512573,0.19184531019979545,0.0758203709895432
1,0.5531540020536687,0.6966504454612732,0.3208279572051978,0.6637464448336304,0.6549761295318604,0.2617674469947815,0.5132603049278259,0.7676789164543152,0.682636070525344,0.5595894919434748
1,0.643383730072319,0.7714679837226868,0.6583183846301345,0.7089359648128379,0.6332402229309082,0.7882380485534668,0.7915953397750854,0.7758925557136536,0.7628081598887426,0.7187399493497857
0,0.19561511805701834,0.11273369193077087,0.005338989697097256,0.13005448098578246,0.22697442770004272,0.0033784566912800074,0.11533340066671371,0.01784512773156166,0.2249531884918953,0.10440919593780379
0,0.4590132295351653,0.2588444948196411,0.196330647703808,0.08796161881934829,0.011303224600851536,0.014207592234015465,0.2006274163722992,0.282868891954422,0.3772809113711521,0.1945265080985801
0,0.35053696015277697,0.3764829635620117,0.29653311165128354,0.173231469303468,0.273248553276062,0.287716805934906,0.49792274832725525,0.2772007882595062,0.4283174596902258,0.31682183185842305
0,0.3395786578189107,0.14740526676177979,0.061635139932329795,0.1108843771435083,0.4110834002494812,0.2936878502368927,0.37632477283477783,0.6065732836723328,0.321397001419015,0.28679388173918746
0,0.8151391258815799,0.8700760006904602,0.9767804698560388,0.8570567220411114,0.9274766445159912,0.9569278955459595,0.8239935040473938,0.9796930551528931,0.8742150088701052,0.8981273586326677
0,0.3066986723122526,0.2242857664823532,0.024179375098269607,0.23845120296080344,0.1952475756406784,0.14990660548210144,0.14677682518959045,0.563755452632904,0.2965911621049723,0.23007288835872194
1,0.4821437849974986,0.2870318591594696,0.6004934682702422,0.4341961507956914,0.5737543702125549,0.2882058918476105,0.6349136233329773,0.7433464527130127,0.6161998924147343,0.5045225981369356
0,0.3688013167229446,0.06581559777259827,0.12691002887144628,0.15161541757442432,0.3242492079734802,0.9457679390907288,0.35871371626853943,0.36551913619041443,0.22839152523139242,0.32068542822284113
0,0.1535361449034715,0.03717826306819916,0.013681343390333769,0.07285056908834484,0.02195124328136444,0.0168527252972126,0.09091520309448242,0.026327800005674362,0.185689728790908,0.05581631837137893
0,0.2544002960312087,0.025360330939292908,0.04361463186413216,0.054911730850998625,0.18124021589756012,0.00043614974129013717,0.2827267646789551,0.12286078184843063,0.24746275282258257,0.12197276756913795
0,0.24176302067904407,0.3844132721424103,0.05130302809389817,0.2233465663020678,0.3719177544116974,0.028790738433599472,0.22137397527694702,0.13886259496212006,0.33657488050182305,0.21365344613858622
0,0.6482866217948714,0.5646857619285583,0.7811164785556518,0.443646260312936,0.7560019493103027,0.9072074294090271,0.6979184746742249,0.39554810523986816,0.6958837863790596,0.6441818861355577
0,0.30651602275364753,0.21918459236621857,0.13688388582681563,0.16085247308268835,0.4031810462474823,0.04644925147294998,0.34024035930633545,0.009109189733862877,0.3424318816207089,0.20775608826852776
0,0.3287847688862177,0.18269576132297516,0.14314403699018932,0.15000107567401796,0.4366799592971802,0.010846288874745369,0.35636836290359497,0.5412861704826355,0.3817430139516703,0.26944347517194606
0,0.2806546352009264,0.03788981959223747,0.010888861601238023,0.06661578375326788,0.002033708617091179,3.100226604146883e-05,0.11736824363470078,0.0843658447265625,0.21906862804357308,0.07762936024756266
0,0.5206054273589934,0.47579583525657654,0.2479465838224227,0.48277680863100564,0.45586490631103516,0.45949363708496094,0.5619476437568665,0.3548308312892914,0.5260491819675877,0.4454998094445558
0,0.07837246367515442,0.009251306764781475,2.9162143231501288e-05,0.015057469252489597,0.17091244459152222,0.004401606973260641,0.0926056057214737,0.06485743820667267,0.1724463297681152,0.054387292394586936
0,0.33308889509698575,0.30788618326187134,0.23914826522078608,0.17675834134860857,0.4969444274902344,0.24928995966911316,0.4551447033882141,0.0627271831035614,0.39695090870555055,0.2918713301191782
0,0.5192421472602882,0.5345662832260132,0.7827336447808833,0.48034714376977145,0.5285652875900269,0.5804709196090698,0.41735389828681946,0.4081392288208008,0.6381402929194601,0.5325703875821544
0,0.46273109006238966,0.3648124635219574,0.3885009836427191,0.4240598662580748,0.43536990880966187,0.5578294992446899,0.41987934708595276,0.3998551070690155,0.47071947378266477,0.42868788272265346
1,0.46860196031961915,0.3780117332935333,0.050208404738678485,0.4439162730372425,0.4962940514087677,0.045330826193094254,0.5118070840835571,0.4280339181423187,0.49354162671942303,0.35853640696534705
1,0.538836618242181,0.5345351696014404,0.09272747202348852,0.45514013910485773,0.38856181502342224,0.04241558536887169,0.6582025289535522,0.7153111696243286,0.6013765011543133,0.4338106303054651
1,0.5925482743373629,0.658406674861908,0.07648180046760747,0.6713230479737772,0.6924039125442505,0.7351297736167908,0.8172020316123962,0.816866397857666,0.6158461037972675,0.6258842081591947
0,0.2573843458483053,0.0958256945014,0.022079574696350208,0.09162236601498173,0.09619704633951187,0.010191593319177628,0.20416390895843506,0.12011386454105377,0.2437846437034911,0.11462691687556606
0,0.5611395514904634,0.6966674327850342,0.4747544936696842,0.7015565767498466,0.6715315580368042,0.8512970805168152,0.5599988698959351,0.6585654020309448,0.6432821960370746,0.6423168483860868
1,0.6885623161579453,0.7872738838195801,0.8369366971047658,0.728941183767707,0.8748308420181274,0.9423700571060181,0.834518313407898,0.8598912358283997,0.8132420022224991,0.8139638039683853
1,0.6280133223966473,0.48570460081100464,0.06456446820463696,0.6031804158807628,0.5983158349990845,0.8754086494445801,0.7561970949172974,0.6203227639198303,0.5251980298203286,0.5692667130773483
0,0.17238813491606053,0.09881868958473206,0.002816849430846517,0.09386530815971714,0.01595066301524639,0.001850469154305756,0.06698717176914215,0.014265448786318302,0.19737880493303656,0.06152399347374662
0,0.3585409338793461,0.205487459897995,0.11196953122290841,0.17519201441134163,0.2840976119041443,0.025941208004951477,0.4937722682952881,0.020309822633862495,0.3667678663970651,0.21453858739259068
0,0.4154432493905807,0.2713800370693207,0.03315226841820045,0.21011966824123884,0.4033152163028717,0.002496465342119336,0.2755795121192932,0.25348713994026184,0.3799431244755234,0.23867800017914131
0,0.24997592646894365,0.058107540011405945,0.015069879044439344,0.163177401597186,0.1276688128709793,0.05543182045221329,0.22687554359436035,0.12584112584590912,0.2364517869915781,0.12910154367350365
0,0.17829255105969058,0.04178521782159805,0.005137607918933016,0.07350222261363382,0.04689842462539673,0.009689089842140675,0.10165951400995255,0.23884622752666473,0.20186595986664402,0.08714428525171247
0,0.3279415423450681,0.3333514928817749,0.41578244722214996,0.29818122332177766,0.20850640535354614,0.7951437830924988,0.27711227536201477,0.2324068397283554,0.3316740441753643,0.35284212896319145
0,0.2686731782838609,0.2660645544528961,0.08285734912941418,0.19010382985690746,0.41785016655921936,0.23784099519252777,0.33092042803764343,0.17668119072914124,0.31509607983177285,0.24612008863374743
0,0.13817642884110085,0.03363456949591637,0.0030642372177279407,0.01947119365834973,0.027297422289848328,0.012842651456594467,0.10337752103805542,0.0092621436342597,0.1796107361657405,0.044605704566602185
0,0.37793582876811704,0.2828080654144287,0.18741335577447688,0.24256484154109645,0.3143565356731415,0.5269659161567688,0.32082873582839966,0.05176274850964546,0.32290441740938536,0.2852422383742636
0,0.21188120949856942,0.02510683983564377,0.008144623462002855,0.025638006074993017,0.021368443965911865,0.0002894102071877569,0.12078618258237839,0.08837661892175674,0.20049872747557185,0.06413643444824285
0,0.41041373812362136,0.2618991434574127,0.1043511252779929,0.30379323916535744,0.09807423502206802,0.005126289092004299,0.2186262309551239,0.1327865719795227,0.35629965940328084,0.19958343237655685
1,0.8355695351993678,0.9037914276123047,0.9065140475627353,0.8696425643794986,0.9172505736351013,0.8874203562736511,0.8672247529029846,0.9637066721916199,0.8806969058978035,0.8929024670848411
0,0.3996316330863865,0.5282027721405029,0.44210579661460353,0.611294921309088,0.29607751965522766,0.6502368450164795,0.2965174913406372,0.2837570011615753,0.4640759279061198,0.437968830266806
0,0.42797254432791765,0.4120248258113861,0.19915528501065446,0.5093959372768089,0.35932454466819763,0.5704523324966431,0.23240694403648376,0.2740241587162018,0.38545912123520804,0.37167557697390075
0,0.2847556347560978,0.19842542707920074,0.03523609153592284,0.2324533989583012,0.2132512629032135,0.10936298221349716,0.3813718259334564,0.2194155603647232,0.3064751274299149,0.2106482343782424
0,0.5688041385825441,0.5402309894561768,0.9703935314448424,0.4547673452436493,0.36674579977989197,0.28515326976776123,0.4490276575088501,0.4623091220855713,0.72621571118461,0.5200162229821989
0,0.5013355048443672,0.7916898727416992,0.8003456627801513,0.40928075060973446,0.5508296489715576,0.38006865978240967,0.5403460264205933,0.3070634603500366,0.7313033727587163,0.5431063446327353
0,0.30656797343437675,0.47145646810531616,0.5949497877099234,0.38332986807294545,0.27414989471435547,0.5703126788139343,0.25100991129875183,0.5009368658065796,0.45652585937606505,0.4159339873305177
0,0.5648685057493211,0.6899771094322205,0.684006193910108,0.6521786670174052,0.7075766921043396,0.8469873666763306,0.6404651999473572,0.7255690097808838,0.7038335303306944,0.6840507088987264
1,0.6468074952622348,0.6569032669067383,0.28111583030668474,0.6986957699559382,0.696890115737915,0.5940946340560913,0.6152440905570984,0.34014999866485596,0.6447215541804681,0.56897200033139
0,0.32391122450278764,0.06485562026500702,0.009704590193816134,0.1598823864194308,0.09609445184469223,0.029439549893140793,0.22781363129615784,0.20340344309806824,0.2603074324632812,0.14136569659601222
0,0.44879162517854637,0.2958015501499176,0.22073548851736194,0.2780171374498852,0.5035766959190369,0.0026430741418153048,0.6018474698066711,0.3665255606174469,0.5141664330036,0.3449991128943404
0,0.4328485074604506,0.13869060575962067,0.014986903660743909,0.15432241471201996,0.4616237282752991,0.46091049909591675,0.3912084400653839,0.2464577704668045,0.30472383683495313,0.2816505530890755
0,0.5099108890478378,0.5693295001983643,0.4523734805891091,0.590761513444493,0.5776541233062744,0.8449356555938721,0.5643245577812195,0.46688559651374817,0.5640943580179373,0.5663564535164076
0,0.2069392322515287,0.07517200708389282,0.006996412108676569,0.10988543974526757,0.24777400493621826,0.004179271869361401,0.1822284609079361,0.12321227043867111,0.23337165590104592,0.12140783127306876
0,0.7208252682239831,0.8762140870094299,0.8907972393149117,0.7880992613042233,0.7246406078338623,0.9106326699256897,0.8967024087905884,0.7678696513175964,0.8403938332960533,0.8200560081459976
0,0.6344475290173385,0.7823312878608704,0.4936431309651517,0.6717947156470074,0.848820686340332,0.8859025835990906,0.6972864866256714,0.5862377882003784,0.7124777235952281,0.6963935999827154
0,0.469664991413887,0.4182491898536682,0.12574738784205508,0.36172674881484573,0.5408300757408142,0.018903285264968872,0.48208385705947876,0.41871967911720276,0.5210073598176425,0.36118073399958645
0,0.2866508643910268,0.0841672271490097,0.01586050357797188,0.05810157856166788,0.22903868556022644,0.02245524153113365,0.2389872670173645,0.004549271892756224,0.25275206674902106,0.12038620449150306
0,0.3122330588422999,0.14261935651302338,0.04407534591389961,0.18849961903895293,0.2508069574832916,0.2693650424480438,0.32573992013931274,0.009373385459184647,0.26675670332441576,0.19233536754203984
0,0.22244905926072114,0.13825516402721405,0.013900174291969608,0.10907248255136391,0.11538537591695786,0.0008221524185501039,0.15892726182937622,0.0257958322763443,0.23537407478197764,0.10189684248861755
1,0.36993346507208713,0.5400839447975159,0.08801183674821979,0.640871229775559,0.4696218967437744,0.2979965806007385,0.38391420245170593,0.960563063621521,0.4959447901627798,0.46773589638411717
0,0.1884015933489415,0.018088724464178085,0.014618341803345376,0.06312280061234957,0.09373463690280914,0.033499643206596375,0.162140890955925,0.21695846319198608,0.20691356953325038,0.09825474569137699
0,0.5037434211913613,0.6068814396858215,0.41685860151616805,0.48863909201877637,0.2861214280128479,0.8703272342681885,0.46518972516059875,0.3445397913455963,0.5037575632743432,0.4926358290321702
0,0.30950431602544937,0.1751265674829483,0.20400316714781397,0.11019604265093733,0.6045078635215759,0.11991935223340988,0.6361289024353027,0.4766572415828705,0.4231192521210213,0.3271794589627483
0,0.41970492651520597,0.522356390953064,0.1477938091370013,0.5188056001784632,0.5517643690109253,0.6802160739898682,0.3253839910030365,0.7130061984062195,0.4408660404159098,0.4780007666148617
0,0.25403099417585795,0.12253882735967636,0.09311530576800994,0.13531442517612194,0.3468291163444519,0.007249766029417515,0.24920916557312012,0.34439799189567566,0.299296267300618,0.19524783936923934
0,0.34911057263029927,0.10703674703836441,0.04210544280926004,0.1608074119177856,0.08119706809520721,0.03865399211645126,0.29065051674842834,0.22858953475952148,0.28974363174193823,0.16450376590056964
1,0.22210940704079485,0.21047303080558777,0.028134782098745027,0.10058068708442273,0.008816037327051163,0.0019505908712744713,0.06925729662179947,0.03187467157840729,0.23432009826889053,0.08908998605379823
0,0.6691365208855145,0.6079058051109314,0.19913422854382118,0.735714915652211,0.8286471366882324,0.6828734874725342,0.33502936363220215,0.7414626479148865,0.6026874681399048,0.5979534916991334
0,0.22986465612878132,0.1149328425526619,0.1086851328758592,0.1926199296585923,0.33324307203292847,0.4484899938106537,0.17866691946983337,0.18429847061634064,0.2279658810980136,0.21783203499681075
0,0.31628122748623905,0.13565665483474731,0.11879208551808595,0.04455790164018422,0.08104130625724792,0.009375604800879955,0.23678818345069885,0.23121154308319092,0.29309174122101694,0.1492207887602462
0,0.4461297685447429,0.3307173252105713,0.187041913562106,0.2937844502884287,0.6056324243545532,0.8066050410270691,0.5714170336723328,0.5198120474815369,0.4081760883614166,0.45810258384237346
0,0.5658855513223723,0.5799441337585449,0.23615507147891665,0.5089757455897347,0.6293709874153137,0.7968547344207764,0.7995758652687073,0.5363419651985168,0.5812322052493456,0.5746316145955476
0,0.41461901844475935,0.11737427860498428,0.16315064798635245,0.17256816966794924,0.12495256960391998,0.0020382932852953672,0.2529512345790863,0.12629063427448273,0.3355554528547639,0.17713626144002292
1,0.3834214040467673,0.2904126048088074,0.01542919809458,0.24184219350229522,0.1439034640789032,0.003597789676859975,0.2429235875606537,0.28131335973739624,0.34705841993666914,0.20590581231354427
1,0.8789046146632299,0.9219686388969421,0.9672727463836228,0.9117589233088339,0.9408080577850342,0.9914665222167969,0.9066530466079712,0.9188610911369324,0.8917409473575763,0.9280591485909453
0,0.4182215206821699,0.38120853900909424,0.3321103033536342,0.18985459438036578,0.38750553131103516,0.23592011630535126,0.3999418616294861,0.3214170038700104,0.46776949952998065,0.33548485631449315
0,0.2996727440046406,0.20523564517498016,0.046608684289796205,0.08971635214954712,0.07543706148862839,0.08251480013132095,0.18557436764240265,0.33035168051719666,0.280171915051698,0.16536533796584127
0,0.6470373849457808,0.8001582622528076,0.3118402545223651,0.7688455527079239,0.6149225831031799,0.7147246599197388,0.6490815281867981,0.6975241303443909,0.6909009622664769,0.6498600392424946
0,0.4078908177425824,0.4576990306377411,0.2858701801236867,0.3108125883129644,0.2979770600795746,0.18160505592823029,0.5155174136161804,0.48421117663383484,0.5092671391486628,0.3706359461879236
0,0.21724535943429646,0.19071675837039948,0.022968730940514076,0.0730835335870027,0.020429689437150955,0.0001964887196663767,0.08475900441408157,0.0380626879632473,0.23018427688983456,0.08529963815496769
1,0.39287783372786783,0.46158888936042786,0.8192748400955764,0.3874383314660359,0.14045022428035736,0.035055216401815414,0.21782179176807404,0.19612254202365875,0.5836785181856261,0.3436815565454962
1,0.468624777774201,0.8012812733650208,0.7948400159657155,0.7511470096156159,0.4830779433250427,0.030422959476709366,0.34579265117645264,0.24712584912776947,0.7491677284817126,0.508836046332277
0,0.7240681052495213,0.7801676988601685,0.8178183267886946,0.7818831046930316,0.7839610576629639,0.924433171749115,0.7831257581710815,0.7377593517303467,0.8056996077478197,0.7886780469403156
0,0.22361370632660882,0.08045042306184769,0.0019201693311760098,0.09349061931628386,0.02968466840684414,0.0022392289247363806,0.1890459954738617,0.09926051646471024,0.22288929113813155,0.09222247181219248
0,0.8378469849490965,0.8555217385292053,0.8809193980091379,0.876477789794192,0.9336556196212769,0.8813431262969971,0.9118912816047668,0.8409566283226013,0.8737637684948814,0.8767716033390293
0,0.25106192805642313,0.07806328684091568,0.002657935121257792,0.08174967751221889,0.09177061170339584,0.02556862309575081,0.22910262644290924,0.14397232234477997,0.23672989860741442,0.1143889811333954
0,0.6208378317168293,0.4089806079864502,0.6134077276331895,0.2978057618957827,0.7670949101448059,0.6922861337661743,0.8399043679237366,0.7547306418418884,0.6756998851769133,0.6161424457866101
0,0.20551675071937647,0.12076808512210846,0.016344967650519748,0.05916075455207755,0.31971055269241333,0.26781466603279114,0.19649459421634674,0.1870328038930893,0.22185804376796392,0.16764907760919845
0,0.1723222182707377,0.08815138041973114,0.010900941920054377,0.08051259989991166,0.022401833906769753,0.012230976484715939,0.10587584227323532,0.011071888729929924,0.19947249066327974,0.06557898162642213
0,0.32100150503612085,0.3569679856300354,0.02272213228214395,0.31130540607714685,0.4391171634197235,0.13123874366283417,0.33762842416763306,0.532903790473938,0.3843131468262519,0.30755745558835823
0,0.49518530016274703,0.8258510231971741,0.18275433161065877,0.7913862128955,0.6937878727912903,0.20559239387512207,0.6205776333808899,0.4141412377357483,0.6788611173970261,0.5392602805699553
0,0.21272810609668735,0.03579885512590408,0.0010142800466550485,0.049408137889134604,0.26940104365348816,0.007678533438593149,0.31902608275413513,0.1715383529663086,0.24237080539477465,0.13333360551955822
0,0.3190512814408804,0.10284880548715591,0.02710652890457947,0.0823849856556101,0.014462028630077839,0.006435738876461983,0.4524240493774414,0.4797001779079437,0.30643630809136424,0.1847068466388047
0,0.7067005346417146,0.7942925691604614,0.8905168809193303,0.8683526774187273,0.8809830546379089,0.9973093271255493,0.6263082027435303,0.6611464023590088,0.7987850434078155,0.8008651765880657
0,0.1077714360800282,0.018213309347629547,0.0001751449032662073,0.015094579549240811,0.014362254180014133,0.0012443957384675741,0.09377587586641312,0.019926056265830994,0.17039465977956106,0.03468795065046004
0,0.4594646389442543,0.5988563299179077,0.4219688609981926,0.41607940596411885,0.5838767886161804,0.33908528089523315,0.41666674613952637,0.4596845209598541,0.5889406212101499,0.46564424892665846
0,0.4392080597355523,0.38524138927459717,0.17990906087576938,0.36710755637796016,0.24690371751785278,0.1758701354265213,0.3285166919231415,0.3636533319950104,0.4373960156573862,0.3150372514870694
0,0.553471403702627,0.49121859669685364,0.756231381965833,0.5684908091352874,0.7451510429382324,0.8095324039459229,0.7608662247657776,0.3774707317352295,0.6713938806311247,0.628574564574842
0,0.42872169624255263,0.2933519184589386,0.3985237199977338,0.376590543751477,0.43529751896858215,0.015712829306721687,0.4509982466697693,0.5524561405181885,0.5357710030585406,0.3741454637756646
0,0.3677230125557789,0.10575084388256073,0.01651034620757612,0.21792181197874094,0.1260833740234375,0.043521054089069366,0.25261297821998596,0.2038436084985733,0.2889766644447108,0.16968833267486116
0,0.21562514303366406,0.1226104125380516,0.016077421957440958,0.10382145591585895,0.03429120033979416,0.0015945922350510955,0.2170761227607727,0.1304076462984085,0.2367382428321479,0.10762156999998065
0,0.4597639809452669,0.5302004814147949,0.34538135551322624,0.5519713960216657,0.3346063494682312,0.3221522271633148,0.5090488195419312,0.22754034399986267,0.5414022347160248,0.41574450470263935
0,0.47118488235925077,0.289997935295105,0.1857556020424522,0.32567280461202264,0.4527829885482788,0.5194493532180786,0.5825127959251404,0.32245081663131714,0.42644316743721217,0.389283662293716
1,0.3364041732339056,0.35964125394821167,0.5181946857834475,0.1992592034334707,0.19924026727676392,0.022167425602674484,0.20979344844818115,0.39328935742378235,0.46967172757818526,0.286251470852641
0,0.40801785519007944,0.40104883909225464,0.7976833513253976,0.39131757452582183,0.40354111790657043,0.07759424299001694,0.4049396812915802,0.24244986474514008,0.6162187889124483,0.40051390700400635
0,0.30583935006351837,0.2737637758255005,0.09892922674608794,0.26666300404613325,0.36988595128059387,0.3100040853023529,0.2927132546901703,0.4607265591621399,0.3324241235460288,0.29435117619762785
1,0.5702068108993241,0.6850724220275879,0.6558743354458761,0.6808068246793372,0.6367555260658264,0.3871215879917145,0.7072774767875671,0.6277349591255188,0.7537899176334738,0.6240320809425369
0,0.5257704827081224,0.5357517600059509,0.5338720513579277,0.394102506905627,0.6360705494880676,0.9678847789764404,0.5769691467285156,0.97214275598526,0.5877607528320566,0.6289056269557718
0,0.282486009036075,0.06849856674671173,0.003744233600497128,0.043072490409040175,0.07828893512487411,0.0330292172729969,0.1780613660812378,0.1759367436170578,0.23508235792463855,0.1089864692305132
0,0.2415711850573119,0.13104082643985748,0.15203259006951308,0.12439720779564219,0.1415909379720688,0.0020333747379481792,0.1755761206150055,0.156320258975029,0.2753578475744755,0.14398006194753588
1,0.47057519771995066,0.40676870942115784,0.8598270412308127,0.6885976566274926,0.5214025378227234,0.7773469090461731,0.39192941784858704,0.24396532773971558,0.5772698964540863,0.5435706402079645
0,0.4242749639203488,0.08162882179021835,0.0990362064254971,0.04682738050226274,0.23284168541431427,0.1719575673341751,0.18390882015228271,0.14811158180236816,0.28798049666839115,0.1740421602219112
1,0.42916658049562406,0.8226776719093323,0.5042690261975833,0.4394677691815616,0.7271286249160767,0.9856038093566895,0.6805176138877869,0.6711951494216919,0.6281734204105786,0.6479418991277842
0,0.495533932458905,0.47008001804351807,0.06623508956953887,0.4865393778713091,0.5939275622367859,0.5532744526863098,0.6822512149810791,0.49717116355895996,0.4973489381405795,0.4764850769651614
1,0.8331706383400769,0.9061420559883118,0.9218979365747686,0.8609734231641919,0.92032390832901,0.8722999095916748,0.8583714365959167,0.9631076455116272,0.8824458705054956,0.8914007095462405
0,0.47976587573322066,0.38197046518325806,0.05928427190996393,0.42557264810548984,0.41395753622055054,0.5884586572647095,0.5014368891716003,0.38761529326438904,0.40671297852047317,0.3999522607475266
0,0.28845680478293007,0.40398475527763367,0.18097888283593255,0.14806492341321645,0.02339002676308155,0.00038109987508505583,0.3199493885040283,0.1851932555437088,0.3733456622675805,0.2004121283721914
0,0.28665026875631405,0.14679203927516937,0.13773388351735819,0.14221468155036268,0.0891428217291832,0.007523455191403627,0.2164696604013443,0.14809256792068481,0.2898498294709733,0.15077225695442298
0,0.17237010715039947,0.04455586522817612,0.0019080382587795296,0.06865403412978129,0.11919960379600525,0.004727314691990614,0.19292888045310974,0.0027368352748453617,0.20502751770889982,0.07777755336504596
0,0.41645318082016614,0.4770757555961609,0.18462527326371048,0.32867273347649834,0.09670844674110413,0.8205117583274841,0.3107830286026001,0.38220417499542236,0.3448185200089728,0.3687708104649786
0,0.40396163249753825,0.06828118115663528,0.03368574426776315,0.15162792249844703,0.06970247626304626,0.0003075544664170593,0.2784341871738434,0.23108641803264618,0.29719913647528584,0.1576911901791379
0,0.2131967219313968,0.09885326027870178,0.028619963006431583,0.08815410465829047,0.0211530402302742,0.0004949298454448581,0.11361363530158997,0.0372975654900074,0.21688976380918495,0.07847150362039515
0,0.5227462277988303,0.5836673974990845,0.4997331267164883,0.55574462004618,0.5499816536903381,0.1628580093383789,0.45519566535949707,0.5945575833320618,0.6670735621174437,0.49832930286038546
0,0.32124824043989564,0.25913339853286743,0.06396610112017292,0.19875035998818127,0.2752663791179657,0.5655426979064941,0.4265116751194,0.5310330390930176,0.3037158952856919,0.32030202984533696
0,0.25237719779981604,0.10256902873516083,0.020930292875842835,0.11762749783174734,0.04524874687194824,0.043454378843307495,0.15117548406124115,0.46548327803611755,0.2471655391504857,0.14901364937300685
0,0.3778301066391378,0.167277529835701,0.10398895031204301,0.2940514201214338,0.019387533888220787,0.00012481726298574358,0.22722464799880981,0.3045441508293152,0.32768381386138834,0.1916158421743807
0,0.399491608762005,0.31553784012794495,0.691237147975857,0.5183563779121686,0.3427828550338745,0.15092913806438446,0.4291422367095947,0.26148366928100586,0.5621173329793032,0.3959556085568878
1,0.4513919880136218,0.22418150305747986,0.007727504314314283,0.43869450333485627,0.3042665421962738,0.45462703704833984,0.42562952637672424,0.3889199197292328,0.34515124118643836,0.3329261559536537
0,0.18143586860613606,0.05844496190547943,0.0036944736383409914,0.045716403534908606,0.019627518951892853,0.00023895077174529433,0.1086806058883667,0.061726219952106476,0.19718188926564323,0.06185716352070786
0,0.29581380218413594,0.2716485857963562,0.04635827558021651,0.11232704085550148,0.18180224299430847,0.00867356639355421,0.44360247254371643,0.3815802037715912,0.3515686146144275,0.21965598079688017
0,0.5995644943703905,0.46613165736198425,0.21487716122466305,0.4604433787593322,0.4665971100330353,0.1673928201198578,0.6329123973846436,0.35758325457572937,0.5968583106659703,0.427329913287382
0,0.2108597370963522,0.21005158126354218,0.014260403749501216,0.1594511117455118,0.031038202345371246,0.0072966343723237514,0.0818948820233345,0.0835563912987709,0.23617927236175593,0.1043647191586731
0,0.4882421664849712,0.3744877576828003,0.07349778446143763,0.35154713930602527,0.5121241807937622,0.4097084701061249,0.34787020087242126,0.3434351682662964,0.4151395750078699,0.3618937010196712
0,0.24998738931262163,0.03618346154689789,0.015014743616828382,0.09993101677715821,0.008847584947943687,0.000463112723082304,0.2032228410243988,0.10922267287969589,0.2243974999291557,0.09238781444094249
1,0.4473718206629983,0.1936950832605362,0.05066369998743533,0.21836377896482173,0.4785368740558624,0.5607283711433411,0.5010884404182434,0.3288477957248688,0.3410051720403966,0.33966129632184483
1,0.3036676308962985,0.35662463307380676,0.08388139100956377,0.44090813754960045,0.2376352846622467,0.02443387359380722,0.2377365082502365,0.21934859454631805,0.36536384923989607,0.24533961077394573
1,0.4045469682679038,0.27230674028396606,0.03866368628068663,0.21053327711609462,0.024060197174549103,0.00029850381542928517,0.43174105882644653,0.09845238924026489,0.3605425944292141,0.19153291676047268
0,0.42324111084435734,0.2969563603401184,0.021283761457209265,0.2555098939744748,0.4902394711971283,0.003092061961069703,0.6936463713645935,0.4732123017311096,0.47486831811965186,0.3348548236777947
0,0.41893152963804065,0.6653950810432434,0.26483030768082955,0.42783881628305126,0.5758695602416992,0.7307871580123901,0.34534749388694763,0.2953568696975708,0.47398215415740297,0.4626999828795474
0,0.1465784222572669,0.1196262463927269,0.0017040812722462601,0.08019393468222646,0.012823368422687054,0.0016115667531266809,0.07272650301456451,0.037275031208992004,0.19585161976832932,0.061881318500423436
0,0.20732020842241566,0.1913471519947052,0.012330522454824553,0.07525995488404891,0.2949977517127991,0.07800232619047165,0.15518996119499207,0.2585480809211731,0.2536802977365126,0.15949319511385215
0,0.6217711491380552,0.5719521641731262,0.3398611409201617,0.5595043408254481,0.4952505826950073,0.8302208781242371,0.49413105845451355,0.40381118655204773,0.5537778319623807,0.5354926156379167
0,0.3131635670876707,0.14248888194561005,0.04685680425193384,0.2273496972846219,0.280047744512558,0.0007958778296597302,0.15575487911701202,0.08128079771995544,0.28605494723113767,0.16120941109912762
0,0.23953117696667603,0.14307484030723572,0.028479392806582716,0.13117636674427863,0.011123995296657085,0.002547263167798519,0.261685848236084,0.1539175659418106,0.2551691447055279,0.12422369513217409
1,0.5788874444898484,0.624904215335846,0.4325821807582902,0.5849710147563236,0.7029666304588318,0.9604599475860596,0.48139864206314087,0.6730658411979675,0.5903580793717964,0.6215537025605026
0,0.513523229772297,0.48169973492622375,0.11655014104055726,0.49385970861316164,0.6205562949180603,0.7360907793045044,0.5690389275550842,0.4554594159126282,0.47370444035003995,0.491839964708204
1,0.35863064763686864,0.10204917937517166,0.026904993608488446,0.10199457494747127,0.4067968428134918,0.013000699691474438,0.4487442672252655,0.28625205159187317,0.3384817520598617,0.21915214624023294
0,0.26267926094741934,0.14838390052318573,0.05545633371330145,0.15767680791274843,0.04420873522758484,0.001566435326822102,0.13666288554668427,0.15019716322422028,0.2557581765091584,0.12348508060770769
0,0.29917508173390556,0.13493600487709045,0.0033550912913374,0.16359470786097297,0.0996081531047821,0.04156818985939026,0.3413812220096588,0.32741019129753113,0.2865646232737574,0.1771601323832938
0,0.2948781980557252,0.1316436529159546,0.05200252335152838,0.15194051763896366,0.38396549224853516,0.011565489694476128,0.3101177215576172,0.1809411495923996,0.30761125308553006,0.19235599667531453
0,0.26103509387113666,0.042337533086538315,0.11270209479685049,0.10006028949103304,0.0014730322873219848,0.0003867338236887008,0.11252351105213165,0.031913965940475464,0.231276673353839,0.08645466278615074
0,0.6202108082444109,0.3771478235721588,0.15575823831536328,0.38694666583522075,0.6499690413475037,0.7786639928817749,0.9085374474525452,0.4274910092353821,0.5342343354009402,0.5290085313493452
0,0.3188961651985921,0.2588997781276703,0.08501208013174608,0.1683926893851652,0.2866969704627991,0.2080797404050827,0.22915837168693542,0.4234658479690552,0.3206037763633529,0.2462292407551921
0,0.595609033139448,0.6170328259468079,0.529323515118781,0.5487713548392382,0.6898258328437805,0.18003490567207336,0.6590813398361206,0.7044097781181335,0.7420324988778135,0.5723765045400756
1,0.5059439163871822,0.5496640205383301,0.642526110539417,0.49673262395275497,0.5011812448501587,0.6564691066741943,0.5827478766441345,0.5113874673843384,0.6236899888948119,0.5534733005404063
0,0.3117467905790041,0.09447784721851349,0.21440965939229628,0.07191078349540304,0.24011817574501038,0.1384093314409256,0.20220302045345306,0.12234187126159668,0.28921253384787843,0.17544222251774017
0,0.10776239820649053,0.023320898413658142,0.00026994785939966453,0.024281991888677808,0.00923059694468975,0.009774155914783478,0.06982257217168808,0.022724876180291176,0.1684577786020205,0.03428159645278535
0,0.507768225407095,0.5816476345062256,0.18323205084974512,0.5329408987441449,0.4376945197582245,0.5170213580131531,0.5207096934318542,0.46435579657554626,0.5269013454671582,0.46795025993196715
0,0.5320873098140501,0.44704243540763855,0.8601413227104633,0.5873312988073939,0.4031888246536255,0.31574171781539917,0.38397273421287537,0.20887824892997742,0.6545567767261031,0.4759667393229259
0,0.3772378582177386,0.2990574240684509,0.47434429936202566,0.339485162127908,0.012181819416582584,0.0017972515197470784,0.32653480768203735,0.4775351583957672,0.4753546118845081,0.2948750101626717
1,0.8150541678638764,0.8596827387809753,0.8660281678357911,0.8399087985108408,0.7524070739746094,0.9378638863563538,0.9209718108177185,0.7815887331962585,0.8550770204969245,0.8450284417862504
1,0.28878324163979513,0.1552034318447113,0.08580354902455277,0.16109817078006794,0.13417041301727295,0.03925550356507301,0.2171456217765808,0.14876464009284973,0.2822872766640827,0.15707664270447486
1,0.5012310773699277,0.5785874724388123,0.6827069111106105,0.5012338713710143,0.16876757144927979,0.0014577389229089022,0.34055769443511963,0.15094886720180511,0.6467449875137404,0.3813163243987181
0,0.19239028754589577,0.029125476256012917,0.0005256191357096719,0.01705240165354769,0.13611899316310883,0.00047015573363751173,0.1939750760793686,0.02829570136964321,0.20712066962368672,0.07614415252708552
0,0.4282257085829222,0.4834364056587219,0.28847502343620174,0.5179479867456216,0.4318353831768036,0.37995821237564087,0.5729007124900818,0.36552610993385315,0.5205134385240549,0.4351985418238368
0,0.5295970720322416,0.7158411145210266,0.24336018235056767,0.5938315350079941,0.6713786721229553,0.6545788049697876,0.4672699570655823,0.5079274773597717,0.5827982918176964,0.5471328879806125
0,0.8902849146992362,0.9355607032775879,0.9719726508213098,0.9017416929843032,0.9230253100395203,0.9556365013122559,0.9352694749832153,0.8728499412536621,0.8969150907045601,0.9228949341614964
0,0.45073760731182505,0.42482027411460876,0.06913804382808211,0.5209112903185996,0.2959400713443756,0.3042537271976471,0.275886595249176,0.30238470435142517,0.40770388659563034,0.33402005363142373
0,0.31377248811803216,0.18242381513118744,0.02314640105185544,0.20476056125768077,0.4193533957004547,0.021906806156039238,0.22068311274051666,0.593059241771698,0.33292512834485777,0.24763982354759412
0,0.7091522913517325,0.7458199262619019,0.2763125014426093,0.7174959103050598,0.8090189099311829,0.15159167349338531,0.7889818549156189,0.8938729763031006,0.7914822790363413,0.6445274060542339
1,0.38879302957816064,0.35924649238586426,0.34078491564621743,0.3199565163459814,0.43415093421936035,0.2258625626564026,0.40323060750961304,0.03806663304567337,0.4507844067642866,0.3190337789194753
1,0.27487655180746995,0.24987128376960754,0.013295127484226073,0.2675791184760442,0.3167593479156494,0.0010704726446419954,0.34599947929382324,0.057276591658592224,0.32137612471350385,0.19655839409519824
0,0.5261672855401904,0.6706073880195618,0.36773567746900626,0.5952322100957257,0.6844540238380432,0.8881383538246155,0.7746011018753052,0.6416348218917847,0.6214868624782549,0.6356796577450792
0,0.20058378712243438,0.044847700744867325,0.1955663598969817,0.08037121290477486,0.2354457974433899,0.07498867809772491,0.19059108197689056,0.218470498919487,0.25534122895292866,0.15486973410133975
0,0.35016977525329146,0.3119209408760071,0.2757400271119024,0.22006989649278416,0.2670787274837494,0.01162030827254057,0.3472256660461426,0.24583378434181213,0.424127678130005,0.2598658627915188
0,0.7181789790563715,0.757945716381073,0.8258913051710716,0.7328222968825362,0.9142177700996399,0.8229647278785706,0.8076673746109009,0.5335703492164612,0.8115610690000744,0.7642642274095856
0,0.32577447576573265,0.16117358207702637,0.06809019482060563,0.17310318041560566,0.37389859557151794,0.003680007066577673,0.3346858024597168,0.17866411805152893,0.3319550156279741,0.20607662309607477
0,0.18007924237513975,0.03305765986442566,0.12053974488431603,0.026955982213214227,0.14028140902519226,0.00028329368797130883,0.053732093423604965,0.0007247000467032194,0.20937901214021848,0.07212652412561381
1,0.5683837777082994,0.6366334557533264,0.1499155955256751,0.6805405329640654,0.5772612690925598,0.33316725492477417,0.44029495120048523,0.6761255860328674,0.6028766958955677,0.5118542596631602
1,0.263216069594413,0.1866939812898636,0.07018234391383067,0.13322935386052787,0.1868641972541809,0.024287084117531776,0.2689535915851593,0.04778655245900154,0.2847707410702294,0.15176157592712156
0,0.4242776089948677,0.2539638876914978,0.702385290430089,0.29608743164837314,0.41217556595802307,0.023860186338424683,0.35187840461730957,0.3053660988807678,0.5592236677511702,0.35405999292776036
1,0.5861469316293801,0.7764557600021362,0.2804915215291388,0.5609452025890793,0.6349883079528809,0.7867576479911804,0.8430978059768677,0.5971449017524719,0.6624729637837776,0.628783720586368
0,0.44460150493050254,0.4540887176990509,0.15973582747362844,0.4805531676770206,0.5096077919006348,0.013389762490987778,0.41047754883766174,0.3993074595928192,0.5230723241373108,0.3673642111347324
0,0.5970465993777447,0.7430594563484192,0.9250889202217744,0.8056146690344402,0.7977761030197144,0.8367348909378052,0.49300944805145264,0.6508747339248657,0.7631480821482681,0.7306929230870235
0,0.2232171717388117,0.02345598302781582,0.021780622160246798,0.04450163719323875,0.11680231988430023,0.0011849654838442802,0.22383132576942444,0.0949636772274971,0.22272784461792197,0.09495568684361332
0,0.1642828873485627,0.020968414843082428,0.00912855093998565,0.014719485127186939,0.011985880322754383,0.0024970900267362595,0.08151425421237946,0.012686576694250107,0.1818535706118713,0.041317865545370154
0,0.40766195442485853,0.3019854426383972,0.022513704737630542,0.3969241452733085,0.2182583063840866,0.03413188084959984,0.2624972462654114,0.38373807072639465,0.37883182890156036,0.2589102716853754
0,0.2737208539990124,0.20354677736759186,0.15115680685402222,0.1554200946863999,0.21846607327461243,0.006984984036535025,0.28428763151168823,0.27997857332229614,0.32874527478558396,0.19987298283267002
0,0.41701255596139064,0.3150414526462555,0.06636917425804928,0.3210846113377667,0.3419919013977051,0.13903364539146423,0.3714888095855713,0.09111642837524414,0.3859295986109359,0.2632104404157566
0,0.6732168535492851,0.8181230425834656,0.5922866341737223,0.3790815311587453,0.08101889491081238,0.011574569158256054,0.5828254818916321,0.7524768114089966,0.7765378810092859,0.4988814950682029
1,0.6214240578248389,0.6614804267883301,0.8733799533267078,0.7177389952737742,0.8790369033813477,0.8987379670143127,0.7311719655990601,0.7538551688194275,0.7707083202297561,0.7620445084303699
0,0.15536897117168216,0.04223538562655449,0.001721664952531716,0.05151707527976621,0.06540463119745255,0.023503098636865616,0.15597429871559143,0.04399370774626732,0.19311128483212575,0.06844813636414976
0,0.8779209470081293,0.9715255498886108,0.9906780488424438,0.9495049279631647,0.9106844663619995,0.9941452741622925,0.9470659494400024,0.8486712574958801,0.8992430431769577,0.935973233051274
0,0.5505854064468378,0.46742942929267883,0.04033000663040844,0.5146251477741424,0.13552412390708923,0.004655494354665279,0.615680992603302,0.2629908323287964,0.5278073819354483,0.33408820588936355
0,0.23478065410467583,0.27387747168540955,0.0047872106702792185,0.11034354777350518,0.03440001234412193,0.002678664866834879,0.062062282115221024,0.007762658875435591,0.2458613726545622,0.0973128792542731
0,0.31636242011215177,0.23067225515842438,0.014411391261028627,0.17237939604528388,0.38694196939468384,0.5382874011993408,0.2869220972061157,0.16102629899978638,0.2600844484553004,0.2569693240002612
0,0.4813790752115119,0.3597436249256134,0.14339709082487412,0.5154874019924122,0.22327761352062225,0.23988687992095947,0.3341575264930725,0.26205819845199585,0.42831161236476833,0.3247639549875476
0,0.23964955953610595,0.3802552819252014,0.15478612734739444,0.13876153975125535,0.13049162924289703,0.12255273014307022,0.1899999976158142,0.31516262888908386,0.3261927371732754,0.21143068580318305
0,0.2106240792236334,0.3025621175765991,0.02823525289486684,0.1616681872562072,0.35169604420661926,0.01520414836704731,0.2670081853866577,0.03147910162806511,0.30065761405321434,0.17625212493951647
0,0.3581057468004127,0.3761754035949707,0.2514008245014181,0.4450250155984497,0.303683340549469,0.5415116548538208,0.24168628454208374,0.4000159502029419,0.3700811747343411,0.36140565551584003
1,0.5324996790851976,0.7439505457878113,0.40021962147167894,0.6593572704066821,0.685566246509552,0.8148534893989563,0.8029942512512207,0.576147198677063,0.6633224445339233,0.6475198587527051
0,0.4305397080812755,0.4328369200229645,0.634061809292403,0.5363242530710247,0.326630175113678,0.17364123463630676,0.5087779760360718,0.3693119287490845,0.6045156138792216,0.4337017151873235
0,0.2431241981920303,0.13099399209022522,0.004787974130036923,0.0935386203873837,0.021551502868533134,0.005014810245484114,0.14496971666812897,0.1671898514032364,0.2349266556692034,0.10396147948617283
0,0.2679953677051329,0.14585287868976593,0.050884923059914135,0.18343218032433609,0.11512535065412521,0.034482646733522415,0.2204025387763977,0.1555352658033371,0.2686875787328496,0.14973299712978166
0,0.5310623604721755,0.6787504553794861,0.6811190436124519,0.5991339611384481,0.5757445693016052,0.7070302367210388,0.4451431930065155,0.5036496520042419,0.6567527101007172,0.5899908906459634
0,0.29140555774441546,0.25341251492500305,0.6203422283001131,0.266982870733504,0.4096657633781433,0.42702940106391907,0.2032201588153839,0.6176037788391113,0.42586504017499327,0.3817019540452766
0,0.2896884462337369,0.3815412223339081,0.23395862338155696,0.2951426428173067,0.04298095405101776,0.011969064362347126,0.13335880637168884,0.12332598865032196,0.3576586858278017,0.19761823974085885
0,0.31060452119677473,0.3886885344982147,0.2584482044852653,0.1861403739183108,0.34197279810905457,0.22941502928733826,0.2629430592060089,0.26472973823547363,0.38746264040799816,0.28236689188423436
1,0.6187675989432045,0.6999448537826538,0.8066055460610618,0.7741591182736548,0.6674410700798035,0.8338322639465332,0.7691599726676941,0.6522777080535889,0.7613063125302255,0.7253895982779488
1,0.8926265554171762,0.9779765009880066,0.9930225328203147,0.9792161637844198,0.9426941275596619,0.9999721050262451,0.9369077086448669,0.9570595622062683,0.9050051368770022,0.9590377527793515
0,0.09480398431978947,0.008609729818999767,0.00042475460352572604,0.030667570702490696,0.09279029071331024,0.0001802894548745826,0.15300945937633514,4.804625496035442e-05,0.17578005871192973,0.048252265635101946
0,0.32301706675635666,0.5011556148529053,0.06304556940321547,0.325164911186133,0.4285266101360321,0.3980084955692291,0.40766075253486633,0.5887399315834045,0.40664224333057997,0.37613994222000413
0,0.2615920687217608,0.1054111123085022,0.0619432717519955,0.049125528968983236,0.1819707751274109,0.00010257864050799981,0.271197110414505,0.06824839860200882,0.2650372820498709,0.1277837797021748
0,0.08693453618496465,0.008115199394524097,4.7089867439412816e-05,0.007539890658927406,0.03757038339972496,0.00022546708351001143,0.11245986074209213,0.0161526370793581,0.1673370114949277,0.034092252451739864
0,0.601406663517566,0.6143530011177063,0.44247131840444553,0.5373083952744331,0.6900449395179749,0.8159975409507751,0.5478223562240601,0.3847563862800598,0.6077073092154984,0.5759537363649455
0,0.49917384609348014,0.6164084076881409,0.6731899789962554,0.5517088016566343,0.4415360689163208,0.40101420879364014,0.5402619242668152,0.29752370715141296,0.6603962740462768,0.5087119344506098
1,0.5914401866918871,0.6045148372650146,0.8481239096357074,0.6819323580391012,0.545788049697876,0.40673187375068665,0.5900058746337891,0.39657267928123474,0.745706053338719,0.5905382647631191
0,0.6453419807667632,0.4411080777645111,0.3169348889266585,0.48115848965507063,0.7417688965797424,0.004817281384021044,0.7551596760749817,0.7513579726219177,0.7126173573763437,0.5239381862147202
1,0.2559071968470112,0.14575640857219696,0.004100001539683297,0.07859435466451319,0.24858373403549194,0.07586997747421265,0.32991892099380493,0.21545252203941345,0.2723627004901287,0.16940074671740685
0,0.37532183482592296,0.3906811773777008,0.2756764376761252,0.36856573241827856,0.44420644640922546,0.4861663579940796,0.44985562562942505,0.4961736798286438,0.43865171090792976,0.4069125711728062
0,0.22317506233812234,0.17621612548828125,0.05766782249923549,0.08965962769834834,0.3208755552768707,0.39071124792099,0.1711530238389969,0.13330502808094025,0.22688328943496514,0.19066160596159606
0,0.39920742896325095,0.5233892202377319,0.2136511821796053,0.30584325875646634,0.5299837589263916,0.6933207511901855,0.3313857614994049,0.43806570768356323,0.417685216301709,0.42317632148755
0,0.23837117923370787,0.016928907483816147,0.020000307822854696,0.11175306560088966,0.2521824836730957,0.0023677635472267866,0.29933691024780273,0.08052695542573929,0.24450530181354468,0.12924527139692754
1,0.4678578419436873,0.6242396831512451,0.2608268794134046,0.5174276900020314,0.6093212962150574,0.6321559548377991,0.5330028533935547,0.41305652260780334,0.5394814672358758,0.5053183988424704
1,0.593251124485787,0.5828167200088501,0.5564272715714169,0.5809431051773295,0.5471252202987671,0.7898004651069641,0.6288474798202515,0.38824307918548584,0.6300798820017707,0.5807405095349789
0,0.48782985196470774,0.5086494088172913,0.133611411130462,0.5147612438841129,0.11217987537384033,0.053591176867485046,0.3488515019416809,0.4117601811885834,0.49730082504468626,0.33044512826539724
0,0.48581339130792467,0.5355614423751831,0.030982167548733924,0.4502718813650569,0.37343525886535645,0.20540642738342285,0.44459518790245056,0.4085666537284851,0.49012736791698425,0.3717376642773483
0,0.249133184821884,0.39933761954307556,0.28244156414609983,0.1964813382797062,0.07726774364709854,0.0007300770957954228,0.18747086822986603,0.17915865778923035,0.3700924550863319,0.2039569927211738
0,0.3706998817120137,0.12862592935562134,0.006385221457886748,0.120173560050728,0.24475689232349396,0.13935691118240356,0.3696524202823639,0.302812397480011,0.30530421022493814,0.20951526457317599
0,0.4052327093526996,0.36342135071754456,0.6458268832972731,0.5575476455106363,0.28837311267852783,0.09539453685283661,0.553823709487915,0.1823529303073883,0.5860948813460287,0.39590699934370904
0,0.2991042719041642,0.05898263305425644,0.0631924428417166,0.0654619056030331,0.19441138207912445,0.07213909178972244,0.19759151339530945,0.097147636115551,0.25136313927054804,0.13235526880948287
1,0.6926087340605879,0.6432282328605652,0.2598486624346399,0.564607129610497,0.7775830626487732,0.9181759357452393,0.7831140160560608,0.7390363812446594,0.6521161869721721,0.6635475005008729
0,0.5211133360571093,0.28709927201271057,0.024928618613217615,0.22918698632860174,0.7287096977233887,0.024774929508566856,0.8134699463844299,0.8983923196792603,0.5685588924124859,0.4396948492041469
0,0.3850505531273258,0.1697666347026825,0.014125125715667604,0.0977665077220428,0.36580851674079895,0.23211394250392914,0.44262516498565674,0.32367873191833496,0.32808494497391527,0.25118284333513374
0,0.3285518468137289,0.2564834654331207,0.006555191786661572,0.2821092734402209,0.3037711977958679,0.1986684799194336,0.48857250809669495,0.05861273035407066,0.3312885410277543,0.24227902212687474
1,0.7483975890568949,0.8633406758308411,0.9039236294703853,0.8378129956322349,0.8036137223243713,0.8308193683624268,0.9096688032150269,0.7872129678726196,0.8582625560150369,0.8356040335865187
0,0.3725397777161312,0.33654463291168213,0.18090982825918453,0.33583670069673904,0.36841464042663574,0.3384285867214203,0.6933642625808716,0.60793137550354,0.45871311303900736,0.40020317685645884
0,0.22919441894455211,0.14963364601135254,0.045640368999556286,0.13004799560339744,0.17541801929473877,0.0029677278362214565,0.1607138216495514,0.1209135428071022,0.2544341034726756,0.1302198792596981
0,0.24244970838066482,0.07932724058628082,0.011918337735039244,0.10675755775863857,0.25746506452560425,0.011896376498043537,0.164569690823555,0.05795706436038017,0.23866965721089886,0.1192845002905602
0,0.29351788207344687,0.2076222449541092,0.021105908548069423,0.07491624029885378,0.34373220801353455,0.26268959045410156,0.4729520082473755,0.29104921221733093,0.3063176262012014,0.2421938396298517
0,0.3286760664869599,0.4480375051498413,0.22631025306546265,0.43948778214895234,0.47057271003723145,0.10935849696397781,0.3417123556137085,0.5394128561019897,0.4747308223617262,0.3671771885381549
0,0.08880689161514801,0.008115199394524097,5.2459494992696775e-05,0.009077449422774943,0.03776729851961136,0.00022310789790935814,0.11243060976266861,0.016150258481502533,0.16776094957166787,0.03456965670883613
0,0.3526398503329214,0.3311671018600464,0.12356635956032251,0.22170901158734807,0.361271470785141,0.07990466803312302,0.36311209201812744,0.2772909998893738,0.39621998393341795,0.2678245375648206
0,0.26287122204318814,0.1658540964126587,0.011088278096639561,0.22047228432060242,0.21790790557861328,0.01074179820716381,0.24140390753746033,0.0008024972048588097,0.2708625439353662,0.146396623277972
0,0.20974528397978096,0.043962929397821426,0.0035865714240908898,0.09288864241161243,0.2879781126976013,0.04838290810585022,0.23694643378257751,0.3241831660270691,0.2396723917048839,0.1544829925192508
0,0.41679155813296803,0.29121091961860657,0.026512248391320076,0.3165522183941512,0.2505674958229065,0.3747606873512268,0.4616844952106476,0.5107839703559875,0.3667487407657502,0.32718539704343785
0,0.3318834323655145,0.37921133637428284,0.5583028921978008,0.3024665203714473,0.6476995348930359,0.04976164549589157,0.4430493712425232,0.36526864767074585,0.561084671016056,0.39095223066561346
0,0.5232831959161769,0.5891256332397461,0.8965700717601797,0.5472073172953903,0.5929188132286072,0.7170283198356628,0.6442434787750244,0.3483509123325348,0.6964943347384647,0.6070112874683496
0,0.4034896122922881,0.11663629114627838,0.024020581400465212,0.1176633627265616,0.39399614930152893,0.36483973264694214,0.5153796076774597,0.5421796441078186,0.3309777027408486,0.3019673958077064
0,0.16324386166607233,0.11688225716352463,0.0018231284896812767,0.047967419554773696,0.05138508602976799,0.022285353392362595,0.1169225350022316,0.12544970214366913,0.20606517786003387,0.08210134507672434
0,0.1953316027251335,0.07025642693042755,0.012128552902036557,0.07488609589107018,0.18461619317531586,0.0009133052080869675,0.27341851592063904,0.0029491533059626818,0.23027438749196,0.10407901130638988
0,0.7180801366172999,0.7609028220176697,0.8416893708976433,0.7075760959302149,0.8700714111328125,0.8142547011375427,0.7871683239936829,0.9448844790458679,0.8249325708825214,0.8022848379470795
1,0.4702991903013587,0.12534333765506744,0.01415070966906296,0.318129817689079,0.4702730178833008,0.22068758308887482,0.527506411075592,0.43496787548065186,0.38569844068688003,0.3208207476482244
0,0.27380489806569835,0.029994914308190346,0.09805291239740611,0.04987152877310021,0.24565179646015167,0.062008630484342575,0.35132747888565063,0.21120770275592804,0.2736202886769269,0.16467104832700963
0,0.46630653511034553,0.4785187542438507,0.12647368500968556,0.4142343415188346,0.7053596377372742,0.048909835517406464,0.5635592341423035,0.7829579710960388,0.5843542716668403,0.4518599104266804
0,0.2196564748785369,0.07244407385587692,0.00760176347659024,0.13323750595231101,0.21359314024448395,0.01823224313557148,0.21806854009628296,0.25831109285354614,0.24359514083782677,0.14318560899978514
0,0.24167535322728229,0.10786028206348419,0.08664366817851021,0.1228941183866245,0.13455231487751007,0.10266150534152985,0.1758309304714203,0.12107305973768234,0.24426239718571743,0.13775844857587316
0,0.17211707430333228,0.07266237586736679,0.012034229509838077,0.08940484888914128,0.16001160442829132,0.074220210313797,0.14716234803199768,0.14863620698451996,0.20902042274490812,0.10939745493320488
0,0.46955868131478407,0.3100303113460541,0.06829223296776547,0.14790285108077994,0.4385596811771393,0.12974727153778076,0.444322407245636,0.08397966623306274,0.41276214715724613,0.26607116105010864
1,0.2917740747954173,0.1194516271352768,0.04390885757308741,0.09389005286551234,0.26135239005088806,0.01574736461043358,0.31545373797416687,0.018472962081432343,0.2819997582411464,0.1484729871890958
0,0.42024574285687444,0.3201896846294403,0.015723550862939837,0.3108432592022191,0.3528687059879303,0.11959196627140045,0.4163525700569153,0.1776786744594574,0.3914060953172598,0.2712745030393089
0,0.7864053645573097,0.9154748916625977,0.9887744277668487,0.8572066762432163,0.8036070466041565,0.9897228479385376,0.8916985988616943,0.7681763172149658,0.8682705774765699,0.873629165677477
0,0.294963678798207,0.20826587080955505,0.30977508058949255,0.23441708251743107,0.2899196445941925,0.0046282196417450905,0.26318469643592834,0.350360244512558,0.3841813151073945,0.2486246692671275
0,0.42486479849285047,0.3520589768886566,0.010577593406481532,0.3613015270313887,0.345137357711792,0.2530496120452881,0.5028959512710571,0.3414716422557831,0.405705533456497,0.3247951331235513
0,0.7830270859267696,0.9202038645744324,0.8697618906560185,0.9092298719217015,0.9730963110923767,0.9875776767730713,0.8835128545761108,0.9409464597702026,0.8677650831910646,0.9052840433182501
0,0.5104043072200458,0.3276693522930145,0.21504915417939685,0.48607875901247594,0.17622654139995575,0.06132709980010986,0.35401272773742676,0.4444219470024109,0.4824002068155201,0.3287594443028459
0,0.23133323513611206,0.16426169872283936,0.017845015119328445,0.06783656854584176,0.049849674105644226,0.0016050876583904028,0.10476721823215485,0.06199566647410393,0.23253987074940272,0.09126191078671317
0,0.464410069515504,0.24834205210208893,0.13516995907234988,0.301245329983673,0.5566828846931458,0.22775261104106903,0.23605956137180328,0.19839882850646973,0.39100857802841055,0.2988721514806635
0,0.2912090082033776,0.20085400342941284,0.47514394157262163,0.3144290421851663,0.28313395380973816,0.10015642642974854,0.2049483209848404,0.24443522095680237,0.3952273658020449,0.2688374427451895
0,0.278921963819808,0.1100921481847763,0.023788033739028977,0.15612748705972504,0.05864536017179489,0.009702980518341064,0.18071670830249786,0.12637083232402802,0.250515360980668,0.12137968094136048
0,0.2121847521114952,0.11456650495529175,0.023972041741967237,0.06414049736051787,0.31893113255500793,0.008758737705647945,0.2519504427909851,0.6916255354881287,0.2835300895153253,0.20754013465173532
0,0.5542410043059565,0.6015315651893616,0.11851878528576455,0.63480990775716,0.6163638234138489,0.0202798955142498,0.5686120986938477,0.8297706842422485,0.6550656921704123,0.5006152443513852
0,0.3942675054925599,0.0851602703332901,0.04629681468049524,0.1274427776200401,0.5832043290138245,0.8816992044448853,0.39528974890708923,0.52116858959198,0.25870037722209605,0.3612462461384668
0,0.31726867430598593,0.1929178237915039,0.3571301286431424,0.11341954823678013,0.1560392528772354,0.00795974675565958,0.31713151931762695,0.10743793845176697,0.373702428151283,0.20165532795969332
0,0.3798412222425441,0.0881890133023262,0.06374828111409774,0.10159683787240943,0.16257543861865997,0.001541942940093577,0.2925969958305359,0.0006862731534056365,0.2951856816270558,0.1410601995540069
0,0.42087879234743597,0.2271963208913803,0.019801443958466385,0.200162980845505,0.44298699498176575,0.016546549275517464,0.461201012134552,0.4857608377933502,0.40997246543377824,0.28628435445410527
1,0.50841414064003,0.44353407621383667,0.481708961053498,0.5129885216338838,0.5132824778556824,0.6171377897262573,0.41020095348358154,0.44324344396591187,0.5353112312164294,0.4891982121896863
1,0.7301087860570131,0.9045345187187195,0.9136377128039544,0.8429271454134463,0.9009836316108704,0.9492295980453491,0.72495037317276,0.8141704201698303,0.8432996220869268,0.8459292329109731
0,0.24698768054788328,0.11562022566795349,0.005416629347538577,0.14290391489473267,0.23359128832817078,0.0005395642365328968,0.21725548803806305,0.12525765597820282,0.2565728182401436,0.1388394482374761
1,0.3107393140910707,0.3539915382862091,0.3203926926228969,0.2105416347038131,0.1346326470375061,0.0803886204957962,0.1688050925731659,0.29349303245544434,0.38574359516464635,0.23937654306032438
0,0.20426544495693486,0.056170910596847534,0.006563765311843369,0.0820954432805084,0.09575147181749344,0.03472612798213959,0.11771473288536072,0.2476433664560318,0.21336598098905035,0.1056171884063847
0,0.5363881621009943,0.6627115607261658,0.9164405029331459,0.5447650945373474,0.4641752243041992,0.4884386658668518,0.3846401274204254,0.40174272656440735,0.7082318746403858,0.5558161062377283
0,0.3353534961929434,0.24338944256305695,0.05087111454659709,0.36718520141151856,0.4557969272136688,0.5621659159660339,0.3796139061450958,0.24814243614673615,0.30355650007193463,0.32417909288325497
0,0.30018171153067913,0.19092153012752533,0.10023000515898806,0.22221258132565996,0.380912184715271,0.3625531494617462,0.172692209482193,0.3201996982097626,0.28037201586366833,0.25254731491311283
0,0.4694274388041342,0.5836925506591797,0.4081946681163919,0.5578399143449272,0.42536574602127075,0.15377673506736755,0.30849307775497437,0.43805819749832153,0.5889121961981761,0.42708273303522937
0,0.487171428713377,0.41896602511405945,0.16914183911143765,0.480542692541966,0.5119416117668152,0.8192636966705322,0.7007548213005066,0.41725876927375793,0.45615939457734367,0.4914707922184635
0,0.10578613691845325,0.007605620659887791,0.0013869447314944464,0.012228515574630412,0.02284402586519718,0.011126597411930561,0.17221184074878693,0.016787275671958923,0.17505207855080931,0.04399401953819095
0,0.2955194713694647,0.22449015080928802,0.0310415939754321,0.17039857265570993,0.32584598660469055,0.001485276035964489,0.3535807430744171,0.15338337421417236,0.3271788475429413,0.19861284301677734
0,0.20939392390325204,0.022196291014552116,0.009103748230797085,0.047669628016400886,0.04345984011888504,0.03069598227739334,0.14962320029735565,0.12523840367794037,0.20320506335071936,0.08015721843697315
0,0.33938771604400264,0.40129655599594116,0.07730174106880472,0.33373120406760004,0.35137590765953064,0.014838450588285923,0.33446741104125977,0.41009557247161865,0.4177380085526093,0.28834004007442127
0,0.8818535937552192,0.9265926480293274,0.9866704023470784,0.8891014548582095,0.9164766669273376,0.9770506620407104,0.899405837059021,0.8562639355659485,0.8919860293800267,0.9159072908057869
0,0.6545463673672132,0.7959778904914856,0.7947997064627276,0.847411105153875,0.9119471907615662,0.9700928330421448,0.5758205056190491,0.7244612574577332,0.7719715787732044,0.7811406356427582
0,0.3793494599136972,0.23469671607017517,0.015532096865912356,0.32048769194837295,0.09828891605138779,0.006439096760004759,0.3403053283691406,0.32976382970809937,0.3492865944072037,0.2202176641704494
0,0.31107871701583834,0.22381924092769623,0.5210929780690787,0.206333778307313,0.2572263777256012,0.0964122861623764,0.4786597490310669,0.2917833924293518,0.456209103681448,0.30142057149060664
0,0.38677841352973874,0.2851066589355469,0.4107927944686322,0.2015115604639999,0.5037928223609924,0.005536653101444244,0.38482430577278137,0.5624277591705322,0.509085300067946,0.3464084082433791
0,0.23737645821716655,0.3150927722454071,0.03239877138386227,0.2673785756736723,0.48815006017684937,0.25877445936203003,0.1656467467546463,0.3830592632293701,0.3015938336315256,0.2671509148946787
0,0.3765259615260017,0.12053818255662918,0.010169656733710111,0.15713146420788393,0.278578519821167,0.035403963178396225,0.4494923949241638,0.020797008648514748,0.32013346913059176,0.18480733372676517
0,0.4892164505542285,0.5690145492553711,0.1020176861788722,0.41801529955942346,0.5070412158966064,0.5290656089782715,0.4272588789463043,0.5421531200408936,0.48429256665189613,0.4456366138828812
0,0.3343590739063068,0.1395551860332489,0.03773252802499498,0.04791603422092834,0.3118267059326172,0.05533760413527489,0.42062944173812866,0.48099198937416077,0.332652887250532,0.22707165726815348
0,0.32098381324577646,0.3810327351093292,0.4856274266438524,0.4867928795666743,0.3937370181083679,0.6688050031661987,0.4156142771244049,0.29640620946884155,0.42657567245646477,0.4264703727324031
1,0.8799517630710574,0.9097603559494019,0.9641571264996661,0.900741393758947,0.9370843172073364,0.951653778553009,0.8885210156440735,0.9467024207115173,0.8918059525142694,0.9210828141849287
0,0.324303522741391,0.47016990184783936,0.12756240142818995,0.23805512201345855,0.4230867922306061,0.5320552587509155,0.6285727024078369,0.3866548240184784,0.4110816542842062,0.38558400409843535
0,0.29021748671878533,0.1281893253326416,0.011310503529856762,0.12956390822034722,0.05503310263156891,0.06124294549226761,0.19824881851673126,0.21649371087551117,0.25371750531741033,0.13780181040088785
0,0.2350329715222825,0.05523410066962242,0.005740732272060104,0.08048240097505581,0.31432855129241943,0.15823495388031006,0.42783322930336,0.18001608550548553,0.25364468838000637,0.1792597289744602
0,0.35993641501145746,0.2432963252067566,0.05445885279023306,0.22079524879904092,0.3670549690723419,0.41609662771224976,0.5332408547401428,0.2914802134037018,0.3398434407273016,0.3059524665190358
1,0.6647169765515112,0.6342230439186096,0.33604321833338424,0.5124513510296034,0.7128329873085022,0.8263187408447266,0.6282687187194824,0.5549692511558533,0.6296559551887391,0.6036436956768032
0,0.12272393980448554,0.03320619836449623,0.005311606792792406,0.044374087684586,0.02004287950694561,0.0011810609139502048,0.10695657134056091,0.11147212982177734,0.18233091475564026,0.05623230860073152
0,0.09833911191405312,0.007953856140375137,0.0007636166539489762,0.021454826811089123,0.09663179516792297,9.152925485977903e-05,0.2080754041671753,2.34444705711212e-05,0.1814674165128248,0.054616024444437826
0,0.1447203848358482,0.022376762703061104,9.747143940044042e-05,0.014157101475056966,0.06929728388786316,0.006155786104500294,0.1647375375032425,0.033051490783691406,0.188155985239387,0.057613904307256464
0,0.37786388143917904,0.19455422461032867,0.05184563737625743,0.18004176583440476,0.4893786609172821,0.023787440732121468,0.5134801864624023,0.4287028908729553,0.4011867869197209,0.2837505407236183
0,0.5505610000921896,0.7042551636695862,0.6776480913020388,0.6428903641298157,0.6612949967384338,0.5105456709861755,0.7238025069236755,0.6481178998947144,0.745336836677535,0.6421501565454757
0,0.46236218237481,0.47520339488983154,0.1738799937537641,0.3830319428198379,0.5470037460327148,0.6160555481910706,0.4819740951061249,0.8317019939422607,0.4823511533943416,0.48826582189246437
0,0.5045390548961954,0.6044076681137085,0.2481826847403927,0.4741359560224071,0.4063136577606201,0.5585309863090515,0.5574913620948792,0.39845702052116394,0.5369195041974347,0.4684885379758761
0,0.2256335493915297,0.06226174905896187,0.0034392355237661022,0.030388165793262884,0.24217240512371063,0.0012444229796528816,0.24491308629512787,0.11707644909620285,0.23825614972185005,0.11709908594772568
1,0.6454504759846001,0.7902625203132629,0.6679289674115869,0.7317757769044966,0.6646225452423096,0.7830896377563477,0.6664652824401855,0.70891273021698,0.7548453099061049,0.706245268744801
0,0.3124084053171199,0.1602592021226883,0.010171727374007206,0.20918505095751794,0.44823095202445984,0.6705580353736877,0.46566373109817505,0.4800362288951874,0.2714299916081702,0.3313971767559498
0,0.26230858176866356,0.22648540139198303,0.17017376367835224,0.2136958963942136,0.2968612015247345,0.35340577363967896,0.3360455334186554,0.16878412663936615,0.29981650939366694,0.250990627006548
0,0.43870097845005546,0.6932052373886108,0.37980754997564375,0.18100902806536517,0.6897361278533936,0.08094705641269684,0.6422492861747742,0.512515127658844,0.6645876677543834,0.4589001781831552
0,0.3697669607645737,0.14389018714427948,0.02078393949847703,0.1231225011085471,0.3056734800338745,0.007234520278871059,0.26576828956604004,0.1935359090566635,0.3136803800583121,0.18217914930824178
1,0.8411988065178562,0.926019012928009,0.9706835016076758,0.9330978356393063,0.9327074885368347,0.999427855014801,0.7143855690956116,0.989726722240448,0.8761561699535843,0.9115067666376082
0,0.3337947852724989,0.19962114095687866,0.09945606549003551,0.20695730397253378,0.24175138771533966,0.4136553704738617,0.42772209644317627,0.08681529760360718,0.2957616844846733,0.2479813850998301
0,0.3891189271335731,0.15495596826076508,0.021304116164012243,0.2077375804141773,0.6284226179122925,0.8486376404762268,0.6906744837760925,0.5872902870178223,0.3210293206877945,0.42315577749692956
0,0.5768122625075672,0.6986129879951477,0.8632950858533035,0.6844555848824639,0.5891515016555786,0.7833619117736816,0.58563631772995,0.6456896662712097,0.7345457988820673,0.6769465064958718
0,0.4978232950854577,0.3495078384876251,0.4851133315930435,0.23006570676841817,0.5021580457687378,0.0018782690167427063,0.5538625717163086,0.2901398837566376,0.5944543980089494,0.37186397628596657
0,0.1753488655349443,0.06360697001218796,0.0024984016285780936,0.050911222856189126,0.09774525463581085,0.008113722316920757,0.22536884248256683,0.159366175532341,0.21670363089124325,0.09834060345701444
0,0.4672382602698271,0.46426060795783997,0.42365649123234944,0.46406982445802336,0.6747384071350098,0.9860884547233582,0.2461961805820465,0.36078426241874695,0.4370514817041479,0.501726104415106
0,0.357988859632638,0.5762230753898621,0.2762729851544818,0.704664570963726,0.23254930973052979,0.08292493224143982,0.25757700204849243,0.20299668610095978,0.4963798359280729,0.3483779247535477
1,0.242576018088767,0.10041520744562149,0.04685538534284498,0.05304799930800216,0.012821533717215061,0.017158646136522293,0.14443348348140717,0.13450467586517334,0.2311864563985126,0.09612511830067058
0,0.24312672716112124,0.19851547479629517,0.010386658707333048,0.17009302456170253,0.03876990079879761,0.1386396735906601,0.1941230297088623,0.20817698538303375,0.24652147394001567,0.15087217588592772
0,0.378186905567598,0.3106290400028229,0.011623223474660674,0.3185276617215723,0.11021723598241806,0.01766647771000862,0.35061633586883545,0.3409702777862549,0.368225429395225,0.23487373269996553
1,0.12791780699070862,0.020512204617261887,0.0012135839852142915,0.02225789432875788,0.028901968151330948,0.005852886941283941,0.12513193488121033,0.010190766304731369,0.1780592151826887,0.0437730481240532
0,0.27466234482462754,0.06529656052589417,0.026604009097312562,0.07179516036142565,0.2882390022277832,0.007274163421243429,0.2576203942298889,0.13190260529518127,0.26249749334127226,0.1422455822616259
0,0.4784643502395429,0.6680616140365601,0.36809954663872474,0.5938445894822483,0.6989633440971375,0.9828009605407715,0.5840387940406799,0.8715288639068604,0.5768755233518684,0.6440656714236509
0,0.22919305194605247,0.3150194585323334,0.2911307575023483,0.18226238514927134,0.016817407682538033,0.005546833388507366,0.13129408657550812,0.047090113162994385,0.3234409348923656,0.15979932235973332
0,0.23309413847763083,0.05352174490690231,0.008674300056435607,0.05571824233537049,0.2175414264202118,0.0009250410948880017,0.32148149609565735,0.058186810463666916,0.2452134638487197,0.12028000399285341
0,0.4783834800470403,0.5383535027503967,0.043705719221225764,0.42442914943178245,0.4475472867488861,0.5013903975486755,0.42490845918655396,0.39448097348213196,0.44783344192176383,0.405527157807102
1,0.21453376547885694,0.29833683371543884,0.032838144463953646,0.16021430265162426,0.25890612602233887,0.41009441018104553,0.4285089671611786,0.19547872245311737,0.27506847304727305,0.24503128162312926
1,0.5557447405594292,0.6162604689598083,0.3228765019865784,0.518381112606824,0.602897584438324,0.09196712076663971,0.4980509281158447,0.47167056798934937,0.6572279269396708,0.4695114062571587
0,0.14326621056860692,0.052241548895835876,0.0010450186553390907,0.04632865188118453,0.07564161717891693,3.13975106109865e-05,0.10500995814800262,1.093601622415008e-05,0.18796605620261012,0.054926103724599856
0,0.4550172004323347,0.23849105834960938,0.03892529991929127,0.3400465232089687,0.17983181774616241,0.5378335118293762,0.3575444519519806,0.4539232552051544,0.32378030165901034,0.31886964664960427
0,0.33296775168534254,0.07082735747098923,0.023658849930059424,0.16350769181465827,0.39348819851875305,0.1579543501138687,0.3842686712741852,0.18065181374549866,0.29171932211023077,0.21253625585546493
0,0.46330214250671004,0.43841180205345154,0.322685497240976,0.3241597290319439,0.5201470851898193,0.0691416785120964,0.4687187671661377,0.7811234593391418,0.5805343599195104,0.42678006694281656
0,0.3061307879565385,0.14394685626029968,0.06018367187796084,0.12916337135814718,0.3527147173881531,0.002316037192940712,0.37622371315956116,0.18236248195171356,0.32228821705427424,0.1969304441881925
0,0.46537650156233445,0.3873426914215088,0.11428467339873284,0.5064126076568694,0.2875172197818756,0.23111677169799805,0.4367372393608093,0.37420350313186646,0.4524269950269102,0.35397562854107956
1,0.8431040809205053,0.9260896444320679,0.9593829695249139,0.8954347357305005,0.9443987607955933,0.9575604796409607,0.9291704893112183,0.8686162829399109,0.8884844257284475,0.9143945492530112
0,0.623991717330056,0.4834022521972656,0.26531743714277445,0.4532253109269221,0.7023613452911377,0.05865732952952385,0.8108855485916138,0.4542537033557892,0.6859684123637318,0.48939797759996867
0,0.7174562285239513,0.9034011363983154,0.9763425682233197,0.9180637420561548,0.8307256698608398,0.9440023899078369,0.8252022862434387,0.6964616775512695,0.8528765725522776,0.8512794889756861
0,0.518482469093464,0.6089663505554199,0.1997224216027058,0.3863306991793904,0.5692055225372314,0.6115197539329529,0.40590792894363403,0.4182731509208679,0.5094362010598683,0.4628802689206747
0,0.6339013694947621,0.8490655422210693,0.710390197587587,0.7571838439271138,0.6779078245162964,0.8824742436408997,0.5140635967254639,0.7875798940658569,0.7477677218054402,0.7242667412447393
0,0.47330448673111425,0.48172396421432495,0.12616216755211046,0.36527071348986695,0.4291327893733978,0.3860102891921997,0.5285748243331909,0.3503672778606415,0.47704607585033276,0.3930468107693146
0,0.5760520706603122,0.4782179892063141,0.30989351062037707,0.5559689626987119,0.3411736786365509,0.1088738888502121,0.7313059568405151,0.3665415346622467,0.6330220393412487,0.44194039999270845
1,0.30950131920847407,0.23757404088974,0.026706931084224173,0.10401585575571082,0.3139386475086212,0.12670423090457916,0.21632641553878784,0.36841514706611633,0.30513716101997157,0.21292332123223567
0,0.11792125419184674,0.029685182496905327,0.0002481166288599373,0.04887198208359241,0.05041039362549782,0.0009002708247862756,0.12728208303451538,0.021411655470728874,0.18048725696118514,0.050791899239191286
0,0.2628554306354632,0.19619591534137726,0.008082725214823632,0.11967982514493652,0.08498386293649673,0.03247202932834625,0.15458530187606812,0.10239296406507492,0.2540446037606988,0.12381746004731976
1,0.46790918151052446,0.38084033131599426,0.14251207998655505,0.382761681556805,0.6130963563919067,0.7042100429534912,0.6268334984779358,0.5218222141265869,0.4479710652275926,0.4710544214864625
0,0.3033395821267142,0.07336992770433426,0.03231072539360427,0.08554305958070674,0.07264252007007599,0.0889425277709961,0.16370050609111786,0.055110957473516464,0.23473243226308893,0.11113327549801923
0,0.25785929920788403,0.019803093746304512,0.025556825692517125,0.041568561714663846,0.12413612753152847,0.00035045130061917007,0.2730311453342438,0.07807087153196335,0.2364384332924049,0.10407420795174824
0,0.19794443597667363,0.06142566353082657,0.012000932055610232,0.04738079819896463,0.10094235092401505,0.0003884345933329314,0.2165440022945404,6.038756964699132e-06,0.2164571224916402,0.08185155405161137
0,0.1877616080322632,0.10524317622184753,0.002064232855520094,0.09235826835415456,0.1533353477716446,0.0018137858714908361,0.25936761498451233,0.0007567367283627391,0.23028256382963028,0.10307268571452334
0,0.44390210559897736,0.516366720199585,0.2257880950177583,0.37240841509745254,0.768278181552887,0.7279534339904785,0.3552809953689575,0.4101818799972534,0.4561800011823763,0.47160033398728357
1,0.8275022280836588,0.8676007986068726,0.8054659159175486,0.8946477060254608,0.9139194488525391,0.9835115671157837,0.9065220952033997,0.8578548431396484,0.8575118455308367,0.8792053061146831
0,0.3271572895159759,0.19828517735004425,0.07683415521283135,0.35294587323634896,0.22832705080509186,0.012966620735824108,0.322689026594162,0.3560549020767212,0.3482398358618005,0.23821780141262747
0,0.4543553540553244,0.3210529685020447,0.02549993588350657,0.3071674107059446,0.4232531487941742,0.5333622694015503,0.4721226990222931,0.4631444811820984,0.3765642924205759,0.3688084416077792
0,0.27254650130605906,0.16772682964801788,0.054830726066743184,0.15736320886444607,0.21394632756710052,0.0017676767893135548,0.1808556169271469,0.00110832997597754,0.27256567788370134,0.13653766596717656
0,0.5331844259582396,0.5467042326927185,0.6502418585769766,0.5787995358637081,0.7788729667663574,0.7778216600418091,0.36332958936691284,0.4780796766281128,0.6098616222878338,0.5853962774459773
1,0.4204378160239517,0.2961297035217285,0.05829097201258521,0.32344082873148444,0.3733634948730469,0.01868470571935177,0.25233590602874756,0.21084879338741302,0.38950309392921934,0.25113687951196917
0,0.5226554146240052,0.6566051840782166,0.39947292961268094,0.5976470852010015,0.5619642734527588,0.8597536087036133,0.507080078125,0.4318360984325409,0.5643445710184284,0.5626297849406032
0,0.5263235461003724,0.5029285550117493,0.4940531520746955,0.6922982158842401,0.36642035841941833,0.2471817433834076,0.587326169013977,0.08981208503246307,0.6186271887416774,0.4483972056569554
1,0.8431040809205053,0.9260896444320679,0.9593829695249139,0.8954347357305005,0.9443987607955933,0.9575604796409607,0.9291704893112183,0.8686162829399109,0.8884844257284475,0.9143945492530112
0,0.2874498699679196,0.1622207909822464,0.11755835966643033,0.1877975726594908,0.1834583580493927,0.017618810757994652,0.17113277316093445,0.3204067647457123,0.3003655990693169,0.18373981520076196
0,0.5542161896546278,0.3358708322048187,0.16299877135688998,0.569482984790189,0.6462387442588806,0.9379302263259888,0.7110181450843811,0.7282259464263916,0.475958045960861,0.5667023786882848
1,0.723710094089803,0.8654677867889404,0.9244363731485288,0.880728029924353,0.9199837446212769,0.9998688697814941,0.8233363628387451,0.9129979610443115,0.8475263176896539,0.877219060585045
0,0.4256913473808689,0.31809863448143005,0.07999865176483635,0.14304983867771376,0.29246658086776733,0.13790154457092285,0.16929741203784943,0.3074490427970886,0.36068830032101196,0.23737209656422692
0,0.27887699321104004,0.23370642960071564,0.0626914113448319,0.25647769473029136,0.3527628779411316,0.06401725858449936,0.38436755537986755,0.4588402211666107,0.35091266100858437,0.2622343816163313
0,0.47385077877461507,0.36427173018455505,0.6031174815232244,0.49140022006817813,0.3906749188899994,0.36469098925590515,0.5650858283042908,0.40734124183654785,0.5797342541030684,0.4594887166622271
0,0.39316822772808907,0.4289464056491852,0.09725247972984115,0.4972340899835686,0.2960812747478485,0.6503012776374817,0.29651692509651184,0.2837502062320709,0.347860967363829,0.36387473651624636
0,0.33401396700785385,0.35740432143211365,0.46203759205972944,0.3749894157643512,0.3607602119445801,0.927064061164856,0.33639511466026306,0.33841457962989807,0.3629024057231765,0.4253722113286436
0,0.4682654015207296,0.2912231385707855,0.07199630969892905,0.2985500069955671,0.6732924580574036,0.6530704498291016,0.49133163690567017,0.22946512699127197,0.377423690841006,0.39034144995770786
0,0.26376772084373057,0.23153774440288544,0.020005551730322785,0.10943180214411323,0.34779638051986694,0.0004081056104041636,0.41866376996040344,0.041758280247449875,0.3184430273097938,0.18334226956583022
1,0.26049164771767425,0.2191009819507599,0.011406921799889164,0.19585045633381004,0.03796832635998726,0.018066421151161194,0.12368699163198471,0.08492393791675568,0.25616535213510516,0.12396967463234623
0,0.47376409223670235,0.5357421040534973,0.7492347382925892,0.4952736946123437,0.4565731883049011,0.3690761625766754,0.5719689130783081,0.437349796295166,0.6645989152444226,0.5152870751102621
0,0.19403650247697182,0.08326445519924164,0.006013318786151377,0.09971212497646842,0.11844980716705322,0.0007507448317483068,0.2062329202890396,0.2960519790649414,0.2334442887338885,0.12583067611289597
0,0.38130639513048414,0.5333377122879028,0.11790112155662397,0.4963480647158997,0.24411574006080627,0.14036689698696136,0.26926013827323914,0.3125910460948944,0.4421699597187878,0.31928167402335156
0,0.5037935487692691,0.5048177242279053,0.10946815821678503,0.4887326300227252,0.43735331296920776,0.4942942261695862,0.41542595624923706,0.4127606749534607,0.4675078428209089,0.42034994065749853
0,0.2955800169972068,0.35249894857406616,0.03952620700237071,0.23969559953054584,0.22020229697227478,0.04680679738521576,0.3255755305290222,0.01526864804327488,0.3372455357183285,0.1984639197402911
0,0.4968762500390012,0.5186967253684998,0.11810077706326812,0.5158208338624061,0.5447558760643005,0.06976623088121414,0.5660179853439331,0.7023932337760925,0.5875972859178924,0.4469130262749251
0,0.5109953346977708,0.7622218132019043,0.7126409506272667,0.7140370710558527,0.5691125988960266,0.17655876278877258,0.5743263363838196,0.8904763460159302,0.7802475074698078,0.6222416510232023
0,0.2968488630990276,0.30608195066452026,0.43073168319603616,0.2961049554281558,0.3518691956996918,0.35405194759368896,0.3110923171043396,0.0639617070555687,0.38719579350825983,0.3028244120300566
0,0.32738493813819786,0.1640179604291916,0.27168900504668597,0.07510672715024555,0.3598417043685913,0.26875928044319153,0.31329089403152466,0.8150613307952881,0.3681997981934821,0.31745778142148007
1,0.7123177095113178,0.8086596131324768,0.8695953355324892,0.8202652787911222,0.8356878757476807,0.9718571305274963,0.9009367823600769,0.7151889204978943,0.8258669224198509,0.8258265770273154
0,0.3051005931341755,0.10843741148710251,0.051317742044566246,0.10039917853974113,0.356209933757782,0.02359793148934841,0.3433055579662323,0.21578994393348694,0.3051145752288094,0.1895528770948534
1,0.5709672234482763,0.7270986437797546,0.22548760686827196,0.5315724380104345,0.772278368473053,0.7541323304176331,0.5408502221107483,0.42327794432640076,0.5921520864977521,0.5658027974151205
1,0.28210282578868834,0.36299392580986023,0.027876025576884914,0.2606241243911568,0.1738230586051941,0.05418701097369194,0.25495731830596924,0.1786397397518158,0.3284083830100967,0.2047498818239199
0,0.7328423707368618,0.8630714416503906,0.9345274364291113,0.890026682845176,0.6728541851043701,0.8331854939460754,0.8231183886528015,0.6626543998718262,0.8439157160493618,0.803289951824479
0,0.5794691742891325,0.6021877527236938,0.3609580472882129,0.6578399478146321,0.3996381461620331,0.06909599900245667,0.6001376509666443,0.4670320749282837,0.678115051765982,0.4782742890990771
1,0.32397039653408555,0.16080042719841003,0.13623017488818914,0.13832939628304636,0.26335805654525757,0.008254654705524445,0.3063950836658478,0.007595989387482405,0.3215994059440435,0.17338465769701106
0,0.38787705351895524,0.32610049843788147,0.1319743887876631,0.37502322333692895,0.36442211270332336,0.24577513337135315,0.51739901304245,0.29994750022888184,0.41891954411583127,0.33234378531022724
0,0.1373359690026393,0.04479698836803436,0.0006977952409684928,0.060983849298684015,0.18154211342334747,0.07983138412237167,0.16452890634536743,0.08886099606752396,0.19363652710122753,0.09409913255569749
1,0.33589316045659956,0.3669714629650116,0.37440136659161394,0.2983751543312148,0.4422987401485443,0.6149406433105469,0.4794117510318756,0.4596675932407379,0.4217416447216571,0.41442534205968523
0,0.2411802242674604,0.29845741391181946,0.023813786905298444,0.22076077672098454,0.15544503927230835,0.0055924360640347,0.15456277132034302,0.13422508537769318,0.28753727708742705,0.15989710703922405
0,0.31137513202834677,0.13966642320156097,0.036860148388047013,0.050778546933818475,0.2278464436531067,0.04580971226096153,0.3846481442451477,0.1753837615251541,0.2992359225324487,0.1728847609666338
1,0.5849001993467288,0.5752028226852417,0.8592924500254703,0.6190491766288877,0.6164136528968811,0.5697076320648193,0.7089885473251343,0.05168643221259117,0.7207734118379988,0.5789858728996689
0,0.2543866442787898,0.022856930270791054,0.0416285404783347,0.023062517416998694,0.23475754261016846,0.0006229740101844072,0.3734586238861084,0.12804926931858063,0.25991198790200726,0.13546659272740852
0,0.5037963393979692,0.690377414226532,0.6707972209622826,0.6980394652817695,0.42916348576545715,0.7096627354621887,0.8035076856613159,0.46373632550239563,0.6902836996291611,0.6204768781211205
1,0.7701271230251389,0.9231148958206177,0.9921628617026962,0.9231397291831662,0.9593720436096191,0.9850694537162781,0.8746303915977478,0.919165313243866,0.8783058287172757,0.9160268077224294
1,0.6569555407430164,0.7872613072395325,0.8209678655603047,0.6223431898912647,0.7264957427978516,0.9485694766044617,0.7919610142707825,0.8236386179924011,0.7844359771689664,0.766326232720158
0,0.18041697122149702,0.03575549274682999,0.002501636195078656,0.11448558348549674,0.22289057075977325,0.015551626682281494,0.12551194429397583,0.20304034650325775,0.21346404423893153,0.11295754027929794
1,0.3881614886794793,0.562353789806366,0.26999285915034027,0.4906114884439097,0.5533819794654846,0.25106897950172424,0.528066873550415,0.26260241866111755,0.5385244943634593,0.4188020833836935
0,0.28843467622097974,0.2169118970632553,0.06046579882952832,0.23127608269218114,0.2916753888130188,0.03697340190410614,0.2939002215862274,0.20874403417110443,0.32014888843609124,0.20711962374414825
0,0.3172951328576244,0.19553999602794647,0.07486283824016297,0.26200807049547414,0.23521827161312103,0.012290791608393192,0.34076473116874695,0.3265348970890045,0.34057968284924306,0.2237907987677629
0,0.42584904220824293,0.13405515253543854,0.037664444374980094,0.21098762668102028,0.3543889820575714,0.20767979323863983,0.4843733310699463,0.22506538033485413,0.34654511013141875,0.25944790605196427
0,0.3861458523636132,0.18450802564620972,0.04269260493061033,0.2716200614753141,0.3243078887462616,0.36913812160491943,0.3678757846355438,0.3685741126537323,0.3179907487971585,0.2853214061393238
0,0.5132178110550809,0.5110597014427185,0.5726439302559233,0.6730172523229115,0.6521063446998596,0.33319538831710815,0.7344856858253479,0.5785912871360779,0.6926181228993069,0.5746416814761107
0,0.4880582323138274,0.5355614423751831,0.18860515194962854,0.4499527794722264,0.3749852180480957,0.2033148556947708,0.5545237064361572,0.40930959582328796,0.5476862874186347,0.40579044868940745
0,0.40339859684319535,0.30188319087028503,0.07936734613887107,0.27257607184535904,0.571472704410553,0.5545670986175537,0.45922791957855225,0.3759746253490448,0.36825020185849383,0.37069196860365705
1,0.5044360166982315,0.569918155670166,0.350610118912599,0.5461677967825771,0.4334149658679962,0.4485984146595001,0.6428196430206299,0.581131637096405,0.6000464131325732,0.5100012980570442
0,0.156750268491736,0.07806632667779922,0.00023361039795662513,0.04483442537750645,0.04049902781844139,0.0016728448681533337,0.06475656479597092,0.014920367859303951,0.1894347173680462,0.052612371362712254
0,0.27217390794797003,0.2504032552242279,0.13233162455899697,0.17024387516872772,0.14490899443626404,0.0003690703015308827,0.229483962059021,0.1158805787563324,0.314625188873202,0.16999351051369418
0,0.21730361477266624,0.1373572051525116,0.009106623289761036,0.03594333695175615,0.05359100550413132,0.0042945099994540215,0.15289798378944397,0.034402042627334595,0.22525118833933677,0.08372975818722347
0,0.20038178824611858,0.10870376974344254,0.008098997167124705,0.052524318800130095,0.28513041138648987,0.0002903783752117306,0.4125487506389618,0.03817351162433624,0.26231163709224603,0.139971721805552
0,0.22588799513645277,0.3688005805015564,0.03711388500957791,0.21593833798993103,0.15289850533008575,0.021901482716202736,0.23804756999015808,0.21830078959465027,0.314720509740302,0.1898079095121799
0,0.17868723392335834,0.03338419273495674,0.001512208572884672,0.05270983798855107,0.021653886884450912,0.0012184015940874815,0.08473126590251923,0.03911292925477028,0.18910803575999569,0.053526789781698836
0,0.5628239824915225,0.43172305822372437,0.020520924127662297,0.508227163198347,0.3846587538719177,0.06896675378084183,0.5602232217788696,0.1627219170331955,0.5149932970800962,0.3468497564730427
0,0.49253986109116815,0.6762331128120422,0.9297977770085247,0.7455568793578811,0.621687114238739,0.8706110119819641,0.43404221534729004,0.7894761562347412,0.7016720033665311,0.6906810666545349
0,0.2669841611773674,0.09801845252513885,0.007865061672027331,0.08750924286309349,0.2687273919582367,0.0006066865753382444,0.23716361820697784,0.5754979252815247,0.28291875372239444,0.1912884624979011
1,0.2628872986179387,0.15337863564491272,0.013231560661717188,0.17953794186989094,0.14396263659000397,0.07711764425039291,0.2321728616952896,0.17103464901447296,0.26064668781399136,0.15596907275876865
0,0.29282682413234934,0.4059569239616394,0.1939437378318733,0.31056577801089186,0.21276302635669708,0.22426597774028778,0.22815048694610596,0.2890545129776001,0.36425656815597074,0.272378587179292
1,0.6332564837555643,0.6628707647323608,0.5182510114357236,0.5089647509459716,0.6768933534622192,0.9852167367935181,0.793412983417511,0.951189398765564,0.6878923278218386,0.7046666232478249
0,0.32637161296663414,0.16540135443210602,0.008202305016315789,0.1759937054843601,0.446746826171875,0.40486371517181396,0.3811383545398712,0.32717764377593994,0.28835366346455943,0.27333059441743335
0,0.4531038139232389,0.24504892528057098,0.07698531738849422,0.2403776440947319,0.108082614839077,0.2769705355167389,0.4265824854373932,0.40561753511428833,0.3647747831857283,0.2777862093596086
1,0.29042662741753583,0.24629347026348114,0.10621204701000955,0.21352387102015788,0.3505972921848297,0.5222763419151306,0.15729008615016937,0.1635170876979828,0.2593653744057076,0.25126125290572443
0,0.35996490690315874,0.529021143913269,0.49415868135828095,0.32772442511882277,0.41601985692977905,0.3513600826263428,0.41467389464378357,0.3723696172237396,0.5262259755290827,0.41030300604140213
0,0.26777008268862884,0.4114524722099304,0.10833324830506298,0.28693198307360424,0.04761969670653343,0.005994874518364668,0.19099363684654236,0.16324660181999207,0.3411363828306347,0.19298844879169594
0,0.42285362029748247,0.32130616903305054,0.01140211406471156,0.24455873259024824,0.22942274808883667,0.020295148715376854,0.30797427892684937,0.38883617520332336,0.3873004305402222,0.24808957082665317
0,0.18863986137881558,0.03269200772047043,0.005827579208470804,0.0270065272836825,0.02216007374227047,0.00024161351029761136,0.14335232973098755,0.04671269282698631,0.19704787246593256,0.05989843716125443
0,0.2947109301610067,0.21225664019584656,0.042230280621825135,0.18701221767966328,0.29843243956565857,0.003681598464027047,0.31209906935691833,0.02610594592988491,0.3123695387135042,0.1774582950839919
0,0.4356390777517812,0.4973430037498474,0.4560936307737284,0.22975106659603795,0.6432676911354065,0.8972770571708679,0.5222111344337463,0.9900740385055542,0.5214417220657533,0.5686539274422009
0,0.5069348569642426,0.5791342854499817,0.8187293751390194,0.5053439764194142,0.5082435011863708,0.3795318007469177,0.5201224088668823,0.3992439806461334,0.6937284860325907,0.5328250850945291
0,0.46418900152355164,0.2683489918708801,0.07803604068894027,0.3421973921294879,0.34311211109161377,0.28918349742889404,0.582025408744812,0.30787819623947144,0.41689190639184015,0.3341157338187377
0,0.4596204060553346,0.3539738357067108,0.2749561439749888,0.4051304091487789,0.4043141007423401,0.21817177534103394,0.33287379145622253,0.3324667811393738,0.4682373515764829,0.3517935839538189
0,0.1655918261218739,0.04295811802148819,0.004507704382146633,0.04721854206704874,0.12988515198230743,0.03868022561073303,0.1435386836528778,0.012696955353021622,0.19548482158015884,0.07419691191553406
1,0.4318709857732064,0.4989107847213745,0.08023897193710361,0.45679867179523054,0.2115785777568817,0.009099222719669342,0.387428343296051,0.47330543398857117,0.4841652466188325,0.32655662283294995
0,0.2505556286415303,0.1300223469734192,0.01785757378066654,0.13998460217436104,0.23346400260925293,0.07521561533212662,0.4478510618209839,0.23023316264152527,0.28811661556644713,0.1904962065515149
0,0.27407463427820117,0.11667980998754501,0.18909643552838895,0.06554528385419947,0.11735940724611282,0.041184671223163605,0.25038647651672363,0.18606169521808624,0.29041827460143027,0.1570477431998485
0,0.5069283762610123,0.5385218262672424,0.4499177940613447,0.32535681585216114,0.5558118224143982,0.7390936613082886,0.665783703327179,0.53423011302948,0.5720144072953106,0.5327142612323607
0,0.21572155859135322,0.05870550498366356,0.004133771944685212,0.0469854369829639,0.02574794739484787,0.003101937472820282,0.14427976310253143,0.023147232830524445,0.2072296782044777,0.06764894856713427
0,0.2038369795625312,0.16647030413150787,0.0021706656078046404,0.08493459907777799,0.18365134298801422,0.01131641585379839,0.2362002581357956,0.002729595871642232,0.24425575468069616,0.1148249074726849
1,0.16991923920301347,0.14231537282466888,0.02034457721583812,0.1159663753814928,0.06691110134124756,0.1313212662935257,0.18218223750591278,0.10084744542837143,0.21379789038215943,0.11625665827084251
0,0.33059476960779854,0.4409593641757965,0.02591428961012654,0.2945516468510811,0.40834128856658936,0.7136613130569458,0.39798665046691895,0.3051552474498749,0.32059835097564643,0.3564712910899872
0,0.22498377746518333,0.14239370822906494,0.04332229143803451,0.15661747781580113,0.28211739659309387,0.0011576004326343536,0.2164793163537979,0.0022035608999431133,0.26144825939063676,0.1379443880996871
0,0.45808855909821466,0.3887445330619812,0.12357680624252873,0.385470689785318,0.44099733233451843,0.6098775863647461,0.4092400074005127,0.2692372798919678,0.3922511537036709,0.3816257101858066
0,0.5554506080986152,0.4210391044616699,0.5630822950466189,0.39448782025610873,0.5491475462913513,0.7190733551979065,0.6465805768966675,0.63273686170578,0.5943802422097583,0.5532110651949034
0,0.18646159053469344,0.08346420526504517,0.006062233452503727,0.13809845352002154,0.16363480687141418,0.015870677307248116,0.13629423081874847,0.22527849674224854,0.2236499698452476,0.12040874634291338
1,0.6168244719942898,0.5460551381111145,0.11186942917294307,0.5243734734642388,0.8164361715316772,0.7601868510246277,0.7213908433914185,0.553354799747467,0.5713953349358022,0.5748132401724517
1,0.567346330135533,0.8742591142654419,0.9497646482314618,0.93179952009013,0.6319115161895752,0.982271671295166,0.4980557858943939,0.6962441802024841,0.7669505643992333,0.764891778601245
0,0.6542731499899762,0.5850786566734314,0.2508444248011641,0.5698246826773141,0.7685567736625671,0.041273798793554306,0.6975552439689636,0.7895793914794922,0.7294663097721859,0.5525631932239172
0,0.4394714672999318,0.565149188041687,0.3795670870491627,0.6718231160091159,0.4834039807319641,0.5138654112815857,0.5512714982032776,0.4796224534511566,0.565908919362747,0.5110615307261259
1,0.8303060404892613,0.9417681694030762,0.9029363677984273,0.8906747989285935,0.9224933981895447,0.9589418172836304,0.8514621257781982,0.9709219932556152,0.8791476437826383,0.9067527567267786
1,0.4408908607696372,0.4946032166481018,0.379999833097258,0.6663280893739547,0.6915712952613831,0.8903043866157532,0.23689311742782593,0.2946687340736389,0.44810972242215696,0.5066352777453116
0,0.12806163067811416,0.004950433038175106,0.004235194842201907,0.007895923611727439,0.03991546109318733,0.00014862220268696547,0.10785000771284103,0.00020502331608440727,0.17470658009580753,0.03767984396485319
0,0.3623075956937545,0.07287085801362991,0.04527025287982826,0.05904410596366965,0.3253311216831207,0.14489702880382538,0.2582932114601135,0.2525566518306732,0.2833667458071767,0.18899123393114642
1,0.41811019019717854,0.2219635546207428,0.045267574863263646,0.1615729917690378,0.28756245970726013,0.0604395754635334,0.3356010913848877,0.23287369310855865,0.35823457688762467,0.22397435566370283
1,0.44548058303501514,0.4584900736808777,0.26902425285118964,0.3203435153848579,0.46257469058036804,0.23615507781505585,0.683623731136322,0.22676895558834076,0.5364235816913994,0.39159182476463594
1,0.33123638672705497,0.05663266405463219,0.04143950750487337,0.08002339917384922,0.36678972840309143,0.5079225897789001,0.48795244097709656,0.37128281593322754,0.2656491708723541,0.2696761579402464
0,0.2695998056964367,0.2156221717596054,0.07552527129688391,0.23301577292820028,0.012067091651260853,0.0010998825309798121,0.2165864259004593,0.10197815299034119,0.28490777109036836,0.14618359306100842
0,0.18073795852573638,0.04423055797815323,0.0020426569324539733,0.02982083156346215,0.07385475188493729,0.002800755202770233,0.12572069466114044,0.0002047822199529037,0.19591638739645295,0.05944979967167936
1,0.7551989982279745,0.7309425473213196,0.5931539847019255,0.7403034959441996,0.7864384055137634,0.8738082647323608,0.8004908561706543,0.5726847648620605,0.7653887383044107,0.7295374005462214
0,0.6599449284384901,0.7181116938591003,0.6784892203828766,0.711466198102534,0.20177386701107025,0.013042501173913479,0.6154125332832336,0.5788379311561584,0.7871805853988858,0.537467530137655
0,0.4623341111453279,0.23961840569972992,0.00562124403070464,0.2962300950333894,0.4895264804363251,0.46919992566108704,0.3849678039550781,0.5575589537620544,0.36074408986888434,0.3567031092715651
0,0.5036369235681791,0.6133513450622559,0.37667386326950647,0.5870666752632097,0.47603538632392883,0.6252524256706238,0.6063615679740906,0.4423888921737671,0.5836719614715915,0.5278365688812587
0,0.2685413700556094,0.11046524345874786,0.007060734501551581,0.0946382641494914,0.02767767384648323,0.0010968277929350734,0.23887038230895996,0.12978769838809967,0.24792220106788027,0.11243462930277084
0,0.21802223964387749,0.12577691674232483,0.006270987095522935,0.10694377193815836,0.10012005269527435,0.012041929177939892,0.3387982249259949,0.15149694681167603,0.2548985274298261,0.13404037907004743
0,0.24165056296803564,0.19361281394958496,0.6359667559724272,0.14309908943978178,0.20184879004955292,0.003192543750628829,0.22226004302501678,0.012743274681270123,0.40082774879168925,0.21420845193204488
0,0.6407814560325561,0.5343394875526428,0.5841764966963056,0.6085021931917525,0.7831925749778748,0.9876962304115295,0.8791226148605347,0.6462987065315247,0.6833142122164791,0.6982791689891067
0,0.5240414771496003,0.5510246157646179,0.35145051349480144,0.3091784225800282,0.5456165075302124,0.4749739468097687,0.5436871647834778,0.46469298005104065,0.5714232725048177,0.4700493261290739
1,0.4115734251457881,0.3572196066379547,0.24679589241554906,0.3841125166930198,0.4799095690250397,0.42737582325935364,0.4394090175628662,0.4026942253112793,0.44078883158474286,0.3917255846473623
1,0.4619625308507963,0.6544576287269592,0.29364011049074423,0.41131610782552985,0.23169974982738495,0.1496811807155609,0.3407415747642517,0.1741703748703003,0.5408011433334213,0.35022457882885627
1,0.7730620832982428,0.6733428835868835,0.7335758743600008,0.8071868111585165,0.8672154545783997,0.8254472613334656,0.8634958863258362,0.9448748230934143,0.8162444889986175,0.8070173736457711
1,0.36568626619586747,0.2242019921541214,0.04089251806942973,0.14769246109223982,0.09464171528816223,0.026798928156495094,0.37134402990341187,0.49492543935775757,0.349029302715664,0.2220371805748817
0,0.28219974627434297,0.4386143386363983,0.5317066587873984,0.31432019679195283,0.4046674966812134,0.8868083953857422,0.2766035795211792,0.5010799169540405,0.38901022821242087,0.44336448941789075
0,0.3012505473960996,0.17290613055229187,0.4539499809106698,0.20962376154060086,0.16946865618228912,0.018289834260940552,0.17886017262935638,0.005035406444221735,0.3646365736206244,0.19606320866064636
0,0.4843095615190952,0.5388967394828796,0.20940145846902308,0.4769142002199477,0.5877610445022583,0.7191683053970337,0.7661195397377014,0.49682265520095825,0.5342387921040375,0.528336124236993
0,0.6479218987113583,0.8091236352920532,0.9478776282646643,0.8056662695961248,0.843011200428009,0.8556773662567139,0.6722951531410217,0.5799767971038818,0.8077849420037663,0.7706730512098734
0,0.45399499929755316,0.2944367825984955,0.14195609221667743,0.3570522415189845,0.23690807819366455,0.2604829668998718,0.4516122341156006,0.28685906529426575,0.40996594115171353,0.31202285712906724
1,0.6451130232189048,0.6193372011184692,0.5127167214284911,0.6963329458082737,0.8822178244590759,0.056014370173215866,0.7111861109733582,0.6140023469924927,0.7864481178062792,0.6035370308355148
1,0.536833809938333,0.629275918006897,0.44618453958028453,0.6102249009899923,0.7117176055908203,0.883767306804657,0.6488052606582642,0.9300915002822876,0.6343688359569096,0.6648236322809244
1,0.7428762942361123,0.6838914752006531,0.6199657843571825,0.7404120323183098,0.8026347756385803,0.8808865547180176,0.7484225630760193,0.6537048816680908,0.75579022239943,0.7307940019227787
0,0.4940023264437072,0.5352920889854431,0.45338844818838137,0.4692969045212847,0.6279659867286682,0.896948516368866,0.7097680568695068,0.7427560687065125,0.5786764840735711,0.6050814707405738
0,0.16120924550715052,0.019564224407076836,0.011269956522989143,0.04559093309680261,0.1994709074497223,0.0036109883803874254,0.13959640264511108,0.09390291571617126,0.20169720759056053,0.08503645755869313
0,0.3281965162493297,0.20191460847854614,0.0862278892989674,0.21256295272826714,0.4313812255859375,0.07594594359397888,0.353160560131073,0.39140745997428894,0.35812711347531523,0.2612250175077927
0,0.17119715559671342,0.06203640252351761,0.00012164945119966997,0.020592689210695903,0.3108365833759308,0.3129800260066986,0.1081966981291771,0.08488970994949341,0.18196075205574794,0.12883047828896077
0,0.3266989106189706,0.33219173550605774,0.01719408328546732,0.3505970718959768,0.37084153294563293,0.7078535556793213,0.2102099508047104,0.15537966787815094,0.2622320784227136,0.30189649239197885
0,0.5352406962289813,0.8664736747741699,0.879940036331203,0.8909861494877812,0.6429917812347412,0.9330413341522217,0.49330198764801025,0.9614647626876831,0.7604765524023791,0.7715527267268253
0,0.30143607059923083,0.06244150921702385,0.0018933319090106739,0.041111432443589904,0.006841431371867657,0.0004281647561583668,0.14715693891048431,0.034251052886247635,0.22741573010066823,0.07768512902157389
0,0.4418873675837622,0.24654346704483032,0.03823422480771378,0.23479829978194874,0.7029004096984863,0.7519358992576599,0.7373564839363098,0.573059618473053,0.3912144034480957,0.45172564969768925
0,0.23330973151219744,0.20336835086345673,0.01361256050442547,0.10372833218443975,0.21068057417869568,0.0001321183081017807,0.33051902055740356,0.011432142928242683,0.27803361789719633,0.14246261685339834
1,0.27891123711821386,0.07357964664697647,0.008367288860573715,0.09822699899872268,0.35427337884902954,0.40309303998947144,0.32823094725608826,0.111575186252594,0.2303985548074491,0.20093543393254812
0,0.14147124359769625,0.033148907124996185,0.0009622977353075873,0.03900307618014755,0.08891519159078598,0.0033606565557420254,0.13204331696033478,0.03630853816866875,0.18858702784788578,0.06060243396627889
0,0.37454581821031807,0.277653306722641,0.10668645602731117,0.17941261031147324,0.05039316415786743,0.00681957695633173,0.3017430007457733,0.3336162567138672,0.36153273318356544,0.2084262453267618
0,0.2751696809017693,0.2305062711238861,0.24277684854668302,0.20458910729342927,0.048374053090810776,0.01641739346086979,0.1976645588874817,0.1933542788028717,0.3265153079468603,0.18130467380529827
0,0.26069027023886937,0.20663465559482574,0.03211891937271242,0.1279382017493235,0.11695581674575806,5.725361916120164e-05,0.10467419028282166,4.5320655772229657e-05,0.2556097418301607,0.11178599094233951
1,0.8761407549071967,0.9575929641723633,0.9879692745364003,0.9581986620026001,0.9090831875801086,0.942484438419342,0.9158570170402527,0.982003390789032,0.9015546452030235,0.9407388173853457
0,0.21489958813873128,0.2178589403629303,0.012662295876859962,0.14172428679205573,0.2946320176124573,0.32252153754234314,0.45325103402137756,0.21701300144195557,0.27046125154268524,0.2298394776793591
0,0.14509635657084122,0.020710047334432602,0.00787293917100066,0.023649846764786008,0.05511702969670296,0.009622199460864067,0.11423659324645996,0.0389278382062912,0.1837389906201778,0.05284805162526228
1,0.4934167393663858,0.4816521108150482,0.023188251789602324,0.41562042679409433,0.37855589389801025,0.6052936315536499,0.4706704020500183,0.39499804377555847,0.4180981265135747,0.40389190886653004
0,0.4495681176915525,0.23565338551998138,0.19546138841047767,0.3617674408942175,0.187540203332901,0.1471506804227829,0.43474382162094116,0.32774966955184937,0.41847163391651193,0.29564322429739776
0,0.4283888776192439,0.3722747266292572,0.14450539290507614,0.30021113532191496,0.5848537087440491,0.7540103793144226,0.8164284229278564,0.5916655659675598,0.4516759534855906,0.48671388711449315
0,0.35429150505282647,0.25005054473876953,0.35802563485924793,0.1311636442665268,0.3191451132297516,0.14962002635002136,0.40639179944992065,0.1896137148141861,0.4138096251229123,0.2724515509835396
0,0.3079375568095528,0.1722220927476883,0.002724447539374487,0.12734430975361227,0.2968508005142212,0.0346410758793354,0.3247157335281372,0.21800261735916138,0.30332511412394436,0.18767428866722463
0,0.16610141389302055,0.09128071367740631,0.05421242371668244,0.0502914427207306,0.13882766664028168,0.037723805755376816,0.1344691514968872,0.1934778243303299,0.2192973874720241,0.10862897209960239
0,0.23860367798699372,0.20799805223941803,0.06148107451855323,0.12238561402584826,0.059833671897649765,0.004168201237916946,0.13306115567684174,0.1216929703950882,0.2600676010113731,0.12295128019636542
0,0.43041586293599093,0.6196449995040894,0.7424758297487223,0.47546908114831293,0.6035972237586975,0.9071274995803833,0.3123149275779724,0.26561716198921204,0.5550685252099146,0.5405351959411988
0,0.721926830074779,0.7731655240058899,0.7799534391250704,0.769235600513253,0.8497875332832336,0.8581891059875488,0.8538061380386353,0.8283655643463135,0.8179629415052686,0.8012458649230696
0,0.22765314409500195,0.01044395286589861,0.004533915094336825,0.016744527826894118,0.03649619594216347,0.017069997265934944,0.16176585853099823,0.022321118041872978,0.20138637483744715,0.06355937382376685
1,0.4258668110335173,0.3579378128051758,0.15798206669903606,0.3404800142578393,0.39690834283828735,0.44234782457351685,0.4601097106933594,0.3271632790565491,0.4108560010018534,0.36145599784313454
0,0.21450554987907805,0.09343378245830536,0.011736426028360024,0.06988994657359618,0.06952938437461853,0.001209174981340766,0.1522676795721054,0.12860876321792603,0.2235821356522855,0.09472185257329371
0,0.11824324477142914,0.03792470693588257,0.0010493809956342711,0.02850870046072525,0.09585997462272644,0.001495908829383552,0.12236662209033966,0.0012453515082597733,0.18242319723253375,0.05215828065077588
0,0.32133377265706964,0.1404036432504654,0.07541598659167206,0.1246917546370664,0.29569756984710693,0.27876773476600647,0.3069549798965454,0.2857227027416229,0.2851501928473739,0.22531699050929965
0,0.6435019432187922,0.5456420183181763,0.19053773476137895,0.40653512608792114,0.712569534778595,0.6421247124671936,0.7748668789863586,0.7829424738883972,0.6218514205903083,0.5808586382107075
1,0.7087786837306648,0.8051272034645081,0.9000622805916684,0.753143757190791,0.9382940530776978,0.9197052121162415,0.681790828704834,0.7333198189735413,0.8168445056256829,0.8027849973904609
0,0.449011231941864,0.4624885320663452,0.2234057386598902,0.1433658164758965,0.34048646688461304,0.01411685161292553,0.42020222544670105,0.1541564166545868,0.49281359021654275,0.2844780693539867
0,0.25656679667091964,0.05168978497385979,0.004490952789083327,0.09850629866638905,0.2301545888185501,0.11446667462587357,0.29985666275024414,0.253950834274292,0.24654468878436378,0.1619041349443133
0,0.40591715169459347,0.16416533291339874,0.016959193918024126,0.2347479418032618,0.1557397097349167,0.09709148854017258,0.2331700325012207,0.24239963293075562,0.30902262387876595,0.1965292028566283
0,0.17815993769251676,0.046092014759778976,0.01037087615640903,0.05291756275949357,0.21206776797771454,0.0045133475214242935,0.2717820107936859,0.003022965043783188,0.22149349955501577,0.09893786622104284
0,0.1214115371574784,0.022380545735359192,0.002542565288707241,0.03338549628628717,0.032199129462242126,0.03162895143032074,0.14133138954639435,0.01593347266316414,0.17722846222293098,0.050531885867715794
0,0.23138242324595004,0.22531555593013763,0.018709165271695694,0.13872362051297701,0.07282724231481552,0.029495347291231155,0.19313542544841766,0.18544058501720428,0.2626941420668016,0.13993419283745348
0,0.39280938286442013,0.2443719357252121,0.06480952304709303,0.14205671247544674,0.2569551169872284,0.0012841448187828064,0.20936919748783112,0.07577046006917953,0.3376261346392228,0.17997427061297597
0,0.5930204976820568,0.7139492630958557,0.8624808215549726,0.6446660611733263,0.4968227744102478,0.837513267993927,0.6248811483383179,0.5971831679344177,0.7296635183037746,0.6691524790208617
0,0.5463479834772339,0.5576067566871643,0.1622753696101447,0.5437836037322314,0.5821952223777771,0.5319729447364807,0.3771856427192688,0.5241252183914185,0.520989385652875,0.47771074440864547
0,0.30623256608579547,0.33894312381744385,0.16262734622847788,0.1750865135988431,0.5275710225105286,0.016824914142489433,0.3807344436645508,0.12290800362825394,0.40645968607952754,0.25981742480211834
0,0.2149170648196688,0.21609707176685333,0.07221947109520867,0.12656714422162674,0.21813122928142548,0.0018473687814548612,0.225038081407547,0.02246539294719696,0.2758065526893444,0.1419032890007019
0,0.4657298167340765,0.6519284844398499,0.2634969274867786,0.43926106001466625,0.5278962850570679,0.4709213078022003,0.23757314682006836,0.44357797503471375,0.5140191613884871,0.43950976818729337
0,0.26701880453204574,0.06963606178760529,0.029050490394100816,0.07457141110330155,0.30949023365974426,0.011785853654146194,0.29681411385536194,0.03267602622509003,0.26300506068032253,0.13882729501028154
0,0.1292504044706499,0.0268278568983078,0.0034556430226607314,0.037980788091024065,0.21587881445884705,0.07225513458251953,0.19215871393680573,0.15107415616512299,0.1962200634494148,0.10194383328228383
0,0.5237028047467537,0.5195889472961426,0.28314884204566965,0.5298642589059127,0.36736223101615906,0.1118382066488266,0.5695599913597107,0.36176711320877075,0.5956814547756614,0.4169920521496543
1,0.46540440921652965,0.4535302519798279,0.390906986450413,0.5250605798119874,0.37754374742507935,0.28735801577568054,0.4511876106262207,0.4976719319820404,0.5488975071703426,0.4344740775170919
0,0.15375179524382956,0.045131225138902664,0.0003925760861924524,0.013786904846425283,0.035827528685331345,0.001976103289052844,0.12176303565502167,0.0425720289349556,0.18854791327753492,0.0532134366175732
1,0.35481659300716245,0.37558862566947937,0.25846879032029735,0.4821572546574307,0.37715238332748413,0.680128276348114,0.4433586299419403,0.25315341353416443,0.3807953301272107,0.3977577337912298
0,0.16053472678954225,0.024528898298740387,0.006667639931044026,0.025636011173394195,0.03415633365511894,0.013099473901093006,0.10242009162902832,0.020741965621709824,0.18421095439215188,0.049766387164831644
0,0.4798006939277199,0.2229066789150238,0.05174993754896166,0.5034179655144587,0.3754727840423584,0.4438483715057373,0.3782823979854584,0.32339704036712646,0.3642872021693585,0.3452200984519443
0,0.09330172136607169,0.01249588280916214,0.00013047456843970532,0.01601723738642914,0.003936280030757189,0.0012854052474722266,0.05967717245221138,0.010360263288021088,0.16290808750117847,0.02552280365121074
0,0.18597375739986244,0.0790666714310646,0.013638298229228624,0.13769779267005686,0.06337157636880875,0.011217772029340267,0.1191004291176796,0.044223058968782425,0.20890874852143007,0.08455178854046203
0,0.2853501360484029,0.24148423969745636,0.12949725129942652,0.20942695967230018,0.27535682916641235,0.20203523337841034,0.2756771147251129,0.15055108070373535,0.309985467792778,0.22236168798458314
0,0.6596367746643392,0.751259982585907,0.3734054722072883,0.7266791402752729,0.6792875528335571,0.7331613898277283,0.7278379797935486,0.7703810334205627,0.7109451931495891,0.6752619759438283
0,0.2202073878478644,0.35340940952301025,0.20714863570105055,0.11477959773683928,0.2352036088705063,0.04084279388189316,0.19622507691383362,0.1627078801393509,0.33591524477205525,0.1962729553082725
0,0.4380841057291518,0.3122590482234955,0.5220018361417171,0.41362450472614687,0.43460947275161743,0.17174459993839264,0.7008115649223328,0.23225730657577515,0.5727556395193217,0.4081849837430642
1,0.23186693968233665,0.19153225421905518,0.050304197888510385,0.13378383449793374,0.015139065682888031,0.0003878628776874393,0.1741355061531067,0.09428314864635468,0.2543886261690031,0.11568549507373788
0,0.11990530480654032,0.023310786113142967,0.0001744181530055618,0.014658695897288262,0.016168339177966118,0.00013937029871158302,0.07023818045854568,0.011481015011668205,0.17131130331134822,0.03323767976338692
0,0.510217204771412,0.17240051925182343,0.23210944492722857,0.38275772534162833,0.4066886305809021,0.403393030166626,0.48671755194664,0.3807342052459717,0.42523356000708656,0.36931376768979207
0,0.3019731950190534,0.22536838054656982,0.11209450119983562,0.18492241790104924,0.4018332362174988,0.04073970019817352,0.4434903860092163,0.40910062193870544,0.37672281904412885,0.26622760565005377
0,0.16756435167397477,0.020256418734788895,0.005460114064489067,0.05776456749384971,0.22008690237998962,0.16637371480464935,0.12181715667247772,0.13686229288578033,0.1883247092549183,0.10928463423019284
1,0.8494737039498682,0.9129326939582825,0.9291647472535866,0.8662787596971676,0.9080432653427124,0.921241044998169,0.9118292927742004,0.867725670337677,0.8839762260312628,0.895160494682361
1,0.6753716544614896,0.4269779622554779,0.8068748003407442,0.4148303424916564,0.834862470626831,0.9407984614372253,0.8091591596603394,0.791732132434845,0.7135136692939709,0.701479649764652
0,0.5385137412989832,0.6073808073997498,0.5079282995677415,0.5072207512474962,0.5337429046630859,0.29896628856658936,0.5762460827827454,0.21167084574699402,0.6531154289634686,0.4807381348969727
0,0.41649543505125614,0.313107967376709,0.05238963720071014,0.2716643449823865,0.45029544830322266,0.3152458965778351,0.2764669358730316,0.24162884056568146,0.35790573002121717,0.2924436462736415
0,0.17971299056169746,0.12993963062763214,0.027628161532102735,0.0980611764918687,0.004080354236066341,0.00029906639247201383,0.10962142050266266,0.023433635011315346,0.21289157300379158,0.0751232884461828
0,0.478970111313137,0.5088087320327759,0.33223006466845084,0.4963281116798158,0.4320080578327179,0.8783009052276611,0.5331745743751526,0.33409127593040466,0.47061575618473106,0.492018912369442
0,0.24796459022929063,0.2211839109659195,0.00977206157423155,0.2095775452215544,0.3241434097290039,0.059165775775909424,0.21734516322612762,0.09578154981136322,0.2812115869895062,0.17675164243932065
0,0.3297030129700375,0.24652141332626343,0.32709946165061443,0.11254028572546637,0.2108045518398285,0.019632257521152496,0.20552270114421844,0.6512848138809204,0.40229816061348034,0.26438410150062436
0,0.19424882658162282,0.08190585672855377,0.0017417715089705292,0.13316998132322172,0.10937491804361343,0.001783622894436121,0.1905055046081543,0.10962530225515366,0.22340941899975603,0.10493497320718762
1,0.29437155812599064,0.16414916515350342,0.008039737193525909,0.24974715903608663,0.39695751667022705,0.012120729312300682,0.38153520226478577,0.19205375015735626,0.32216783858956966,0.21559212314658177
0,0.1859123593682298,0.055369582027196884,0.01790191278728264,0.03160731346069958,0.10994207113981247,0.0002114710077876225,0.1447157859802246,0.00019805783813353628,0.205864002302098,0.07048737260008396
0,0.1818931745244895,0.08986356854438782,0.0039041006199004545,0.11462485257845981,0.18367260694503784,0.0009521273314021528,0.14695776998996735,0.265281617641449,0.22811385936207776,0.12416515867360667
1,0.8304339420730362,0.925370454788208,0.9662957583753438,0.8073625767989834,0.7934373617172241,0.9250637888908386,0.9024577140808105,0.727949321269989,0.8760441603497201,0.860034456142806
1,0.618078776781158,0.30092182755470276,0.2508478351584558,0.1459853348219723,0.6428127884864807,0.0007367162615992129,0.750546932220459,0.5686363577842712,0.6202058145052708,0.41373139158131156
0,0.3610735000322437,0.2063896507024765,0.2224108422777164,0.11154750839361666,0.03253765404224396,0.0009110950632020831,0.34455981850624084,0.36552414298057556,0.3695703783823389,0.20894751974785838
0,0.37871531560508154,0.11055496335029602,0.01378484670506023,0.11852205299224977,0.34776973724365234,0.06168438121676445,0.4816013276576996,0.023331187665462494,0.32373894859191393,0.194671200125531
0,0.363369397182813,0.23377947509288788,0.1712815239384939,0.3558674109000358,0.4033064842224121,0.27808377146720886,0.5552346706390381,0.6155627369880676,0.4182587931093025,0.3684989863195772
1,0.22028958874816326,0.12117850035429001,0.0078081080240276655,0.11795662661440516,0.008729830384254456,0.004274837672710419,0.14058180153369904,0.12438355386257172,0.22592764475662017,0.0959668148187327
0,0.2918527457991457,0.17134805023670197,0.281236607963676,0.1765273633360609,0.012232750654220581,0.00032950466265901923,0.1920562982559204,0.05422239378094673,0.31553545227425994,0.1537111559636868
0,0.25221724877778856,0.15713994204998016,0.06140315848025519,0.1481732639292817,0.21821506321430206,0.017783746123313904,0.25467193126678467,0.07409030944108963,0.27683511751204354,0.15163126892261494
0,0.2658457251158075,0.12239597737789154,0.022858321190880267,0.1475869006151153,0.19200918078422546,0.018645597621798515,0.17198318243026733,0.0013206115690991282,0.2502311462671382,0.12199828562621323
0,0.21959732307611926,0.11388634145259857,0.003353456652639074,0.09396329303095469,0.007042405661195517,0.02926449105143547,0.14748288691043854,0.08064297586679459,0.21879193289308754,0.08928867601820477
0,0.5127611965035421,0.8457611799240112,0.8629876298693541,0.7097809750845098,0.6077858209609985,0.8247525095939636,0.6762031316757202,0.3822692036628723,0.7440491787319093,0.6786906929456733
1,0.8765633745691902,0.9076471924781799,0.9643969148649129,0.8951749153362015,0.9643963575363159,0.9886583685874939,0.8936117887496948,0.8773093223571777,0.888428837317429,0.919457336144808
1,0.8130525957120538,0.8303810954093933,0.8494727588141988,0.7951583010440183,0.8675822615623474,0.8280448913574219,0.8291034698486328,0.9455172419548035,0.8585774653560468,0.8434779150360627
1,0.7199674184164075,0.6933402419090271,0.3869330812911037,0.7990551103949288,0.6995535492897034,0.9104991555213928,0.8161102533340454,0.639674961566925,0.7061252117622062,0.7034220697834834
1,0.47576551187837907,0.4819374978542328,0.28009573138279165,0.48918924987964624,0.3783784806728363,0.08415696769952774,0.44584548473358154,0.37652453780174255,0.5530710147880346,0.3847845289869214
0,0.30827352300997896,0.33458805084228516,0.8069080650726098,0.3502571140025346,0.27600541710853577,0.0029539354145526886,0.21038366854190826,0.3161519765853882,0.5389328219018327,0.3349860737080811
0,0.5812530073574148,0.14093413949012756,0.11426295331700773,0.41213163319786356,0.6864724159240723,0.015876391902565956,0.75880366563797,0.45796868205070496,0.54563321544401,0.39956865005569264
1,0.7658282580892678,0.888984203338623,0.9043310430980396,0.858479356116211,0.7736943960189819,0.9136375784873962,0.843202531337738,0.7367001175880432,0.8509823747387628,0.8352424032481152
0,0.5278362589807117,0.5746333599090576,0.7639502195357347,0.4073512140620586,0.6002869606018066,0.0019229796016588807,0.5425406694412231,0.8323370218276978,0.758928000111953,0.5400354310588658
0,0.36799859698743875,0.5508659482002258,0.5592680405146415,0.4258020278754943,0.5155105590820312,0.26647913455963135,0.4693475663661957,0.3077966570854187,0.5828800695456938,0.43839248041909995
1,0.5101349248342152,0.5962625741958618,0.6701730761538935,0.27950316851218554,0.56116783618927,0.3120822310447693,0.31500139832496643,0.44219914078712463,0.6405684168032534,0.4661828537395848
0,0.14339892934556608,0.052241548895835876,0.0008106309572018289,0.04622294529141307,0.07555241137742996,3.129055767203681e-05,0.10490444302558899,1.0952610864478629e-05,0.1879396792230668,0.05487583003759754
0,0.48334869000886,0.5598078370094299,0.09716139370707223,0.4496956293984338,0.49094998836517334,0.674392819404602,0.5565100312232971,0.3652435839176178,0.46677117832612125,0.45546122719233095
1,0.46837508055042704,0.4488394260406494,0.25989694799798596,0.381595862738608,0.5460684299468994,0.018647626042366028,0.4839852750301361,0.4303186535835266,0.5643193824698819,0.38736584934238394
1,0.4327819177290187,0.7506940960884094,0.8423434941475743,0.7365869433454527,0.5127419233322144,0.5272674560546875,0.6552087664604187,0.6583809852600098,0.7390430369300042,0.6423569487713369
0,0.3288423156067239,0.153289794921875,0.07551096472963897,0.211777840215125,0.36296766996383667,0.6551686525344849,0.27413782477378845,0.11335307359695435,0.24221333435946119,0.26335418282765166
0,0.10631949411017948,0.031067736446857452,0.0003832330551555376,0.01921183460835654,0.18229161202907562,0.05471750721335411,0.14152206480503082,0.11691469699144363,0.18433746057737765,0.0804087639543046
0,0.35827851893388385,0.1264529973268509,0.05003309512153398,0.1801011937168044,0.2475532740354538,0.1576879620552063,0.5062179565429688,0.008570355363190174,0.3144487215294082,0.20573072325597136
0,0.4096173502571233,0.5602568984031677,0.6472288895223561,0.4533926550606397,0.41257524490356445,0.11706619709730148,0.3425081670284271,0.39376088976860046,0.6201194894680283,0.4264662537137616
0,0.5945874381454207,0.5371987819671631,0.06273347015066844,0.2402835592162167,0.3938862085342407,0.1673664152622223,0.746707022190094,0.5636330246925354,0.5875528564424116,0.41629032979686587
1,0.5124481409845232,0.6013212203979492,0.6536753241162649,0.5091106713588007,0.7002003192901611,0.9723663926124573,0.6648690700531006,0.9409850835800171,0.650713471815195,0.6822487871946651
0,0.4236025535265482,0.42234042286872864,0.2647369467870914,0.3771001789063517,0.23449304699897766,0.18847577273845673,0.29555627703666687,0.3185860216617584,0.4522629892145723,0.3208176871374378
0,0.4096508966371669,0.4938463270664215,0.23788276576173628,0.34002219493207364,0.14036883413791656,0.005613761954009533,0.38256940245628357,0.3346564769744873,0.4915957887635467,0.3018807448308244
0,0.11629884761453817,0.01297583244740963,0.0005604888105195534,0.011970281908420756,0.06980938464403152,0.012137200683355331,0.17769907414913177,0.10266054421663284,0.18396169634561638,0.06261535859891006
0,0.12778290761696476,0.02160940319299698,0.005291460664860786,0.03790095533566103,0.26705214381217957,0.00014452931645791978,0.07870862632989883,0.007440138608217239,0.18827336844269055,0.0696249683065985
1,0.4169598577509841,0.4658077657222748,0.34853776012751436,0.27422943993602894,0.7428451180458069,0.30665862560272217,0.3503354489803314,0.8051413893699646,0.5424431932164966,0.46203457043996343
0,0.18591647398884284,0.08138356357812881,0.07324993580530027,0.04507483994882389,0.06601778417825699,0.012661837972700596,0.21060910820960999,0.050825975835323334,0.22563633722060913,0.09268889378668493
0,0.1818908398389263,0.16033650934696198,0.005090537858378056,0.1038363523365381,0.25591033697128296,0.19334320724010468,0.22488072514533997,0.17180286347866058,0.22989947149174295,0.16023150575682277
0,0.13560875327191174,0.028011461719870567,0.009085857900231045,0.034725302753533714,0.06281039863824844,0.0006134289433248341,0.09992311894893646,0.008737067691981792,0.18228784300416356,0.04895084030532741
0,0.579094508063898,0.48941999673843384,0.33756760828634796,0.4535209578596281,0.5702518820762634,0.7121896147727966,0.5806479454040527,0.3624008595943451,0.5456988123794179,0.5068414570597979
0,0.3025548286113148,0.24078886210918427,0.08665043641910056,0.15292017968916446,0.14457836747169495,0.04211406409740448,0.1878676861524582,0.3726351261138916,0.31327384827949667,0.1937193630391129
0,0.4704515527946477,0.4088701903820038,0.4719285902215997,0.4676869013833163,0.3880469799041748,0.2664729356765747,0.4237928092479706,0.3842802941799164,0.54792812578055,0.41457954905998823
0,0.3147117293887451,0.12464902549982071,0.0742309401575294,0.382131854372308,0.2925841510295868,0.05659054219722748,0.42925283312797546,0.2712998688220978,0.3374517275632644,0.24565406324861894
0,0.5145977590108197,0.3547602593898773,0.6518877304042059,0.6899557514471093,0.9584258794784546,0.9712504148483276,0.39090242981910706,0.6265840530395508,0.5611396933334021,0.6348133873430546
0,0.6901743361318828,0.6757811307907104,0.46357619468700073,0.6621382480900816,0.7988595366477966,0.8992637991905212,0.7243958711624146,0.7878430485725403,0.7066450004466518,0.7061228838136971
0,0.4702191197305575,0.42117229104042053,0.23828552700528452,0.4940177194929268,0.38619670271873474,0.22249887883663177,0.4781375527381897,0.30891913175582886,0.5057139519760735,0.3824798078548042
1,0.7045747799136096,0.8056824207305908,0.9763833260074055,0.8359643312687935,0.6976124048233032,0.93365478515625,0.7611832618713379,0.9141939282417297,0.8299549177026515,0.8252379279643217
1,0.5847928787069026,0.34872397780418396,0.4488707012755877,0.3548147878283171,0.6025775074958801,0.5480182766914368,0.69366055727005,0.43355488777160645,0.5809455042343354,0.49860620817794765
0,0.6085681368741895,0.36073413491249084,0.48814983018988195,0.5530327226100274,0.5128145217895508,0.43175482749938965,0.625765323638916,0.09226816147565842,0.5917445135721525,0.46345596092786323
1,0.8850980217256154,0.9175700545310974,0.9763770869049412,0.897675325789556,0.8993534445762634,0.9912828207015991,0.9263469576835632,0.8114071488380432,0.8898530404031016,0.9123249532915337
0,0.31391292943343463,0.32261350750923157,0.12128566464735772,0.1616778038758749,0.40493759512901306,0.04907430708408356,0.4239622950553894,0.04795552417635918,0.38118635025042835,0.23613145997327156
0,0.28097885527095817,0.19352702796459198,0.06159251351225048,0.1346913685557745,0.0128550436347723,0.020814556628465652,0.08484067767858505,0.05821644142270088,0.25491458027745356,0.11100143700632731
1,0.5426947898036226,0.5824363231658936,0.6475419008925292,0.22946205489074573,0.6470634341239929,0.6032412052154541,0.7793427109718323,0.5301836133003235,0.6781401344804465,0.5669056039618485
0,0.17581796926936621,0.07423713803291321,0.02362958108794168,0.07371133315467038,0.11188004165887833,0.23227299749851227,0.1366431564092636,0.06650827080011368,0.18897630409240074,0.10925537524433558
0,0.5228756753491252,0.4338824152946472,0.643488594341333,0.2593558628892557,0.49806395173072815,0.5723896622657776,0.5983967781066895,0.4625873863697052,0.5973991588333873,0.49576608345062984
0,0.2754339549632627,0.22405460476875305,0.11903495039841464,0.25472487515558556,0.23565956950187683,0.028468528762459755,0.31423845887184143,0.19203615188598633,0.3304666953015264,0.20966661708602508
0,0.2709968060778506,0.17226001620292664,0.015839385123813526,0.06228670028235058,0.1061045303940773,0.11161257326602936,0.20162077248096466,0.3918423354625702,0.26168872665677606,0.1653471170881243
0,0.2744420778749086,0.25980210304260254,0.012192148791659712,0.17904395782971674,0.3052107095718384,0.40771764516830444,0.3449123501777649,0.18364152312278748,0.2727147647872667,0.2416892002524514
0,0.5795070350056862,0.7413632273674011,0.23567407064198445,0.5035298663110253,0.6193236112594604,0.5745595693588257,0.8339250683784485,0.21441276371479034,0.6438210872040155,0.5399456753567322
0,0.1858087332502224,0.015889538452029228,0.0022770079669616667,0.027743953857156056,0.22398990392684937,0.036880794912576675,0.16433610022068024,0.10908640176057816,0.20576928244108234,0.09564368570277668
1,0.5118539529331391,0.6004679203033447,0.42423629643968963,0.42538655547865994,0.48774707317352295,0.07988349348306656,0.274568647146225,0.25515803694725037,0.6035504968731827,0.39434492507239166
0,0.7337701768282072,0.7260735630989075,0.7912838344722726,0.7331040765796436,0.8745158314704895,0.9998237490653992,0.8833823204040527,0.9423319697380066,0.8085618382524071,0.8278546531589215
0,0.5586269874237707,0.34428736567497253,0.09485079682447699,0.45620753434328093,0.648983359336853,0.7033839821815491,0.6006394028663635,0.5773729085922241,0.4649207338133386,0.48953264428788773
1,0.8425078959332091,0.9525309801101685,0.9943043979250252,0.9399304943395157,0.9563115239143372,0.983683168888092,0.8414013385772705,0.9866899251937866,0.8918760194846062,0.9356138035438246
1,0.508659596419562,0.740841269493103,0.635769625042296,0.56225141122108,0.7818134427070618,0.45904994010925293,0.7888416647911072,0.37841516733169556,0.7395233111553975,0.6115723837388799
0,0.3676650403926256,0.527677059173584,0.7579794914359353,0.38356304427186183,0.40956807136535645,0.5331034660339355,0.2618759274482727,0.3802623450756073,0.5450776428605503,0.45325739676894095
0,0.3144918138668087,0.07738208770751953,0.0204369285797155,0.10664423784482487,0.47439777851104736,0.0007159253000281751,0.40349382162094116,0.38884788751602173,0.32415954824378856,0.22317213964800287
0,0.5719367268600929,0.5404329895973206,0.29517070169922305,0.4823302262527945,0.5436307787895203,0.5785873532295227,0.4796212315559387,0.42947548627853394,0.5540248211924108,0.4893982745868161
0,0.5004528250004506,0.5890024900436401,0.4237266295388472,0.524917860542232,0.3945460021495819,0.31970760226249695,0.4872986376285553,0.5451533794403076,0.6091789633509549,0.47733331783597743
0,0.4701765710639497,0.6387937068939209,0.2897602508897099,0.7837274898770161,0.6137696504592896,0.9972244501113892,0.41229963302612305,0.5161106586456299,0.5000277676671813,0.5826309675666244
1,0.5569626609636658,0.6027587652206421,0.2025505424310528,0.47054215006644773,0.4648537337779999,0.18071505427360535,0.5900229215621948,0.19018229842185974,0.5969768486083197,0.4164646868086358
0,0.5433457201490102,0.8451506495475769,0.9592995831877783,0.7310096364962306,0.4432655870914459,0.6418746113777161,0.39823079109191895,0.3694626986980438,0.7466180681694918,0.6231486523011809
0,0.37815877686640276,0.25145798921585083,0.6433918757313805,0.5080078133597904,0.2899964153766632,0.13252122700214386,0.33857643604278564,0.16733036935329437,0.5031869604685367,0.346329163294867
0,0.5245434739802126,0.4097788631916046,0.1616816006758263,0.27905907529962254,0.0069321258924901485,0.0007113757310435176,0.338697224855423,0.3707636594772339,0.47029271587735816,0.2697623046714788
0,0.4613246670856163,0.2166576087474823,0.02050274447885645,0.15663625608707057,0.5004585981369019,0.5972741842269897,0.5590667724609375,0.4687025845050812,0.3537140868655195,0.3624766201933393
0,0.7720117207513417,0.9264675974845886,0.9918840229406812,0.939874387108892,0.9779727458953857,0.9735499620437622,0.5043738484382629,0.737957775592804,0.8481143915560908,0.8540290174785817
0,0.38923627482793743,0.3393307626247406,0.06907931805363295,0.16451152083815662,0.3359227776527405,0.522253155708313,0.4350357949733734,0.3070043623447418,0.3420632592730296,0.31459242537533993
0,0.30960716735165345,0.1172252669930458,0.06273854197616194,0.1132604221182661,0.23191025853157043,0.026309672743082047,0.16869278252124786,0.15005353093147278,0.2754980043349114,0.1505008697990341
0,0.19357755090242817,0.051024314016103745,0.0012502400079090913,0.04538479918053765,0.1283819079399109,0.0013127713464200497,0.11038161814212799,0.004198737442493439,0.20230029234026176,0.06930845015324359
0,0.2535540009384037,0.118926040828228,0.1521561811243463,0.1923741547596926,0.018038159236311913,0.012761476449668407,0.17561432719230652,0.07911661267280579,0.2655659191256146,0.12969750826763005
1,0.5464341881562231,0.5203527808189392,0.3200021977528044,0.3758736173439537,0.4914000630378723,0.3078433573246002,0.6097181439399719,0.5526813268661499,0.6027110698542271,0.4676309827903619
1,0.4683419820468857,0.5467920303344727,0.5658892686599625,0.5530211852618302,0.5677035450935364,0.2130705863237381,0.5112863779067993,0.8601180911064148,0.6729598965580981,0.5392854671998208
0,0.595134495375818,0.6504614949226379,0.7366588500948869,0.7647291412822778,0.905182421207428,0.9305307269096375,0.5465164184570312,0.45788219571113586,0.6985038390215087,0.6952730085412161
0,0.1257531138195925,0.05953456461429596,0.003871864459741114,0.07231247902276078,0.24414822459220886,0.037693362683057785,0.1604713499546051,0.2007531374692917,0.20624684199411483,0.11236076741604012
0,0.4965748703285031,0.5590683221817017,0.2212965053826618,0.5266364297971368,0.13989393413066864,0.013405827805399895,0.3719252347946167,0.5494102835655212,0.5567635451219897,0.3694729453868659
0,0.3514553559336248,0.45011743903160095,0.4821650452480221,0.3872123087183746,0.3873746693134308,0.07809342443943024,0.4359194040298462,0.044027410447597504,0.5248565856153476,0.33693015483827293
0,0.14627994761189553,0.059411708265542984,0.0005161523390109715,0.06679595147368228,0.01653202995657921,0.0001910791761474684,0.052964285016059875,0.07585209608078003,0.18500236722519214,0.054100558073644556
0,0.2003453392328344,0.05195697769522667,0.1837669625831607,0.08388906066869853,0.1698361188173294,0.005740628112107515,0.11450641602277756,0.004314134828746319,0.2392635579987964,0.10519224256974707
0,0.2822750777989984,0.24626503884792328,0.021868991333530888,0.1871662207355474,0.25172844529151917,0.013464100658893585,0.1772659718990326,0.09412930905818939,0.2927890350668504,0.16455555534470284
1,0.864871211387896,0.9409192800521851,0.9536574881607394,0.9331949001185571,0.9276700019836426,0.988335132598877,0.8388761281967163,0.9942194223403931,0.8883381141823484,0.9283909040217332
1,0.16361977865785893,0.0992833748459816,0.01887673484334446,0.09687700145405893,0.14774475991725922,0.04229537025094032,0.1407598853111267,0.04057355225086212,0.21061505505562556,0.09554376441709049
0,0.1479152897052375,0.029803186655044556,0.011034268552441138,0.02802730302669381,0.06864580512046814,0.000461386312963441,0.09390536695718765,0.0017488193698227406,0.18467536172057783,0.04939485048309305
0,0.34685618690784603,0.20026206970214844,0.2120089108769845,0.29004066263441847,0.35260912775993347,0.22432537376880646,0.21178609132766724,0.44257262349128723,0.351632690442993,0.2845335320389115
0,0.22369737231599218,0.14998573064804077,0.03641583244103167,0.175598130167982,0.1141660213470459,0.03180406615138054,0.19098350405693054,0.07455068081617355,0.24749497115687202,0.1280160911414392
0,0.6236769458777995,0.8453115224838257,0.9341889499468584,0.7444351153415488,0.7940492630004883,0.7327982187271118,0.6508873105049133,0.9452664256095886,0.8242386032952267,0.7833876483247274
0,0.09904158231942618,0.02608458697795868,8.029179531521419e-05,0.020104773393651118,0.2530173063278198,0.04014549031853676,0.2028791457414627,0.09233485907316208,0.19227200059323543,0.09069972920785635
0,0.20449707118995492,0.12587685883045197,0.040123864595626196,0.14953986260114904,0.09264501929283142,0.004686199594289064,0.11525309830904007,0.09068227559328079,0.2309571270795696,0.106334108808117
0,0.4292743444617821,0.11427219212055206,0.03616847931751464,0.20059195659618761,0.3271775245666504,0.35324108600616455,0.4520895183086395,0.20882193744182587,0.3148569412382601,0.2616790602501616
0,0.2930402829152021,0.07995873689651489,0.07555047630446153,0.0735287853135894,0.07627885043621063,0.06157941371202469,0.18125291168689728,0.08807703852653503,0.2474909099542587,0.11819937778696843
0,0.30688201637198154,0.38240259885787964,0.32365832682449547,0.2729208684898128,0.1726057082414627,0.026496529579162598,0.1861734539270401,0.32516002655029297,0.41188804308724,0.25627738856469945
0,0.27494101550119177,0.06269437819719315,0.00851004818923021,0.19449141517031152,0.2577969431877136,0.005026991944760084,0.2609533965587616,0.14643655717372894,0.2636790142954879,0.15386171661968578
0,0.3821347433143581,0.2037549614906311,0.01605912959074399,0.22585346732439412,0.4539186358451843,0.17724397778511047,0.51630038022995,0.27553585171699524,0.36571864269682103,0.2811789534085218
0,0.2862636170216753,0.34284982085227966,0.04751483599332625,0.16075558794798214,0.3474384844303131,0.007017301861196756,0.42358627915382385,0.009916627779603004,0.3591100544200186,0.20945538554371618
1,0.38465879143240655,0.19731217622756958,0.12041968806242374,0.19535072952271892,0.12073434889316559,0.46256473660469055,0.31700488924980164,0.3039492070674896,0.2948282783937268,0.2575692385428793
1,0.5648907445596741,0.5673632025718689,0.3645500979431503,0.5303011258966743,0.8057581782341003,0.6424365639686584,0.5244621634483337,0.5564172267913818,0.6064446147056543,0.5669797244187853
1,0.16060726023296623,0.09054647386074066,0.0018913464996482966,0.050165241396878155,0.1692901849746704,0.038187794387340546,0.19742843508720398,0.11763156205415726,0.21454136496709955,0.10366669813538235
0,0.4054322107882081,0.522322416305542,0.5258330039054733,0.49777742281147436,0.34762731194496155,0.5953763127326965,0.4165191054344177,0.29354342818260193,0.5108111445705057,0.4501686231202496
1,0.8716224155364029,0.9725683331489563,0.9726723141910967,0.9479129437591354,0.8674051761627197,0.982124924659729,0.9411377310752869,0.8505644798278809,0.8957948760806931,0.925574098711567
0,0.17120909816928845,0.07938282936811447,0.03492269588092678,0.10820045768261188,0.08345572650432587,0.01359675545245409,0.09223711490631104,0.1186625137925148,0.20901140172847504,0.08960242758090584
0,0.4410967657313233,0.4134387671947479,0.3044793254316889,0.37475137742633224,0.3832472264766693,0.7420336008071899,0.20317241549491882,0.20206525921821594,0.3757354371669176,0.3785029152549022
0,0.12725438519033905,0.054876912385225296,0.007235257670798924,0.053801196958828665,0.12566626071929932,0.05681809410452843,0.10319016128778458,0.10107341408729553,0.18734422179442367,0.07861436718088571
0,0.7374946529544321,0.7730351686477661,0.6146377435063657,0.8281379763099401,0.7816438674926758,0.9729764461517334,0.8006182312965393,0.7697750329971313,0.7742858436043042,0.7799809508347522
1,0.331823146853655,0.5451935529708862,0.3289858548105335,0.44584898607087137,0.40946900844573975,0.6411282420158386,0.48325082659721375,0.6034769415855408,0.4679453920608579,0.46763893674522466
0,0.1249842050926589,0.017315730452537537,0.0006104602929704214,0.02666515247416849,0.14835508167743683,0.022657375782728195,0.10625609010457993,0.1170189306139946,0.18403392916985895,0.0702183440308316
0,0.30765568217688855,0.31504586338996887,0.1898012832631422,0.307843694572632,0.047785088419914246,0.05342993885278702,0.27925318479537964,0.23174162209033966,0.35979538615107104,0.22218380619157388
0,0.2598615680408641,0.07470586150884628,0.04751798554665605,0.11792010947889492,0.24565473198890686,0.02543887309730053,0.10678588598966599,0.08551923930644989,0.2413448002100858,0.12322596960752291
1,0.5169701464836225,0.7203797101974487,0.8158914751917686,0.5560213281316507,0.5189872980117798,0.8154915571212769,0.5616433024406433,0.5497698783874512,0.6890473132298413,0.6292825749271942
0,0.39840069863927874,0.5663777589797974,0.5511143162672741,0.6102539832384143,0.18272483348846436,0.7790029048919678,0.32164132595062256,0.28848934173583984,0.4752172612659179,0.45992471358878473
0,0.3183076858760309,0.08547613769769669,0.0622761323971221,0.0895309907884902,0.30437907576560974,0.02997954934835434,0.2760705053806305,0.12806624174118042,0.28735791120810317,0.16403775763578013
0,0.12256192489975298,0.013882337138056755,0.0007001714558811533,0.02714157389155224,0.13079772889614105,0.004992539528757334,0.13537317514419556,0.0033629811368882656,0.18225063359038468,0.05577939835594612
0,0.5830219982902818,0.6385071873664856,0.25197172877882706,0.36601336202851004,0.7161394357681274,0.24207168817520142,0.7410736680030823,0.45200031995773315,0.6692478226853912,0.5039549692039191
0,0.38319260038692315,0.381315141916275,0.10875081334872444,0.2176895995102181,0.5572209358215332,0.4121481478214264,0.6953260898590088,0.5579557418823242,0.45247376687043306,0.4084797435755636
1,0.8923652224847103,0.9639068841934204,0.9936066242395775,0.9713708876921451,0.9807003736495972,0.9796137809753418,0.9388126134872437,0.9673861861228943,0.906120304402554,0.9601590803663227
0,0.43165966793736943,0.4627639353275299,0.4399876776249283,0.4313343247562697,0.3904609680175781,0.14876247942447662,0.37911438941955566,0.21870262920856476,0.5396110216099812,0.37106646891819867
0,0.28361788516480946,0.10291700810194016,0.03919443740642699,0.09503894451389487,0.07972504198551178,0.010147118009626865,0.32061803340911865,0.08723994344472885,0.2669586303085113,0.1300584388702568
1,0.6316691245228219,0.8821079730987549,0.8514844006249791,0.7955637414004219,0.853141188621521,0.9112647771835327,0.837298572063446,0.924257755279541,0.8254098498845185,0.8317608103446931
1,0.5709920123956822,0.6564062237739563,0.4989999447852692,0.6281866483402905,0.742118239402771,0.6800104975700378,0.6350160837173462,0.6525986194610596,0.6773734447759243,0.6308801893441052
0,0.17171047376699455,0.050852470099925995,0.0028452344543244946,0.07465508922037627,0.09380792081356049,0.0006382892606779933,0.14905305206775665,1.172916563518811e-05,0.2006509913465429,0.07022868546040373
1,0.501865376863125,0.5988461971282959,0.35692038586767955,0.5358770318646688,0.5657745003700256,0.017744682729244232,0.5223233103752136,0.7466570138931274,0.6704422951106194,0.48909060697774276
0,0.49061026871196306,0.546635091304779,0.5130034886547956,0.46832305738381874,0.5629401803016663,0.8247820734977722,0.37261465191841125,0.5144769549369812,0.5331597108713564,0.53064669863175
0,0.2679198836024279,0.06110132858157158,0.0007177190473977403,0.10027618468511242,0.07989902049303055,0.00013856252189725637,0.15605077147483826,0.13762742280960083,0.2315180597796101,0.1028070722208618
1,0.4689919976840664,0.7102214097976685,0.8243824656439862,0.7472055368819454,0.6771895289421082,0.1523331105709076,0.31946811079978943,0.2674710750579834,0.7329638246374038,0.5358768043731083
0,0.5416041380460042,0.34604835510253906,0.268965082774383,0.5314526778533001,0.8469664454460144,0.9602351188659668,0.8037318587303162,0.5571809411048889,0.5171175437409542,0.5937820411989877
1,0.46928310077880825,0.4488394260406494,0.08383198310830696,0.39188548299890297,0.5507712960243225,0.019208338111639023,0.485959529876709,0.43580806255340576,0.5231063567104864,0.36759314351139144
1,0.6544968628815847,0.7355591654777527,0.8794401562964876,0.728477035817568,0.46075353026390076,0.23486533761024475,0.3339129686355591,0.5351901054382324,0.7843270116269895,0.5836066911968589
1,0.31678476143873724,0.37229686975479126,0.04875871303954723,0.22962342293787402,0.18731944262981415,0.1764851212501526,0.33795657753944397,0.40172654390335083,0.353015775008681,0.2598026146192472
0,0.6053508921100136,0.6614623069763184,0.4843232316396377,0.5799947698352349,0.7076172232627869,0.8715733885765076,0.726076066493988,0.6083612442016602,0.6652602187793306,0.6496025580689698
0,0.2544649037429077,0.14405333995819092,0.14803419451030964,0.09831146594355702,0.016713516786694527,0.0002581237640697509,0.10586775839328766,0.026639074087142944,0.2560569488108421,0.10425215815338595
0,0.12285457192382189,0.03630882874131203,0.009143085503733774,0.049272513290084995,0.11369970440864563,0.013728076592087746,0.10574443638324738,0.0736931636929512,0.18604354607389142,0.06626050238680394
0,0.45420414295409683,0.43614986538887024,0.412188342670922,0.3990356524195519,0.4599377512931824,0.017116336151957512,0.5175998210906982,0.6926122307777405,0.6073005331041721,0.42940549086817875
0,0.32098953658359686,0.25345882773399353,0.013477471682979683,0.2760104785739697,0.4635288715362549,0.014530246146023273,0.36033719778060913,0.014751160517334938,0.34667345181469045,0.22091291770675264
0,0.28882941168728266,0.07492312043905258,0.07115429887309563,0.183538910208604,0.09928833693265915,0.045646633952856064,0.1559990793466568,0.22707563638687134,0.2564882339628002,0.1452034986529001
0,0.6394847458729138,0.7903017401695251,0.8607737203463617,0.5303396467340941,0.7696934938430786,0.9520116448402405,0.6767622828483582,0.6495168209075928,0.7657752641426518,0.7288946921481063
0,0.28684976354386504,0.1290065199136734,0.04745991768441976,0.0938797691038024,0.06513502448797226,0.025452282279729843,0.22859111428260803,0.111545130610466,0.2617432654893989,0.12641420015296234
1,0.5436928420388426,0.27491438388824463,0.765549450613385,0.23504585103868786,0.6356340050697327,0.06404827535152435,0.6847376227378845,0.86421138048172,0.7067645677037192,0.5105875510523373
0,0.2590404687410518,0.18303197622299194,0.14670760815529588,0.28720971471204587,0.3669981062412262,0.20749205350875854,0.1753229945898056,0.07160929590463638,0.285629608282065,0.21396483621485246
0,0.5302466924329122,0.20851796865463257,0.13904331353309785,0.18303374837091166,0.6013022661209106,0.3223920166492462,0.7704578638076782,0.7678033709526062,0.5048662174818584,0.4337352966664743
1,0.44802086376714906,0.44296327233314514,0.3914867340966067,0.47322349698623895,0.49374762177467346,0.4323451519012451,0.5305389165878296,0.46950024366378784,0.5364732735618708,0.4599146696600761
0,0.18110114431402127,0.06510448455810547,0.0021924979345844605,0.08303795173221547,0.01699983887374401,0.008983663283288479,0.08229657262563705,0.01582450233399868,0.19404465008680444,0.05950599097461028
0,0.48697014511213754,0.4150431454181671,0.5486641973236924,0.3841213985906673,0.44790783524513245,0.24491508305072784,0.5224725008010864,0.37264764308929443,0.5918842910828,0.43236840115878733
0,0.38952511108353854,0.4030952751636505,0.384708065547927,0.3694017222828463,0.5814576745033264,0.3511536717414856,0.26469874382019043,0.7463181018829346,0.49241242271594654,0.43433346888610147
0,0.33173553107474824,0.1430743932723999,0.042327109551824754,0.10773960610725891,0.046667423099279404,0.003704317845404148,0.22985237836837769,0.28798362612724304,0.28692378446858113,0.15165894187288276
1,0.8527126632971549,0.9148030877113342,0.9245817050089482,0.886076195762578,0.9289368391036987,0.9376292824745178,0.9051339030265808,0.8435336351394653,0.8833867967092502,0.8985693916763009
1,0.6901164376944032,0.856555700302124,0.9236103269589566,0.8359097370117123,0.8355035185813904,0.9305140376091003,0.799429714679718,0.8313232660293579,0.835262699646324,0.8352519950724597
0,0.4006418816531518,0.23333504796028137,0.04932330370112384,0.16491982614573822,0.49402955174446106,0.3431462347507477,0.5518640875816345,0.34444642066955566,0.3724040714359696,0.318657451188164
0,0.3746737736568434,0.4167870581150055,0.23914826522078608,0.32805181806061384,0.533189594745636,0.5970584154129028,0.4627350866794586,0.12975168228149414,0.4054622782340465,0.3819626843974261
0,0.3725641315972036,0.5573656558990479,0.6753753951824574,0.43956815052711595,0.4901238679885864,0.9821529984474182,0.35947513580322266,0.41066282987594604,0.4944922920765223,0.527088564089988
0,0.5133353366137987,0.4385034441947937,0.027563986569774865,0.35216862184743114,0.4232235848903656,0.6467691659927368,0.5535856485366821,0.42524200677871704,0.4232766020465501,0.4163640194447904
0,0.3222926622632131,0.15993961691856384,0.01449048358153677,0.2284741800297108,0.49022239446640015,0.001127532683312893,0.49427279829978943,0.017021948471665382,0.34539617437812986,0.2206182387710054
1,0.8834572819877987,0.9459390044212341,0.9915930039860354,0.9436263748952953,0.9200419783592224,0.9951867461204529,0.8863282203674316,0.8205419778823853,0.893374207498151,0.9232060145895664
0,0.5255373838086193,0.4161056876182556,0.7575800914859265,0.610402677930354,0.44058647751808167,0.559145450592041,0.5553013682365417,0.500819206237793,0.6336722607819255,0.5455020277127896
0,0.3442135528773073,0.46558138728141785,0.08358200330342382,0.30596293765810073,0.3068138659000397,0.06709183752536774,0.31347233057022095,0.29847151041030884,0.4144176038036117,0.27929857330639485
0,0.1833007734496742,0.03888474404811859,0.02480978113590558,0.06094857793573011,0.2511681616306305,0.10279199481010437,0.3277045786380768,0.2359362095594406,0.23257124116948014,0.150600457368866
0,0.4433267572471164,0.4715084135532379,0.15284439911112763,0.3334286783846277,0.39233899116516113,0.6446617245674133,0.43276435136795044,0.2489268034696579,0.4055875778635251,0.3859056196239889
0,0.30032082018909134,0.20449496805667877,0.02105991227607892,0.14678533412282177,0.2892872095108032,0.09804419428110123,0.3210214078426361,0.2153291553258896,0.3039071608177981,0.20092204262867924
0,0.5499689798619314,0.6402815580368042,0.8917001348794553,0.6253337264345724,0.5658646821975708,0.6819745302200317,0.488577663898468,0.53251051902771,0.7098831990458947,0.6227738566931234
0,0.5266739153042247,0.5798041224479675,0.35319978184337314,0.5152430048356827,0.7158856391906738,0.7465139627456665,0.8133556842803955,0.5643438696861267,0.6149005880578315,0.5957222835770775
0,0.25792884330800947,0.2117452472448349,0.02052337165061336,0.17344212766827846,0.29952290654182434,0.00969624798744917,0.38355475664138794,0.75721275806427,0.3445149018123027,0.2622541083112608
0,0.5569328275620066,0.5454379916191101,0.23062566920688415,0.5805267851308151,0.6161091327667236,0.26571914553642273,0.6715610027313232,0.4264666736125946,0.6223477237453043,0.4919091870178447
0,0.3339292450331678,0.4607906937599182,0.38580624558117016,0.28176065778925574,0.28798505663871765,0.2752881646156311,0.5507534146308899,0.2576209604740143,0.4838604480615164,0.3566385367558657
0,0.5677725446252727,0.37769025564193726,0.16223554181540567,0.4427709338599241,0.5787898898124695,0.005082001909613609,0.4974755644798279,0.4494694173336029,0.5676861438689575,0.39306256754233015
0,0.33202804568131866,0.15592096745967865,0.030491964429924998,0.12803857759993456,0.2814382016658783,0.031624410301446915,0.36819180846214294,0.13480772078037262,0.31335564516077996,0.18575704466839585
0,0.31433404775044227,0.38255438208580017,0.0814179963698773,0.16957285485479284,0.21955831348896027,0.49930110573768616,0.39538997411727905,0.23964034020900726,0.3168387468704201,0.28308458753559806
0,0.316706232408251,0.3030647933483124,0.09914394599367785,0.1494533259277971,0.3087049722671509,0.021518690511584282,0.33470478653907776,0.29045382142066956,0.3677828527568736,0.23184994457646352
0,0.5641882557851595,0.7090727686882019,0.8074624618531636,0.7058258731609495,0.657762885093689,0.5646216869354248,0.573172926902771,0.6187403202056885,0.7511197205667994,0.6532824655544718
0,0.5151650562257903,0.43150290846824646,0.08911416470061248,0.43745498050521053,0.632082462310791,0.27960309386253357,0.6553483009338379,0.3820752501487732,0.5300007791709089,0.4298210454028455
0,0.6056739288247543,0.5919573307037354,0.21813724515338798,0.5789008069188927,0.5056385397911072,0.13572393357753754,0.5932960510253906,0.07246298342943192,0.6239385158407427,0.4249918937344214
0,0.3218352485339178,0.07546176016330719,0.0018102519232844083,0.04954589187543479,0.12073012441396713,0.03224245086312294,0.25888076424598694,0.23398266732692719,0.2618402454123671,0.13762362561302466
0,0.3398764610514766,0.3830971121788025,0.42269213731399374,0.2916295129815648,0.502717137336731,0.8194748163223267,0.29333677887916565,0.28987112641334534,0.3753603425287021,0.4091313620402821
1,0.5479525198800631,0.6736404895782471,0.5001043937361609,0.6861020259309645,0.754642128944397,0.9963412880897522,0.5923739671707153,0.9362781047821045,0.6454053051037675,0.7003809030632111
0,0.4594031225340476,0.2647668719291687,0.1609846823026486,0.19212436134094513,0.41206789016723633,0.2578894793987274,0.47302305698394775,0.4757338762283325,0.4291548121049496,0.3354926508474595
1,0.17128385821323902,0.059694137424230576,0.0064025955933729095,0.07690421075638335,0.16249851882457733,0.06061482056975365,0.1711643934249878,0.10946722328662872,0.2075474737994236,0.10237982511002465
1,0.5511153640861124,0.7130326628684998,0.6951385335376746,0.6404580906059543,0.5683872103691101,0.9711856245994568,0.498854398727417,0.8821010589599609,0.6686308040902385,0.6818965068455072
0,0.21619298415712201,0.15751339495182037,0.06636408545223996,0.18289523479514314,0.19325345754623413,0.22657418251037598,0.1658300757408142,0.21933552622795105,0.23995946179806435,0.1768848398175532
0,0.391428704363343,0.4203195571899414,0.12146030960685243,0.39271849803707715,0.6540426015853882,0.44319790601730347,0.5702097415924072,0.6119506359100342,0.46711081100000584,0.4460923130006714
0,0.24134996648733278,0.13498003780841827,0.017720088917738408,0.06212387306047331,0.03895546495914459,0.01952952705323696,0.20419149100780487,0.047943878918886185,0.23721073900989512,0.09879819219493619
0,0.4756395611433873,0.3626360297203064,0.04382698047337057,0.3250209217472343,0.4974670112133026,0.518860399723053,0.6589413285255432,0.26197314262390137,0.4249780492007878,0.38910090989856316
0,0.5171076559864276,0.6141838431358337,0.6378708379685716,0.6171384793671383,0.351315438747406,0.004769232124090195,0.5238838195800781,0.3081132769584656,0.7045026528016798,0.4614448363646127
1,0.5843257299581128,0.4695379436016083,0.6964135515272966,0.6487267545542519,0.6501485109329224,0.7914937734603882,0.4381959140300751,0.6656683683395386,0.6310846514668655,0.6132749085826226
0,0.6990186061731304,0.8060377836227417,0.8193588287903703,0.6835546876713279,0.744553804397583,0.8856227397918701,0.5232349634170532,0.6840971112251282,0.7726033204737501,0.7292841919860151
0,0.21199045855960702,0.2684134244918823,0.12763733241264935,0.18506528049809556,0.2776872217655182,0.004879639483988285,0.2505863904953003,0.27380186319351196,0.3216505510347497,0.20360532502724812
0,0.25520900578831085,0.10093603283166885,0.05606465574730504,0.19671014063493736,0.47988161444664,0.5235990285873413,0.12166683375835419,0.22712643444538116,0.21944429611477592,0.23727649531395453
0,0.26280116546438553,0.14831185340881348,0.013820954935004603,0.15716616285237622,0.08472608774900436,0.000493112369440496,0.2028147280216217,0.09016193449497223,0.25603877543100734,0.12402181655802177
0,0.30159782652772993,0.17244522273540497,0.06741665016875023,0.12655862034595558,0.28281253576278687,0.0009027851046994328,0.28647884726524353,0.17338845133781433,0.31082105930014975,0.18000625683083343
0,0.392523781621617,0.35229378938674927,0.09935015613127349,0.22125461072220406,0.6860503554344177,0.2243560254573822,0.7418056130409241,0.9303929805755615,0.5161459210954147,0.4503805736407082
0,0.42409973307091453,0.26945239305496216,0.09355507476364773,0.2922718439911253,0.46536168456077576,0.13030993938446045,0.3939087986946106,0.5582755208015442,0.42444757449302417,0.3291537918372886
0,0.38747472718484616,0.1554757058620453,0.12405569193829619,0.36937823302759026,0.47809168696403503,0.5214265584945679,0.3898025155067444,0.3414944112300873,0.3280045218714237,0.33959059724174495
0,0.5508027518747158,0.6173225045204163,0.13399868542562077,0.5766446026593309,0.6310429573059082,0.6907380819320679,0.5000972151756287,0.6183255314826965,0.5392303578989673,0.5357128509535426
0,0.5044504416404463,0.6025548577308655,0.6454735342758668,0.5452447810641412,0.44502511620521545,0.518714964389801,0.605878472328186,0.5013270974159241,0.6570880165237317,0.54750394275876
0,0.2117062491401748,0.07036210596561432,0.03449447985465288,0.08916498686379555,0.017105212435126305,0.03747720643877983,0.21896861493587494,0.06381099671125412,0.22084338788356903,0.09450776205564848
0,0.17917424526869083,0.03335804492235184,0.001958498744640175,0.03837060469188629,0.011772011406719685,0.0021208529360592365,0.08287492394447327,0.041312798857688904,0.18800352486596095,0.05064604537461199
1,0.6427602943803837,0.44484493136405945,0.5281055916078491,0.4279765017574861,0.1992156058549881,0.30111590027809143,0.6122954487800598,0.5908138751983643,0.6450786950934616,0.4717861153689322
0,0.45835371569277394,0.17906856536865234,0.07365784053706034,0.3350575117122738,0.31337207555770874,0.27290526032447815,0.3674614429473877,0.2936248481273651,0.3574243141897982,0.2865302538105493
1,0.5447215080606284,0.6310511231422424,0.6608970861995024,0.7639609500795587,0.8401477932929993,0.7595580816268921,0.48724862933158875,0.3828381299972534,0.6678042847612665,0.6339941233109796
0,0.8814356182834271,0.94734787940979,0.9979137047572239,0.9526965872439341,0.9225860238075256,0.9958357810974121,0.8866017460823059,0.8223333954811096,0.8941654968782358,0.9257673018019366
1,0.3393584511533952,0.3558454215526581,0.16323274965446086,0.23378337368169685,0.3273732662200928,0.04335533455014229,0.2912790775299072,0.3347627818584442,0.4030671205310023,0.2660401986467099
0,0.3464587067554524,0.32903650403022766,0.33383083258977264,0.29473329436850915,0.40736308693885803,0.3807210326194763,0.4325365722179413,0.2665385603904724,0.4181024387799009,0.34794218821359757
0,0.3120990256057766,0.18929283320903778,0.18812766201098174,0.2068047700084088,0.3444095849990845,0.09480074048042297,0.3236495554447174,0.022059574723243713,0.33787575804200226,0.21435969759136347
1,0.4178387593296337,0.44454941153526306,0.7491523750208181,0.4812681456783809,0.5842324495315552,0.5701940655708313,0.22785599529743195,0.2558458149433136,0.5411868652142413,0.46751453983069036
0,0.38927528527873845,0.4653320014476776,0.14808071731001982,0.4039120357844051,0.6266693472862244,0.9030528664588928,0.4196843206882477,0.8936362266540527,0.40786282244775496,0.5160601113422996
0,0.2365761149809707,0.15210896730422974,0.5227572022966545,0.12776140837541683,0.03927236050367355,0.01354921143501997,0.1663086712360382,0.09529319405555725,0.3430614652995611,0.17481929671119784
0,0.24634986760639296,0.14441955089569092,0.012684698218658797,0.1516335562996229,0.07152809202671051,0.0037253207992762327,0.17919452488422394,0.07957073301076889,0.24590688587510456,0.11498466020865546
0,0.5913092757724743,0.44655144214630127,0.46123846820471964,0.4470653312865126,0.6111333966255188,0.02893020585179329,0.6938986778259277,0.7101881504058838,0.7030891444536768,0.5055646430633184
0,0.2793483924841059,0.1626593917608261,0.044372039748030646,0.1011584659010496,0.294464647769928,0.0870954766869545,0.28995347023010254,0.33437684178352356,0.294636123492969,0.19893656956748912
1,0.6341598382969903,0.7110464572906494,0.9035710747992433,0.6336843517346438,0.823260486125946,0.9851993322372437,0.5022944808006287,0.6045902967453003,0.7382896264072288,0.720301497539267
0,0.4161691063205616,0.26911064982414246,0.32389202938246636,0.1789073568498096,0.4139857292175293,0.5403763651847839,0.4586643576622009,0.34746599197387695,0.40265495257307476,0.3627127909429687
1,0.4946331806203008,0.3359551429748535,0.14388592240474593,0.2700202243383505,0.509384274482727,0.48109692335128784,0.42847123742103577,0.5765685439109802,0.4350199026657855,0.3998499248358677
0,0.2174972320368466,0.24048276245594025,0.0854926878058934,0.11688395441437598,0.38132718205451965,0.05066467449069023,0.1830037236213684,0.026411298662424088,0.28470242712037075,0.16682076840589943
0,0.3475475252289231,0.18831156194210052,0.060547083356202513,0.12138969032663095,0.36205723881721497,0.022661905735731125,0.4551526606082916,0.10615292936563492,0.35042295740782997,0.2116144090778484
0,0.7006192885345639,0.7489969730377197,0.19818298655645433,0.6901525311113919,0.8852570056915283,0.9578425884246826,0.7671645283699036,0.7831629514694214,0.6767029849111386,0.7084356286612006
0,0.4268759155004654,0.6937621235847473,0.4163002608832098,0.3195901877355213,0.39085549116134644,0.1816728264093399,0.2534880042076111,0.22396138310432434,0.5622808610561074,0.37297778756449645
0,0.2658253191801901,0.3355320692062378,0.6450691584842333,0.35328203105525247,0.33241501450538635,0.19046621024608612,0.1636752486228943,0.45036545395851135,0.46228290218357915,0.3454265247574385
0,0.5116587694944841,0.3222710192203522,0.03572736410262223,0.34741044799855775,0.4279846251010895,0.8447968363761902,0.42704060673713684,0.2065349817276001,0.3357335474470083,0.38123389249124917
1,0.793661260731523,0.7564835548400879,0.8452418288071686,0.8317703373815726,0.8309952020645142,0.9395943284034729,0.8743013143539429,0.7873902320861816,0.8335623411447974,0.8292740261497542
0,0.39052738691365185,0.5506024956703186,0.7178664180300499,0.46323150952268627,0.48948797583580017,0.6381002068519592,0.376914918422699,0.9100491404533386,0.5953481312180426,0.5613138151952135
0,0.48059349502526005,0.28474438190460205,0.03056193506916614,0.28243872224369393,0.29951709508895874,0.31609100103378296,0.3879518210887909,0.31885239481925964,0.3752311046252009,0.29964395544751465
0,0.27950271138656013,0.13420484960079193,0.16158026111730128,0.1841534875290739,0.37911051511764526,0.01930515095591545,0.20308631658554077,0.3282676041126251,0.3203860113617941,0.21340450076789236
1,0.39468890558090536,0.19293853640556335,0.04536135039313087,0.49059620034914275,0.4608347415924072,0.06212502717971802,0.44075149297714233,0.2514835000038147,0.3936328906214031,0.2970163003126216
0,0.3141918306186857,0.4614420235157013,0.43127841664351935,0.29139154162259717,0.407975971698761,0.19978521764278412,0.23994576930999756,0.3224653899669647,0.46587935510854944,0.33808997085932996
0,0.36562806239926376,0.3112230896949768,0.14550612774435168,0.3814785369653677,0.43330180644989014,0.0010948516428470612,0.3228774666786194,0.7207368612289429,0.4486899224957986,0.3382079843930572
0,0.44006785100985835,0.31610623002052307,0.2520847542018141,0.23810327205661036,0.15786078572273254,0.437524676322937,0.22234487533569336,0.1690228283405304,0.35621905424979866,0.2787852589110133
0,0.6229133531954739,0.6417518258094788,0.3015842354964007,0.5541218307335077,0.5726063847541809,0.7905992865562439,0.7936587333679199,0.6810853481292725,0.6374492475544045,0.6135871400495079
0,0.4702647664747511,0.5249996781349182,0.13114642702080445,0.4211148118856308,0.30549150705337524,0.022292181849479675,0.3006911277770996,0.24595747888088226,0.493552736194237,0.3133045793628103
0,0.19512277804957467,0.18181169033050537,0.01149680772286879,0.13275999281137987,0.1349431425333023,0.015933770686388016,0.1252545863389969,0.05044828727841377,0.23443859686949223,0.10976370868469154
1,0.5823031742047515,0.7048684358596802,0.29921567760258583,0.6457036896729563,0.66400146484375,0.9888325929641724,0.6570033431053162,0.7365058064460754,0.6071460541479683,0.6504959015689192
0,0.5015325354503473,0.36220458149909973,0.34588274959452475,0.3759815665874602,0.5432276725769043,0.886176347732544,0.4198748469352722,0.6985244154930115,0.4484735177928011,0.504236422173526
0,0.27111437469869165,0.3009417951107025,0.09001021095023463,0.24233736166749936,0.3236260712146759,0.002806068630889058,0.21754634380340576,0.5941369533538818,0.35974249246823725,0.2574781112092319
0,0.2072346435626293,0.1264272928237915,0.013363325134071704,0.08929882947730618,0.1930711716413498,0.15195827186107635,0.25868669152259827,0.1782848834991455,0.23505568725575926,0.15087461132256372
0,0.5787037575114131,0.6742931604385376,0.3945322309690791,0.6096570728632726,0.8773654103279114,0.9380819201469421,0.5491936206817627,0.5326036214828491,0.6158453557079548,0.6378940373030169
0,0.5348383375550868,0.6325575113296509,0.9271298094795525,0.6581474574539797,0.804366946220398,0.28717565536499023,0.45119139552116394,0.5790305137634277,0.7724422236908989,0.6178730902982887
0,0.35213270261834323,0.08893601596355438,0.2581174353772679,0.08025698638834128,0.08758695423603058,0.0015453052474185824,0.3202022910118103,0.0795164480805397,0.32930007688967894,0.16291320778775364
0,0.21448452890023595,0.09841764718294144,0.016745990140773104,0.06321563369327958,0.28263580799102783,0.002508351346477866,0.1716747283935547,0.2826986312866211,0.2479322304997001,0.14212782128100093
0,0.32951888470195956,0.29654255509376526,0.03788452388634295,0.36204997350253837,0.4022585451602936,0.03659296780824661,0.360940545797348,0.45521751046180725,0.3877106309536804,0.28842745485829274
0,0.6328842795417696,0.8387517333030701,0.5972673286418198,0.7171866207845471,0.7168312072753906,0.8488247394561768,0.8638205528259277,0.8391389846801758,0.772503309981023,0.7525686058005716
1,0.3201624841076232,0.1991267204284668,0.011867699424756151,0.29595173419610393,0.4310067296028137,0.12226828932762146,0.39597102999687195,0.2275959998369217,0.33362300515278426,0.2521042819089322
0,0.44665070506967003,0.3925103545188904,0.34733895549808275,0.39079708553273057,0.5829537510871887,0.12826311588287354,0.48492181301116943,0.8320509791374207,0.5752082637904371,0.45215769166766995
0,0.420600957203269,0.3327694535255432,0.15545485021165228,0.2981342343449731,0.19535119831562042,0.022349027916789055,0.38587889075279236,0.3435608148574829,0.43314894338751486,0.2752214257896558
0,0.6555263240639296,0.6294389367103577,0.22961034717686862,0.568424179073787,0.1808168590068817,0.01290358416736126,0.5807384848594666,0.8136248588562012,0.6804860431917021,0.46826583996828053
0,0.17717950816118233,0.15244737267494202,0.007264589544222284,0.127495903134808,0.03359297290444374,0.002965110121294856,0.10813941806554794,0.025086138397455215,0.21563700238762726,0.0830754122534415
1,0.8186316313902896,0.9172662496566772,0.9171035076713482,0.8653117897003896,0.9186047911643982,0.8909561634063721,0.9248952269554138,0.8587005734443665,0.881695447433632,0.8885774866018948
0,0.18732061736837172,0.06226745620369911,0.020223870872566465,0.06266859463205061,0.16866599023342133,0.03908972814679146,0.11289021372795105,0.19089262187480927,0.21309620699919365,0.10571833001358276
0,0.31256801215498714,0.2488100826740265,0.12170079928678146,0.14636128984211638,0.22995983064174652,0.00034139168565161526,0.2716995179653168,0.002114545088261366,0.3293919413936013,0.17319782452345417
0,0.49062407563577276,0.4470829367637634,0.34558491951472664,0.4611353705930382,0.4687475264072418,0.5769928097724915,0.4702126681804657,0.49977561831474304,0.5084035618451674,0.4669216990996815
0,0.4146713067125468,0.16802453994750977,0.019216673074003116,0.2380703979818013,0.27103713154792786,0.011410714127123356,0.3333720266819,0.18651631474494934,0.34488882575067914,0.2100339277738814
0,0.3750530823906184,0.3430553376674652,0.17157085725024174,0.20831654767385135,0.42646753787994385,0.984708309173584,0.40350255370140076,0.19093692302703857,0.2985481000996676,0.37458306169240474
0,0.285298923996961,0.2612462043762207,0.09403556638394692,0.26394753888686007,0.18616582453250885,0.12877245247364044,0.28839635848999023,0.1851252019405365,0.31608448964322305,0.2144489929111713
1,0.23767943847532588,0.1034374013543129,0.00791316574652588,0.03766048678430054,0.48793479800224304,0.04962492361664772,0.5113833546638489,0.6188697218894958,0.32249648684816584,0.25225074438161865
0,0.2681645726139765,0.26038649678230286,0.007676347999100013,0.2212723591493929,0.3514114022254944,0.9729378819465637,0.3360237181186676,0.5094357132911682,0.22535797238658686,0.34761734575838993
1,0.1717413864377221,0.044826626777648926,0.023905238908711678,0.06696638012145488,0.07402614504098892,0.030719004571437836,0.2106066197156906,0.06805822998285294,0.20764149950737532,0.08718265922882563
1,0.45692012434128093,0.5479257106781006,0.12057523388199073,0.5103519167858385,0.5071998834609985,0.28301021456718445,0.3423856794834137,0.3453207015991211,0.48942215324290117,0.3940796949395304
0,0.19740777073677157,0.16691197454929352,0.00506256697247261,0.0637251438152701,0.2214387208223343,0.038106296211481094,0.16469624638557434,0.17515285313129425,0.2412226881598354,0.1304707055986524
1,0.7097287773016597,0.8113041520118713,0.5663280362027453,0.7805318515484524,0.6719076037406921,0.8067610859870911,0.8110337257385254,0.7341277599334717,0.7746342834394355,0.7349627869101809
0,0.39384521640103354,0.5116177797317505,0.19807914380704175,0.6057302883928817,0.8432433605194092,0.9352812767028809,0.3814774453639984,0.1881178766489029,0.41174878327773806,0.4998202337165599
1,0.36036618666383907,0.5310429930686951,0.1812185884694997,0.3838288149852395,0.46340447664260864,0.7074129581451416,0.7070119976997375,0.713837206363678,0.47094822397287295,0.4958977228659016
0,0.45435540896361276,0.48131731152534485,0.5878330132993901,0.2388248262193431,0.3643324673175812,0.9704455733299255,0.41045278310775757,0.19594912230968475,0.4538860728415541,0.4542449054562272
0,0.2428621825727666,0.09264128655195236,0.02586282144654972,0.1636275743607572,0.3285976052284241,0.007579963654279709,0.22214750945568085,0.1588786095380783,0.26358519637196764,0.1576069765738492
0,0.26777022160150726,0.24001462757587433,0.0986389181681474,0.14258564833121948,0.17045438289642334,0.013929126784205437,0.22437088191509247,0.0003144112997688353,0.2959459800207059,0.15051323429866123
0,0.5266889368313403,0.6241028904914856,0.8640416493687423,0.5824335756662005,0.5623159408569336,0.7813613414764404,0.5249505639076233,0.5552971959114075,0.6844641011701282,0.625193976703551
0,0.3807598457221797,0.5382372736930847,0.4223506448946914,0.31140095918284416,0.35790368914604187,0.2792744040489197,0.23142284154891968,0.32392606139183044,0.4907179197873415,0.3602716886505584
0,0.19758266435502772,0.0721442922949791,0.01070747720959473,0.07953650270149892,0.03821969032287598,0.04153718426823616,0.1516987383365631,0.053251687437295914,0.2067528519274053,0.0821577418184351
0,0.37514459435177655,0.25738224387168884,0.033154454290323945,0.3436917929668467,0.3583572804927826,0.06855525821447372,0.3048282265663147,0.06919162720441818,0.35186119253953435,0.2323974685123656
0,0.2723188539842571,0.09033755958080292,0.1633867796642978,0.13894256304782046,0.40307265520095825,0.030539922416210175,0.4020390808582306,0.205983966588974,0.3273922541831054,0.21479407911176598
1,0.45310650194890456,0.515321671962738,0.5551422200871043,0.3407717209089105,0.4021172523498535,0.005189345683902502,0.31195124983787537,0.21423222124576569,0.5947993703289398,0.3618312476120309
0,0.2351624744563321,0.08912180364131927,0.002569085288166763,0.08501184021788144,0.00670330785214901,0.0014570935163646936,0.09713245183229446,0.10459690541028976,0.21584040233826807,0.08045251913650521
0,0.3668349317127894,0.4730183780193329,0.05282447412343795,0.16702962324339332,0.11355266720056534,0.12222621589899063,0.24317985773086548,0.2862641513347626,0.37233195697885724,0.23277626371347793
0,0.2894478540496221,0.08510929346084595,0.07576659256281786,0.0934753612345934,0.24422593414783478,0.12028631567955017,0.2216465175151825,0.004451064392924309,0.25424814743517804,0.14332994746949895
0,0.30610512562545655,0.20242775976657867,0.1603399525617657,0.21876292063857167,0.24202142655849457,0.31157106161117554,0.2591133117675781,0.3821680545806885,0.30735319697798874,0.2572881243061558
0,0.27706909955761755,0.0212519783526659,0.005401151537906408,0.036049850509092214,0.04093877598643303,0.001090442412532866,0.3570297956466675,0.04301699995994568,0.24029771033285297,0.09935955725933547
0,0.13396656217291725,0.05294590815901756,0.0029481466873387176,0.026539689610231336,0.20122140645980835,0.050813570618629456,0.1568046361207962,0.07079564034938812,0.195695664073537,0.08687474592119043
0,0.21755656739347137,0.0863514393568039,0.007508526331248732,0.06226539754242002,0.008943164721131325,0.00030263420194387436,0.09475771337747574,0.04213402420282364,0.20856068980699807,0.06793621588342777
1,0.3571590432156148,0.1877315193414688,0.07092719995138369,0.16009283070959449,0.04403496906161308,0.006087856832891703,0.2297583967447281,0.29076841473579407,0.31266035768149414,0.17204012024164933
0,0.35976141239303083,0.3717430830001831,0.33081677275642807,0.41927938450709973,0.3204750418663025,0.4838913083076477,0.3272921144962311,0.5480280518531799,0.4181899288835381,0.3915571229969614
0,0.4500699021485076,0.33842235803604126,0.38093348355906576,0.3200029905233977,0.533128023147583,0.6093736886978149,0.3526201546192169,0.5420629382133484,0.45014680047336836,0.43459733769911124
1,0.5288310990415064,0.6070395708084106,0.550545823332575,0.5282770648382006,0.4037817716598511,0.6820321679115295,0.3895171582698822,0.5670197010040283,0.5879236742961043,0.5302233858779175
0,0.1692761075542489,0.16935783624649048,0.11549913286375395,0.14983872505054063,0.21587328612804413,0.06330526620149612,0.20289547741413116,0.19195431470870972,0.26098507782444896,0.1611964491374428
0,0.30999953444789635,0.10843651741743088,0.07394874293641228,0.17176838076292406,0.100462406873703,0.01240040548145771,0.20569132268428802,0.2279135286808014,0.2795614255788417,0.15424036847106756
0,0.3918196280172112,0.3135095536708832,0.21022296216274636,0.24791940704753726,0.1948283314704895,0.2493935078382492,0.3880264163017273,0.1460980921983719,0.38386804878462005,0.27014908450762387
0,0.2253416755343838,0.0336412750184536,0.13764590451921305,0.04629055746935359,0.002785257762297988,0.000270680378889665,0.16154026985168457,0.051265131682157516,0.22932220263314843,0.08491539723117354
0,0.3191279828885369,0.015992330387234688,0.039300624974952326,0.015990022404589632,0.1393057256937027,0.002342539606615901,0.33149904012680054,0.04085381701588631,0.2589010407603705,0.11510261307356402
0,0.521713357430064,0.5921289920806885,0.8882652218686664,0.6013296568777496,0.5917053818702698,0.5283605456352234,0.5803059339523315,0.5155702829360962,0.7213927711703645,0.605074187821157
0,0.37287407139180195,0.355553537607193,0.07346087484870578,0.49230684913843015,0.45155957341194153,0.3832513988018036,0.4312829077243805,0.3193950057029724,0.3900218171640238,0.35931432445261435
0,0.5162417190801725,0.5244284868240356,0.7497841429157546,0.41423088516802986,0.5268348455429077,0.6457499861717224,0.5187719464302063,0.47079065442085266,0.6325380243767845,0.5439904430443456
0,0.5747571326873157,0.6515763998031616,0.05290867649827399,0.48409676797725526,0.9480030536651611,0.8148881793022156,0.5699953436851501,0.5999637842178345,0.5507239978606612,0.5797450540076001
0,0.554203489583296,0.6094491481781006,0.37767241667064944,0.5614233224740203,0.5511035323143005,0.8998010754585266,0.530849039554596,0.7243646383285522,0.5696619681634808,0.592586436803853
0,0.2654230155033165,0.20970644056797028,0.0338859099598724,0.12367062920397846,0.07439775764942169,0.1889982521533966,0.23545336723327637,0.1821424812078476,0.25725467778703764,0.16401870665499102
0,0.29426311653904175,0.23040592670440674,0.024372267581880568,0.20919082803704148,0.22057674825191498,0.009602797217667103,0.15071715414524078,0.011399241164326668,0.2848500615581358,0.150119082919979
0,0.2044391018663048,0.07503051310777664,0.004224034829315325,0.14343397455941012,0.1312699168920517,0.0013994863256812096,0.15966589748859406,0.03441843017935753,0.22026184631667536,0.09725333635363614
1,0.8704360230808196,0.9407823085784912,0.9583863287128614,0.8981258076335505,0.91396564245224,0.9508917331695557,0.929504930973053,0.8723863363265991,0.8931126362798859,0.9163099582150329
0,0.2533942582891865,0.20629681646823883,0.05260100669944809,0.16195087069137531,0.13476163148880005,0.0007170556928031147,0.18538638949394226,0.10182131826877594,0.27522719237097876,0.14181155876613716
0,0.8867157400289963,0.9462401270866394,0.9815631244896871,0.9187729276950245,0.9162650108337402,0.9416550397872925,0.9312832951545715,0.8651459217071533,0.8989125625932997,0.9236755634408351
0,0.6938813539092941,0.8147459626197815,0.9670702038923322,0.7794253226344412,0.8054704070091248,0.9767888784408569,0.586929440498352,0.8520380854606628,0.8090093088453649,0.8059379070490507
0,0.183302737172031,0.052219849079847336,0.014225904656207766,0.037963797228226646,0.08605874329805374,0.03155873343348503,0.16694051027297974,0.045279812067747116,0.20399412849421364,0.07831126847113486
1,0.6078718706782996,0.42837879061698914,0.13835804595508555,0.5745059692009677,0.7737705707550049,0.2135820984840393,0.7867841720581055,0.951741099357605,0.6555225185927303,0.5593332799102142
0,0.3715660408834479,0.2721494138240814,0.03392914352284146,0.0875047057608974,0.25359904766082764,0.009930294007062912,0.30591434240341187,0.004816410597413778,0.33625025607821857,0.17364390309609123
0,0.524085786961936,0.39063432812690735,0.42947791621382014,0.33944731434458897,0.5605849623680115,0.5046067237854004,0.3921929597854614,0.406637042760849,0.5192133508016404,0.44209288785426054
0,0.46328191105249317,0.2558034658432007,0.018309276608561725,0.2872964883583927,0.39322543144226074,0.24425233900547028,0.5988559126853943,0.34620293974876404,0.41161071573106534,0.32534291545996574
0,0.17995497561191917,0.056742195039987564,0.009817717272605032,0.0670789979590861,0.058636374771595,0.02091526985168457,0.15487326681613922,0.08317150920629501,0.20419320586748788,0.08016209471772559
0,0.42070713490089306,0.34315791726112366,0.015598829703406227,0.32283353342438414,0.41684868931770325,0.3829490840435028,0.6350476145744324,0.4562417268753052,0.4153033277630379,0.37049501321992406
0,0.4140344466552517,0.36090174317359924,0.21308930955276162,0.4153219154876657,0.3575056195259094,0.011126094497740269,0.3584443926811218,0.050882887095212936,0.45361422962179637,0.2827847057509449
1,0.8803845219373179,0.9262982606887817,0.9813340604263995,0.9300681267790437,0.9155299067497253,0.9999246597290039,0.8875975608825684,0.9316738843917847,0.8919208419414497,0.93000037088854
0,0.5537704490300941,0.736650288105011,0.5792243411679168,0.6005524853253035,0.7453121542930603,0.7295961976051331,0.5116735696792603,0.6370473504066467,0.6824493717427226,0.6350423405777641
0,0.1791605596330634,0.09940584748983383,0.0027470154982649026,0.08398615308614069,0.177314892411232,0.005351138301193714,0.2413567304611206,0.0010337327839806676,0.225972923354681,0.1013006139589948
0,0.4455842694487584,0.24400834739208221,0.3593442930486209,0.33731471655148576,0.5195661187171936,0.5760725140571594,0.5609146952629089,0.407770037651062,0.4477426041472605,0.4250874918674228
0,0.5183775464946819,0.5884472131729126,0.34429525217644924,0.6274280735309308,0.4561433792114258,0.266975998878479,0.29344442486763,0.3003903031349182,0.5709139022702105,0.433123945111257
0,0.22998533671060947,0.12762737274169922,0.008934720987117348,0.15805796683999782,0.020035894587635994,0.006815405562520027,0.1417212337255478,0.028276564553380013,0.22786122071882808,0.094240002982452
0,0.43432212349392413,0.545178234577179,0.0972899720458807,0.5897479980800308,0.4167642891407013,0.5378592014312744,0.5009549856185913,0.9499119520187378,0.4956099953115052,0.5030592411469972
0,0.5048363550815875,0.6305047273635864,0.1924004654538471,0.6104675141579471,0.46818748116493225,0.7949024438858032,0.5394289493560791,0.23340891301631927,0.49543762090682075,0.4939469222733963
1,0.44643723933775203,0.5496878623962402,0.6127865093574727,0.4459216073626985,0.20692750811576843,0.051954347640275955,0.4453682601451874,0.4329662322998047,0.6304680224181082,0.40915888479765605
0,0.10382901336391985,0.009013568982481956,0.003439403063021618,0.02468322922095527,0.03115912899374962,2.2191026801010594e-05,0.09331155568361282,2.2555808754987083e-05,0.16924877369614053,0.03418326433381873
1,0.4002766490486156,0.30038028955459595,0.041881726779244684,0.17265044138455923,0.0587717667222023,0.005685122683644295,0.46269574761390686,0.35363075137138367,0.38623472128213826,0.2285126174350396
0,0.4205212810908071,0.43645980954170227,0.2270107242143525,0.26285964706963805,0.35993167757987976,0.2763006091117859,0.3923119902610779,0.21369636058807373,0.44563962652012973,0.3267228681090879
0,0.41974267204413734,0.1700160950422287,0.15382308528444757,0.14604318918157472,0.3228059709072113,0.06853356212377548,0.37093961238861084,0.00027450936613604426,0.3635485499589217,0.2115814596509868
0,0.3084852439794783,0.20391377806663513,0.10543744431349988,0.18727249549608746,0.12421219795942307,0.06450895220041275,0.2568954527378082,0.23138321936130524,0.30983036373726447,0.18821623994956457
1,0.3369634518133388,0.5857797265052795,0.4985017508106374,0.5848114106538536,0.4840141534805298,0.008269932121038437,0.21940137445926666,0.08736627548933029,0.5597299984863385,0.36520354599582827
0,0.5172281307109636,0.4760281443595886,0.39784948304313456,0.4170181384293168,0.4852982759475708,0.494058758020401,0.4229927659034729,0.407418429851532,0.536404072250962,0.4523179728682689
1,0.8303060404892613,0.9417681694030762,0.9029363677984273,0.8906747989285935,0.9224933981895447,0.9589418172836304,0.8514621257781982,0.9709219932556152,0.8791476437826383,0.9067527567267786
0,0.7318238560037905,0.5945614576339722,0.5670126891020796,0.6100197144470985,0.7025810480117798,0.677767276763916,0.8420341610908508,0.7645351886749268,0.7517420781291315,0.6835555727638181
0,0.36988595696808785,0.3748718500137329,0.016118659197725052,0.41399888112493083,0.6163209676742554,0.3709026277065277,0.4304247498512268,0.4501190781593323,0.3994118602860185,0.3781175508543975
1,0.7590570745225077,0.7505276799201965,0.5408667450738981,0.7357885518317153,0.8661195039749146,0.9818663001060486,0.9138392806053162,0.8417046666145325,0.7786333008129624,0.7916398516327997
0,0.46393899816839856,0.503285825252533,0.5157677794148057,0.3243764596205546,0.398596853017807,0.2393054962158203,0.46929097175598145,0.32644495368003845,0.5811493445025807,0.4105919283577745
0,0.470096741717506,0.4491245746612549,0.1617046417295675,0.376970567333245,0.4908175468444824,0.5432586073875427,0.49567586183547974,0.39478790760040283,0.45601185447022474,0.41962187028446774
0,0.1827010904222276,0.0793830156326294,0.003940628566668218,0.05249928621426674,0.10686594247817993,0.00019709610205609351,0.13993585109710693,0.040431439876556396,0.20889358789453574,0.07799704363634555
0,0.18098983511724032,0.20888352394104004,0.12499184712365811,0.20026490557379012,0.040420256555080414,0.004393387585878372,0.1092284768819809,0.033943887799978256,0.25225547633569134,0.11829793292645613
0,0.46068491101635856,0.6856545209884644,0.9358638414725481,0.40068855614633153,0.5379091501235962,0.03533829003572464,0.28025904297828674,0.16639819741249084,0.7245344186257807,0.45393890559691114
1,0.4154771465939699,0.24132734537124634,0.020657972799540434,0.14319797288486746,0.30768442153930664,0.1835096925497055,0.201949805021286,0.2659221589565277,0.32319081355103174,0.22365991236792193
0,0.4680410078081729,0.4433427155017853,0.7042663770723339,0.4316535654551397,0.4716552197933197,0.3186226189136505,0.5126122236251831,0.37781450152397156,0.6225099227560487,0.470156957383909
1,0.534713267079133,0.47552570700645447,0.19313356744458185,0.5637487607290147,0.553044319152832,0.7792254090309143,0.5721693634986877,0.7533416152000427,0.508805930691049,0.5441164932333661
0,0.27800712316713744,0.06009490415453911,0.004699946954649086,0.14171818233841316,0.06474026292562485,0.04927678033709526,0.29241621494293213,0.17327933013439178,0.247435479650077,0.1339686122102275
0,0.43440389745953156,0.2996196150779724,0.18946558753319873,0.3075994834936544,0.547939658164978,0.5136169195175171,0.4670974612236023,0.2568023204803467,0.40380587399541357,0.3733263335404422
0,0.4387375314584855,0.3064117133617401,0.035800649415283554,0.38359775185719014,0.4303847551345825,0.12054551392793655,0.5540245175361633,0.24728280305862427,0.435264743625031,0.318660513690345
0,0.29133730493312976,0.1778794825077057,0.1640433046644562,0.14312776787015,0.21835213899612427,0.00015607727982569486,0.3095780909061432,0.030481817200779915,0.32115514131014417,0.17212706665586824
0,0.4673866073496024,0.8048810362815857,0.6077819699916379,0.760893085137424,0.6255162954330444,0.9987592697143555,0.2949267029762268,0.9003676176071167,0.6239328441899799,0.6751029608784869
0,0.24803830383779787,0.025971394032239914,0.0011956579813580598,0.05073852716559735,0.12054865807294846,0.0010037663159891963,0.25785568356513977,0.0002989409549627453,0.22589371994341817,0.09038570825640077
0,0.2650102872230169,0.21317660808563232,0.0065975488827788005,0.12596751801541625,0.10099214315414429,0.009374076500535011,0.1276528537273407,0.10085488110780716,0.25853881597544276,0.12319552226380917
0,0.2688450946341916,0.19730618596076965,0.1341173315884641,0.1220513583990545,0.12337163835763931,0.27874282002449036,0.13911591470241547,0.04611040651798248,0.24940929326828695,0.16352970246813306
0,0.11342023329677402,0.007291199639439583,0.0005425506508743865,0.007875318438638172,0.03729328513145447,2.9950329917483032e-05,0.09630703181028366,6.0465852584457025e-05,0.1704596714626339,0.03378279812897786
0,0.2631298114003545,0.046467579901218414,0.015502864775546337,0.12021791501966002,0.25778791308403015,0.055578265339136124,0.27570217847824097,0.2700287103652954,0.2567263269379615,0.16259114750897513
0,0.6879400470884692,0.4420982003211975,0.3302759629778956,0.420989793448683,0.7446455359458923,0.6065199971199036,0.8738007545471191,0.9039626717567444,0.6716630858471465,0.6190700813617515
0,0.5731634228335599,0.6798812747001648,0.8890826760856161,0.7165489909028181,0.608628511428833,0.7406790256500244,0.683395266532898,0.5470873117446899,0.7496940535233664,0.6798319121779838
0,0.18595918307919604,0.06267427653074265,0.003370341810069993,0.06321927046437137,0.08295240998268127,0.0006860099383629858,0.14583098888397217,0.0007674788939766586,0.20458412139969354,0.07067463909796852
0,0.5187319235411023,0.5867913961410522,0.3468575233775535,0.3994573920225045,0.5736701488494873,0.9217839241027832,0.6101938486099243,0.5700825452804565,0.5358790541710131,0.5561187208846062
1,0.2603727577766372,0.19124649465084076,0.017284517318903948,0.20033743037869145,0.1974012702703476,0.0020664355251938105,0.1968374103307724,0.0005517493118532002,0.2697430560405568,0.1387655330044718
1,0.4991133555524274,0.3964068591594696,0.745074413449957,0.4695044635361229,0.5857635140419006,0.6992896199226379,0.5473272800445557,0.49417105317115784,0.5995885602708951,0.5500255619583587
0,0.4881208622816267,0.4480627775192261,0.08215091828060524,0.4769162960456665,0.4850272238254547,0.3393421471118927,0.6954829692840576,0.15096823871135712,0.49560409519171733,0.3986633482594988
1,0.4860243657883452,0.5217534303665161,0.465302939893443,0.399928918396253,0.04652612656354904,0.5303296446800232,0.43145883083343506,0.10181569308042526,0.49085058331008374,0.37542293425717077
0,0.3583203929211831,0.24398501217365265,0.01660379581149092,0.076619294370906,0.39262622594833374,0.5812184810638428,0.40219801664352417,0.3192345201969147,0.2877975214465802,0.28967486756659366
0,0.3128153011729748,0.19709065556526184,0.080579349651452,0.05568750120893186,0.10783509165048599,0.02315349131822586,0.2645256519317627,0.29070907831192017,0.3056199257964014,0.16872680859955266
0,0.47975226971566165,0.5078834295272827,0.23896106389748722,0.44567424976989045,0.3670140206813812,0.24928835034370422,0.42715612053871155,0.3307071924209595,0.5168827977227324,0.3860627280420747
0,0.5182085135695693,0.48839056491851807,0.12729828230073836,0.5457346722361115,0.6225648522377014,0.2890378534793854,0.6620447039604187,0.33593788743019104,0.5581482136658554,0.4524896187760372
0,0.21930918807198777,0.019745562225580215,0.0022760393541210316,0.04021250003665911,0.021544191986322403,0.009500334039330482,0.283555805683136,0.05033327639102936,0.2155049252465004,0.08188906990850055
1,0.3357670634117261,0.5915505290031433,0.3509336924498976,0.6733003207581868,0.7076238989830017,0.033224716782569885,0.47094467282295227,0.6230608820915222,0.6173914863787254,0.4817113660597833
0,0.47430580551308715,0.5177626609802246,0.09421836555073239,0.42738396909369103,0.29761192202568054,0.12199283391237259,0.3109744191169739,0.3972019553184509,0.4793997991330691,0.33719742882343423
0,0.3703186446535063,0.3815545439720154,0.2263614727491445,0.4912622577196822,0.5849615931510925,0.14252449572086334,0.33722400665283203,0.40154895186424255,0.47069669399744196,0.3717316470762775
0,0.43925303976357455,0.4121449887752533,0.030791085818794507,0.22539729788902285,0.38807982206344604,0.24419747292995453,0.3765130937099457,0.3856220245361328,0.4110540528718099,0.3138237269276532
0,0.17253640398287484,0.08464809507131577,0.01155996875999616,0.035401948197875246,0.36725956201553345,0.028380440548062325,0.20955753326416016,0.1876755654811859,0.23522043131105005,0.13703395231393267
1,0.8824511709989992,0.9614524245262146,0.9856883827556726,0.9279035157418857,0.9860451817512512,0.9928154945373535,0.942436158657074,0.9786556959152222,0.9030155510733622,0.9555146529576142
1,0.5788562576109755,0.494350790977478,0.5967919400155207,0.36643283365728896,0.6079274415969849,0.7878789901733398,0.7292143702507019,0.498745858669281,0.6268659907171179,0.5760081610259447
0,0.45859715052382327,0.21534690260887146,0.04466199738076534,0.26041779011379856,0.42550551891326904,0.39599987864494324,0.39303532242774963,0.3445549011230469,0.3544126451856321,0.31378144537689856
0,0.46757130876155273,0.6509803533554077,0.2961006528740292,0.47590606571093974,0.4882717430591583,0.8240352272987366,0.5794028043746948,0.3089888095855713,0.5137043131367466,0.5065319571529199
0,0.6360720810610985,0.8001821637153625,0.8120876263673701,0.7554240453984443,0.8784570097923279,0.9038556814193726,0.8368474841117859,0.6599910855293274,0.7975564927746346,0.7823757102746933
0,0.8572885658507994,0.8858850002288818,0.9319831435758533,0.8874738253297302,0.9114425182342529,0.9488434195518494,0.9355617761611938,0.872086226940155,0.8830008814985036,0.902389134141133
0,0.18713381540289725,0.05759564787149429,0.008987228851969058,0.07565043316834974,0.21372036635875702,0.012690315954387188,0.2087428718805313,0.010195350274443626,0.21914351894921252,0.0987910425934935
1,0.4677467191534253,0.7263736724853516,0.9647901700887089,0.6438046278236108,0.4462376832962036,0.539381742477417,0.5963944792747498,0.38777461647987366,0.7361478244020436,0.6017297573803426
0,0.3565444616611117,0.5882444977760315,0.25460391367646024,0.10156330466417188,0.4408765435218811,0.09066568315029144,0.4675184190273285,0.002663204213604331,0.4952378036333804,0.29630120361199064
0,0.17505565395605424,0.03608175367116928,0.0031514340150573224,0.02396760901735231,0.15787729620933533,0.001515248790383339,0.2565198540687561,0.22248445451259613,0.22100898705166463,0.1089910632895539
0,0.27582610468770574,0.24831441044807434,0.3734296733008676,0.47754229442077506,0.23123876750469208,0.1588846892118454,0.1911623179912567,0.25845348834991455,0.37384142772236545,0.28125963666499904
0,0.4964251859507873,0.5203903913497925,0.5665121498920803,0.5836524835710202,0.4316461682319641,0.33039093017578125,0.34836646914482117,0.4526960849761963,0.6025211727731169,0.47178910015581865
0,0.37532163064762386,0.20233696699142456,0.8180972893368469,0.2172680857500484,0.28431278467178345,0.031921010464429855,0.23310914635658264,0.12576788663864136,0.5096179109266602,0.2945699314331398
0,0.16808039827889756,0.05114040523767471,0.002071613441083202,0.0326551036079056,0.1588267982006073,0.013679662719368935,0.07601442188024521,0.19849194586277008,0.20098728824970544,0.0878092696316325
0,0.6731867933288709,0.8053722977638245,0.3133757048296628,0.7560436607585737,0.69682776927948,0.8006721138954163,0.6623231768608093,0.5778203010559082,0.6901973294127366,0.6595036395661259
1,0.5089616606619817,0.2587999105453491,0.01352031806716774,0.27076100266210873,0.5988101363182068,0.4497506022453308,0.8206166625022888,0.4646465480327606,0.45526988217185405,0.41692619665116215
0,0.3282235394700196,0.2156234085559845,0.029699865386509715,0.28530208006304,0.3071209192276001,0.07658055424690247,0.34260785579681396,0.1621740460395813,0.3284619098586212,0.2220450109610903
1,0.5912705386571269,0.7128427624702454,0.6288696909492162,0.6478570251619938,0.6897635459899902,0.4247358739376068,0.4991793930530548,0.47127243876457214,0.7248134888551785,0.5899215917335793
0,0.2745647064334657,0.04549405351281166,0.04838390852318636,0.13842058436133864,0.1933879405260086,0.11494848877191544,0.4932946562767029,0.24727201461791992,0.2813865088071942,0.1926080941789468
0,0.2927084517713523,0.1437549740076065,0.01960073081532357,0.11703907103735142,0.2428138107061386,0.1748151332139969,0.24749420583248138,0.24021072685718536,0.26553476216803856,0.1836982287363858
0,0.3964864242517951,0.30679863691329956,0.6142124027677498,0.2673898526680632,0.41462963819503784,0.6626350283622742,0.30820372700691223,0.14644481241703033,0.42756332811966313,0.3856862745507996
1,0.30148357697689804,0.1858517974615097,0.03266570109769935,0.0889019135427209,0.09432373195886612,0.06150153651833534,0.24803924560546875,0.17931029200553894,0.27814083386813093,0.15122697858091846
0,0.6435373709732667,0.5263347625732422,0.4054614529064041,0.6508342409237139,0.7491950988769531,0.911334216594696,0.842532753944397,0.5082609057426453,0.6398886579437143,0.647315204018022
0,0.3158798444665458,0.2446727156639099,0.06493027641131485,0.18124465269652001,0.40194645524024963,0.013582424260675907,0.4854929745197296,0.5268111228942871,0.39204589728911393,0.28010960629509074
0,0.34442473147934033,0.3872365355491638,0.014882813188702288,0.3102066654596488,0.20725588500499725,0.06320026516914368,0.35407811403274536,0.3215923607349396,0.37790373267347477,0.25511053912338244
0,0.3930158436364388,0.342451274394989,0.061927695869920044,0.18362290727901612,0.36041033267974854,0.07897926867008209,0.5443450212478638,0.171492338180542,0.4173221207348636,0.2713043296166447
0,0.5161040230330824,0.46046653389930725,0.2544137615186298,0.48153118425768016,0.5895386338233948,0.4860646724700928,0.6320496797561646,0.2330871820449829,0.5335946050190541,0.45726125094631
0,0.1637577282856883,0.016066839918494225,0.019404783010142077,0.021469373646913183,0.17059600353240967,0.00014204395120032132,0.1624578833580017,0.0063300528563559055,0.1995346041380903,0.07140069922215504
0,0.4698794612020999,0.5328705310821533,0.7710001447659088,0.6299465677881023,0.47561392188072205,0.9496619701385498,0.5090232491493225,0.4378613531589508,0.5853580426086394,0.5905238297603206
1,0.5207502153823802,0.7013062238693237,0.8110468490412853,0.5188728857114908,0.5968077778816223,0.047812845557928085,0.5700809955596924,0.9051002860069275,0.7946759305744726,0.5933600286980338
0,0.4311588772168654,0.7372583150863647,0.5674369143389785,0.6559435829357942,0.887248694896698,0.9791347980499268,0.5835941433906555,0.6830783486366272,0.6351817899865813,0.6822201240771351
1,0.6064543262151871,0.6240859031677246,0.7611712265290266,0.6312384824697787,0.6104746460914612,0.41413775086402893,0.8230739235877991,0.46913957595825195,0.769311266202747,0.6228476528872406
0,0.25739509479100314,0.0723864883184433,0.025401419811735652,0.14950022161017065,0.3296886384487152,0.0012397941900417209,0.362682044506073,0.23361465334892273,0.2847994901716912,0.18009656585151546
0,0.3098130371271878,0.24274109303951263,0.061913354191200774,0.18524310088843218,0.3828370273113251,0.002082317601889372,0.36791571974754333,0.011454232037067413,0.3423321208657289,0.20139303032438072
1,0.4739641691339247,0.3155512809753418,0.09367906269225855,0.2955077828413865,0.558803141117096,0.21429021656513214,0.8251941204071045,0.08362565189599991,0.48893025402429413,0.3602102774486666
0,0.505486743756157,0.30571967363357544,0.06005808525005904,0.4046664400644873,0.34428706765174866,0.20107747614383698,0.4864075481891632,0.01615704968571663,0.42086049678358994,0.29613226942203835
0,0.4907233938361527,0.5984742045402527,0.4840163088647253,0.5599222106400602,0.5326375365257263,0.33281242847442627,0.510970950126648,0.2752205431461334,0.6223106143995505,0.4798022757211949
0,0.34421380834052256,0.34081852436065674,0.11303833969681107,0.29475671562518435,0.395282506942749,0.22601036727428436,0.40317386388778687,0.13326111435890198,0.37724901768122526,0.28393288673172357
0,0.37808296613043313,0.14553509652614594,0.0073603265246065365,0.2517990077184668,0.43666860461235046,0.5468093156814575,0.42394953966140747,0.23891359567642212,0.2851148662562773,0.29604593993486417
0,0.250509041102662,0.08821399509906769,0.00172561874956031,0.13317770426546952,0.3157995343208313,0.0025414424017071724,0.33961227536201477,0.25312191247940063,0.2775805924015561,0.17398047635697894
1,0.8322239901115619,0.9117565751075745,0.9656875337721378,0.8820140703145584,0.9364513754844666,0.9371253252029419,0.9292237162590027,0.8633666634559631,0.8865565616701335,0.9062777105964047
1,0.7423877348284025,0.8989400267601013,0.9770601161430115,0.894228799202384,0.9898763298988342,0.9945700764656067,0.8809081315994263,0.9239562749862671,0.8699360747966061,0.9093186734516445
1,0.4691397687693682,0.2523435354232788,0.07349751746382707,0.2674360311161512,0.04542046785354614,0.09134245663881302,0.4180578887462616,0.44458502531051636,0.394789696071827,0.2603362651599298
0,0.33775165467092294,0.31673380732536316,0.07753827726145233,0.25729061364465544,0.2767467200756073,0.20672842860221863,0.24627748131752014,0.5216717720031738,0.35072304001123106,0.27956189135309284
0,0.7197383744824131,0.7395249009132385,0.8365661583550739,0.7264165978661083,0.7229011654853821,0.9535301327705383,0.727619469165802,0.7099334597587585,0.785085441705924,0.7631093925106052
0,0.2849087776255871,0.2999629080295563,0.547882558239605,0.2929371687893919,0.03200867399573326,0.006801270414143801,0.15288709104061127,0.22325612604618073,0.417312526452643,0.23823977567321467
0,0.27962937826290524,0.23682278394699097,0.008337389143982835,0.2693111093010567,0.29842281341552734,0.0022311448119580746,0.33332380652427673,0.1769912987947464,0.32185539528868773,0.2052247453299253
0,0.5396056307686625,0.6891292929649353,0.5481697839770088,0.6539668105204743,0.5687808990478516,0.8547825813293457,0.6806957125663757,0.5843250751495361,0.652877393558174,0.6351627101587027
1,0.2036454429214906,0.17778708040714264,0.02390231625640841,0.1222084867577264,0.1466350555419922,0.0002863051777239889,0.27570661902427673,0.014063864946365356,0.2562267964442216,0.12442363686193461
0,0.2626018587865862,0.41593489050865173,0.48046400001209166,0.3030423146344667,0.4055843949317932,0.12922316789627075,0.2029838114976883,0.09887252748012543,0.4397115998498895,0.2946441774085698
0,0.267829258252679,0.0581187941133976,0.003916345156591279,0.058132102095178405,0.20439741015434265,0.013543382287025452,0.34675687551498413,0.2975116968154907,0.266467271257951,0.15588149629379458
0,0.3500834230594029,0.4089936912059784,0.6450250002670621,0.5030435622254404,0.39376968145370483,0.7016042470932007,0.25976553559303284,0.5821012854576111,0.471864466631785,0.47472938015203797
0,0.4015019097706141,0.27430984377861023,0.013900283961093267,0.272017114992265,0.38593026995658875,0.018877103924751282,0.3954945504665375,0.2668088376522064,0.39023493500028084,0.25852712629292574
0,0.5202663533346426,0.5823481678962708,0.0747589565051881,0.4652926016058229,0.5340067148208618,0.5207375884056091,0.37090352177619934,0.3579675853252411,0.4782397158251103,0.42860884492635315
0,0.3129580238709746,0.23931147158145905,0.4104064111845014,0.22935253443389964,0.26375827193260193,0.2107589989900589,0.5879774689674377,0.3121606707572937,0.4372158013311039,0.32092408554640023
0,0.21799508029598194,0.16990643739700317,0.006313377981955292,0.1372240666443316,0.12927952408790588,0.00368280871771276,0.17301596701145172,0.501174807548523,0.264704760228024,0.167362435415224
1,0.41511972491669524,0.45460984110832214,0.18247074753927292,0.4956410769999625,0.40869683027267456,0.31359702348709106,0.540235698223114,0.36023885011672974,0.48312835380466695,0.39842634808150235
0,0.2116410880706996,0.15282206237316132,0.013216784286745508,0.10257254352642654,0.14925982058048248,0.0023553529754281044,0.19366008043289185,0.19158805906772614,0.24869075688486736,0.12934890610713978
0,0.35436065769436226,0.13113969564437866,0.02417107493552595,0.21660480556670883,0.1255478858947754,0.010922187939286232,0.21994146704673767,0.21687720715999603,0.29267231643052194,0.16623666480352733
0,0.1821744014061556,0.03487662598490715,0.0024890701703497325,0.025490735177465487,0.16129536926746368,0.10972132533788681,0.10678143054246902,0.1080135628581047,0.1916319323666026,0.09017407329921473
0,0.5412701450169393,0.4956243634223938,0.08854292562340184,0.4991753795429958,0.6358222961425781,0.8609012365341187,0.5353540182113647,0.8795328736305237,0.48365482946198335,0.5547508760793545
0,0.2777985019036922,0.13824839890003204,0.019246345474515564,0.12872806513517412,0.1131620928645134,0.24999678134918213,0.21962319314479828,0.11606671661138535,0.23463431111467903,0.15632433642915433
0,0.514121494363342,0.4830961525440216,0.8302448661698973,0.5923207884051725,0.5924116969108582,0.9701015949249268,0.5296640396118164,0.7204562425613403,0.6259045129405151,0.6444604245724592
1,0.23869639505889123,0.05480526015162468,0.02629933571815972,0.050813050839205995,0.0033182380720973015,6.89372536726296e-05,0.166537806391716,0.05989870801568031,0.21854242091345688,0.0774572900774584
0,0.15484467483059508,0.008734730072319508,0.0035425800451568965,0.016928897248009337,0.027802085503935814,0.021589644253253937,0.12376926094293594,0.033006686717271805,0.18108686523546144,0.0494003762430294
0,0.09502387543636863,0.031943563371896744,0.0026073823536839446,0.03855850204784252,0.14424876868724823,0.022256214171648026,0.1258276402950287,0.07789132744073868,0.1811357033690433,0.06726576412015504
0,0.5000193699582556,0.4071640968322754,0.026753020483915736,0.15606486623800425,0.4226619601249695,0.011297055520117283,0.6537563800811768,0.11083883792161942,0.49026142119676835,0.29331019788949464
1,0.37410344844266724,0.1882602870464325,0.006822837696526108,0.1847401520812551,0.08280007541179657,0.0008948495960794389,0.37970855832099915,0.3130281865596771,0.3312091045620729,0.19443703109715754
1,0.28220042559884934,0.20934954285621643,0.021416116263349844,0.11778593978358254,0.214405357837677,0.022335613146424294,0.25011521577835083,0.013245493173599243,0.28259951981460124,0.1459968041790501
0,0.41413312243075073,0.1385725885629654,0.07747907578083237,0.15905533277639147,0.26252514123916626,0.05889015644788742,0.3355952203273773,0.2331937998533249,0.3418932950857818,0.21264531000895387
1,0.4404130121015201,0.24785467982292175,0.1932294009985561,0.32174310207291723,0.488971084356308,0.19940994679927826,0.626708447933197,0.4476105272769928,0.4721130577611386,0.3707551241428885
1,0.38537620740464673,0.13916923105716705,0.004794667195396442,0.16803704553942894,0.43937692046165466,0.737844705581665,0.3794160485267639,0.25125885009765625,0.25361345372867733,0.30112492798213375
0,0.6516552408293359,0.7817713022232056,0.4642958447812575,0.5203576912602041,0.892302393913269,0.8811562061309814,0.6397592425346375,0.6555100083351135,0.7033598427435711,0.6808364256829482
0,0.4812197504741096,0.6667613387107849,0.33705903960720046,0.5430837909587025,0.4010928273200989,0.2084868848323822,0.45802634954452515,0.8756041526794434,0.634601845754789,0.5005783960815029
0,0.2843411546795478,0.21405281126499176,0.027655131589057996,0.05136168434457953,0.3224536180496216,0.10243029147386551,0.42937660217285156,0.1743137240409851,0.31226888379803414,0.20128504333875483
0,0.37797759741349046,0.4332798421382904,0.17688341779330183,0.4611023601696441,0.5167737007141113,0.41164398193359375,0.2325133979320526,0.6730351448059082,0.4266901670677222,0.40796311699530396
0,0.43322331130320285,0.502936601638794,0.3926817837077438,0.39550407999736265,0.5426062345504761,0.6876906156539917,0.5543042421340942,0.4025973081588745,0.5083266245388564,0.4838995229483539
0,0.15982156203876025,0.04894862323999405,0.005781162323730984,0.04954287644368478,0.03336722403764725,0.010095709003508091,0.11696699261665344,0.14507561922073364,0.1952244077330939,0.07185439736731218
0,0.28892231868635726,0.21012014150619507,0.14647644029811102,0.1497739367963247,0.1759834587574005,0.0008796292822808027,0.33358800411224365,0.03341499716043472,0.3246013910740123,0.17285636492957923
0,0.30269990988275286,0.41578027606010437,0.05517231481051753,0.4050421189936222,0.30211737751960754,0.791540801525116,0.2614210247993469,0.29875361919403076,0.28195392643394285,0.3452419041113538
0,0.6126613590427946,0.6260752081871033,0.18296675325147413,0.5680245161309063,0.7464705109596252,0.8229498267173767,0.618021547794342,0.7042737007141113,0.5882198077144524,0.6029872789055414
0,0.5110623636116497,0.5680278539657593,0.3299219506618207,0.5730357828064916,0.6901403069496155,0.25307270884513855,0.5714292526245117,0.6128527522087097,0.6394370291906959,0.5180687874293061
0,0.40417207820873785,0.21548432111740112,0.08912508288807325,0.3497205980452475,0.23626072704792023,0.11878752708435059,0.32984432578086853,0.01976313814520836,0.347600329467339,0.22597140320478862
0,0.43582672529996747,0.5077059268951416,0.17872395226845522,0.3164545274312938,0.10484188050031662,0.6811189651489258,0.380063533782959,0.39672115445137024,0.3879938657795481,0.3697145379845996
1,0.41531798925816005,0.3570454716682434,0.02018039735412511,0.3189612322526559,0.4750455915927887,0.3139509856700897,0.5266814827919006,0.6098679900169373,0.4257166147938841,0.37648673141238276
1,0.647283217503392,0.7541565299034119,0.9112861436307508,0.8244547709301789,0.6757319569587708,0.93084317445755,0.6248291730880737,0.8918166756629944,0.783252192173088,0.7783504374548094
0,0.37222409220054253,0.21644651889801025,0.014144082122713914,0.20004619822246383,0.19448401033878326,0.05530867353081703,0.46812495589256287,0.245818629860878,0.35048118712941073,0.22352464392027155
0,0.5087434114050037,0.45183131098747253,0.5648518300888679,0.5664917886924382,0.5634788274765015,0.8118898272514343,0.4302050471305847,0.3020734488964081,0.5310087982735002,0.5208474670142291
0,0.5763538082234332,0.35806676745414734,0.028407679582500154,0.41201029763877056,0.5763277411460876,0.45089638233184814,0.6318587064743042,0.5371778607368469,0.48979549587216464,0.44301586530394393
0,0.10785580767056904,0.012378851883113384,0.00027175251258224786,0.015154867252913515,0.06591702252626419,0.0012953040422871709,0.11241880059242249,0.03970405086874962,0.1745812858895488,0.044915089688510976
0,0.7932936159577912,0.83186274766922,0.9681026289491459,0.7698780201424965,0.8629741072654724,0.9908145070075989,0.8063569664955139,0.746362030506134,0.8487325303020928,0.8435591592786366
0,0.5282885117790382,0.6013901829719543,0.5824016370840885,0.5525869976901971,0.5355945825576782,0.768514096736908,0.502816915512085,0.7404465675354004,0.6215498692469876,0.5960989707759727
0,0.46931581157195934,0.47470730543136597,0.13810914192362575,0.43476136766759155,0.4273940324783325,0.001657780958339572,0.519034743309021,0.25546377897262573,0.5317552389791331,0.34964821489849013
1,0.29803957750734883,0.09964572638273239,0.8223038397175952,0.1403515840629055,0.2048998922109604,0.023398054763674736,0.26448941230773926,0.06314496695995331,0.44697338752799587,0.24623018712041314
1,0.4957169802364676,0.4990696310997009,0.6301451699430366,0.5001196219742258,0.4856511056423187,0.5171924829483032,0.5425905585289001,0.2786412835121155,0.603809720313902,0.49558912718870723
1,0.2952535319162577,0.05467963218688965,0.033747814650545896,0.042088771451928055,0.24414490163326263,0.013511992059648037,0.2617596387863159,0.060544561594724655,0.2590757409684912,0.12794402683266848
0,0.5250972017773428,0.5562981367111206,0.31873745025105193,0.40561066195876244,0.5780062675476074,0.766339898109436,0.5352144241333008,0.6753284931182861,0.5418224076881777,0.5374055188170389
1,0.2723468169758412,0.06283619999885559,0.019445413325861874,0.08572210098625282,0.14722777903079987,0.0012300682719796896,0.2532726526260376,0.0007690913625992835,0.24509807248084026,0.10853215687227907
0,0.3805331807784577,0.2729606330394745,0.061975244873391684,0.233180057543058,0.12559665739536285,0.10800535976886749,0.26033228635787964,0.2551332116127014,0.33710666428573133,0.2157236138068374
0,0.4872741378495135,0.5154070258140564,0.07496510982279395,0.43152887302087756,0.49733197689056396,0.5462563037872314,0.4327198266983032,0.477293998003006,0.45688260938221203,0.43005437699589055
0,0.5127645648179474,0.5060770511627197,0.4468181148777167,0.5010503608220236,0.6480057239532471,0.6814954280853271,0.590031087398529,0.9229320883750916,0.6033687906190673,0.5933466123075104
1,0.34342113856895495,0.2881196141242981,0.42736904403553017,0.18741323579840505,0.12045899033546448,0.133367657661438,0.16585086286067963,0.10703582316637039,0.3832932638192662,0.22732973068614748
1,0.5020753079853002,0.6424463987350464,0.5526251992821807,0.38310383564105754,0.4394543468952179,0.8801934719085693,0.7069478631019592,0.3904227614402771,0.5923516307857178,0.5556967434511857
0,0.16286720982174022,0.06223829463124275,0.004858816291789508,0.033866909603380076,0.02609347179532051,9.87439852906391e-05,0.07590479403734207,0.010959422215819359,0.18870479090752887,0.04936119698412487
0,0.26247857406870256,0.18896213173866272,0.06661059241144691,0.4217733961132168,0.05955367162823677,0.0051304735243320465,0.2483290582895279,0.11155771464109421,0.29243598135786064,0.1766699232882432
0,0.3065409612370936,0.3070971965789795,0.21210196278464852,0.41483073696826206,0.6807827949523926,0.594852089881897,0.2512976825237274,0.159281387925148,0.3378287219493891,0.3616849659667931
1,0.22709069014298855,0.09304657578468323,0.020043066371650407,0.2097363793830741,0.01778065599501133,0.0020420376677066088,0.08618857711553574,0.0633559599518776,0.22055356147049232,0.0939528699438174
0,0.4056153326875397,0.3254145681858063,0.06269470730754953,0.2235367976385053,0.4518418312072754,0.24933746457099915,0.5734145641326904,0.5278846621513367,0.4285044620045906,0.3502385961148644
1,0.42772883489017305,0.44070082902908325,0.020703013621091483,0.5072486712609524,0.4064798057079315,0.44123852252960205,0.5677465200424194,0.37865015864372253,0.43091396722697467,0.3973977637838042
1,0.5646600943583251,0.7085853815078735,0.8330099343462042,0.7132901267570492,0.6584842205047607,0.6865662336349487,0.6291329264640808,0.7710188031196594,0.7560625315387632,0.6949164586924881
1,0.5402471344971626,0.5888194441795349,0.708591729687227,0.6104595663749833,0.6380168199539185,0.2770128846168518,0.5587727427482605,0.4676704704761505,0.7195114587024422,0.5563778054224775
0,0.17020752485947052,0.021880974993109703,0.04889078467377685,0.05610468213125325,0.148391455411911,0.001157944556325674,0.1502656638622284,0.008444189094007015,0.20551066774398608,0.07756180683427799
1,0.5091882228807542,0.6010240316390991,0.7763291834745872,0.46261798746801563,0.6990023255348206,0.8820452690124512,0.8445781469345093,0.7433599829673767,0.6999787144438717,0.6807223666475559
0,0.49536692490122375,0.4271274209022522,0.3704597064931407,0.3537866510445663,0.460044801235199,0.43925806879997253,0.5666905045509338,0.30190742015838623,0.5274678765457091,0.4270809034841238
0,0.3250567454250797,0.1875947117805481,0.07395616440999563,0.1408883514678919,0.14908035099506378,0.18431416153907776,0.12962517142295837,0.2866498827934265,0.27505627709886304,0.18464666121114653
0,0.369353091527027,0.1538666933774948,0.10032851303436825,0.14896876808589712,0.08408411592245102,0.31316155195236206,0.3471669554710388,0.19447971880435944,0.2887230178190602,0.21157623500688222
1,0.7827683239729266,0.7226202487945557,0.8106169971540327,0.719799680121755,0.8461093306541443,0.9475557804107666,0.8746166229248047,0.7872840762138367,0.8173564480964826,0.8066513055650552
0,0.23810963422350062,0.14486068487167358,0.03497233271541612,0.09394282679114437,0.08056267350912094,0.00023956738004926592,0.08170079439878464,1.3089243111608084e-05,0.2314647786872506,0.08887375346892054
0,0.4868400810179434,0.554934561252594,0.2607188480079686,0.3603186256529081,0.4469234347343445,0.1048969253897667,0.32008761167526245,0.4931090772151947,0.5539466195042378,0.3857189743588641
0,0.648976272760312,0.6706241369247437,0.7250272926573272,0.7612261114703229,0.7286608815193176,0.7146510481834412,0.8347250819206238,0.7026044130325317,0.774719052106822,0.7221748706489792
0,0.4453022691085698,0.13991127908229828,0.014353817294130109,0.2820882081885824,0.9038984775543213,0.9441543221473694,0.6969148516654968,0.5737672448158264,0.3467673581524545,0.48112898856682323
0,0.10850660101239683,0.0027993039693683386,0.0005389936977888458,0.008011348409077286,0.04093297943472862,0.0008378444472327828,0.1060161218047142,0.05514764413237572,0.17173028661392617,0.040644045788839636
0,0.30707738504774124,0.29587802290916443,0.1803307006594095,0.20350429760378966,0.3444579243659973,0.16875940561294556,0.18177193403244019,0.4764477610588074,0.35497786130048964,0.2701406578514165
1,0.5359317086874693,0.6683475971221924,0.36364184097370195,0.6783956978948992,0.6969991326332092,0.6710301637649536,0.5168904662132263,0.7229768633842468,0.6261465213391435,0.6041781886375182
1,0.5511367265467286,0.7008906602859497,0.6611944863447187,0.5092643001660132,0.6044608950614929,0.8440291285514832,0.5493386387825012,0.4714503288269043,0.65571761902431,0.6080905004713555
0,0.39410915438476174,0.36053547263145447,0.5709204283062502,0.277906696105102,0.31223437190055847,0.48383915424346924,0.34718984365463257,0.14079521596431732,0.45443981700222996,0.3610917474842775
0,0.29226976602289456,0.21707572042942047,0.10550116028177361,0.23319887933241967,0.3046764135360718,0.039338864386081696,0.34791967272758484,0.799591600894928,0.3729810186601422,0.29085884553579
0,0.31026693205832434,0.26727360486984253,0.039945691212437524,0.2443878638502858,0.24113787710666656,0.3868018686771393,0.124965138733387,0.06009863689541817,0.25721255519051334,0.20854825989544937
1,0.3597875401754345,0.25363537669181824,0.10413921055566253,0.19748859028608878,0.15395453572273254,0.10186467319726944,0.258293479681015,0.5941051840782166,0.3550843122124853,0.25307614411483403
1,0.2880542046231937,0.29975566267967224,0.06547065600784797,0.11767828867902533,0.5107575058937073,0.36963003873825073,0.4386049211025238,0.23555956780910492,0.32922287384072246,0.28680162497480616
0,0.42976185890528484,0.23998603224754333,0.34658399253769284,0.22896356209939567,0.39240917563438416,0.47900399565696716,0.3389565646648407,0.36105090379714966,0.3976097873242492,0.3480667453230133
1,0.5370581133490752,0.5139110088348389,0.549779419925265,0.5821469054523736,0.6196317672729492,0.7677744030952454,0.5505775809288025,0.5455379486083984,0.5993591255420035,0.5785600432026434
0,0.27730811865498023,0.3189360797405243,0.41095845819652665,0.32185512558721313,0.27769404649734497,0.2582736909389496,0.17274287343025208,0.11953326314687729,0.37080272583526885,0.2731880165072144
0,0.48705566137661793,0.4540417194366455,0.23051341769501035,0.35529801542766754,0.3130089044570923,0.23265182971954346,0.49819302558898926,0.48310142755508423,0.5156336620174585,0.3845380017077982
0,0.5688217638058817,0.7133351564407349,0.5758766612543573,0.36926837988323186,0.4876542091369629,0.0637349933385849,0.614635705947876,0.3797716796398163,0.733703287809432,0.48370600074646675
0,0.09434253186325846,0.007828989997506142,0.00035142366256481254,0.014607909199565514,0.08319556713104248,0.0006564910290762782,0.16822108626365662,0.1014568954706192,0.17948673115945088,0.05844276693323214
0,0.4424964420566785,0.26404327154159546,0.2780464291350409,0.17106806219764728,0.48028984665870667,0.00935585517436266,0.5282770991325378,0.3636559545993805,0.49600160262559434,0.3216392861474944
0,0.3920991127758039,0.21387463808059692,0.07362584461837507,0.1480781998419009,0.30763229727745056,0.04356299340724945,0.44724544882774353,0.009839988313615322,0.36135774657695235,0.20959120383955857
0,0.2202614417729516,0.2637892961502075,0.009823797339821458,0.1250576054642625,0.2506001889705658,0.05669942498207092,0.26072385907173157,0.14319835603237152,0.2813283241031766,0.1690161885450489
1,0.25973386123831455,0.03291863948106766,0.020843908023543505,0.08853701686352973,0.292619526386261,0.0004518177011050284,0.2979705035686493,0.1520405411720276,0.25851917608666364,0.14434492814849495
0,0.4796991453312143,0.446247935295105,0.21355858731709026,0.3728146829172498,0.4587128758430481,0.2846565246582031,0.5848486423492432,0.4067333936691284,0.5222577665389577,0.40783522720210924
0,0.4826858388118957,0.5730510354042053,0.5592435245805024,0.4031906438026068,0.41218453645706177,0.5093098282814026,0.3794180452823639,0.5133169889450073,0.5794936987287528,0.4794512375389709
1,0.4999715883413185,0.6809733510017395,0.45120815006652903,0.74491080997305,0.8114385604858398,0.6659814715385437,0.5475820899009705,0.6129254698753357,0.6500404713324495,0.6258164763721531
0,0.5049167118561443,0.3576965630054474,0.22556259351454408,0.46125216017307014,0.4837150573730469,0.525494396686554,0.5155640244483948,0.46857717633247375,0.47423308963760075,0.4394958890303411
0,0.47093934678440974,0.396454781293869,0.07814868511875707,0.472235482704476,0.5594217777252197,0.7667238712310791,0.6283703446388245,0.609208881855011,0.43431754790177984,0.4872878098223674
1,0.44163585973880837,0.3675301671028137,0.7705373107401421,0.5020751332245337,0.6602379083633423,0.8801502585411072,0.39620718359947205,0.31817808747291565,0.5259221003612469,0.5353173722965896
0,0.4496246530679521,0.4767036736011505,0.38780880545599367,0.5471895968882229,0.47207608819007874,0.715072751045227,0.5083311796188354,0.4790210425853729,0.5020079409329219,0.49932795859352924
1,0.8460551222979973,0.9514851570129395,0.9468650423963796,0.9630064080287757,0.9904360175132751,0.9981786012649536,0.8669850826263428,0.9879742860794067,0.8902048667075655,0.9418848967553695
0,0.4249982691937337,0.3348901867866516,0.36047037480711375,0.47541435474301935,0.5546682476997375,0.5762966275215149,0.31575238704681396,0.5151661038398743,0.4445466524549061,0.4402312029756068
0,0.18112482196855148,0.06458165496587753,0.0009419014045419017,0.015809635590469228,0.0734059289097786,0.0014414569595828652,0.10751145333051682,0.0012092136312276125,0.19704304741045423,0.05799506132418465
1,0.44621446803707854,0.43426966667175293,0.3199105637274756,0.34965573910104214,0.4438695013523102,0.4312276244163513,0.5592767000198364,0.3792044520378113,0.5029327248943306,0.419556874622232
0,0.2844627420348389,0.1426466554403305,0.026101539677475503,0.07671405799938963,0.359443336725235,0.003821559948846698,0.36313605308532715,0.41218680143356323,0.3161252530520374,0.20861440176734788
0,0.22964893717033671,0.055171988904476166,0.002791194732164035,0.0354122011798085,0.3342975378036499,0.1276073306798935,0.26489686965942383,0.09365513175725937,0.23146132918916787,0.1416588722846585
0,0.1867090898261213,0.12583380937576294,0.043553506106605536,0.0696610684903425,0.10917913913726807,0.6224220395088196,0.10944472253322601,0.04678322747349739,0.1641870434910947,0.15470685515568244
0,0.3214987948036989,0.06886706501245499,0.0028669028632125064,0.14013722773588275,0.19036196172237396,0.48338013887405396,0.25693657994270325,0.12440010905265808,0.21461793813205446,0.1916903149694311
0,0.25891518919254425,0.06647638976573944,0.047732748234920165,0.07990478945634638,0.19309492409229279,0.00047070012078620493,0.2741316258907318,0.010228200815618038,0.2534125569583037,0.11937122114974313
0,0.5675808635018399,0.8004276156425476,0.48233042774530194,0.7075060052244085,0.6834542751312256,0.9132533073425293,0.8088207840919495,0.6741823554039001,0.7001229850286083,0.6990918241095607
0,0.38893331059992436,0.6273381114006042,0.27832595052369513,0.3967340564349464,0.444155752658844,0.2721143662929535,0.46995413303375244,0.7717762589454651,0.5612677345439093,0.4571903053845973
0,0.3755696477046048,0.45575499534606934,0.26469601671467147,0.32712389521389085,0.08815109729766846,0.014907630160450935,0.1790575534105301,0.2593144178390503,0.4326130993999204,0.2548503405977208
0,0.5316125772839834,0.6238538026809692,0.7436409043145571,0.6562205295736584,0.47680604457855225,0.5582941770553589,0.4344720244407654,0.5115818381309509,0.6717762582167687,0.5699377030847036
0,0.5178266604929079,0.5786153078079224,0.8084150527899531,0.5688496508902701,0.12163049727678299,0.05258304625749588,0.30819013714790344,0.5000373721122742,0.6869835084953587,0.4448941589647283
0,0.17770453617222018,0.11667526513338089,0.007694855158543926,0.15032639840608858,0.14478303492069244,0.00870559737086296,0.2019387036561966,0.22072890400886536,0.2353748531337123,0.1299214984588002
0,0.20431799366870543,0.034718625247478485,0.07860196332394655,0.0546747897330179,0.14790312945842743,0.02185957133769989,0.1706782877445221,0.1036641076207161,0.2247260271967203,0.10323319883897145
0,0.540617445527606,0.2642695903778076,0.07083423808067592,0.3012855359730108,0.7608218789100647,0.773739218711853,0.5967274904251099,0.6094236373901367,0.423047803640776,0.4771553671544199
0,0.2587710934201885,0.16679510474205017,0.042054524251277765,0.11114304594607001,0.7112063765525818,0.0036165751516819,0.30880221724510193,0.2065000832080841,0.3285005414764204,0.22835412877452912
0,0.2004140426434896,0.08022493124008179,0.0016609943737992728,0.11354114394272888,0.16455063223838806,0.0017885146662592888,0.1571115255355835,0.12395675480365753,0.22411346615225314,0.10742575568097266
0,0.2407957323016111,0.06349832564592361,0.0023665384778315075,0.09652989340544683,0.1773901730775833,0.0021126139909029007,0.18875758349895477,0.049263112246990204,0.23129532574911396,0.10523598486077428
0,0.36036335321964585,0.27541762590408325,0.4509094061056157,0.2707572362204599,0.17682433128356934,0.21438483893871307,0.1739715188741684,0.05332536995410919,0.38730738819399413,0.25218455277054014
0,0.20103642015150264,0.045848947018384933,0.007370350274044995,0.059692079311094895,0.15458862483501434,0.001649125711992383,0.1455429494380951,0.01713710092008114,0.2103640382683015,0.08136422183870917
0,0.2174957035144342,0.10744930058717728,0.005131355351820075,0.10538745179871573,0.09993220865726471,0.08331264555454254,0.14216206967830658,0.1190655380487442,0.21907273152293727,0.11091785490161762
0,0.49435971772805176,0.20229582488536835,0.06170982561071434,0.3620514908249996,0.3531274199485779,0.24835661053657532,0.6193446516990662,0.1073952317237854,0.4078302785069992,0.30788602689083855
0,0.3057082649944366,0.2844983637332916,0.1355172836830259,0.26835914390605103,0.6407391428947449,0.01814906671643257,0.34167566895484924,0.27438825368881226,0.4039755282500527,0.28824432338678163
0,0.2256235463422632,0.11220484226942062,0.4335814423415781,0.1354436763333334,0.11516619473695755,0.04656212031841278,0.14270539581775665,0.10164203494787216,0.3100307222173313,0.16815713896673473
0,0.4237033333895858,0.5652675032615662,0.09671503662971713,0.34378952950011976,0.5177252292633057,0.642403244972229,0.7841604351997375,0.3502514362335205,0.48341913743888887,0.4599647548195144
0,0.39520730552609656,0.4491996765136719,0.1283806577655792,0.4859355206623462,0.5175838470458984,0.5014984607696533,0.5429867506027222,0.34140610694885254,0.4416829591928523,0.4180915463592687
0,0.3738703070179206,0.28116634488105774,0.09329639146355383,0.27864417116072954,0.2245219200849533,0.25539129972457886,0.39822566509246826,0.3571513593196869,0.36004131263805644,0.28234471827022267
0,0.27844480442354747,0.19223947823047638,0.36973712667038255,0.295739150159795,0.25030022859573364,0.009133189916610718,0.18592584133148193,0.03880247101187706,0.35880724106328066,0.20999814797900124
0,0.6796602428144873,0.7370784878730774,0.8141643169354966,0.7787873642803282,0.6034771800041199,0.5568907260894775,0.6604557037353516,0.5680633783340454,0.7937760174092233,0.6803463671635301
0,0.5765975514705033,0.6932772994041443,0.16069087468411208,0.7016279484662231,0.6322043538093567,0.6991056799888611,0.6712692379951477,0.6005716323852539,0.6063069377491679,0.5892567058594961
1,0.29147334465200814,0.13438843190670013,0.08776473820095812,0.12738672703498663,0.016733692958950996,0.0015979937743395567,0.12400659918785095,0.043586861342191696,0.2567390946796798,0.10829463888039102
0,0.24284013934359217,0.30119168758392334,0.43383482864557965,0.26428877459611905,0.15920588374137878,0.026559922844171524,0.20245641469955444,0.5423774123191833,0.40937758169547933,0.27521746502805167
1,0.7010072453718851,0.3399002254009247,0.46529073682885974,0.5559098306052299,0.8665750622749329,0.999901533126831,0.7491840124130249,0.9213279485702515,0.6274573114297937,0.6854352153245276
0,0.28783175869876315,0.308223694562912,0.28574023299144075,0.3033443912389496,0.3775314390659332,0.3088860809803009,0.2485048770904541,0.3055725693702698,0.364819292999903,0.3030648112652399
0,0.7173706025452623,0.8844926357269287,0.973062225715457,0.8787692698107638,0.839783787727356,0.9706377983093262,0.8127166628837585,0.6925145983695984,0.8458182952464424,0.8450140529025408
0,0.2927661252933759,0.15211361646652222,0.05067166249577297,0.13084090743305477,0.3436518907546997,0.01255286205559969,0.29241445660591125,0.060246922075748444,0.29838709747194003,0.17080329285133597
1,0.7097230709510053,0.8925798535346985,0.9007247654971458,0.8828242980130785,0.7527018189430237,0.9700750708580017,0.8633700013160706,0.7357967495918274,0.8377373252092036,0.8365296492947021
0,0.524317692682576,0.5115423798561096,0.2352388929247494,0.4630943146913183,0.5298660397529602,0.4105541408061981,0.6163131594657898,0.4965602159500122,0.5637436302070474,0.47381166893618765
0,0.23197328379329543,0.14134444296360016,0.004788315158324611,0.12151451964653626,0.2579405605792999,0.0004831031837966293,0.28041040897369385,0.11692394316196442,0.26580508620784615,0.14713626212528136
0,0.20726637944787765,0.04261211305856705,0.0010120882268418745,0.0234810235294163,0.09456593543291092,0.0021844899747520685,0.27772268652915955,0.0023469910956919193,0.21852160590500944,0.08305471570561346
0,0.43999594489018,0.21472415328025818,0.1567372765707828,0.18626163155524567,0.4879474937915802,0.04298746585845947,0.4899703562259674,0.5621987581253052,0.45471100218942895,0.32379317935667823
0,0.20470972718796385,0.11463765799999237,0.11328134054911235,0.10048896194159075,0.07868292182683945,5.7137443945975974e-05,0.19466011226177216,0.0033749262802302837,0.24458897245973657,0.10507400854084713
1,0.24930384542182898,0.10168817639350891,0.004265467453412241,0.06069775864455516,0.01218942366540432,0.009339932352304459,0.15752363204956055,0.1531161069869995,0.22905103757179665,0.09556453320918923
1,0.46945563660427625,0.5126534700393677,0.6640063484420033,0.5526545278930777,0.48459622263908386,0.2508995532989502,0.4891681671142578,0.43350276350975037,0.648222385527536,0.48873927402836154
1,0.43479403068036293,0.463297963142395,0.42651241697911907,0.3942356476978427,0.42019620537757874,0.20190759003162384,0.3647814095020294,0.4273841381072998,0.5404075726414667,0.3967088241568034
0,0.25877998564789,0.1452147513628006,0.024794225197150674,0.09326986082143676,0.14565198123455048,0.0025593158788979053,0.213105708360672,0.0005939377006143332,0.2544098347190814,0.11467756020588324
0,0.29891249173511897,0.25005966424942017,0.30918615623830986,0.14174192052443466,0.2440602034330368,0.052294012159109116,0.3000998795032501,0.034148864448070526,0.3670544143276648,0.20953096970964552
0,0.36866628070851826,0.3098422884941101,0.12831011292866168,0.1313211962211429,0.29480814933776855,0.7624559998512268,0.25789785385131836,0.2681058943271637,0.27948740570412706,0.30505944132159696
1,0.5548438409506924,0.4539361894130707,0.2957834070526808,0.3940404439133083,0.6714373826980591,0.7062833905220032,0.773197591304779,0.5598152875900269,0.566349697803053,0.5437660011388628
0,0.34289641154414524,0.4224759042263031,0.7404595708358043,0.6974728403147089,0.3624967336654663,0.12563088536262512,0.34219780564308167,0.17497727274894714,0.5804528122148773,0.41212952172355116
1,0.6023867324518031,0.7957850098609924,0.7747135294390138,0.6295873021465779,0.6891949772834778,0.26992347836494446,0.7726531028747559,0.9499223828315735,0.8317739211111554,0.6917626027904403
0,0.3966673284094917,0.4881367087364197,0.19597817302723186,0.29451030791202565,0.24366351962089539,0.3197278082370758,0.3144042491912842,0.196501225233078,0.41554248643710767,0.3093196316939064
1,0.3007047788545583,0.19391337037086487,0.38558147731179737,0.24146450503937397,0.249341681599617,0.023341262713074684,0.4146241545677185,0.1793939620256424,0.40750047778894494,0.25358058638957304
0,0.48672114848631814,0.500840425491333,0.3084106271671715,0.44877858022589867,0.6836993098258972,0.6505488753318787,0.6766382455825806,0.2477743923664093,0.5370879156670105,0.4975212210839079
1,0.18047949701773294,0.1160881444811821,0.00986741274442276,0.13553481823912314,0.17986059188842773,0.22535377740859985,0.18490417301654816,0.1906842291355133,0.21190028722607906,0.15002472491555044
1,0.5978019551056548,0.6899771094322205,0.6413308807903855,0.7412612791479026,0.7451563477516174,0.9394856095314026,0.6275699138641357,0.9318557381629944,0.7091508975959561,0.7315318250004754
0,0.2617230489231186,0.18488983809947968,0.591829444005688,0.11234666682247445,0.23723189532756805,0.010709847323596478,0.16581453382968903,0.024813663214445114,0.38711694787326384,0.20570892776486865
1,0.46526353678515436,0.13269121944904327,0.06148303362230941,0.12694051495608322,0.4878215789794922,0.006603533402085304,0.33433812856674194,0.031247787177562714,0.3655894806839291,0.2114147791958363
0,0.3439046161002747,0.4621518552303314,0.1849945801748559,0.2796677524888359,0.09638518840074539,0.2119455635547638,0.24129191040992737,0.3469257056713104,0.38836414252863793,0.2742448558314067
0,0.3260111617199072,0.14405041933059692,0.004471684245472003,0.0944305726564248,0.16448748111724854,0.06599278002977371,0.33980193734169006,0.26374953985214233,0.29129673047938026,0.17608694584027962
0,0.5736085661670238,0.6803134679794312,0.8828387966269162,0.5579427845592586,0.5013181567192078,0.8797670006752014,0.7590751647949219,0.5867369174957275,0.7285761961671241,0.6731659748313121
0,0.32356838528682635,0.3298175632953644,0.024019692914500814,0.4113948218649353,0.536036491394043,0.1264372318983078,0.571672797203064,0.3002074360847473,0.41554182161041797,0.33050995791788595
1,0.8556684018518109,0.9293121695518494,0.9767530336946588,0.8978549121030398,0.9244471192359924,0.9303415417671204,0.9047383069992065,0.8528056144714355,0.8912789805109059,0.9089623235474193
0,0.6373049675007629,0.72539883852005,0.5876151859231012,0.7434341042370475,0.8849943280220032,0.5734792351722717,0.7687153220176697,0.7361034750938416,0.7766005298615501,0.7085386027679103
0,0.5157396481498556,0.4409560263156891,0.1302804604469555,0.5240841925014902,0.5670860409736633,0.7189190983772278,0.6717798113822937,0.4389078617095947,0.4818937819367011,0.49443117256081587
0,0.4494111617974557,0.2052195817232132,0.1663585777393595,0.3179006596552668,0.4362681806087494,0.0718807503581047,0.3905392587184906,0.23324702680110931,0.42134060294753234,0.2886757931125564
0,0.2522688329477059,0.11797609180212021,0.5793589650754657,0.3054284772649319,0.3293420076370239,0.4277324676513672,0.24783869087696075,0.2763185203075409,0.3510259583224733,0.31350344531942476
0,0.6766854961768217,0.8273364901542664,0.9487598067206413,0.8002545641911984,0.8550025820732117,0.9987139701843262,0.7393634915351868,0.9748585224151611,0.8252302165575133,0.8469579438119641
0,0.46479299184084605,0.3189353942871094,0.21886637290417532,0.3113422117994639,0.5918545722961426,0.2096761018037796,0.4465641677379608,0.35683000087738037,0.4788032835558383,0.3671745861739574
1,0.5576795000721,0.7414588332176208,0.9705182333086889,0.5917076092745479,0.8348610401153564,0.9966691136360168,0.5867666602134705,0.9399966597557068,0.7600403346074497,0.7691204737529789
0,0.5126332571038137,0.5154563188552856,0.22355234838021823,0.395111868649401,0.4952930510044098,0.2700667083263397,0.4687958061695099,0.305900514125824,0.5368930843174831,0.4031966558705544
0,0.5179108479912986,0.5507704019546509,0.36438055902740996,0.411867467283753,0.7287502884864807,0.7508558630943298,0.7557036876678467,0.7081511616706848,0.6012913378700443,0.5901469839898019
0,0.6221289420909701,0.6527996063232422,0.4280866404604,0.6265473828042238,0.6817286610603333,0.8133569359779358,0.5975251793861389,0.5159738659858704,0.64063414468916,0.6139046870192653
0,0.20642347703802963,0.06570148468017578,0.010099321178576386,0.07300429542829402,0.023539481684565544,0.0003331088228151202,0.16285838186740875,0.11008694767951965,0.21405268949396677,0.08335328106273095
1,0.8086671589893765,0.8583939671516418,0.7957076081849153,0.8151378590582622,0.8368157744407654,0.9570041298866272,0.9006745219230652,0.819679319858551,0.8461215273340078,0.8461064505153659
0,0.2176783072009627,0.39950233697891235,0.044812755750489944,0.20498602243379618,0.32785600423812866,0.14750854671001434,0.5170665383338928,0.32345378398895264,0.36330491979258195,0.2734661752491012
1,0.3154841332303507,0.17589248716831207,0.0025579688874770466,0.1917027808949705,0.3482884466648102,0.0016534100286662579,0.2823006808757782,0.7333670854568481,0.34010468247085185,0.25540647736573985
0,0.2599310411644752,0.08784036338329315,0.010440535186759086,0.1194669602242207,0.18849781155586243,0.00290313852019608,0.27289921045303345,0.0023901546373963356,0.25179002153060187,0.12144681803645294
0,0.27402287314216944,0.09866590797901154,0.010664753117989142,0.054549837149238986,0.1728123426437378,0.016795732080936432,0.46416229009628296,0.0037095644511282444,0.2757357142190422,0.13914383073554046
0,0.38630703674121153,0.10831054300069809,0.015573976323163461,0.15167258244734463,0.5270212888717651,0.09720279276371002,0.447176456451416,0.2997606694698334,0.3477169271662906,0.25401798564608585
0,0.39317695200377917,0.35689395666122437,0.2768736608600059,0.2934192415319947,0.2586607336997986,0.23005631566047668,0.2650105655193329,0.3300163447856903,0.4143943117548388,0.3032734607900129
0,0.6512560258945159,0.7202796936035156,0.819277563313644,0.5972048511981172,0.8336378335952759,0.8999614119529724,0.5774099826812744,0.5671941637992859,0.7450782766784967,0.7052895481809978
0,0.5123760710532789,0.5406125783920288,0.17703057065886466,0.5159350045785263,0.5169368386268616,0.20062553882598877,0.5955519676208496,0.5665274262428284,0.5874004817724312,0.4576518941962476
0,0.5241606049702227,0.39504772424697876,0.4967411511633004,0.49675011676070074,0.7508077621459961,0.9996111989021301,0.6146351099014282,0.7690404653549194,0.5464725499707282,0.6168171990296772
1,0.7282689174213673,0.8554588556289673,0.9780196962468186,0.8079846442825005,0.7907634973526001,0.45891422033309937,0.7499555349349976,0.9556699395179749,0.8798672130556564,0.797139960243949
0,0.36568626619586747,0.20184296369552612,0.03382186343780704,0.14769246109223982,0.09480832517147064,0.026859711855649948,0.3713406026363373,0.49484917521476746,0.3420247244273481,0.2180889724152189
1,0.5207953641826881,0.7395763993263245,0.8348575314618425,0.7060912840834347,0.261503130197525,0.03286896273493767,0.245601624250412,0.3319990336894989,0.731899950921309,0.47704801046448153
1,0.6515369863770105,0.7452142834663391,0.8624717501813577,0.7801913863187577,0.8233178853988647,0.8304466605186462,0.7115952372550964,0.7848585844039917,0.7965856446362987,0.7715213878695492
1,0.41152721832276135,0.5044910311698914,0.34135781913077684,0.29514075532784845,0.3978879451751709,0.41601070761680603,0.4400331974029541,0.30414703488349915,0.4862029165529872,0.3895049326157545
0,0.47284044086422133,0.3718889653682709,0.273514712384305,0.35161906194303705,0.5012747645378113,0.08636294305324554,0.4265810549259186,0.6020275354385376,0.5341525740511012,0.3897718543762383
1,0.6148691775507993,0.6557364463806152,0.6436022454688337,0.7208790266211947,0.715512752532959,0.8422741889953613,0.5052548050880432,0.7936704158782959,0.6924897485795202,0.6819926463878253
1,0.42578862108119664,0.48832789063453674,0.11570475212982241,0.5235212975286474,0.30698713660240173,0.4595412313938141,0.25577545166015625,0.25524014234542847,0.3994012009525034,0.35538744016159884
0,0.6340064920604916,0.555512547492981,0.4977298113818445,0.6399193931201529,0.7462942004203796,0.7444478273391724,0.41567423939704895,0.5958513021469116,0.6298107634361014,0.6010651300651964
0,0.4863439850784506,0.5519046187400818,0.06050617287729024,0.45684225121167304,0.4725686013698578,0.5583642721176147,0.524759829044342,0.24569588899612427,0.46063486096467526,0.41880567478620123
1,0.4218520728090581,0.42175477743148804,0.36311369689955286,0.347912050934845,0.35458701848983765,0.372525155544281,0.5681588649749756,0.17509883642196655,0.4913614131161262,0.3799929212062491
0,0.2936533821048565,0.17915455996990204,0.04647819231266561,0.1624313782106695,0.20004311203956604,0.0015517458086833358,0.2463691681623459,0.19476190209388733,0.2968037572481697,0.16924963952074024
0,0.20707362090622422,0.20692656934261322,0.024623141347735814,0.16732368104030232,0.13895273208618164,0.009283793158829212,0.23583093285560608,0.12546378374099731,0.2642524641054864,0.1430144239820175
0,0.42717068940688885,0.3228836953639984,0.43299170467231124,0.29440721950792204,0.5485407114028931,0.15204855799674988,0.5392166376113892,0.2707017660140991,0.5328655570114434,0.37789258439384693
0,0.3975755265463639,0.2175939679145813,0.035495098856138385,0.3011417165924685,0.3866818845272064,0.22746595740318298,0.4615458548069,0.3421928882598877,0.3659174306574392,0.2955977611507398
0,0.1936355125951541,0.06401988863945007,0.010752399097753404,0.057219020712891845,0.19641466438770294,0.13365793228149414,0.08625467121601105,0.15778566896915436,0.2011896390190055,0.11113822554421339
1,0.43950789280824465,0.5497808456420898,0.30672823037143204,0.46604585913387764,0.22350415587425232,0.0507345013320446,0.2775592505931854,0.3822471499443054,0.5286204418156712,0.3469772131552869
0,0.4154771465939699,0.24132734537124634,0.022510645215188634,0.1876419389790613,0.3119092285633087,0.18061277270317078,0.2014603167772293,0.2644459307193756,0.3265748797252976,0.22976314834984568
0,0.5723179933985952,0.6609048843383789,0.6942416625692862,0.6663192989069756,0.640008270740509,0.10642366856336594,0.598393440246582,0.9377298951148987,0.7873069333456578,0.6179311820905637
0,0.3094552975302953,0.23479285836219788,0.1601723564291484,0.38277856412577715,0.2966344356536865,0.004855338949710131,0.3314133584499359,0.15718229115009308,0.3690618239743788,0.24112898700164215
1,0.4402186127861262,0.35137274861335754,0.1447377805425483,0.27815082409646735,0.4938834309577942,0.28914153575897217,0.38048115372657776,0.03281262144446373,0.4082599494500578,0.30472008945281115
1,0.6009336882482678,0.635327935218811,0.6204019566065839,0.37538666349530636,0.6325487494468689,0.030106782913208008,0.6043462753295898,0.4529888927936554,0.7510502749607271,0.5057711039498161
0,0.41241077780545654,0.49007648229599,0.30302112970042094,0.29154626016665264,0.5696439743041992,0.08994325995445251,0.5172612071037292,0.38955193758010864,0.5552732111125033,0.388806897283799
0,0.16524692593170798,0.11100558936595917,0.0034622539429189207,0.1335525981198574,0.01207808405160904,0.0005169856012798846,0.0581834651529789,0.026887327432632446,0.1990500084167575,0.06732517737729665
0,0.5274234856934733,0.4267464578151703,0.27972793241632216,0.49417963650132174,0.6099189519882202,0.7516453862190247,0.6287696957588196,0.4573744237422943,0.5104040244384153,0.5151448549643631
0,0.7020663550814153,0.7160938382148743,0.7206321440399152,0.6722598206570511,0.5208609700202942,0.7652842998504639,0.569581151008606,0.8071383833885193,0.7469346068554328,0.6826193083195731
0,0.3880176449315198,0.45888766646385193,0.41006889352889164,0.47199495835059635,0.48389533162117004,0.32645297050476074,0.31524229049682617,0.4487759470939636,0.5041118850582093,0.4153744346193414
0,0.30586805614444623,0.266828715801239,0.026628776349822532,0.14618028593067234,0.19630157947540283,0.0004415859584696591,0.12090285867452621,0.0006005967734381557,0.28832250718744634,0.13976949624491816
0,0.15974027430099544,0.038079921156167984,0.014686859589152,0.020992181321493098,0.1783549040555954,0.03901776298880577,0.10682089626789093,0.16121317446231842,0.19876665473261895,0.08947952918849472
0,0.6843950381433962,0.8276905417442322,0.9440764630933639,0.7877635768816951,0.8729565739631653,0.9768785834312439,0.582394003868103,0.7821606397628784,0.806574967299358,0.8042931805222074
0,0.22162874981430516,0.18128976225852966,0.004373423251983504,0.09071765688039093,0.18326155841350555,0.03474515676498413,0.2310541570186615,0.11479237675666809,0.2543947963852883,0.13510922221512384
1,0.2285624301042816,0.09003525972366333,0.002643094626391897,0.07852681487195178,0.019999433308839798,0.006736819166690111,0.14607222378253937,0.07922914624214172,0.2186987573501858,0.08403634467821655
1,0.6209134426652541,0.36258360743522644,0.8329476248204881,0.2753924186736697,0.6487481594085693,0.7959513068199158,0.8025047183036804,0.49962446093559265,0.6689547155407229,0.597163078471457
0,0.3171071802216565,0.45641055703163147,0.2825901470525367,0.39933320848294257,0.48005929589271545,0.724126935005188,0.488905668258667,0.8791901469230652,0.4366483376401756,0.49161006999435697
0,0.4790881205449447,0.4407208263874054,0.13119353697075853,0.2595952435166227,0.5244876146316528,0.008771763183176517,0.6146426796913147,0.6226417422294617,0.5587947595966748,0.3894318351214709
0,0.4940083724185714,0.5197975635528564,0.7138157660781087,0.38211517253318095,0.2622774541378021,0.26690882444381714,0.5896027088165283,0.48448193073272705,0.6562029900340193,0.46903396785477874
0,0.5393880588751329,0.6682276129722595,0.36311883466642186,0.58204352342976,0.5553273558616638,0.71600741147995,0.6071256399154663,0.5856937766075134,0.6085350765432042,0.5738733308938859
0,0.4592413503266108,0.283906489610672,0.011282364269301317,0.3008539727903051,0.39743340015411377,0.2766951322555542,0.5164343118667603,0.18030239641666412,0.3898693767142216,0.30414293146704285
0,0.3919669196162603,0.23893281817436218,0.2816766521316357,0.1377942867250411,0.34903353452682495,0.013529539108276367,0.21967430412769318,0.11197155714035034,0.3950171876186631,0.22482585055707976
0,0.4937804451563238,0.5457630157470703,0.5829336884097273,0.5122971667401662,0.43973687291145325,0.44045472145080566,0.43513572216033936,0.4684951603412628,0.6066862370622524,0.49248355065865723
0,0.4973475498036642,0.5258663892745972,0.1255555184318889,0.44710439101616345,0.5109533667564392,0.06885576993227005,0.3732885420322418,0.743566632270813,0.5568782323378595,0.41693453056625174
0,0.39984968442426344,0.09335892647504807,0.011994589959690856,0.12276082037503096,0.3122464120388031,0.2045934498310089,0.5643819570541382,0.34391355514526367,0.33305952514507675,0.253355390545299
0,0.35905271862274246,0.5398717522621155,0.252940883801484,0.42183485584197455,0.40000319480895996,0.7780009508132935,0.5059939622879028,0.40018612146377563,0.42569767338713627,0.4498505087452594
0,0.3742835596390519,0.37849509716033936,0.43803105483375954,0.2762613950994662,0.24641583859920502,0.34577590227127075,0.30907225608825684,0.24112118780612946,0.4347850154485706,0.327843543046204
1,0.6130341056315074,0.6856103539466858,0.8543756889901465,0.675865379261813,0.6330174803733826,0.18580412864685059,0.4864265024662018,0.8725030422210693,0.8044562047598421,0.6350495232282832
0,0.6035089025676557,0.5154350399971008,0.19730683631121534,0.4909096924791016,0.5194764733314514,0.07281778007745743,0.4751474857330322,0.7411251068115234,0.625144195262104,0.458485210632383
0,0.28239973593604484,0.07855680584907532,0.23785995988314135,0.11382716485774995,0.13311365246772766,0.007090218830853701,0.23594701290130615,0.051311932504177094,0.29347733037520324,0.1466338419640163
1,0.43418772880852585,0.4286178648471832,0.014043452158067342,0.3466649684997672,0.37391000986099243,0.33682653307914734,0.5030540227890015,0.3616524338722229,0.4201392401523006,0.34973576784991756
0,0.43563785928086907,0.2953236401081085,0.2912676884842437,0.4377617779734764,0.3067152500152588,0.17452207207679749,0.5113186836242676,0.14821042120456696,0.4650959509554012,0.3304693664114899
1,0.6180400065931974,0.746272623538971,0.5792274786482164,0.655973600639477,0.5835299491882324,0.6555866003036499,0.6119399666786194,0.5567384958267212,0.7127526991236536,0.627290927926027
0,0.7099685917532891,0.7883188128471375,0.9471794811171783,0.8406818831329427,0.8425649404525757,0.9569603204727173,0.7551738619804382,0.7392466068267822,0.8231559294747302,0.8198747673229959
0,0.3236595794615947,0.131203293800354,0.018365661631395167,0.13926002703764992,0.26020652055740356,0.2098386287689209,0.5647720694541931,0.2612859904766083,0.31188220117605425,0.2357281610561202
0,0.312358683187517,0.18105381727218628,0.016091575900740836,0.12659024176430303,0.23910771310329437,0.24832788109779358,0.2583102285861969,0.33193424344062805,0.27534592995636525,0.21146013139195716
0,0.4184783518595106,0.13342849910259247,0.17176915970604795,0.20275754155425327,0.23920534551143646,0.0609293170273304,0.3352884352207184,0.23265229165554047,0.36346142688989297,0.22770941317063717
0,0.5062905010627362,0.3222547471523285,0.07455015510497198,0.34697707812262407,0.5130550861358643,0.648156464099884,0.5943870544433594,0.3289586007595062,0.40980617977849637,0.4100358773864118
1,0.28012688435893873,0.05657506734132767,0.012269889978133774,0.10207095694960178,0.2613164186477661,0.055046964436769485,0.19203223288059235,0.0775124728679657,0.24317220060164643,0.13130082780099098
0,0.36179447431705697,0.11551482230424881,0.12094089586877485,0.15706002499831853,0.3868953585624695,0.06531664729118347,0.2621346712112427,0.21521326899528503,0.32740371182364003,0.21294798444171031
0,0.43476154844470266,0.33536192774772644,0.1565034872608541,0.25378397975042416,0.42981842160224915,0.41845840215682983,0.5330235362052917,0.15044298768043518,0.409539564437079,0.337835725255895
1,0.6484124597708838,0.6250070333480835,0.9094369001467855,0.5373069326001626,0.6306703686714172,0.8716586232185364,0.41223520040512085,0.4612453281879425,0.7012202404803144,0.6350386905560718
1,0.5082922823923447,0.5112009048461914,0.2218398077051701,0.4211276729233121,0.5866117477416992,0.5395467877388,0.5207909345626831,0.5324694514274597,0.5250795405682971,0.47747420882201835
0,0.4874837976558741,0.5861878991127014,0.3029188333604823,0.5038496969326732,0.49490559101104736,0.5354165434837341,0.6614985466003418,0.250095933675766,0.5601885217820454,0.47869530993593123
0,0.2013237878943787,0.1178101971745491,0.031832414754575274,0.12213778786043522,0.0387386716902256,0.0005341923679225147,0.12805065512657166,0.03596397489309311,0.22213711817793164,0.08815076469228408
0,0.8601128457756149,0.9333133101463318,0.9526045164029454,0.8954406394437678,0.9492980241775513,0.9587031006813049,0.9254817366600037,0.9532662034034729,0.8927941355599612,0.9269280378532134
0,0.3627548528901683,0.30044519901275635,0.21630305662008592,0.29301455781664804,0.43913012742996216,0.15286585688591003,0.5607860684394836,0.5001563429832458,0.45853789582230625,0.3536519240681269
0,0.619248322105466,0.6452535390853882,0.42245461627156267,0.6083976379379642,0.6115183234214783,0.018840378150343895,0.7166285514831543,0.6152268052101135,0.7526816486813183,0.5434634188971428
0,0.39862659611367124,0.2070854902267456,0.023001970297711463,0.26123867541084655,0.5266973376274109,0.4573120176792145,0.5077944397926331,0.5335348844528198,0.3557079862969436,0.35677596873486617
0,0.14208501387483977,0.06377669423818588,0.0022831666325297583,0.10372239400925376,0.2549683451652527,0.06110993027687073,0.2210773378610611,0.2289532721042633,0.21771611832114018,0.13352313395273796
0,0.5712842006238479,0.7674287557601929,0.7478676104305754,0.7127456883220404,0.7462299466133118,0.9691447615623474,0.7452956438064575,0.9096024036407471,0.7479383308374857,0.7634676456666927
0,0.17283588203999956,0.065965935587883,0.0007517837369317937,0.03951525224049225,0.13098737597465515,0.0050956173799932,0.19070088863372803,0.029367221519351006,0.20904202202138739,0.08109670202884725
1,0.5818441065110592,0.7778670191764832,0.8792886335214266,0.7031039206613452,0.6166438460350037,0.6342217922210693,0.6073275804519653,0.9456097483634949,0.7889091088969,0.7182975672243445
0,0.28884193250803997,0.35599058866500854,0.05448398572091716,0.1959760949559937,0.29262158274650574,0.1882598102092743,0.34999343752861023,0.4399116337299347,0.35052052822032786,0.2703498290732045
0,0.4252691467067373,0.5359846353530884,0.7633020018359635,0.5103782293686983,0.35419514775276184,0.289063423871994,0.48905912041664124,0.31451311707496643,0.6371142557912342,0.467106561259492
0,0.19067505640631868,0.13682004809379578,0.024499354386872015,0.0978609675538075,0.16215676069259644,0.0011148570338264108,0.1583217829465866,0.00037368483026511967,0.23039542989001516,0.10012531477096834
1,0.6214922076165379,0.6596853733062744,0.6071963056750392,0.6073711157252007,0.6817265152931213,0.7891093492507935,0.6298311948776245,0.9746114015579224,0.7119968020578938,0.6901028550548074
0,0.1264157996921047,0.025827348232269287,0.00057302433597039,0.0144453570781613,0.0010914281010627747,0.00019445514772087336,0.08399949222803116,0.02018357440829277,0.17381015480607032,0.03529331987962428
0,0.4949167209111423,0.36192482709884644,0.025878143244544877,0.2775845282308374,0.569520115852356,0.3675903081893921,0.5291781425476074,0.23621763288974762,0.4312061365009904,0.3574304323105426
0,0.37953380005946485,0.15335994958877563,0.005477447060943493,0.11522756733382558,0.5482038855552673,0.00036619676393456757,0.5294432640075684,0.0783948078751564,0.36706147588095916,0.22988135049764358
0,0.3341936239279425,0.2054157257080078,0.02937697041761871,0.1188255218383706,0.28927019238471985,0.02446133829653263,0.3585130274295807,0.01196632906794548,0.31843495737422073,0.1762126532782786
1,0.449366461984568,0.3861226737499237,0.6079480388481335,0.3200951558149838,0.2210903912782669,0.07721985876560211,0.47611677646636963,0.5669012069702148,0.5912802319706201,0.39369699505066913
0,0.6218190478060676,0.7271744012832642,0.6486263696676614,0.4843032293709474,0.7604060769081116,0.22644160687923431,0.4258843660354614,0.5896188020706177,0.7565253000008549,0.5698759311938877
0,0.22748730508975004,0.09982458502054214,0.0036658811927212935,0.08193802283706265,0.2956106662750244,0.28712180256843567,0.22600890696048737,0.3633444607257843,0.22935553285246307,0.19222750793331905
0,0.3563229598377985,0.50654536485672,0.6956977291855201,0.42121436828550274,0.5483690500259399,0.012500961311161518,0.4077369272708893,0.840221107006073,0.6597998065184641,0.4797541612281474
0,0.2447300455794113,0.017909467220306396,0.010375030955231146,0.033162086875261405,0.06886368989944458,0.049516089260578156,0.16146664321422577,0.026107462123036385,0.20696352827523146,0.07764386067133028
0,0.788721157983327,0.8424872756004333,0.880917187807862,0.7835005606206404,0.9185460209846497,0.9007039666175842,0.8349264860153198,0.9629688858985901,0.857327384033744,0.8610580573206713
0,0.6332448662090256,0.5147067904472351,0.7541283068663639,0.4085115984656084,0.6687185168266296,0.5563054084777832,0.6922159790992737,0.40707075595855713,0.710631456612638,0.5802471775540481
0,0.24538227182586364,0.022219086065888405,0.00844526279875267,0.017652167067597625,0.22908911108970642,0.001421910710632801,0.24555912613868713,0.0011932333000004292,0.22988437604657727,0.09826277934946473
1,0.741568020010845,0.920658528804779,0.9489337448282397,0.8550727749014492,0.8298975825309753,0.9750972986221313,0.5302945375442505,0.9758174419403076,0.8359665575626345,0.8448715605349782
1,0.40332860197527187,0.690653920173645,0.4044119978597989,0.773104481903319,0.40717431902885437,0.4041461646556854,0.3400236964225769,0.3361303210258484,0.5666937020212764,0.47659920009591933
0,0.33818601463362413,0.2160932421684265,0.3080931187355947,0.3345472750645398,0.4695018231868744,0.49412208795547485,0.3227574825286865,0.4574369192123413,0.36631362342024587,0.36182399554766653
1,0.6865174591571268,0.8531419634819031,0.9262471264709061,0.8310898057410195,0.9566195011138916,0.9044262766838074,0.7068794369697571,0.8053244352340698,0.8334759630261379,0.832113462671045
0,0.2973127399831434,0.11573804169893265,0.053229521961252205,0.15907423260923748,0.28497424721717834,0.02664487436413765,0.3320959806442261,0.1481112539768219,0.2971143823701619,0.17970785162876415
0,0.3847076317941933,0.1930515170097351,0.1661056330582196,0.1771736476910612,0.6701476573944092,0.1048368290066719,0.39422914385795593,0.5582265257835388,0.4235448387792646,0.33046944705486664
0,0.2960953389975061,0.09158249944448471,0.017865691155183546,0.12873754331303505,0.1243557333946228,0.04480867460370064,0.38791659474372864,0.23116576671600342,0.28003729185855586,0.16597962302316965
1,0.3159621299350146,0.28433650732040405,0.048034295938008675,0.18689891628682553,0.11935193836688995,0.00986490212380886,0.4304555654525757,0.0012580162147060037,0.3371989871113164,0.18070807880772882
0,0.3442409257484321,0.3607410788536072,0.18495886911201093,0.15168369551549649,0.3676842153072357,0.0016145240515470505,0.3304225504398346,0.6716448664665222,0.4423330016780153,0.303906654143069
0,0.4476314001574275,0.14377130568027496,0.297115616073421,0.33276691775040007,0.3125625252723694,0.04357374459505081,0.5016123652458191,0.22217391431331635,0.44710776319431356,0.29274244209951344
0,0.6603406472426395,0.7807472944259644,0.8952399709199705,0.8148855469429949,0.7152419686317444,0.9420307874679565,0.7596881985664368,0.9539642930030823,0.8056284048952188,0.8100888632844885
0,0.5457341125377837,0.5521210432052612,0.760968284029643,0.47328883082996537,0.4772859513759613,0.9699177145957947,0.5661844611167908,0.4998760521411896,0.6135278430669336,0.5978871591418862
0,0.5523640528099459,0.6845527291297913,0.6090563648050251,0.5981272325966239,0.49173593521118164,0.5993528366088867,0.6503918170928955,0.621811032295227,0.6916707201837717,0.6011149487966112
0,0.28745140397586033,0.09795460104942322,0.01268330302569323,0.11701838028833313,0.07423588633537292,0.002305010100826621,0.1592104732990265,0.09644041210412979,0.24441622933867588,0.10935235598650085
1,0.6316691245228219,0.8821079730987549,0.8514844006249791,0.7955637414004219,0.8530251383781433,0.9111034870147705,0.8370621204376221,0.9239310026168823,0.8253846085644221,0.8316627887371353
0,0.477661771031954,0.834119975566864,0.3572167954024057,0.7518913478780248,0.8869935274124146,0.8489089012145996,0.41858553886413574,0.6893250942230225,0.6258364522147852,0.6542493011907928
0,0.21896978498986908,0.07998627424240112,0.016323425103752107,0.05870861431710802,0.014068745076656342,0.0016207009321078658,0.23728151619434357,0.14322978258132935,0.22900236715231234,0.09775439519939988
0,0.35707830037356575,0.3008290231227875,0.20718983441023145,0.2947993667885998,0.5880301594734192,0.32947736978530884,0.5457653403282166,0.06809182465076447,0.4130153550294118,0.33697229072898677
0,0.17907317595661304,0.01726680062711239,0.0074825952761102855,0.027962399009797998,0.06762997806072235,0.0008405424887314439,0.1691335141658783,0.1015670970082283,0.19991883997892335,0.07207539980082066
1,0.45592608991621025,0.5918168425559998,0.6259308150420392,0.2512991683310311,0.04284954443573952,0.029512010514736176,0.48416444659233093,0.5133647322654724,0.6355813389505607,0.38344156359616693
0,0.3870829443788768,0.19103266298770905,0.027165085676377536,0.2314546335065923,0.454293817281723,0.14812065660953522,0.45188310742378235,0.10206452012062073,0.3518373952013496,0.25130207145205186
0,0.41448904203488257,0.475243479013443,0.700245712521568,0.37844930778411334,0.8641748428344727,0.6009543538093567,0.45855915546417236,0.18595419824123383,0.5822411327941055,0.5093128071922706
0,0.5254023907647649,0.6879233717918396,0.4794309275043979,0.6649190728109348,0.5054609179496765,0.25585871934890747,0.48976290225982666,0.4884225130081177,0.6771687349813135,0.5207506144756535
0,0.8902849146992362,0.9355607032775879,0.9719726508213098,0.9017416929843032,0.9230253100395203,0.9556365013122559,0.9352694749832153,0.8728499412536621,0.8969150907045601,0.9228949341614964
0,0.3109627114377448,0.3256506323814392,0.037230260158420236,0.277095939156529,0.35213086009025574,0.02651660516858101,0.3587493896484375,0.5659689903259277,0.38715590487068624,0.2838934955496463
0,0.28656748346766364,0.2932535409927368,0.03617729301911497,0.22031891455394956,0.31211692094802856,0.0016650644829496741,0.25576967000961304,0.42628762125968933,0.3447103706824556,0.2322144230935539
1,0.6237286732693147,0.628122091293335,0.35394603317358553,0.5170028166052533,0.8902178406715393,0.7709738612174988,0.6247251629829407,0.6195845603942871,0.6450849669083376,0.6235829846115649
0,0.3736338690256533,0.3393610417842865,0.6494219148704765,0.27147702670326523,0.6031408905982971,0.3699987530708313,0.45665207505226135,0.3103189468383789,0.5319238389485794,0.42207139400142596
0,0.4304196278205271,0.3533923327922821,0.2686692506668429,0.1801748843163975,0.4028151333332062,0.18951642513275146,0.48815932869911194,0.5186231732368469,0.48284176935342304,0.3545370951545481
0,0.302145843517429,0.1621086597442627,0.25399122199327373,0.27684560105520434,0.07015221565961838,0.058854736387729645,0.26170170307159424,0.1833856701850891,0.32948582952276984,0.200379772614598
0,0.14450119149560733,0.062287408858537674,0.006044853911655742,0.04635598012108823,0.1061769649386406,0.013976716436445713,0.07875280827283859,0.07919437438249588,0.19147188651436603,0.06839898697503033
0,0.28293505007141195,0.21968857944011688,0.11773830857189718,0.26903515517163173,0.06221015378832817,0.0022380659356713295,0.21969737112522125,0.14869506657123566,0.3066553698906626,0.17093741331807233
0,0.11656088180499602,0.00717212725430727,0.003140163733472974,0.011727429184993633,0.07396819442510605,0.00024209408729802817,0.17586050927639008,0.09265979379415512,0.18421939195264284,0.060048079112583023
1,0.19130504818850208,0.05147745460271835,0.1495544470416382,0.03222087933508121,0.0071669677272439,7.243522850330919e-05,0.0873405784368515,0.025341350585222244,0.2168842660762945,0.07093739338678308
1,0.2983858574330193,0.07430139929056168,0.07255815265993232,0.10669293218112222,0.06505149602890015,0.10067484527826309,0.15973511338233948,0.060281675308942795,0.2398000989473674,0.1189931817956475
0,0.35430583096801654,0.14325135946273804,0.32780266271014874,0.20872834991355946,0.22026482224464417,0.13215260207653046,0.2284160852432251,0.3701818883419037,0.36180161232693403,0.24946320091499913
1,0.3875790662205973,0.7021533250808716,0.3121976164454574,0.41611930666355434,0.4661693871021271,0.21765419840812683,0.28976356983184814,0.5223459601402283,0.5567097063138855,0.42033885868639714
0,0.27654294284959124,0.4016708433628082,0.028054235980250846,0.2506300832485551,0.03665589913725853,0.23983897268772125,0.18843631446361542,0.11921847611665726,0.2883955537678506,0.19533246597676754
0,0.3230705730449431,0.24661830067634583,0.03433020242188539,0.23177441568620238,0.3935443162918091,0.07409496605396271,0.33341556787490845,0.1935630440711975,0.34005439282458594,0.23214946658997382
0,0.5283699042932836,0.3331955671310425,0.17695715597545172,0.12608592137448424,0.5352618098258972,0.2254396677017212,0.6077503561973572,0.17771026492118835,0.4900135927331598,0.34115164740462023
0,0.27135518158957556,0.142063170671463,0.10046121014135426,0.17954720678809413,0.2984693944454193,0.028620902448892593,0.2523733079433441,0.6916045546531677,0.32510628689701115,0.24401042850614513
0,0.4784188457108987,0.419678270816803,0.2463939563970439,0.36076757791672315,0.27990394830703735,0.21061056852340698,0.4909578561782837,0.47246816754341125,0.5062258256142544,0.3729118277520703
0,0.6094055304428398,0.6330888271331787,0.5296422191495326,0.6857090967158754,0.6619423031806946,0.9668639302253723,0.5818201303482056,0.8518596887588501,0.6517361640427816,0.6811922210778572
0,0.2504312033470115,0.14560434222221375,0.05145089611956735,0.1232490830052425,0.09541662782430649,5.334395609679632e-05,0.17617151141166687,0.07024458050727844,0.25432466594639963,0.1181049649519241
0,0.27223307076584535,0.14054426550865173,0.01689328328559046,0.15336848210975823,0.10199251770973206,0.028764303773641586,0.22428953647613525,0.16338922083377838,0.2613433544754163,0.14036233903122677
0,0.23317962188532979,0.1816560924053192,0.01594837815544673,0.14171876544447864,0.30051344633102417,0.08801009505987167,0.31010669469833374,0.12875422835350037,0.2746923984953783,0.17635654185185606
1,0.6279575937862129,0.8331902623176575,0.689518781565404,0.758546000442995,0.7873418927192688,0.7964405417442322,0.783608615398407,0.5173357129096985,0.7752270559799618,0.7246986736409181
0,0.43067627288747673,0.48184704780578613,0.47812911381478784,0.29084176743225354,0.46543771028518677,0.8075286746025085,0.3165765106678009,0.32034963369369507,0.44854246341420145,0.4424188457413456
0,0.33423661177117026,0.06653229892253876,0.006335917783067219,0.06600621058000304,0.3807722330093384,0.2319057732820511,0.29159632325172424,0.24240945279598236,0.26417176454793023,0.19908891976424195
1,0.7360687482591092,0.7700467109680176,0.9221790024951699,0.7528415526706229,0.8314105272293091,0.9484386444091797,0.8621129989624023,0.8617061972618103,0.8330624740450826,0.8310040594251504
0,0.30128399819001683,0.13568677008152008,0.0033771374907398495,0.18699281765137585,0.38000428676605225,0.01357482373714447,0.34021711349487305,0.2821643054485321,0.31087645723774043,0.20725163185816914
0,0.19052523266281166,0.14329074323177338,0.022867690354230894,0.10738695309417592,0.060748811811208725,0.001873265951871872,0.08671543002128601,0.10477642714977264,0.22172427870748457,0.09292740961270118
0,0.22502760525112678,0.11702943593263626,0.11753857296054715,0.08774871096162573,0.009017249569296837,0.0016517782351002097,0.045007240027189255,0.02262180484831333,0.2292465393206587,0.0825785507126153
0,0.49999424839275647,0.43093666434288025,0.3488590030443075,0.422732629062996,0.4365951418876648,0.44310495257377625,0.43504881858825684,0.5447736978530884,0.5203260590418209,0.4442833639608307
1,0.5562086698238771,0.6962758898735046,0.9121853120577594,0.5092978689789337,0.5658488869667053,0.9808180332183838,0.49959108233451843,0.581890881061554,0.6884641532315071,0.6569271851833597
0,0.46558495433296865,0.37968888878822327,0.09901050908154856,0.3914510556675549,0.5239779949188232,0.7339028120040894,0.4933302402496338,0.5626301765441895,0.40627013174337995,0.4466495342174411
1,0.5231154897566423,0.5419610738754272,0.12542549744343576,0.5820319218479183,0.47100433707237244,0.06270523369312286,0.4613097012042999,0.5108738541603088,0.5751313270173811,0.4184271859108557
1,0.21918015609780234,0.020501065999269485,0.00314967589905746,0.06825777100664468,0.03586697205901146,0.021512001752853394,0.33627936244010925,0.0777660682797432,0.22349625812215795,0.09842165925769675
0,0.40365898355639357,0.2571805417537689,0.03799038700077417,0.2585947818172835,0.17177410423755646,0.3026372790336609,0.3066105246543884,0.19382771849632263,0.3174603265319011,0.24155974057808668
0,0.5391498165822047,0.6534743905067444,0.5871313879729968,0.5971653594875574,0.611720085144043,0.4292275309562683,0.5432919859886169,0.8686276078224182,0.705486043419515,0.6049736938759771
0,0.4116976860378593,0.44705653190612793,0.3751320585836774,0.28423548190774,0.5155078768730164,0.5806728601455688,0.5234671831130981,0.36380523443222046,0.481146522012901,0.4335666217888436
0,0.19052709344231858,0.058992672711610794,0.03927132448775685,0.029957622243744344,0.22328878939151764,0.12936817109584808,0.15693531930446625,0.1233135461807251,0.21110202163504174,0.1175888577884316
1,0.8770458421606787,0.9219686388969421,0.8997990467739295,0.9058689890591277,0.9405980706214905,0.9913018941879272,0.9066152572631836,0.916275143623352,0.8846574069941999,0.917952153244107
0,0.5159886403404443,0.3852112293243408,0.22256290577477505,0.29596867468332666,0.451300710439682,0.3395170271396637,0.468357652425766,0.4159606099128723,0.4890084945930997,0.38717889815415063
0,0.45985025338566343,0.39321669936180115,0.02465104944198792,0.3045723265392195,0.4690745770931244,0.35507524013519287,0.3821016550064087,0.4395846426486969,0.41121750744439356,0.3523377944150631
1,0.6897582457910176,0.6363956928253174,0.2738873390999154,0.8356268954220539,0.8161501288414001,0.9425020217895508,0.8685948252677917,0.8086493611335754,0.6832400116863377,0.725666698017337
0,0.5233627270303497,0.6606271862983704,0.687177924967702,0.6051737831026436,0.4721396863460541,0.6785603165626526,0.44541680812835693,0.5892750024795532,0.6518640017052345,0.5821572526251921
0,0.3002508809020111,0.3794299066066742,0.10739455341436803,0.3590456469831154,0.2547510862350464,0.48407793045043945,0.4248584806919098,0.21852032840251923,0.3355461501738215,0.3130579395806962
0,0.507130126275195,0.17417603731155396,0.12256599706583764,0.5474065406477333,0.40861228108406067,0.49051517248153687,0.4038151800632477,0.20854662358760834,0.3731745849788597,0.355994977124245
1,0.29157919169401,0.07476232200860977,0.03185024653406042,0.10664002946953172,0.24439334869384766,0.0011262530460953712,0.30626633763313293,0.031303610652685165,0.27061496499359916,0.139205864221013
0,0.4809629153963054,0.6056897640228271,0.35967188403487765,0.5128907445231736,0.41649845242500305,0.10285309702157974,0.4143509566783905,0.6082039475440979,0.6170458105113478,0.44562273035137023
0,0.29412894073151263,0.38456547260284424,0.018073869739323657,0.24246042386343306,0.5109435319900513,0.19495387375354767,0.21471090614795685,0.19298601150512695,0.33732189713560196,0.2591759942236158
0,0.2200390838734173,0.08996061235666275,0.014536009939003692,0.09027866430400415,0.03630673512816429,0.026072559878230095,0.14467936754226685,0.08720696717500687,0.21835454548933744,0.09077888023664181
0,0.464163985149969,0.5154039263725281,0.6073650755152434,0.5337115741541195,0.49194788932800293,0.7255650162696838,0.34834611415863037,0.5533081889152527,0.5499907108446179,0.5259959698861805
0,0.24948749245419322,0.09835595637559891,0.036763014139040526,0.059966430298995475,0.11526438593864441,0.0026735805440694094,0.20517432689666748,0.020792007446289062,0.24122760763724374,0.10178651031213815
0,0.31435364255388837,0.37977126240730286,0.04903306899024248,0.19294641555916037,0.5818737745285034,0.2711004614830017,0.24061162769794464,0.40875399112701416,0.35781328892092623,0.30375641370759365
1,0.4275688688916409,0.3386503756046295,0.07299802611209034,0.300648710168775,0.36598408222198486,0.013984755612909794,0.37016329169273376,0.22874626517295837,0.4242491319157583,0.27176270089922416
0,0.44541642660655084,0.32549482583999634,0.11618973180992799,0.1322400761197886,0.7215321660041809,0.6909824013710022,0.5619821548461914,0.8398230075836182,0.4247826329152813,0.465191982949961
1,0.6585203887053658,0.8096359968185425,0.8385042309407023,0.8718898970488237,0.6910585761070251,0.8861770033836365,0.8461403250694275,0.9342712759971619,0.8151287665765755,0.8133186975022696
1,0.4020805636752445,0.3147284984588623,0.2894650044992205,0.16529752696361383,0.3770759105682373,0.16634447872638702,0.35363632440567017,0.32732918858528137,0.43520368955101035,0.3019574592563317
0,0.26215293930477795,0.019849685952067375,0.005713803015133742,0.023012321869549157,0.156882181763649,0.004538614768534899,0.17389854788780212,0.0008373592281714082,0.22040199804197386,0.08315251648064689
1,0.8852589639337127,0.9341937899589539,0.9596155208719909,0.9172412098644094,0.8731553554534912,0.985192060470581,0.9182529449462891,0.8158292770385742,0.8895079239090709,0.9106616622001595
1,0.5243989796247136,0.3511349558830261,0.0339103765237363,0.214283048480869,0.6185370683670044,0.37550145387649536,0.566287636756897,0.5678988099098206,0.46579550027010524,0.4026227416318062
0,0.5081325093631481,0.6334110498428345,0.5135733549396359,0.5862261697909732,0.7645955085754395,0.9844033718109131,0.4421539306640625,0.5881161689758301,0.578960865452125,0.6193390519776879
1,0.6281077995327933,0.814183235168457,0.8282268983948035,0.8044350953130611,0.6369249224662781,0.889522135257721,0.7511324286460876,0.8912702798843384,0.790308648400251,0.7766630007905135
0,0.4090483580188999,0.3982008397579193,0.13490860478899794,0.1681759349211583,0.39321258664131165,0.25687381625175476,0.40250566601753235,0.3190760016441345,0.41740246317684127,0.3111308117765354
0,0.482779123720306,0.3274739384651184,0.053032102656672034,0.1129753157210067,0.5089600086212158,0.5465513467788696,0.6513686776161194,0.3811604976654053,0.41056701687718317,0.37571452117635584
0,0.30950814226328516,0.29718029499053955,0.3093229244766993,0.2155789317505482,0.28054898977279663,0.03977254778146744,0.29606279730796814,0.025759069249033928,0.3905392556728677,0.22893725866817993
0,0.15498962426208196,0.028361689299345016,0.0024220520987016532,0.04780608307548269,0.02126593329012394,0.001253404188901186,0.11919641494750977,0.01828024350106716,0.18576326513130886,0.0508229376596805
0,0.4214161944890987,0.3329026699066162,0.16823344877062085,0.3258436889668376,0.14316612482070923,0.03674750030040741,0.34868744015693665,0.4385129511356354,0.4313896795196201,0.28219392802226395
1,0.29564559711017113,0.2935532033443451,0.24157363220910721,0.2801757710151763,0.29486536979675293,0.0038269497454166412,0.2981901466846466,0.3726668357849121,0.4000135071140392,0.2649515083513906
0,0.6813987584271571,0.7703020572662354,0.831783918685472,0.8449230303695378,0.9094573259353638,0.9852030873298645,0.7400039434432983,0.7084209322929382,0.795058157139682,0.8050516238030622
0,0.4561967413798581,0.4079335927963257,0.29850258317331374,0.49989375034123734,0.48779529333114624,0.4709393382072449,0.30776819586753845,0.24621082842350006,0.45319091723685,0.39803709783941543
1,0.4401821857839576,0.4065490663051605,0.7474010291150776,0.2254140745232354,0.46770086884498596,0.0018082639435306191,0.5331712365150452,0.5574148893356323,0.6596685177204186,0.42943619516379195
0,0.4669511534444344,0.5040600299835205,0.38812715148650057,0.6097503598954985,0.5524365305900574,0.93946373462677,0.4957250654697418,0.7529575228691101,0.5073919364162759,0.5775237564722585
0,0.6737246002997753,0.8294938206672668,0.556426226826164,0.7727162467676943,0.6877197623252869,0.7838677763938904,0.7663611769676208,0.6930474638938904,0.7637786516092379,0.7196419960281393
0,0.45206582052264,0.7091936469078064,0.3796271136526992,0.397150878330555,0.6355251669883728,0.7434480786323547,0.44667160511016846,0.7738467454910278,0.5722304708361502,0.5606398419862082
0,0.43627811710656955,0.27427685260772705,0.10570219198573594,0.29255171976702854,0.320077508687973,0.508084237575531,0.4872269034385681,0.430656373500824,0.3718743938962074,0.3509792584936473
0,0.31268082750280823,0.1712992638349533,0.012469375768977338,0.09722830191856173,0.07101977616548538,0.0645262822508812,0.22100183367729187,0.1450919657945633,0.26745464790486534,0.13939517413855318
1,0.6875441054243047,0.8505856394767761,0.8167596574425314,0.7521271084592054,0.8828432559967041,0.9469975233078003,0.5956497192382812,0.7124789953231812,0.791701085812027,0.7782769763489633
1,0.3313629634014962,0.0638209655880928,0.014444172644532776,0.0966323969036618,0.1272750198841095,0.011917543597519398,0.1559310257434845,0.13453707098960876,0.2522026607307915,0.11981197872112641
0,0.4604863925632792,0.3355051875114441,0.13363810163987389,0.4200165490501994,0.21049290895462036,0.012871119193732738,0.49256566166877747,0.4178285300731659,0.47385961255106135,0.31674160973714444
0,0.3406827641554891,0.11037681251764297,0.017887747362576076,0.10423243138433354,0.4274497926235199,0.017199844121932983,0.41503414511680603,0.2488650232553482,0.32735639117498705,0.211566930964743
0,0.39771735505319705,0.42304933071136475,0.22590005915836092,0.3719833088389041,0.19880826771259308,0.023347627371549606,0.25265538692474365,0.3350239396095276,0.44958412198387243,0.28669411541497436
0,0.4496285491942987,0.3781389594078064,0.09752080889994483,0.3434435471667669,0.43044930696487427,0.6335335969924927,0.3733399510383606,0.2601386308670044,0.36809438604923206,0.36585862962360954
0,0.759582474996464,0.8200198411941528,0.49952470880113337,0.8027297536922672,0.8188492655754089,0.9621117115020752,0.8466902375221252,0.5974822044372559,0.7686478673167122,0.7601886414285774
0,0.2860351694959798,0.2175218015909195,0.17345465056408782,0.26662654060335755,0.033357519656419754,0.006320025306195021,0.15521042048931122,0.22060343623161316,0.31096095017074815,0.1753176014276302
0,0.3865034909626074,0.5238502621650696,0.4722539051194969,0.4454584742750355,0.3560159206390381,0.6690332293510437,0.4416210651397705,0.057296622544527054,0.4672640898924458,0.4183064680408909
0,0.3331062353873038,0.3874891698360443,0.6695740002480999,0.379334687144452,0.3047853410243988,0.02429143339395523,0.28086423873901367,0.55653977394104,0.5548551553114993,0.37395779762865455
0,0.4577668497927472,0.44823190569877625,0.43620941134148766,0.34124716099903085,0.5441687107086182,0.34298181533813477,0.381222665309906,0.4848839044570923,0.5394407032500091,0.4309040892289857
1,0.6404297626961466,0.7945476770401001,0.5006457139441954,0.498405683818364,0.9089531898498535,0.98139488697052,0.7958592772483826,0.7169181704521179,0.7214535675791104,0.7215107102980072
0,0.5181924124264432,0.33964958786964417,0.04244906374317166,0.33072136561034365,0.5573762059211731,0.6461585760116577,0.4728977382183075,0.44600772857666016,0.40212835109245587,0.4118990696364633
1,0.3973453523525287,0.21072566509246826,0.042728201027920715,0.19209924483286386,0.1047215685248375,0.10568364709615707,0.34786126017570496,0.14855192601680756,0.32619028071969397,0.1969715343229398
0,0.25182427655687273,0.10777793079614639,0.0296230352448099,0.09639422499416109,0.2443935126066208,0.07120693475008011,0.3984566330909729,0.2031908631324768,0.2773734364756232,0.1752002148797519
0,0.5014942970067436,0.42564713954925537,0.3129320997229846,0.43615654680455934,0.5017045736312866,0.4549921751022339,0.3435949385166168,0.3030319809913635,0.4860424658374374,0.41104336114012774
0,0.453501117269239,0.219633087515831,0.20270552727708177,0.27562553711852383,0.5110849738121033,0.20607881247997284,0.4823753833770752,0.39343297481536865,0.44346883735765413,0.34344704114015645
1,0.8316954596822668,0.8848718404769897,0.7908817103046974,0.8818745509282003,0.868889331817627,0.8642230033874512,0.8300925493240356,0.9514750838279724,0.862004185192682,0.8620716812000893
0,0.2841068090316482,0.32294580340385437,0.02385656681225017,0.2683437470873324,0.2266559600830078,0.16093292832374573,0.2410321980714798,0.2291317582130432,0.3100821496923241,0.2219897175647192
0,0.43847413598224416,0.22594885528087616,0.26587440682895286,0.2553194051854958,0.4040568470954895,0.08716443181037903,0.44537192583084106,0.3830098509788513,0.4559935014799342,0.3162844417188423
0,0.29593715243026286,0.20359167456626892,0.03742628551885608,0.09176265897335863,0.3595866560935974,0.01219570729881525,0.4685664176940918,0.003878510557115078,0.32875352900051646,0.1881510330989633
0,0.468410106583329,0.556333601474762,0.20202897119492919,0.5147367341892707,0.5173633098602295,0.38503456115722656,0.4862027168273926,0.5939759016036987,0.5396214163846075,0.46620143079397885
0,0.10118071861903934,0.0350559838116169,0.0004477788636696128,0.030573357226498166,0.008855621330440044,0.0008327215909957886,0.11033197492361069,0.01607207953929901,0.17336433804892315,0.03900718978988477
0,0.2592672563160107,0.10177083313465118,0.002448837812356761,0.05600884430811484,0.0900917798280716,0.06980045139789581,0.2472715973854065,0.20164847373962402,0.24193429259558125,0.12863585216055054
1,0.6386304445193189,0.6682895421981812,0.8519257657069607,0.641622321466604,0.8761857748031616,0.9849776029586792,0.5421306490898132,0.43421798944473267,0.7213273190253733,0.7010356369170632
1,0.4386189702834271,0.6479793190956116,0.21807827521310863,0.6437929463110832,0.5184599161148071,0.8691030740737915,0.29609084129333496,0.7138746380805969,0.469701785964013,0.5354670223463784
0,0.46848188378520583,0.2621457278728485,0.1308343162144513,0.3318183458093938,0.47696658968925476,0.5937008857727051,0.6064500212669373,0.44964540004730225,0.4079330549273658,0.40730048531800106
0,0.27791777732285033,0.13322779536247253,0.01354888640882535,0.3888625899608115,0.5586150288581848,0.30546829104423523,0.5034140944480896,0.4736224114894867,0.32462564901091595,0.32660567430996756
1,0.7269948532955028,0.7052708268165588,0.3869647273212692,0.798277690846665,0.9029596447944641,0.9908875226974487,0.7144473791122437,0.5379709601402283,0.697216748112815,0.7154996845737481
1,0.43234200197020956,0.3634478449821472,0.025670628020640986,0.21946735847546647,0.5581371784210205,0.5446102619171143,0.5165400505065918,0.38517242670059204,0.38705943077326915,0.37436424907279736
0,0.1564636718465257,0.039697930216789246,0.003988078393412059,0.03456621195241563,0.15077169239521027,0.034333519637584686,0.12357834726572037,0.10281988233327866,0.19546251843736231,0.08098334922966388
0,0.5106204854831397,0.644847571849823,0.7206035783577186,0.3619386523531822,0.5289239287376404,0.06158772483468056,0.45331594347953796,0.7143576145172119,0.7303263988471058,0.5084897554250432
0,0.16281501729296338,0.029499579221010208,0.029777486316001977,0.035828677922900405,0.02030332013964653,0.00039027558523230255,0.09782444685697556,0.05547943711280823,0.19063503521593217,0.05551415246564745
0,0.5013825308829534,0.43021512031555176,0.06107111336062603,0.5023396655673635,0.46146395802497864,0.616523265838623,0.6440099477767944,0.5114224553108215,0.4616741821541579,0.4603828413944492
0,0.40544891983157016,0.3666955232620239,0.09616417104616283,0.39934756010453093,0.4768606424331665,0.5181739330291748,0.524006187915802,0.43492117524147034,0.40714269716504065,0.397850037087202
0,0.11318200779574601,0.008458411321043968,0.00023676434410034515,0.006778846924233009,0.01340743713080883,0.0011470087338238955,0.1459234058856964,0.009502812288701534,0.17401638552781393,0.037984409480018265
0,0.51709560880494,0.479862242937088,0.6304375877686882,0.4389955194858504,0.6417415142059326,0.986788809299469,0.48646849393844604,0.7773541212081909,0.5681273784973094,0.6075844222733678
0,0.3227413326927489,0.175750732421875,0.04433337087629574,0.2236068117903608,0.395231157541275,0.015839161351323128,0.4715011417865753,0.2304062843322754,0.35463705822102654,0.23780274521663206
0,0.3128955181847961,0.17250241339206696,0.044489394612808084,0.19197631501408954,0.23462139070034027,0.0811285674571991,0.3701276481151581,0.19517412781715393,0.3112021712525016,0.2022903018809468
0,0.1707717500558793,0.2385672926902771,0.03895176823190511,0.19019240241843885,0.19568584859371185,0.2254970371723175,0.16901139914989471,0.13626937568187714,0.23663772038006795,0.1701420416842482
0,0.5195618450234236,0.4295836091041565,0.12254974245717257,0.2910618079294512,0.29653435945510864,0.18143047392368317,0.2660154104232788,0.3700776696205139,0.45222915489499454,0.31441438874436756
0,0.21286006330791093,0.12820717692375183,0.015394821040024327,0.13744828452400498,0.16323749721050262,7.862091297283769e-05,0.16664965450763702,0.07614202052354813,0.23889656272210563,0.11584704690827163
0,0.18075435942787452,0.12257269024848938,0.0010505119826875763,0.11655733282107533,0.011446426622569561,0.0006310236058197916,0.09679661691188812,0.022030111402273178,0.2072171203084006,0.072497059805287
1,0.8846848318970407,0.9605138301849365,0.9911481338504553,0.9683156911205552,0.9893894791603088,0.9856928586959839,0.9208793640136719,0.987730085849762,0.9040198289098733,0.9598441453573092
0,0.24700972515472155,0.47428786754608154,0.0763589157755049,0.23389997873283266,0.35531795024871826,0.11386516690254211,0.3756289780139923,0.12375075370073318,0.37504590026121404,0.2550583617225858
1,0.36237062659900654,0.6515059471130371,0.3111699983697712,0.4482730705244422,0.531576931476593,0.11947812885046005,0.24697206914424896,0.31118035316467285,0.5372785559220122,0.3822672624980787
1,0.2742392664870843,0.276465505361557,0.10884058730277756,0.21229192486763288,0.1927526742219925,0.004228339530527592,0.3652592897415161,0.033393871039152145,0.3363833089845185,0.18959629198992733
0,0.44442389782080155,0.15759702026844025,0.04024076319414174,0.10600300068757113,0.5627573132514954,0.7738460898399353,0.5878919363021851,0.5308365821838379,0.32441462130822796,0.3849582136051622
0,0.11174747161696043,0.014817740768194199,0.0006824999902015983,0.016178566863708412,0.017795361578464508,0.0020789634436368942,0.10843706130981445,0.007616192102432251,0.17176871672993876,0.03583390774764825
0,0.5205797012681116,0.4716426134109497,0.4294646956603458,0.39506716426823657,0.6250669360160828,0.8362143635749817,0.7586626410484314,0.6381845474243164,0.5708115025485551,0.5741456521990953
1,0.6497696656670203,0.6667170524597168,0.61591226993888,0.47826408307567697,0.5926246047019958,0.842889130115509,0.6552957892417908,0.7514597773551941,0.6952996499279955,0.6506265325908324
0,0.22893943099710778,0.0871407613158226,0.00924972848148295,0.10955893036694005,0.15023262798786163,0.0013701661955565214,0.1614101231098175,0.060286492109298706,0.23038031010456067,0.10397252734550089
0,0.44483603614374784,0.38822731375694275,0.23147737285740508,0.39258609515561,0.4813668131828308,0.5189716815948486,0.6971298456192017,0.4596845209598541,0.48789165384535615,0.44725722826242975
0,0.05967130961200834,0.003935829736292362,1.713271760959837e-05,0.005816696094388875,0.007454982027411461,0.00023840504582040012,0.09259596467018127,0.009909337386488914,0.15808878243948668,0.022716926745629275
0,0.21031731191332395,0.05254124477505684,0.0025424417414038527,0.04553872021681032,0.23053188621997833,0.0006528681260533631,0.08607544749975204,0.0030601071193814278,0.21012345774283828,0.08154442426476635
0,0.4676675498530721,0.27481144666671753,0.49738050798582667,0.16125795969183718,0.30059361457824707,0.004453084897249937,0.5017427802085876,0.20519551634788513,0.5316802115727398,0.30904168192859627
0,0.43127088122304996,0.30768561363220215,0.2065612090773153,0.21014640435891319,0.4444493353366852,0.09922829270362854,0.35571590065956116,0.7131176590919495,0.4657830788465431,0.3466212136830827
0,0.8121307886692472,0.8020997047424316,0.8213178254062641,0.8595777081366803,0.9228736758232117,0.8437151908874512,0.8918315172195435,0.9632886052131653,0.8599431571343307,0.8625692788785282
0,0.1594388627907961,0.03646688163280487,0.0005380581664188315,0.04479999498716728,0.06987663358449936,0.012106920592486858,0.1459706723690033,0.0716591626405716,0.1939867574542861,0.06853806989444954
0,0.21189911329152225,0.2601843476295471,0.014885334967409484,0.07843714759047703,0.2320834994316101,0.12118718773126602,0.21438926458358765,0.19090963900089264,0.26435074245282325,0.16625508033342581
0,0.08215101963442199,0.012846974655985832,6.584107744102337e-05,0.014150718547099967,0.009942322038114071,0.0009885276667773724,0.0982765331864357,0.008855102583765984,0.16440350367690654,0.029034533028076244
0,0.38595915788986646,0.5611089468002319,0.754628966362182,0.6903533290529289,0.3215039372444153,0.5184391736984253,0.39553120732307434,0.47861048579216003,0.5989208303271814,0.5155325822380374
0,0.47098237216453315,0.5462855100631714,0.7473539865234659,0.5000160172649903,0.13807412981987,0.012370186857879162,0.5016620755195618,0.4264468252658844,0.6779512159471784,0.4299186059770881
0,0.619263652994126,0.5183881521224976,0.2739165927640133,0.380555457910696,0.6823328733444214,0.8087515234947205,0.7720860242843628,0.7356234192848206,0.5950803010866512,0.5890461385958942
1,0.2953384181529298,0.3311865031719208,0.1662484493753622,0.23655081583794196,0.01690218411386013,0.0008381390944123268,0.1568579375743866,0.14662103354930878,0.3328990462967923,0.17615576559629287
0,0.3051676576764091,0.4165787100791931,0.23184503385783609,0.17436978269539308,0.07144152373075485,0.0042897495441138744,0.1328495740890503,0.10041993111371994,0.3660042829632782,0.18828234679727837
0,0.26466331969903323,0.1737467348575592,0.0454497051996434,0.22330704074219662,0.1678146868944168,0.041337743401527405,0.23198232054710388,0.18256144225597382,0.28038137170658595,0.16948422263074336
0,0.2621971249714718,0.04826871305704117,0.0038988550320690303,0.10858343633438178,0.24961744248867035,0.0017404657555744052,0.2683861255645752,0.09733524918556213,0.2508227456106616,0.1320547238848902
0,0.1937983613740542,0.10498571395874023,0.010534408222267585,0.11416939244717582,0.14685098826885223,0.10816795378923416,0.18566127121448517,0.1619005799293518,0.2211487829028147,0.12794340460634307
1,0.267239403412599,0.059186261147260666,0.15767535098950175,0.10496710419015556,0.17328450083732605,0.0008466148865409195,0.21913589537143707,0.11307784914970398,0.27309022549566,0.13989081332818643
0,0.3259445919845638,0.11011464893817902,0.544869689290339,0.15062924878347622,0.30109959840774536,0.0663757473230362,0.31945300102233887,0.3381516635417938,0.41992017714374963,0.27202640372212245
0,0.5895500221263689,0.7163940072059631,0.9822962037059467,0.7157311670230239,0.7523332238197327,0.8473981022834778,0.6832234263420105,0.6651207804679871,0.7802335620515938,0.7417581683050265
0,0.4162694301927601,0.2811727821826935,0.3090552262789154,0.22440449371100465,0.11930036544799805,0.2116788625717163,0.3643360435962677,0.2803608775138855,0.40890105938451443,0.27809804503752755
1,0.5585628967547184,0.5936455130577087,0.7722877213699731,0.6572024598102347,0.6970505118370056,0.7361016869544983,0.4212544858455658,0.4653499126434326,0.6685866880553959,0.6123666513526246
0,0.39089116894929016,0.4189228415489197,0.268419709470333,0.24319982492235745,0.4944998323917389,0.2990463972091675,0.37582290172576904,0.366513729095459,0.45507260921133125,0.3579995247226181
0,0.41262972822796606,0.1860705316066742,0.008781154194218708,0.06226454757151058,0.10603570193052292,0.0009696438210085034,0.30466824769973755,0.17672377824783325,0.3201928707208521,0.16137024218292184
0,0.4616250960248923,0.3531642258167267,0.18955580326068455,0.404232805025149,0.38984403014183044,0.21750541031360626,0.45495668053627014,0.37862473726272583,0.4686288502506241,0.35909532650679155
1,0.2896171217644723,0.2101384997367859,0.03844446067667285,0.4015047893326775,0.39524176716804504,0.15694555640220642,0.328247606754303,0.3624595105648041,0.32871591120556903,0.27349385670496795
0,0.5238461010067023,0.6566051840782166,0.39947292961268094,0.5976470852010015,0.5617333054542542,0.8596178889274597,0.5906920433044434,0.43210330605506897,0.577806300212621,0.572924770998852
0,0.2913391594096815,0.0282197967171669,0.002133104115138249,0.028621189872311853,0.07868163287639618,0.013941707089543343,0.20452001690864563,0.21235033869743347,0.23534384803236397,0.10806489884362973
1,0.2345014082818472,0.04530847445130348,0.007345252273661566,0.07971491324766179,0.21118134260177612,0.002375135663896799,0.22123947739601135,0.639905571937561,0.2591637346799258,0.1771770098042822
0,0.49510281800365624,0.4885171949863434,0.3075769558292013,0.30328453198814187,0.5627020001411438,0.017616847530007362,0.5594776272773743,0.7978605031967163,0.6251313891084542,0.4460752425996028
0,0.39722001697101667,0.23141276836395264,0.0954507582166656,0.07253853378869302,0.028480958193540573,0.0217151939868927,0.3483196198940277,0.27386513352394104,0.3483311445265813,0.1871420056539812
1,0.5675231958139717,0.6528726816177368,0.7356690289558906,0.5963174042283682,0.5858098268508911,0.14448460936546326,0.5733082294464111,0.6447386145591736,0.766078725836252,0.5724185621554274
0,0.24688877660875932,0.3719269335269928,0.022122727264713017,0.18665639931674188,0.30836519598960876,0.07840338349342346,0.17875534296035767,0.37734895944595337,0.32206526648148065,0.22384875770757107
0,0.32693193129147446,0.4713321924209595,0.10747070289870364,0.3253342498578124,0.3301559090614319,0.011959397234022617,0.31713947653770447,0.10613834112882614,0.4162243480962468,0.25861933036615903
0,0.1582511583232348,0.09760358184576035,0.0046125778803685685,0.06934269390017132,0.16092276573181152,0.04049621894955635,0.1645284742116928,0.10605645924806595,0.21177410763454527,0.10105753787353186
0,0.25915712770580496,0.3393496572971344,0.3732999689026231,0.21952508705380022,0.4034714996814728,0.13403910398483276,0.20288428664207458,0.09952731430530548,0.3871212164231688,0.2591349431327513
0,0.472068225403939,0.5120137333869934,0.17645673873766549,0.42101057270177866,0.44152846932411194,0.3860517740249634,0.5243817567825317,0.2543056905269623,0.4951304160682301,0.40075484022387897
1,0.8846952616773283,0.9291133880615234,0.963806996875246,0.9169383758554127,0.9560932517051697,0.9829302430152893,0.892238974571228,0.8700926899909973,0.8920387008459248,0.9236452037514636
0,0.2104034659888635,0.08796840161085129,0.13040484266824479,0.08877689462742619,0.17620441317558289,0.01802808791399002,0.16038966178894043,0.23353050649166107,0.2544284608828789,0.13950597356533004
0,0.4899143238980555,0.09300580620765686,0.026307000645339498,0.2005522106020763,0.8655937314033508,0.052325453609228134,0.5157244801521301,0.6031833291053772,0.4474915979836087,0.3548723514645447
0,0.3273931447919544,0.1951231062412262,0.12243131257207417,0.17322467527116672,0.2510899007320404,0.03504357114434242,0.4019136428833008,0.024008244276046753,0.339462709259675,0.1961294489865114
0,0.4436380555770337,0.473673552274704,0.1436248382417518,0.17431912914795536,0.26444074511528015,0.016926342621445656,0.3685579001903534,0.3767566382884979,0.4743485162689812,0.28947774195863035
1,0.7438073928854441,0.7721230983734131,0.8205449532855601,0.6649936099246718,0.7409610152244568,0.8938003182411194,0.7827568650245667,0.7423366904258728,0.8051520814747678,0.7670834428431141
1,0.4074066332424938,0.2921862006187439,0.24722931604996937,0.20448411231012378,0.3909548223018646,0.6032056212425232,0.39432159066200256,0.35774439573287964,0.36908005589129106,0.3552302357487156
0,0.26152322696995833,0.07584790140390396,0.042732548989951755,0.13720692718466349,0.18043725192546844,0.08154001832008362,0.2790723443031311,0.2607060372829437,0.2598893855482854,0.1645532327133683
0,0.6696582102962956,0.7125958800315857,0.22611006098173622,0.7296600079233099,0.8308035135269165,0.9098802208900452,0.7626928091049194,0.7012114524841309,0.6638143481158353,0.6862390625073391
0,0.5986572103087155,0.3547104597091675,0.07057994890751107,0.23222481383194762,0.49005839228630066,0.2828395366668701,0.8131967782974243,0.5800653696060181,0.5450235237604801,0.4259332512991542
0,0.11038986435517821,0.012082057073712349,0.0020020359110430853,0.012744850678456654,0.03936334326863289,2.727294122450985e-05,0.10365703701972961,1.6105661416077055e-05,0.17173572601998913,0.03600343540333834
0,0.7430498822602628,0.6568931937217712,0.7832010815953862,0.6825105747115772,0.6524171829223633,0.8169413805007935,0.8999791145324707,0.26095089316368103,0.7742136865394743,0.6879177598846284
0,0.08648133621563915,0.0033904919400811195,0.00046007292784107183,0.005746912243691092,0.014582873322069645,0.004190648905932903,0.1538918912410736,0.008600845001637936,0.16846388178374488,0.0349027073042488
0,0.2798258437242559,0.11069221049547195,0.03005227071735259,0.1009767794914568,0.28744232654571533,0.08145032078027725,0.2696937620639801,0.03818704932928085,0.2636246769197665,0.15167158273163245
1,0.6005135569466212,0.7028637528419495,0.5145968841375701,0.6878784169331896,0.6936296820640564,0.441809743642807,0.6286012530326843,0.4035015404224396,0.7159225432666444,0.590406724856196
1,0.5848512139141655,0.6942134499549866,0.8000563447846146,0.6229473239587462,0.6421015858650208,0.7395938038825989,0.42895904183387756,0.713141143321991,0.7128185817963528,0.6519748616983401
